Copyright 1986-2022 Xilinx, Inc. All Rights Reserved. Copyright 2022-2025 Advanced Micro Devices, Inc. All Rights Reserved.
---------------------------------------------------------------------------------------------------------------------------------------------
| Tool Version : Vivado v.2025.2 (win64) Build 6299465 Fri Nov 14 19:35:11 GMT 2025
| Date         : Mon Sep 28 17:34:53 2026
| Host         : TejaskumarBabel running 64-bit major release  (build 9200)
| Command      : report_timing_summary -datasheet -max_paths 10 -file top_timing.rpt
| Design       : top
| Device       : 7z020-clg400
| Speed File   : -1  PRODUCTION 1.12 2019-11-22
| Design State : Physopt postRoute
---------------------------------------------------------------------------------------------------------------------------------------------

Timing Summary Report

------------------------------------------------------------------------------------------------
| Timer Settings
| --------------
------------------------------------------------------------------------------------------------

  Enable Multi Corner Analysis               :  Yes
  Enable Pessimism Removal                   :  Yes
  Pessimism Removal Resolution               :  Nearest Common Node
  Enable Input Delay Default Clock           :  No
  Enable Preset / Clear Arcs                 :  No
  Disable Flight Delays                      :  No
  Ignore I/O Paths                           :  No
  Timing Early Launch at Borrowing Latches   :  No
  Borrow Time for Max Delay Exceptions       :  Yes
  Merge Timing Exceptions                    :  Yes
  Inter-SLR Compensation                     :  Conservative

  Corner  Analyze    Analyze    
  Name    Max Paths  Min Paths  
  ------  ---------  ---------  
  Slow    Yes        Yes        
  Fast    Yes        Yes        


------------------------------------------------------------------------------------------------
| Report Methodology
| ------------------
------------------------------------------------------------------------------------------------

No report available as report_methodology has not been run prior. Run report_methodology on the current design for the summary of methodology violations.



check_timing report

Table of Contents
-----------------
1. checking no_clock (172)
2. checking constant_clock (0)
3. checking pulse_width_clock (0)
4. checking unconstrained_internal_endpoints (280)
5. checking no_input_delay (44)
6. checking no_output_delay (44)
7. checking multiple_clock (0)
8. checking generated_clocks (0)
9. checking loops (0)
10. checking partial_input_delay (0)
11. checking partial_output_delay (0)
12. checking latch_loops (0)

1. checking no_clock (172)
--------------------------
 There are 171 register/latch pins with no clock driven by root clock pin: linienmodule_decimate_output_reg/Q (HIGH)

 There is 1 register/latch pin with no clock driven by root clock pin: linienmodule_dna_cnt_reg[0]/Q (HIGH)


2. checking constant_clock (0)
------------------------------
 There are 0 register/latch pins with constant_clock.


3. checking pulse_width_clock (0)
---------------------------------
 There are 0 register/latch pins which need pulse_width check


4. checking unconstrained_internal_endpoints (280)
--------------------------------------------------
 There are 280 pins that are not constrained for maximum delay. (HIGH)

 There are 0 pins that are not constrained for maximum delay due to constant clock.


5. checking no_input_delay (44)
-------------------------------
 There are 44 input ports with no input delay specified. (HIGH)

 There are 0 input ports with no input delay but user has a false path constraint.


6. checking no_output_delay (44)
--------------------------------
 There are 44 ports with no output delay specified. (HIGH)

 There are 0 ports with no output delay but user has a false path constraint

 There are 0 ports with no output delay but with a timing clock defined on it or propagating through it


7. checking multiple_clock (0)
------------------------------
 There are 0 register/latch pins with multiple clocks.


8. checking generated_clocks (0)
--------------------------------
 There are 0 generated clocks that are not connected to a clock source.


9. checking loops (0)
---------------------
 There are 0 combinational loops in the design.


10. checking partial_input_delay (0)
------------------------------------
 There are 0 input ports with partial input delay specified.


11. checking partial_output_delay (0)
-------------------------------------
 There are 0 ports with partial output delay specified.


12. checking latch_loops (0)
----------------------------
 There are 0 combinational latch loops in the design through latch input



------------------------------------------------------------------------------------------------
| Design Timing Summary
| ---------------------
------------------------------------------------------------------------------------------------

    WNS(ns)      TNS(ns)  TNS Failing Endpoints  TNS Total Endpoints      WHS(ns)      THS(ns)  THS Failing Endpoints  THS Total Endpoints     WPWS(ns)     TPWS(ns)  TPWS Failing Endpoints  TPWS Total Endpoints  
    -------      -------  ---------------------  -------------------      -------      -------  ---------------------  -------------------     --------     --------  ----------------------  --------------------  
     -5.681    -9257.889                   6383                32467        0.050        0.000                      0                32467        1.500        0.000                       0                 11545  


Timing constraints are not met.


------------------------------------------------------------------------------------------------
| Clock Summary
| -------------
------------------------------------------------------------------------------------------------

Clock       Waveform(ns)         Period(ns)      Frequency(MHz)
-----       ------------         ----------      --------------
clk125_p    {0.000 4.000}        8.000           125.000         
  clk_1     {0.000 2.000}        4.000           250.000         
  clk_2     {0.000 4.000}        8.000           125.000         
  clk_fb    {0.000 4.000}        8.000           125.000         
clk_fpga_0  {0.000 4.000}        8.000           125.000         
clk_fpga_1  {0.000 2.000}        4.000           250.000         
clk_fpga_2  {0.000 10.000}       20.000          50.000          
clk_fpga_3  {0.000 2.500}        5.000           200.000         


------------------------------------------------------------------------------------------------
| Intra Clock Table
| -----------------
------------------------------------------------------------------------------------------------

Clock             WNS(ns)      TNS(ns)  TNS Failing Endpoints  TNS Total Endpoints      WHS(ns)      THS(ns)  THS Failing Endpoints  THS Total Endpoints     WPWS(ns)     TPWS(ns)  TPWS Failing Endpoints  TPWS Total Endpoints  
-----             -------      -------  ---------------------  -------------------      -------      -------  ---------------------  -------------------     --------     --------  ----------------------  --------------------  
clk125_p                                                                                                                                                        2.000        0.000                       0                     2  
  clk_1             1.247        0.000                      0                   80        0.267        0.000                      0                   80        1.500        0.000                       0                    84  
  clk_2            -5.681    -9212.903                   6264                31526        0.050        0.000                      0                31526        3.500        0.000                       0                 11212  
  clk_fb                                                                                                                                                        5.845        0.000                       0                     3  
clk_fpga_0          1.032        0.000                      0                  488        0.119        0.000                      0                  488        3.500        0.000                       0                   244  


------------------------------------------------------------------------------------------------
| Inter Clock Table
| -----------------
------------------------------------------------------------------------------------------------

From Clock    To Clock          WNS(ns)      TNS(ns)  TNS Failing Endpoints  TNS Total Endpoints      WHS(ns)      THS(ns)  THS Failing Endpoints  THS Total Endpoints  
----------    --------          -------      -------  ---------------------  -------------------      -------      -------  ---------------------  -------------------  
clk_2         clk_1               0.335        0.000                      0                   64        0.119        0.000                      0                   64  
clk_fpga_0    clk_2              -1.063      -44.986                    119                  696        0.082        0.000                      0                  696  
clk_2         clk_fpga_0          0.122        0.000                      0                   34        0.398        0.000                      0                   34  


------------------------------------------------------------------------------------------------
| Other Path Groups Table
| -----------------------
------------------------------------------------------------------------------------------------

Path Group    From Clock    To Clock          WNS(ns)      TNS(ns)  TNS Failing Endpoints  TNS Total Endpoints      WHS(ns)      THS(ns)  THS Failing Endpoints  THS Total Endpoints  
----------    ----------    --------          -------      -------  ---------------------  -------------------      -------      -------  ---------------------  -------------------  


------------------------------------------------------------------------------------------------
| Timing Details
| --------------
------------------------------------------------------------------------------------------------


---------------------------------------------------------------------------------------------------
From Clock:  clk125_p
  To Clock:  clk125_p

Setup :           NA  Failing Endpoints,  Worst Slack           NA  ,  Total Violation           NA
Hold  :           NA  Failing Endpoints,  Worst Slack           NA  ,  Total Violation           NA
PW    :            0  Failing Endpoints,  Worst Slack        2.000ns,  Total Violation        0.000ns
---------------------------------------------------------------------------------------------------


Pulse Width Checks
--------------------------------------------------------------------------------------
Clock Name:         clk125_p
Waveform(ns):       { 0.000 4.000 }
Period(ns):         8.000
Sources:            { clk125_p }

Check Type        Corner  Lib Pin           Reference Pin  Required(ns)  Actual(ns)  Slack(ns)  Location        Pin
Min Period        n/a     BUFG/I            n/a            2.155         8.000       5.845      BUFGCTRL_X0Y17  BUFG/I
Min Period        n/a     PLLE2_ADV/CLKIN1  n/a            1.249         8.000       6.751      PLLE2_ADV_X1Y0  PLLE2_BASE/CLKIN1
Max Period        n/a     PLLE2_ADV/CLKIN1  n/a            52.633        8.000       44.633     PLLE2_ADV_X1Y0  PLLE2_BASE/CLKIN1
Low Pulse Width   Slow    PLLE2_ADV/CLKIN1  n/a            2.000         4.000       2.000      PLLE2_ADV_X1Y0  PLLE2_BASE/CLKIN1
Low Pulse Width   Fast    PLLE2_ADV/CLKIN1  n/a            2.000         4.000       2.000      PLLE2_ADV_X1Y0  PLLE2_BASE/CLKIN1
High Pulse Width  Slow    PLLE2_ADV/CLKIN1  n/a            2.000         4.000       2.000      PLLE2_ADV_X1Y0  PLLE2_BASE/CLKIN1
High Pulse Width  Fast    PLLE2_ADV/CLKIN1  n/a            2.000         4.000       2.000      PLLE2_ADV_X1Y0  PLLE2_BASE/CLKIN1



---------------------------------------------------------------------------------------------------
From Clock:  clk_1
  To Clock:  clk_1

Setup :            0  Failing Endpoints,  Worst Slack        1.247ns,  Total Violation        0.000ns
Hold  :            0  Failing Endpoints,  Worst Slack        0.267ns,  Total Violation        0.000ns
PW    :            0  Failing Endpoints,  Worst Slack        1.500ns,  Total Violation        0.000ns
---------------------------------------------------------------------------------------------------


Max Delay Paths
--------------------------------------------------------------------------------------
Slack (MET) :             1.247ns  (required time - arrival time)
  Source:                 linienmodule_decimate_decimation_counter_reg[6]/C
                            (rising edge-triggered cell FDRE clocked by clk_1  {rise@0.000ns fall@2.000ns period=4.000ns})
  Destination:            linienmodule_decimate_output_reg/D
                            (rising edge-triggered cell FDRE clocked by clk_1  {rise@0.000ns fall@2.000ns period=4.000ns})
  Path Group:             clk_1
  Path Type:              Setup (Max at Slow Process Corner)
  Requirement:            4.000ns  (clk_1 rise@4.000ns - clk_1 rise@0.000ns)
  Data Path Delay:        2.699ns  (logic 1.158ns (42.897%)  route 1.541ns (57.103%))
  Logic Levels:           3  (LUT5=1 LUT6=1 MUXF7=1)
  Clock Path Skew:        -0.022ns (DCD - SCD + CPR)
    Destination Clock Delay (DCD):    4.477ns = ( 8.477 - 4.000 ) 
    Source Clock Delay      (SCD):    4.902ns
    Clock Pessimism Removal (CPR):    0.403ns
  Clock Uncertainty:      0.063ns  ((TSJ^2 + DJ^2)^1/2) / 2 + PE
    Total System Jitter     (TSJ):    0.071ns
    Discrete Jitter          (DJ):    0.104ns
    Phase Error              (PE):    0.000ns

    Location             Delay type                Incr(ns)  Path(ns)    Netlist Resource(s)
  -------------------------------------------------------------------    -------------------
                         (clock clk_1 rise edge)      0.000     0.000 r  
    U18                                               0.000     0.000 r  clk125_p (IN)
                         net (fo=0)                   0.000     0.000    clk125_p
    U18                  IBUFDS (Prop_ibufds_I_O)     0.951     0.951 r  IBUFGDS/O
                         net (fo=1, routed)           2.205     3.156    clk_adci
    BUFGCTRL_X0Y17       BUFG (Prop_bufg_I_O)         0.102     3.258 r  BUFG/O
                         net (fo=1, routed)           1.831     5.089    clk_adcb
    PLLE2_ADV_X1Y0       PLLE2_ADV (Prop_plle2_adv_CLKIN1_CLKOUT1)
                                                     -3.812     1.277 r  PLLE2_BASE/CLKOUT1
                         net (fo=1, routed)           1.883     3.160    clk_1
    BUFGCTRL_X0Y1        BUFG (Prop_bufg_I_O)         0.101     3.261 r  BUFG_3/O
                         net (fo=82, routed)          1.641     4.902    sys_double_clk
    SLICE_X50Y92         FDRE                                         r  linienmodule_decimate_decimation_counter_reg[6]/C
  -------------------------------------------------------------------    -------------------
    SLICE_X50Y92         FDRE (Prop_fdre_C_Q)         0.518     5.420 r  linienmodule_decimate_decimation_counter_reg[6]/Q
                         net (fo=2, routed)           1.108     6.528    linienmodule_decimate_decimation_counter_reg_n_0_[6]
    SLICE_X51Y92         LUT6 (Prop_lut6_I1_O)        0.124     6.652 r  linienmodule_decimate_output_i_7/O
                         net (fo=1, routed)           0.000     6.652    linienmodule_decimate_output_i_7_n_0
    SLICE_X51Y92         MUXF7 (Prop_muxf7_I1_O)      0.217     6.869 r  linienmodule_decimate_output_reg_i_3/O
                         net (fo=1, routed)           0.433     7.303    linienmodule_decimate_output_reg_i_3_n_0
    SLICE_X51Y92         LUT5 (Prop_lut5_I3_O)        0.299     7.602 r  linienmodule_decimate_output_i_1/O
                         net (fo=1, routed)           0.000     7.602    linienmodule_decimate_output_i_1_n_0
    SLICE_X51Y92         FDRE                                         r  linienmodule_decimate_output_reg/D
  -------------------------------------------------------------------    -------------------

                         (clock clk_1 rise edge)      4.000     4.000 r  
    U18                                               0.000     4.000 r  clk125_p (IN)
                         net (fo=0)                   0.000     4.000    clk125_p
    U18                  IBUFDS (Prop_ibufds_I_O)     0.909     4.909 r  IBUFGDS/O
                         net (fo=1, routed)           2.006     6.915    clk_adci
    BUFGCTRL_X0Y17       BUFG (Prop_bufg_I_O)         0.092     7.007 r  BUFG/O
                         net (fo=1, routed)           1.634     8.641    clk_adcb
    PLLE2_ADV_X1Y0       PLLE2_ADV (Prop_plle2_adv_CLKIN1_CLKOUT1)
                                                     -3.442     5.199 r  PLLE2_BASE/CLKOUT1
                         net (fo=1, routed)           1.720     6.919    clk_1
    BUFGCTRL_X0Y1        BUFG (Prop_bufg_I_O)         0.091     7.010 r  BUFG_3/O
                         net (fo=82, routed)          1.468     8.477    sys_double_clk
    SLICE_X51Y92         FDRE                                         r  linienmodule_decimate_output_reg/C
                         clock pessimism              0.403     8.880    
                         clock uncertainty           -0.063     8.818    
    SLICE_X51Y92         FDRE (Setup_fdre_C_D)        0.031     8.849    linienmodule_decimate_output_reg
  -------------------------------------------------------------------
                         required time                          8.849    
                         arrival time                          -7.602    
  -------------------------------------------------------------------
                         slack                                  1.247    

Slack (MET) :             1.584ns  (required time - arrival time)
  Source:                 linienmodule_deltasigma3_sigma_reg[1]/C
                            (rising edge-triggered cell FDRE clocked by clk_1  {rise@0.000ns fall@2.000ns period=4.000ns})
  Destination:            linienmodule_deltasigma3_sigma_reg[15]/D
                            (rising edge-triggered cell FDRE clocked by clk_1  {rise@0.000ns fall@2.000ns period=4.000ns})
  Path Group:             clk_1
  Path Type:              Setup (Max at Slow Process Corner)
  Requirement:            4.000ns  (clk_1 rise@4.000ns - clk_1 rise@0.000ns)
  Data Path Delay:        2.133ns  (logic 1.472ns (69.023%)  route 0.661ns (30.977%))
  Logic Levels:           5  (CARRY4=4 LUT2=1)
  Clock Path Skew:        -0.023ns (DCD - SCD + CPR)
    Destination Clock Delay (DCD):    4.549ns = ( 8.549 - 4.000 ) 
    Source Clock Delay      (SCD):    4.973ns
    Clock Pessimism Removal (CPR):    0.401ns
  Clock Uncertainty:      0.063ns  ((TSJ^2 + DJ^2)^1/2) / 2 + PE
    Total System Jitter     (TSJ):    0.071ns
    Discrete Jitter          (DJ):    0.104ns
    Phase Error              (PE):    0.000ns

    Location             Delay type                Incr(ns)  Path(ns)    Netlist Resource(s)
  -------------------------------------------------------------------    -------------------
                         (clock clk_1 rise edge)      0.000     0.000 r  
    U18                                               0.000     0.000 r  clk125_p (IN)
                         net (fo=0)                   0.000     0.000    clk125_p
    U18                  IBUFDS (Prop_ibufds_I_O)     0.951     0.951 r  IBUFGDS/O
                         net (fo=1, routed)           2.205     3.156    clk_adci
    BUFGCTRL_X0Y17       BUFG (Prop_bufg_I_O)         0.102     3.258 r  BUFG/O
                         net (fo=1, routed)           1.831     5.089    clk_adcb
    PLLE2_ADV_X1Y0       PLLE2_ADV (Prop_plle2_adv_CLKIN1_CLKOUT1)
                                                     -3.812     1.277 r  PLLE2_BASE/CLKOUT1
                         net (fo=1, routed)           1.883     3.160    clk_1
    BUFGCTRL_X0Y1        BUFG (Prop_bufg_I_O)         0.101     3.261 r  BUFG_3/O
                         net (fo=82, routed)          1.712     4.973    sys_double_clk
    SLICE_X60Y85         FDRE                                         r  linienmodule_deltasigma3_sigma_reg[1]/C
  -------------------------------------------------------------------    -------------------
    SLICE_X60Y85         FDRE (Prop_fdre_C_Q)         0.456     5.429 r  linienmodule_deltasigma3_sigma_reg[1]/Q
                         net (fo=1, routed)           0.661     6.090    linienmodule_deltasigma3_sigma[1]
    SLICE_X60Y85         LUT2 (Prop_lut2_I1_O)        0.124     6.214 r  linienmodule_deltasigma3_sigma[3]_i_4/O
                         net (fo=1, routed)           0.000     6.214    linienmodule_deltasigma3_sigma[3]_i_4_n_0
    SLICE_X60Y85         CARRY4 (Prop_carry4_S[1]_CO[3])
                                                      0.550     6.764 r  linienmodule_deltasigma3_sigma_reg[3]_i_1/CO[3]
                         net (fo=1, routed)           0.000     6.764    linienmodule_deltasigma3_sigma_reg[3]_i_1_n_0
    SLICE_X60Y86         CARRY4 (Prop_carry4_CI_CO[3])
                                                      0.114     6.878 r  linienmodule_deltasigma3_sigma_reg[7]_i_1/CO[3]
                         net (fo=1, routed)           0.000     6.878    linienmodule_deltasigma3_sigma_reg[7]_i_1_n_0
    SLICE_X60Y87         CARRY4 (Prop_carry4_CI_CO[3])
                                                      0.114     6.992 r  linienmodule_deltasigma3_sigma_reg[11]_i_1/CO[3]
                         net (fo=1, routed)           0.000     6.992    linienmodule_deltasigma3_sigma_reg[11]_i_1_n_0
    SLICE_X60Y88         CARRY4 (Prop_carry4_CI_CO[3])
                                                      0.114     7.106 r  linienmodule_deltasigma3_sigma_reg[15]_i_1/CO[3]
                         net (fo=1, routed)           0.000     7.106    linienmodule_deltasigma3_sigma_reg[15]_i_1_n_0
    SLICE_X60Y88         FDRE                                         r  linienmodule_deltasigma3_sigma_reg[15]/D
  -------------------------------------------------------------------    -------------------

                         (clock clk_1 rise edge)      4.000     4.000 r  
    U18                                               0.000     4.000 r  clk125_p (IN)
                         net (fo=0)                   0.000     4.000    clk125_p
    U18                  IBUFDS (Prop_ibufds_I_O)     0.909     4.909 r  IBUFGDS/O
                         net (fo=1, routed)           2.006     6.915    clk_adci
    BUFGCTRL_X0Y17       BUFG (Prop_bufg_I_O)         0.092     7.007 r  BUFG/O
                         net (fo=1, routed)           1.634     8.641    clk_adcb
    PLLE2_ADV_X1Y0       PLLE2_ADV (Prop_plle2_adv_CLKIN1_CLKOUT1)
                                                     -3.442     5.199 r  PLLE2_BASE/CLKOUT1
                         net (fo=1, routed)           1.720     6.919    clk_1
    BUFGCTRL_X0Y1        BUFG (Prop_bufg_I_O)         0.091     7.010 r  BUFG_3/O
                         net (fo=82, routed)          1.540     8.549    sys_double_clk
    SLICE_X60Y88         FDRE                                         r  linienmodule_deltasigma3_sigma_reg[15]/C
                         clock pessimism              0.401     8.950    
                         clock uncertainty           -0.063     8.888    
    SLICE_X60Y88         FDRE (Setup_fdre_C_D)       -0.198     8.690    linienmodule_deltasigma3_sigma_reg[15]
  -------------------------------------------------------------------
                         required time                          8.690    
                         arrival time                          -7.106    
  -------------------------------------------------------------------
                         slack                                  1.584    

Slack (MET) :             1.585ns  (required time - arrival time)
  Source:                 linienmodule_deltasigma1_sigma_reg[1]/C
                            (rising edge-triggered cell FDRE clocked by clk_1  {rise@0.000ns fall@2.000ns period=4.000ns})
  Destination:            linienmodule_deltasigma1_sigma_reg[15]/D
                            (rising edge-triggered cell FDRE clocked by clk_1  {rise@0.000ns fall@2.000ns period=4.000ns})
  Path Group:             clk_1
  Path Type:              Setup (Max at Slow Process Corner)
  Requirement:            4.000ns  (clk_1 rise@4.000ns - clk_1 rise@0.000ns)
  Data Path Delay:        2.179ns  (logic 1.526ns (70.029%)  route 0.653ns (29.971%))
  Logic Levels:           5  (CARRY4=4 LUT2=1)
  Clock Path Skew:        -0.023ns (DCD - SCD + CPR)
    Destination Clock Delay (DCD):    4.547ns = ( 8.547 - 4.000 ) 
    Source Clock Delay      (SCD):    4.972ns
    Clock Pessimism Removal (CPR):    0.402ns
  Clock Uncertainty:      0.063ns  ((TSJ^2 + DJ^2)^1/2) / 2 + PE
    Total System Jitter     (TSJ):    0.071ns
    Discrete Jitter          (DJ):    0.104ns
    Phase Error              (PE):    0.000ns

    Location             Delay type                Incr(ns)  Path(ns)    Netlist Resource(s)
  -------------------------------------------------------------------    -------------------
                         (clock clk_1 rise edge)      0.000     0.000 r  
    U18                                               0.000     0.000 r  clk125_p (IN)
                         net (fo=0)                   0.000     0.000    clk125_p
    U18                  IBUFDS (Prop_ibufds_I_O)     0.951     0.951 r  IBUFGDS/O
                         net (fo=1, routed)           2.205     3.156    clk_adci
    BUFGCTRL_X0Y17       BUFG (Prop_bufg_I_O)         0.102     3.258 r  BUFG/O
                         net (fo=1, routed)           1.831     5.089    clk_adcb
    PLLE2_ADV_X1Y0       PLLE2_ADV (Prop_plle2_adv_CLKIN1_CLKOUT1)
                                                     -3.812     1.277 r  PLLE2_BASE/CLKOUT1
                         net (fo=1, routed)           1.883     3.160    clk_1
    BUFGCTRL_X0Y1        BUFG (Prop_bufg_I_O)         0.101     3.261 r  BUFG_3/O
                         net (fo=82, routed)          1.711     4.972    sys_double_clk
    SLICE_X54Y88         FDRE                                         r  linienmodule_deltasigma1_sigma_reg[1]/C
  -------------------------------------------------------------------    -------------------
    SLICE_X54Y88         FDRE (Prop_fdre_C_Q)         0.518     5.490 r  linienmodule_deltasigma1_sigma_reg[1]/Q
                         net (fo=1, routed)           0.653     6.143    linienmodule_deltasigma1_sigma[1]
    SLICE_X54Y88         LUT2 (Prop_lut2_I1_O)        0.124     6.267 r  linienmodule_deltasigma1_sigma[3]_i_4/O
                         net (fo=1, routed)           0.000     6.267    linienmodule_deltasigma1_sigma[3]_i_4_n_0
    SLICE_X54Y88         CARRY4 (Prop_carry4_S[1]_CO[3])
                                                      0.533     6.800 r  linienmodule_deltasigma1_sigma_reg[3]_i_1/CO[3]
                         net (fo=1, routed)           0.000     6.800    linienmodule_deltasigma1_sigma_reg[3]_i_1_n_0
    SLICE_X54Y89         CARRY4 (Prop_carry4_CI_CO[3])
                                                      0.117     6.917 r  linienmodule_deltasigma1_sigma_reg[7]_i_1/CO[3]
                         net (fo=1, routed)           0.000     6.917    linienmodule_deltasigma1_sigma_reg[7]_i_1_n_0
    SLICE_X54Y90         CARRY4 (Prop_carry4_CI_CO[3])
                                                      0.117     7.034 r  linienmodule_deltasigma1_sigma_reg[11]_i_1/CO[3]
                         net (fo=1, routed)           0.000     7.034    linienmodule_deltasigma1_sigma_reg[11]_i_1_n_0
    SLICE_X54Y91         CARRY4 (Prop_carry4_CI_CO[3])
                                                      0.117     7.151 r  linienmodule_deltasigma1_sigma_reg[15]_i_1/CO[3]
                         net (fo=1, routed)           0.000     7.151    linienmodule_deltasigma1_sigma_reg[15]_i_1_n_0
    SLICE_X54Y91         FDRE                                         r  linienmodule_deltasigma1_sigma_reg[15]/D
  -------------------------------------------------------------------    -------------------

                         (clock clk_1 rise edge)      4.000     4.000 r  
    U18                                               0.000     4.000 r  clk125_p (IN)
                         net (fo=0)                   0.000     4.000    clk125_p
    U18                  IBUFDS (Prop_ibufds_I_O)     0.909     4.909 r  IBUFGDS/O
                         net (fo=1, routed)           2.006     6.915    clk_adci
    BUFGCTRL_X0Y17       BUFG (Prop_bufg_I_O)         0.092     7.007 r  BUFG/O
                         net (fo=1, routed)           1.634     8.641    clk_adcb
    PLLE2_ADV_X1Y0       PLLE2_ADV (Prop_plle2_adv_CLKIN1_CLKOUT1)
                                                     -3.442     5.199 r  PLLE2_BASE/CLKOUT1
                         net (fo=1, routed)           1.720     6.919    clk_1
    BUFGCTRL_X0Y1        BUFG (Prop_bufg_I_O)         0.091     7.010 r  BUFG_3/O
                         net (fo=82, routed)          1.538     8.547    sys_double_clk
    SLICE_X54Y91         FDRE                                         r  linienmodule_deltasigma1_sigma_reg[15]/C
                         clock pessimism              0.402     8.949    
                         clock uncertainty           -0.063     8.887    
    SLICE_X54Y91         FDRE (Setup_fdre_C_D)       -0.150     8.737    linienmodule_deltasigma1_sigma_reg[15]
  -------------------------------------------------------------------
                         required time                          8.737    
                         arrival time                          -7.151    
  -------------------------------------------------------------------
                         slack                                  1.585    

Slack (MET) :             1.590ns  (required time - arrival time)
  Source:                 linienmodule_deltasigma2_sigma_reg[1]/C
                            (rising edge-triggered cell FDRE clocked by clk_1  {rise@0.000ns fall@2.000ns period=4.000ns})
  Destination:            linienmodule_deltasigma2_sigma_reg[15]/D
                            (rising edge-triggered cell FDRE clocked by clk_1  {rise@0.000ns fall@2.000ns period=4.000ns})
  Path Group:             clk_1
  Path Type:              Setup (Max at Slow Process Corner)
  Requirement:            4.000ns  (clk_1 rise@4.000ns - clk_1 rise@0.000ns)
  Data Path Delay:        2.127ns  (logic 1.472ns (69.202%)  route 0.655ns (30.798%))
  Logic Levels:           5  (CARRY4=4 LUT2=1)
  Clock Path Skew:        -0.022ns (DCD - SCD + CPR)
    Destination Clock Delay (DCD):    4.476ns = ( 8.476 - 4.000 ) 
    Source Clock Delay      (SCD):    4.898ns
    Clock Pessimism Removal (CPR):    0.400ns
  Clock Uncertainty:      0.063ns  ((TSJ^2 + DJ^2)^1/2) / 2 + PE
    Total System Jitter     (TSJ):    0.071ns
    Discrete Jitter          (DJ):    0.104ns
    Phase Error              (PE):    0.000ns

    Location             Delay type                Incr(ns)  Path(ns)    Netlist Resource(s)
  -------------------------------------------------------------------    -------------------
                         (clock clk_1 rise edge)      0.000     0.000 r  
    U18                                               0.000     0.000 r  clk125_p (IN)
                         net (fo=0)                   0.000     0.000    clk125_p
    U18                  IBUFDS (Prop_ibufds_I_O)     0.951     0.951 r  IBUFGDS/O
                         net (fo=1, routed)           2.205     3.156    clk_adci
    BUFGCTRL_X0Y17       BUFG (Prop_bufg_I_O)         0.102     3.258 r  BUFG/O
                         net (fo=1, routed)           1.831     5.089    clk_adcb
    PLLE2_ADV_X1Y0       PLLE2_ADV (Prop_plle2_adv_CLKIN1_CLKOUT1)
                                                     -3.812     1.277 r  PLLE2_BASE/CLKOUT1
                         net (fo=1, routed)           1.883     3.160    clk_1
    BUFGCTRL_X0Y1        BUFG (Prop_bufg_I_O)         0.101     3.261 r  BUFG_3/O
                         net (fo=82, routed)          1.637     4.898    sys_double_clk
    SLICE_X53Y86         FDRE                                         r  linienmodule_deltasigma2_sigma_reg[1]/C
  -------------------------------------------------------------------    -------------------
    SLICE_X53Y86         FDRE (Prop_fdre_C_Q)         0.456     5.354 r  linienmodule_deltasigma2_sigma_reg[1]/Q
                         net (fo=1, routed)           0.655     6.009    linienmodule_deltasigma2_sigma[1]
    SLICE_X53Y86         LUT2 (Prop_lut2_I1_O)        0.124     6.133 r  linienmodule_deltasigma2_sigma[3]_i_4/O
                         net (fo=1, routed)           0.000     6.133    linienmodule_deltasigma2_sigma[3]_i_4_n_0
    SLICE_X53Y86         CARRY4 (Prop_carry4_S[1]_CO[3])
                                                      0.550     6.683 r  linienmodule_deltasigma2_sigma_reg[3]_i_1/CO[3]
                         net (fo=1, routed)           0.000     6.683    linienmodule_deltasigma2_sigma_reg[3]_i_1_n_0
    SLICE_X53Y87         CARRY4 (Prop_carry4_CI_CO[3])
                                                      0.114     6.797 r  linienmodule_deltasigma2_sigma_reg[7]_i_1/CO[3]
                         net (fo=1, routed)           0.000     6.797    linienmodule_deltasigma2_sigma_reg[7]_i_1_n_0
    SLICE_X53Y88         CARRY4 (Prop_carry4_CI_CO[3])
                                                      0.114     6.911 r  linienmodule_deltasigma2_sigma_reg[11]_i_1/CO[3]
                         net (fo=1, routed)           0.000     6.911    linienmodule_deltasigma2_sigma_reg[11]_i_1_n_0
    SLICE_X53Y89         CARRY4 (Prop_carry4_CI_CO[3])
                                                      0.114     7.025 r  linienmodule_deltasigma2_sigma_reg[15]_i_1/CO[3]
                         net (fo=1, routed)           0.000     7.025    linienmodule_deltasigma2_sigma_reg[15]_i_1_n_0
    SLICE_X53Y89         FDRE                                         r  linienmodule_deltasigma2_sigma_reg[15]/D
  -------------------------------------------------------------------    -------------------

                         (clock clk_1 rise edge)      4.000     4.000 r  
    U18                                               0.000     4.000 r  clk125_p (IN)
                         net (fo=0)                   0.000     4.000    clk125_p
    U18                  IBUFDS (Prop_ibufds_I_O)     0.909     4.909 r  IBUFGDS/O
                         net (fo=1, routed)           2.006     6.915    clk_adci
    BUFGCTRL_X0Y17       BUFG (Prop_bufg_I_O)         0.092     7.007 r  BUFG/O
                         net (fo=1, routed)           1.634     8.641    clk_adcb
    PLLE2_ADV_X1Y0       PLLE2_ADV (Prop_plle2_adv_CLKIN1_CLKOUT1)
                                                     -3.442     5.199 r  PLLE2_BASE/CLKOUT1
                         net (fo=1, routed)           1.720     6.919    clk_1
    BUFGCTRL_X0Y1        BUFG (Prop_bufg_I_O)         0.091     7.010 r  BUFG_3/O
                         net (fo=82, routed)          1.467     8.476    sys_double_clk
    SLICE_X53Y89         FDRE                                         r  linienmodule_deltasigma2_sigma_reg[15]/C
                         clock pessimism              0.400     8.876    
                         clock uncertainty           -0.063     8.814    
    SLICE_X53Y89         FDRE (Setup_fdre_C_D)       -0.198     8.616    linienmodule_deltasigma2_sigma_reg[15]
  -------------------------------------------------------------------
                         required time                          8.616    
                         arrival time                          -7.025    
  -------------------------------------------------------------------
                         slack                                  1.590    

Slack (MET) :             1.624ns  (required time - arrival time)
  Source:                 linienmodule_deltasigma3_sigma_reg[1]/C
                            (rising edge-triggered cell FDRE clocked by clk_1  {rise@0.000ns fall@2.000ns period=4.000ns})
  Destination:            linienmodule_deltasigma3_sigma_reg[13]/D
                            (rising edge-triggered cell FDRE clocked by clk_1  {rise@0.000ns fall@2.000ns period=4.000ns})
  Path Group:             clk_1
  Path Type:              Setup (Max at Slow Process Corner)
  Requirement:            4.000ns  (clk_1 rise@4.000ns - clk_1 rise@0.000ns)
  Data Path Delay:        2.353ns  (logic 1.692ns (71.920%)  route 0.661ns (28.080%))
  Logic Levels:           5  (CARRY4=4 LUT2=1)
  Clock Path Skew:        -0.023ns (DCD - SCD + CPR)
    Destination Clock Delay (DCD):    4.549ns = ( 8.549 - 4.000 ) 
    Source Clock Delay      (SCD):    4.973ns
    Clock Pessimism Removal (CPR):    0.401ns
  Clock Uncertainty:      0.063ns  ((TSJ^2 + DJ^2)^1/2) / 2 + PE
    Total System Jitter     (TSJ):    0.071ns
    Discrete Jitter          (DJ):    0.104ns
    Phase Error              (PE):    0.000ns

    Location             Delay type                Incr(ns)  Path(ns)    Netlist Resource(s)
  -------------------------------------------------------------------    -------------------
                         (clock clk_1 rise edge)      0.000     0.000 r  
    U18                                               0.000     0.000 r  clk125_p (IN)
                         net (fo=0)                   0.000     0.000    clk125_p
    U18                  IBUFDS (Prop_ibufds_I_O)     0.951     0.951 r  IBUFGDS/O
                         net (fo=1, routed)           2.205     3.156    clk_adci
    BUFGCTRL_X0Y17       BUFG (Prop_bufg_I_O)         0.102     3.258 r  BUFG/O
                         net (fo=1, routed)           1.831     5.089    clk_adcb
    PLLE2_ADV_X1Y0       PLLE2_ADV (Prop_plle2_adv_CLKIN1_CLKOUT1)
                                                     -3.812     1.277 r  PLLE2_BASE/CLKOUT1
                         net (fo=1, routed)           1.883     3.160    clk_1
    BUFGCTRL_X0Y1        BUFG (Prop_bufg_I_O)         0.101     3.261 r  BUFG_3/O
                         net (fo=82, routed)          1.712     4.973    sys_double_clk
    SLICE_X60Y85         FDRE                                         r  linienmodule_deltasigma3_sigma_reg[1]/C
  -------------------------------------------------------------------    -------------------
    SLICE_X60Y85         FDRE (Prop_fdre_C_Q)         0.456     5.429 r  linienmodule_deltasigma3_sigma_reg[1]/Q
                         net (fo=1, routed)           0.661     6.090    linienmodule_deltasigma3_sigma[1]
    SLICE_X60Y85         LUT2 (Prop_lut2_I1_O)        0.124     6.214 r  linienmodule_deltasigma3_sigma[3]_i_4/O
                         net (fo=1, routed)           0.000     6.214    linienmodule_deltasigma3_sigma[3]_i_4_n_0
    SLICE_X60Y85         CARRY4 (Prop_carry4_S[1]_CO[3])
                                                      0.550     6.764 r  linienmodule_deltasigma3_sigma_reg[3]_i_1/CO[3]
                         net (fo=1, routed)           0.000     6.764    linienmodule_deltasigma3_sigma_reg[3]_i_1_n_0
    SLICE_X60Y86         CARRY4 (Prop_carry4_CI_CO[3])
                                                      0.114     6.878 r  linienmodule_deltasigma3_sigma_reg[7]_i_1/CO[3]
                         net (fo=1, routed)           0.000     6.878    linienmodule_deltasigma3_sigma_reg[7]_i_1_n_0
    SLICE_X60Y87         CARRY4 (Prop_carry4_CI_CO[3])
                                                      0.114     6.992 r  linienmodule_deltasigma3_sigma_reg[11]_i_1/CO[3]
                         net (fo=1, routed)           0.000     6.992    linienmodule_deltasigma3_sigma_reg[11]_i_1_n_0
    SLICE_X60Y88         CARRY4 (Prop_carry4_CI_O[1])
                                                      0.334     7.326 r  linienmodule_deltasigma3_sigma_reg[15]_i_1/O[1]
                         net (fo=1, routed)           0.000     7.326    linienmodule_deltasigma3_sigma_reg[15]_i_1_n_6
    SLICE_X60Y88         FDRE                                         r  linienmodule_deltasigma3_sigma_reg[13]/D
  -------------------------------------------------------------------    -------------------

                         (clock clk_1 rise edge)      4.000     4.000 r  
    U18                                               0.000     4.000 r  clk125_p (IN)
                         net (fo=0)                   0.000     4.000    clk125_p
    U18                  IBUFDS (Prop_ibufds_I_O)     0.909     4.909 r  IBUFGDS/O
                         net (fo=1, routed)           2.006     6.915    clk_adci
    BUFGCTRL_X0Y17       BUFG (Prop_bufg_I_O)         0.092     7.007 r  BUFG/O
                         net (fo=1, routed)           1.634     8.641    clk_adcb
    PLLE2_ADV_X1Y0       PLLE2_ADV (Prop_plle2_adv_CLKIN1_CLKOUT1)
                                                     -3.442     5.199 r  PLLE2_BASE/CLKOUT1
                         net (fo=1, routed)           1.720     6.919    clk_1
    BUFGCTRL_X0Y1        BUFG (Prop_bufg_I_O)         0.091     7.010 r  BUFG_3/O
                         net (fo=82, routed)          1.540     8.549    sys_double_clk
    SLICE_X60Y88         FDRE                                         r  linienmodule_deltasigma3_sigma_reg[13]/C
                         clock pessimism              0.401     8.950    
                         clock uncertainty           -0.063     8.888    
    SLICE_X60Y88         FDRE (Setup_fdre_C_D)        0.062     8.950    linienmodule_deltasigma3_sigma_reg[13]
  -------------------------------------------------------------------
                         required time                          8.950    
                         arrival time                          -7.326    
  -------------------------------------------------------------------
                         slack                                  1.624    

Slack (MET) :             1.626ns  (required time - arrival time)
  Source:                 linienmodule_deltasigma0_sigma_reg[2]/C
                            (rising edge-triggered cell FDRE clocked by clk_1  {rise@0.000ns fall@2.000ns period=4.000ns})
  Destination:            linienmodule_deltasigma0_sigma_reg[14]/D
                            (rising edge-triggered cell FDRE clocked by clk_1  {rise@0.000ns fall@2.000ns period=4.000ns})
  Path Group:             clk_1
  Path Type:              Setup (Max at Slow Process Corner)
  Requirement:            4.000ns  (clk_1 rise@4.000ns - clk_1 rise@0.000ns)
  Data Path Delay:        2.347ns  (logic 1.692ns (72.089%)  route 0.655ns (27.911%))
  Logic Levels:           5  (CARRY4=4 LUT2=1)
  Clock Path Skew:        -0.026ns (DCD - SCD + CPR)
    Destination Clock Delay (DCD):    4.733ns = ( 8.733 - 4.000 ) 
    Source Clock Delay      (SCD):    5.178ns
    Clock Pessimism Removal (CPR):    0.420ns
  Clock Uncertainty:      0.063ns  ((TSJ^2 + DJ^2)^1/2) / 2 + PE
    Total System Jitter     (TSJ):    0.071ns
    Discrete Jitter          (DJ):    0.104ns
    Phase Error              (PE):    0.000ns

    Location             Delay type                Incr(ns)  Path(ns)    Netlist Resource(s)
  -------------------------------------------------------------------    -------------------
                         (clock clk_1 rise edge)      0.000     0.000 r  
    U18                                               0.000     0.000 r  clk125_p (IN)
                         net (fo=0)                   0.000     0.000    clk125_p
    U18                  IBUFDS (Prop_ibufds_I_O)     0.951     0.951 r  IBUFGDS/O
                         net (fo=1, routed)           2.205     3.156    clk_adci
    BUFGCTRL_X0Y17       BUFG (Prop_bufg_I_O)         0.102     3.258 r  BUFG/O
                         net (fo=1, routed)           1.831     5.089    clk_adcb
    PLLE2_ADV_X1Y0       PLLE2_ADV (Prop_plle2_adv_CLKIN1_CLKOUT1)
                                                     -3.812     1.277 r  PLLE2_BASE/CLKOUT1
                         net (fo=1, routed)           1.883     3.160    clk_1
    BUFGCTRL_X0Y1        BUFG (Prop_bufg_I_O)         0.101     3.261 r  BUFG_3/O
                         net (fo=82, routed)          1.917     5.178    sys_double_clk
    SLICE_X83Y102        FDRE                                         r  linienmodule_deltasigma0_sigma_reg[2]/C
  -------------------------------------------------------------------    -------------------
    SLICE_X83Y102        FDRE (Prop_fdre_C_Q)         0.456     5.634 r  linienmodule_deltasigma0_sigma_reg[2]/Q
                         net (fo=1, routed)           0.655     6.289    linienmodule_deltasigma0_sigma[2]
    SLICE_X83Y102        LUT2 (Prop_lut2_I1_O)        0.124     6.413 r  linienmodule_deltasigma0_sigma[4]_i_4/O
                         net (fo=1, routed)           0.000     6.413    linienmodule_deltasigma0_sigma[4]_i_4_n_0
    SLICE_X83Y102        CARRY4 (Prop_carry4_S[1]_CO[3])
                                                      0.550     6.963 r  linienmodule_deltasigma0_sigma_reg[4]_i_1/CO[3]
                         net (fo=1, routed)           0.000     6.963    linienmodule_deltasigma0_sigma_reg[4]_i_1_n_0
    SLICE_X83Y103        CARRY4 (Prop_carry4_CI_CO[3])
                                                      0.114     7.077 r  linienmodule_deltasigma0_sigma_reg[8]_i_1/CO[3]
                         net (fo=1, routed)           0.000     7.077    linienmodule_deltasigma0_sigma_reg[8]_i_1_n_0
    SLICE_X83Y104        CARRY4 (Prop_carry4_CI_CO[3])
                                                      0.114     7.191 r  linienmodule_deltasigma0_sigma_reg[12]_i_1/CO[3]
                         net (fo=1, routed)           0.000     7.191    linienmodule_deltasigma0_sigma_reg[12]_i_1_n_0
    SLICE_X83Y105        CARRY4 (Prop_carry4_CI_O[1])
                                                      0.334     7.525 r  linienmodule_deltasigma0_sigma_reg[15]_i_1/O[1]
                         net (fo=1, routed)           0.000     7.525    linienmodule_deltasigma0_sigma_reg[15]_i_1_n_6
    SLICE_X83Y105        FDRE                                         r  linienmodule_deltasigma0_sigma_reg[14]/D
  -------------------------------------------------------------------    -------------------

                         (clock clk_1 rise edge)      4.000     4.000 r  
    U18                                               0.000     4.000 r  clk125_p (IN)
                         net (fo=0)                   0.000     4.000    clk125_p
    U18                  IBUFDS (Prop_ibufds_I_O)     0.909     4.909 r  IBUFGDS/O
                         net (fo=1, routed)           2.006     6.915    clk_adci
    BUFGCTRL_X0Y17       BUFG (Prop_bufg_I_O)         0.092     7.007 r  BUFG/O
                         net (fo=1, routed)           1.634     8.641    clk_adcb
    PLLE2_ADV_X1Y0       PLLE2_ADV (Prop_plle2_adv_CLKIN1_CLKOUT1)
                                                     -3.442     5.199 r  PLLE2_BASE/CLKOUT1
                         net (fo=1, routed)           1.720     6.919    clk_1
    BUFGCTRL_X0Y1        BUFG (Prop_bufg_I_O)         0.091     7.010 r  BUFG_3/O
                         net (fo=82, routed)          1.723     8.733    sys_double_clk
    SLICE_X83Y105        FDRE                                         r  linienmodule_deltasigma0_sigma_reg[14]/C
                         clock pessimism              0.420     9.152    
                         clock uncertainty           -0.063     9.090    
    SLICE_X83Y105        FDRE (Setup_fdre_C_D)        0.062     9.152    linienmodule_deltasigma0_sigma_reg[14]
  -------------------------------------------------------------------
                         required time                          9.152    
                         arrival time                          -7.525    
  -------------------------------------------------------------------
                         slack                                  1.626    

Slack (MET) :             1.630ns  (required time - arrival time)
  Source:                 linienmodule_deltasigma2_sigma_reg[1]/C
                            (rising edge-triggered cell FDRE clocked by clk_1  {rise@0.000ns fall@2.000ns period=4.000ns})
  Destination:            linienmodule_deltasigma2_sigma_reg[13]/D
                            (rising edge-triggered cell FDRE clocked by clk_1  {rise@0.000ns fall@2.000ns period=4.000ns})
  Path Group:             clk_1
  Path Type:              Setup (Max at Slow Process Corner)
  Requirement:            4.000ns  (clk_1 rise@4.000ns - clk_1 rise@0.000ns)
  Data Path Delay:        2.347ns  (logic 1.692ns (72.089%)  route 0.655ns (27.911%))
  Logic Levels:           5  (CARRY4=4 LUT2=1)
  Clock Path Skew:        -0.022ns (DCD - SCD + CPR)
    Destination Clock Delay (DCD):    4.476ns = ( 8.476 - 4.000 ) 
    Source Clock Delay      (SCD):    4.898ns
    Clock Pessimism Removal (CPR):    0.400ns
  Clock Uncertainty:      0.063ns  ((TSJ^2 + DJ^2)^1/2) / 2 + PE
    Total System Jitter     (TSJ):    0.071ns
    Discrete Jitter          (DJ):    0.104ns
    Phase Error              (PE):    0.000ns

    Location             Delay type                Incr(ns)  Path(ns)    Netlist Resource(s)
  -------------------------------------------------------------------    -------------------
                         (clock clk_1 rise edge)      0.000     0.000 r  
    U18                                               0.000     0.000 r  clk125_p (IN)
                         net (fo=0)                   0.000     0.000    clk125_p
    U18                  IBUFDS (Prop_ibufds_I_O)     0.951     0.951 r  IBUFGDS/O
                         net (fo=1, routed)           2.205     3.156    clk_adci
    BUFGCTRL_X0Y17       BUFG (Prop_bufg_I_O)         0.102     3.258 r  BUFG/O
                         net (fo=1, routed)           1.831     5.089    clk_adcb
    PLLE2_ADV_X1Y0       PLLE2_ADV (Prop_plle2_adv_CLKIN1_CLKOUT1)
                                                     -3.812     1.277 r  PLLE2_BASE/CLKOUT1
                         net (fo=1, routed)           1.883     3.160    clk_1
    BUFGCTRL_X0Y1        BUFG (Prop_bufg_I_O)         0.101     3.261 r  BUFG_3/O
                         net (fo=82, routed)          1.637     4.898    sys_double_clk
    SLICE_X53Y86         FDRE                                         r  linienmodule_deltasigma2_sigma_reg[1]/C
  -------------------------------------------------------------------    -------------------
    SLICE_X53Y86         FDRE (Prop_fdre_C_Q)         0.456     5.354 r  linienmodule_deltasigma2_sigma_reg[1]/Q
                         net (fo=1, routed)           0.655     6.009    linienmodule_deltasigma2_sigma[1]
    SLICE_X53Y86         LUT2 (Prop_lut2_I1_O)        0.124     6.133 r  linienmodule_deltasigma2_sigma[3]_i_4/O
                         net (fo=1, routed)           0.000     6.133    linienmodule_deltasigma2_sigma[3]_i_4_n_0
    SLICE_X53Y86         CARRY4 (Prop_carry4_S[1]_CO[3])
                                                      0.550     6.683 r  linienmodule_deltasigma2_sigma_reg[3]_i_1/CO[3]
                         net (fo=1, routed)           0.000     6.683    linienmodule_deltasigma2_sigma_reg[3]_i_1_n_0
    SLICE_X53Y87         CARRY4 (Prop_carry4_CI_CO[3])
                                                      0.114     6.797 r  linienmodule_deltasigma2_sigma_reg[7]_i_1/CO[3]
                         net (fo=1, routed)           0.000     6.797    linienmodule_deltasigma2_sigma_reg[7]_i_1_n_0
    SLICE_X53Y88         CARRY4 (Prop_carry4_CI_CO[3])
                                                      0.114     6.911 r  linienmodule_deltasigma2_sigma_reg[11]_i_1/CO[3]
                         net (fo=1, routed)           0.000     6.911    linienmodule_deltasigma2_sigma_reg[11]_i_1_n_0
    SLICE_X53Y89         CARRY4 (Prop_carry4_CI_O[1])
                                                      0.334     7.245 r  linienmodule_deltasigma2_sigma_reg[15]_i_1/O[1]
                         net (fo=1, routed)           0.000     7.245    linienmodule_deltasigma2_sigma_reg[15]_i_1_n_6
    SLICE_X53Y89         FDRE                                         r  linienmodule_deltasigma2_sigma_reg[13]/D
  -------------------------------------------------------------------    -------------------

                         (clock clk_1 rise edge)      4.000     4.000 r  
    U18                                               0.000     4.000 r  clk125_p (IN)
                         net (fo=0)                   0.000     4.000    clk125_p
    U18                  IBUFDS (Prop_ibufds_I_O)     0.909     4.909 r  IBUFGDS/O
                         net (fo=1, routed)           2.006     6.915    clk_adci
    BUFGCTRL_X0Y17       BUFG (Prop_bufg_I_O)         0.092     7.007 r  BUFG/O
                         net (fo=1, routed)           1.634     8.641    clk_adcb
    PLLE2_ADV_X1Y0       PLLE2_ADV (Prop_plle2_adv_CLKIN1_CLKOUT1)
                                                     -3.442     5.199 r  PLLE2_BASE/CLKOUT1
                         net (fo=1, routed)           1.720     6.919    clk_1
    BUFGCTRL_X0Y1        BUFG (Prop_bufg_I_O)         0.091     7.010 r  BUFG_3/O
                         net (fo=82, routed)          1.467     8.476    sys_double_clk
    SLICE_X53Y89         FDRE                                         r  linienmodule_deltasigma2_sigma_reg[13]/C
                         clock pessimism              0.400     8.876    
                         clock uncertainty           -0.063     8.814    
    SLICE_X53Y89         FDRE (Setup_fdre_C_D)        0.062     8.876    linienmodule_deltasigma2_sigma_reg[13]
  -------------------------------------------------------------------
                         required time                          8.876    
                         arrival time                          -7.245    
  -------------------------------------------------------------------
                         slack                                  1.630    

Slack (MET) :             1.638ns  (required time - arrival time)
  Source:                 linienmodule_deltasigma1_sigma_reg[1]/C
                            (rising edge-triggered cell FDRE clocked by clk_1  {rise@0.000ns fall@2.000ns period=4.000ns})
  Destination:            linienmodule_deltasigma1_sigma_reg[13]/D
                            (rising edge-triggered cell FDRE clocked by clk_1  {rise@0.000ns fall@2.000ns period=4.000ns})
  Path Group:             clk_1
  Path Type:              Setup (Max at Slow Process Corner)
  Requirement:            4.000ns  (clk_1 rise@4.000ns - clk_1 rise@0.000ns)
  Data Path Delay:        2.385ns  (logic 1.732ns (72.617%)  route 0.653ns (27.383%))
  Logic Levels:           5  (CARRY4=4 LUT2=1)
  Clock Path Skew:        -0.023ns (DCD - SCD + CPR)
    Destination Clock Delay (DCD):    4.547ns = ( 8.547 - 4.000 ) 
    Source Clock Delay      (SCD):    4.972ns
    Clock Pessimism Removal (CPR):    0.402ns
  Clock Uncertainty:      0.063ns  ((TSJ^2 + DJ^2)^1/2) / 2 + PE
    Total System Jitter     (TSJ):    0.071ns
    Discrete Jitter          (DJ):    0.104ns
    Phase Error              (PE):    0.000ns

    Location             Delay type                Incr(ns)  Path(ns)    Netlist Resource(s)
  -------------------------------------------------------------------    -------------------
                         (clock clk_1 rise edge)      0.000     0.000 r  
    U18                                               0.000     0.000 r  clk125_p (IN)
                         net (fo=0)                   0.000     0.000    clk125_p
    U18                  IBUFDS (Prop_ibufds_I_O)     0.951     0.951 r  IBUFGDS/O
                         net (fo=1, routed)           2.205     3.156    clk_adci
    BUFGCTRL_X0Y17       BUFG (Prop_bufg_I_O)         0.102     3.258 r  BUFG/O
                         net (fo=1, routed)           1.831     5.089    clk_adcb
    PLLE2_ADV_X1Y0       PLLE2_ADV (Prop_plle2_adv_CLKIN1_CLKOUT1)
                                                     -3.812     1.277 r  PLLE2_BASE/CLKOUT1
                         net (fo=1, routed)           1.883     3.160    clk_1
    BUFGCTRL_X0Y1        BUFG (Prop_bufg_I_O)         0.101     3.261 r  BUFG_3/O
                         net (fo=82, routed)          1.711     4.972    sys_double_clk
    SLICE_X54Y88         FDRE                                         r  linienmodule_deltasigma1_sigma_reg[1]/C
  -------------------------------------------------------------------    -------------------
    SLICE_X54Y88         FDRE (Prop_fdre_C_Q)         0.518     5.490 r  linienmodule_deltasigma1_sigma_reg[1]/Q
                         net (fo=1, routed)           0.653     6.143    linienmodule_deltasigma1_sigma[1]
    SLICE_X54Y88         LUT2 (Prop_lut2_I1_O)        0.124     6.267 r  linienmodule_deltasigma1_sigma[3]_i_4/O
                         net (fo=1, routed)           0.000     6.267    linienmodule_deltasigma1_sigma[3]_i_4_n_0
    SLICE_X54Y88         CARRY4 (Prop_carry4_S[1]_CO[3])
                                                      0.533     6.800 r  linienmodule_deltasigma1_sigma_reg[3]_i_1/CO[3]
                         net (fo=1, routed)           0.000     6.800    linienmodule_deltasigma1_sigma_reg[3]_i_1_n_0
    SLICE_X54Y89         CARRY4 (Prop_carry4_CI_CO[3])
                                                      0.117     6.917 r  linienmodule_deltasigma1_sigma_reg[7]_i_1/CO[3]
                         net (fo=1, routed)           0.000     6.917    linienmodule_deltasigma1_sigma_reg[7]_i_1_n_0
    SLICE_X54Y90         CARRY4 (Prop_carry4_CI_CO[3])
                                                      0.117     7.034 r  linienmodule_deltasigma1_sigma_reg[11]_i_1/CO[3]
                         net (fo=1, routed)           0.000     7.034    linienmodule_deltasigma1_sigma_reg[11]_i_1_n_0
    SLICE_X54Y91         CARRY4 (Prop_carry4_CI_O[1])
                                                      0.323     7.357 r  linienmodule_deltasigma1_sigma_reg[15]_i_1/O[1]
                         net (fo=1, routed)           0.000     7.357    linienmodule_deltasigma1_sigma_reg[15]_i_1_n_6
    SLICE_X54Y91         FDRE                                         r  linienmodule_deltasigma1_sigma_reg[13]/D
  -------------------------------------------------------------------    -------------------

                         (clock clk_1 rise edge)      4.000     4.000 r  
    U18                                               0.000     4.000 r  clk125_p (IN)
                         net (fo=0)                   0.000     4.000    clk125_p
    U18                  IBUFDS (Prop_ibufds_I_O)     0.909     4.909 r  IBUFGDS/O
                         net (fo=1, routed)           2.006     6.915    clk_adci
    BUFGCTRL_X0Y17       BUFG (Prop_bufg_I_O)         0.092     7.007 r  BUFG/O
                         net (fo=1, routed)           1.634     8.641    clk_adcb
    PLLE2_ADV_X1Y0       PLLE2_ADV (Prop_plle2_adv_CLKIN1_CLKOUT1)
                                                     -3.442     5.199 r  PLLE2_BASE/CLKOUT1
                         net (fo=1, routed)           1.720     6.919    clk_1
    BUFGCTRL_X0Y1        BUFG (Prop_bufg_I_O)         0.091     7.010 r  BUFG_3/O
                         net (fo=82, routed)          1.538     8.547    sys_double_clk
    SLICE_X54Y91         FDRE                                         r  linienmodule_deltasigma1_sigma_reg[13]/C
                         clock pessimism              0.402     8.949    
                         clock uncertainty           -0.063     8.887    
    SLICE_X54Y91         FDRE (Setup_fdre_C_D)        0.109     8.996    linienmodule_deltasigma1_sigma_reg[13]
  -------------------------------------------------------------------
                         required time                          8.996    
                         arrival time                          -7.357    
  -------------------------------------------------------------------
                         slack                                  1.638    

Slack (MET) :             1.716ns  (required time - arrival time)
  Source:                 linienmodule_deltasigma0_sigma_reg[2]/C
                            (rising edge-triggered cell FDRE clocked by clk_1  {rise@0.000ns fall@2.000ns period=4.000ns})
  Destination:            linienmodule_deltasigma0_sigma_reg[15]/D
                            (rising edge-triggered cell FDRE clocked by clk_1  {rise@0.000ns fall@2.000ns period=4.000ns})
  Path Group:             clk_1
  Path Type:              Setup (Max at Slow Process Corner)
  Requirement:            4.000ns  (clk_1 rise@4.000ns - clk_1 rise@0.000ns)
  Data Path Delay:        2.241ns  (logic 1.586ns (70.769%)  route 0.655ns (29.231%))
  Logic Levels:           5  (CARRY4=4 LUT2=1)
  Clock Path Skew:        -0.026ns (DCD - SCD + CPR)
    Destination Clock Delay (DCD):    4.733ns = ( 8.733 - 4.000 ) 
    Source Clock Delay      (SCD):    5.178ns
    Clock Pessimism Removal (CPR):    0.420ns
  Clock Uncertainty:      0.063ns  ((TSJ^2 + DJ^2)^1/2) / 2 + PE
    Total System Jitter     (TSJ):    0.071ns
    Discrete Jitter          (DJ):    0.104ns
    Phase Error              (PE):    0.000ns

    Location             Delay type                Incr(ns)  Path(ns)    Netlist Resource(s)
  -------------------------------------------------------------------    -------------------
                         (clock clk_1 rise edge)      0.000     0.000 r  
    U18                                               0.000     0.000 r  clk125_p (IN)
                         net (fo=0)                   0.000     0.000    clk125_p
    U18                  IBUFDS (Prop_ibufds_I_O)     0.951     0.951 r  IBUFGDS/O
                         net (fo=1, routed)           2.205     3.156    clk_adci
    BUFGCTRL_X0Y17       BUFG (Prop_bufg_I_O)         0.102     3.258 r  BUFG/O
                         net (fo=1, routed)           1.831     5.089    clk_adcb
    PLLE2_ADV_X1Y0       PLLE2_ADV (Prop_plle2_adv_CLKIN1_CLKOUT1)
                                                     -3.812     1.277 r  PLLE2_BASE/CLKOUT1
                         net (fo=1, routed)           1.883     3.160    clk_1
    BUFGCTRL_X0Y1        BUFG (Prop_bufg_I_O)         0.101     3.261 r  BUFG_3/O
                         net (fo=82, routed)          1.917     5.178    sys_double_clk
    SLICE_X83Y102        FDRE                                         r  linienmodule_deltasigma0_sigma_reg[2]/C
  -------------------------------------------------------------------    -------------------
    SLICE_X83Y102        FDRE (Prop_fdre_C_Q)         0.456     5.634 r  linienmodule_deltasigma0_sigma_reg[2]/Q
                         net (fo=1, routed)           0.655     6.289    linienmodule_deltasigma0_sigma[2]
    SLICE_X83Y102        LUT2 (Prop_lut2_I1_O)        0.124     6.413 r  linienmodule_deltasigma0_sigma[4]_i_4/O
                         net (fo=1, routed)           0.000     6.413    linienmodule_deltasigma0_sigma[4]_i_4_n_0
    SLICE_X83Y102        CARRY4 (Prop_carry4_S[1]_CO[3])
                                                      0.550     6.963 r  linienmodule_deltasigma0_sigma_reg[4]_i_1/CO[3]
                         net (fo=1, routed)           0.000     6.963    linienmodule_deltasigma0_sigma_reg[4]_i_1_n_0
    SLICE_X83Y103        CARRY4 (Prop_carry4_CI_CO[3])
                                                      0.114     7.077 r  linienmodule_deltasigma0_sigma_reg[8]_i_1/CO[3]
                         net (fo=1, routed)           0.000     7.077    linienmodule_deltasigma0_sigma_reg[8]_i_1_n_0
    SLICE_X83Y104        CARRY4 (Prop_carry4_CI_CO[3])
                                                      0.114     7.191 r  linienmodule_deltasigma0_sigma_reg[12]_i_1/CO[3]
                         net (fo=1, routed)           0.000     7.191    linienmodule_deltasigma0_sigma_reg[12]_i_1_n_0
    SLICE_X83Y105        CARRY4 (Prop_carry4_CI_CO[2])
                                                      0.228     7.419 r  linienmodule_deltasigma0_sigma_reg[15]_i_1/CO[2]
                         net (fo=1, routed)           0.000     7.419    linienmodule_deltasigma0_sigma_reg[15]_i_1_n_1
    SLICE_X83Y105        FDRE                                         r  linienmodule_deltasigma0_sigma_reg[15]/D
  -------------------------------------------------------------------    -------------------

                         (clock clk_1 rise edge)      4.000     4.000 r  
    U18                                               0.000     4.000 r  clk125_p (IN)
                         net (fo=0)                   0.000     4.000    clk125_p
    U18                  IBUFDS (Prop_ibufds_I_O)     0.909     4.909 r  IBUFGDS/O
                         net (fo=1, routed)           2.006     6.915    clk_adci
    BUFGCTRL_X0Y17       BUFG (Prop_bufg_I_O)         0.092     7.007 r  BUFG/O
                         net (fo=1, routed)           1.634     8.641    clk_adcb
    PLLE2_ADV_X1Y0       PLLE2_ADV (Prop_plle2_adv_CLKIN1_CLKOUT1)
                                                     -3.442     5.199 r  PLLE2_BASE/CLKOUT1
                         net (fo=1, routed)           1.720     6.919    clk_1
    BUFGCTRL_X0Y1        BUFG (Prop_bufg_I_O)         0.091     7.010 r  BUFG_3/O
                         net (fo=82, routed)          1.723     8.733    sys_double_clk
    SLICE_X83Y105        FDRE                                         r  linienmodule_deltasigma0_sigma_reg[15]/C
                         clock pessimism              0.420     9.152    
                         clock uncertainty           -0.063     9.090    
    SLICE_X83Y105        FDRE (Setup_fdre_C_D)        0.046     9.136    linienmodule_deltasigma0_sigma_reg[15]
  -------------------------------------------------------------------
                         required time                          9.136    
                         arrival time                          -7.419    
  -------------------------------------------------------------------
                         slack                                  1.716    

Slack (MET) :             1.719ns  (required time - arrival time)
  Source:                 linienmodule_deltasigma3_sigma_reg[1]/C
                            (rising edge-triggered cell FDRE clocked by clk_1  {rise@0.000ns fall@2.000ns period=4.000ns})
  Destination:            linienmodule_deltasigma3_sigma_reg[14]/D
                            (rising edge-triggered cell FDRE clocked by clk_1  {rise@0.000ns fall@2.000ns period=4.000ns})
  Path Group:             clk_1
  Path Type:              Setup (Max at Slow Process Corner)
  Requirement:            4.000ns  (clk_1 rise@4.000ns - clk_1 rise@0.000ns)
  Data Path Delay:        2.258ns  (logic 1.597ns (70.738%)  route 0.661ns (29.262%))
  Logic Levels:           5  (CARRY4=4 LUT2=1)
  Clock Path Skew:        -0.023ns (DCD - SCD + CPR)
    Destination Clock Delay (DCD):    4.549ns = ( 8.549 - 4.000 ) 
    Source Clock Delay      (SCD):    4.973ns
    Clock Pessimism Removal (CPR):    0.401ns
  Clock Uncertainty:      0.063ns  ((TSJ^2 + DJ^2)^1/2) / 2 + PE
    Total System Jitter     (TSJ):    0.071ns
    Discrete Jitter          (DJ):    0.104ns
    Phase Error              (PE):    0.000ns

    Location             Delay type                Incr(ns)  Path(ns)    Netlist Resource(s)
  -------------------------------------------------------------------    -------------------
                         (clock clk_1 rise edge)      0.000     0.000 r  
    U18                                               0.000     0.000 r  clk125_p (IN)
                         net (fo=0)                   0.000     0.000    clk125_p
    U18                  IBUFDS (Prop_ibufds_I_O)     0.951     0.951 r  IBUFGDS/O
                         net (fo=1, routed)           2.205     3.156    clk_adci
    BUFGCTRL_X0Y17       BUFG (Prop_bufg_I_O)         0.102     3.258 r  BUFG/O
                         net (fo=1, routed)           1.831     5.089    clk_adcb
    PLLE2_ADV_X1Y0       PLLE2_ADV (Prop_plle2_adv_CLKIN1_CLKOUT1)
                                                     -3.812     1.277 r  PLLE2_BASE/CLKOUT1
                         net (fo=1, routed)           1.883     3.160    clk_1
    BUFGCTRL_X0Y1        BUFG (Prop_bufg_I_O)         0.101     3.261 r  BUFG_3/O
                         net (fo=82, routed)          1.712     4.973    sys_double_clk
    SLICE_X60Y85         FDRE                                         r  linienmodule_deltasigma3_sigma_reg[1]/C
  -------------------------------------------------------------------    -------------------
    SLICE_X60Y85         FDRE (Prop_fdre_C_Q)         0.456     5.429 r  linienmodule_deltasigma3_sigma_reg[1]/Q
                         net (fo=1, routed)           0.661     6.090    linienmodule_deltasigma3_sigma[1]
    SLICE_X60Y85         LUT2 (Prop_lut2_I1_O)        0.124     6.214 r  linienmodule_deltasigma3_sigma[3]_i_4/O
                         net (fo=1, routed)           0.000     6.214    linienmodule_deltasigma3_sigma[3]_i_4_n_0
    SLICE_X60Y85         CARRY4 (Prop_carry4_S[1]_CO[3])
                                                      0.550     6.764 r  linienmodule_deltasigma3_sigma_reg[3]_i_1/CO[3]
                         net (fo=1, routed)           0.000     6.764    linienmodule_deltasigma3_sigma_reg[3]_i_1_n_0
    SLICE_X60Y86         CARRY4 (Prop_carry4_CI_CO[3])
                                                      0.114     6.878 r  linienmodule_deltasigma3_sigma_reg[7]_i_1/CO[3]
                         net (fo=1, routed)           0.000     6.878    linienmodule_deltasigma3_sigma_reg[7]_i_1_n_0
    SLICE_X60Y87         CARRY4 (Prop_carry4_CI_CO[3])
                                                      0.114     6.992 r  linienmodule_deltasigma3_sigma_reg[11]_i_1/CO[3]
                         net (fo=1, routed)           0.000     6.992    linienmodule_deltasigma3_sigma_reg[11]_i_1_n_0
    SLICE_X60Y88         CARRY4 (Prop_carry4_CI_O[2])
                                                      0.239     7.231 r  linienmodule_deltasigma3_sigma_reg[15]_i_1/O[2]
                         net (fo=1, routed)           0.000     7.231    linienmodule_deltasigma3_sigma_reg[15]_i_1_n_5
    SLICE_X60Y88         FDRE                                         r  linienmodule_deltasigma3_sigma_reg[14]/D
  -------------------------------------------------------------------    -------------------

                         (clock clk_1 rise edge)      4.000     4.000 r  
    U18                                               0.000     4.000 r  clk125_p (IN)
                         net (fo=0)                   0.000     4.000    clk125_p
    U18                  IBUFDS (Prop_ibufds_I_O)     0.909     4.909 r  IBUFGDS/O
                         net (fo=1, routed)           2.006     6.915    clk_adci
    BUFGCTRL_X0Y17       BUFG (Prop_bufg_I_O)         0.092     7.007 r  BUFG/O
                         net (fo=1, routed)           1.634     8.641    clk_adcb
    PLLE2_ADV_X1Y0       PLLE2_ADV (Prop_plle2_adv_CLKIN1_CLKOUT1)
                                                     -3.442     5.199 r  PLLE2_BASE/CLKOUT1
                         net (fo=1, routed)           1.720     6.919    clk_1
    BUFGCTRL_X0Y1        BUFG (Prop_bufg_I_O)         0.091     7.010 r  BUFG_3/O
                         net (fo=82, routed)          1.540     8.549    sys_double_clk
    SLICE_X60Y88         FDRE                                         r  linienmodule_deltasigma3_sigma_reg[14]/C
                         clock pessimism              0.401     8.950    
                         clock uncertainty           -0.063     8.888    
    SLICE_X60Y88         FDRE (Setup_fdre_C_D)        0.062     8.950    linienmodule_deltasigma3_sigma_reg[14]
  -------------------------------------------------------------------
                         required time                          8.950    
                         arrival time                          -7.231    
  -------------------------------------------------------------------
                         slack                                  1.719    





Min Delay Paths
--------------------------------------------------------------------------------------
Slack (MET) :             0.267ns  (arrival time - required time)
  Source:                 linienmodule_decimate_decimation_counter_reg[14]/C
                            (rising edge-triggered cell FDRE clocked by clk_1  {rise@0.000ns fall@2.000ns period=4.000ns})
  Destination:            linienmodule_decimate_decimation_counter_reg[14]/D
                            (rising edge-triggered cell FDRE clocked by clk_1  {rise@0.000ns fall@2.000ns period=4.000ns})
  Path Group:             clk_1
  Path Type:              Hold (Min at Fast Process Corner)
  Requirement:            0.000ns  (clk_1 rise@0.000ns - clk_1 rise@0.000ns)
  Data Path Delay:        0.401ns  (logic 0.274ns (68.412%)  route 0.127ns (31.588%))
  Logic Levels:           1  (CARRY4=1)
  Clock Path Skew:        0.000ns (DCD - SCD - CPR)
    Destination Clock Delay (DCD):    1.986ns
    Source Clock Delay      (SCD):    1.627ns
    Clock Pessimism Removal (CPR):    0.359ns

    Location             Delay type                Incr(ns)  Path(ns)    Netlist Resource(s)
  -------------------------------------------------------------------    -------------------
                         (clock clk_1 rise edge)      0.000     0.000 r  
    U18                                               0.000     0.000 r  clk125_p (IN)
                         net (fo=0)                   0.000     0.000    clk125_p
    U18                  IBUFDS (Prop_ibufds_I_O)     0.370     0.370 r  IBUFGDS/O
                         net (fo=1, routed)           0.674     1.044    clk_adci
    BUFGCTRL_X0Y17       BUFG (Prop_bufg_I_O)         0.027     1.071 r  BUFG/O
                         net (fo=1, routed)           0.602     1.673    clk_adcb
    PLLE2_ADV_X1Y0       PLLE2_ADV (Prop_plle2_adv_CLKIN1_CLKOUT1)
                                                     -1.169     0.503 r  PLLE2_BASE/CLKOUT1
                         net (fo=1, routed)           0.544     1.047    clk_1
    BUFGCTRL_X0Y1        BUFG (Prop_bufg_I_O)         0.026     1.073 r  BUFG_3/O
                         net (fo=82, routed)          0.554     1.627    sys_double_clk
    SLICE_X50Y94         FDRE                                         r  linienmodule_decimate_decimation_counter_reg[14]/C
  -------------------------------------------------------------------    -------------------
    SLICE_X50Y94         FDRE (Prop_fdre_C_Q)         0.164     1.791 r  linienmodule_decimate_decimation_counter_reg[14]/Q
                         net (fo=2, routed)           0.127     1.917    linienmodule_decimate_decimation_counter_reg_n_0_[14]
    SLICE_X50Y94         CARRY4 (Prop_carry4_S[2]_O[2])
                                                      0.110     2.027 r  linienmodule_decimate_decimation_counter_reg[12]_i_1/O[2]
                         net (fo=1, routed)           0.000     2.027    linienmodule_decimate_decimation_counter_reg[12]_i_1_n_5
    SLICE_X50Y94         FDRE                                         r  linienmodule_decimate_decimation_counter_reg[14]/D
  -------------------------------------------------------------------    -------------------

                         (clock clk_1 rise edge)      0.000     0.000 r  
    U18                                               0.000     0.000 r  clk125_p (IN)
                         net (fo=0)                   0.000     0.000    clk125_p
    U18                  IBUFDS (Prop_ibufds_I_O)     0.401     0.401 r  IBUFGDS/O
                         net (fo=1, routed)           0.731     1.132    clk_adci
    BUFGCTRL_X0Y17       BUFG (Prop_bufg_I_O)         0.030     1.162 r  BUFG/O
                         net (fo=1, routed)           0.869     2.031    clk_adcb
    PLLE2_ADV_X1Y0       PLLE2_ADV (Prop_plle2_adv_CLKIN1_CLKOUT1)
                                                     -1.488     0.543 r  PLLE2_BASE/CLKOUT1
                         net (fo=1, routed)           0.592     1.135    clk_1
    BUFGCTRL_X0Y1        BUFG (Prop_bufg_I_O)         0.029     1.164 r  BUFG_3/O
                         net (fo=82, routed)          0.822     1.986    sys_double_clk
    SLICE_X50Y94         FDRE                                         r  linienmodule_decimate_decimation_counter_reg[14]/C
                         clock pessimism             -0.359     1.627    
    SLICE_X50Y94         FDRE (Hold_fdre_C_D)         0.134     1.761    linienmodule_decimate_decimation_counter_reg[14]
  -------------------------------------------------------------------
                         required time                         -1.761    
                         arrival time                           2.027    
  -------------------------------------------------------------------
                         slack                                  0.267    

Slack (MET) :             0.267ns  (arrival time - required time)
  Source:                 linienmodule_decimate_decimation_counter_reg[2]/C
                            (rising edge-triggered cell FDRE clocked by clk_1  {rise@0.000ns fall@2.000ns period=4.000ns})
  Destination:            linienmodule_decimate_decimation_counter_reg[2]/D
                            (rising edge-triggered cell FDRE clocked by clk_1  {rise@0.000ns fall@2.000ns period=4.000ns})
  Path Group:             clk_1
  Path Type:              Hold (Min at Fast Process Corner)
  Requirement:            0.000ns  (clk_1 rise@0.000ns - clk_1 rise@0.000ns)
  Data Path Delay:        0.401ns  (logic 0.274ns (68.401%)  route 0.127ns (31.599%))
  Logic Levels:           1  (CARRY4=1)
  Clock Path Skew:        0.000ns (DCD - SCD - CPR)
    Destination Clock Delay (DCD):    1.985ns
    Source Clock Delay      (SCD):    1.626ns
    Clock Pessimism Removal (CPR):    0.359ns

    Location             Delay type                Incr(ns)  Path(ns)    Netlist Resource(s)
  -------------------------------------------------------------------    -------------------
                         (clock clk_1 rise edge)      0.000     0.000 r  
    U18                                               0.000     0.000 r  clk125_p (IN)
                         net (fo=0)                   0.000     0.000    clk125_p
    U18                  IBUFDS (Prop_ibufds_I_O)     0.370     0.370 r  IBUFGDS/O
                         net (fo=1, routed)           0.674     1.044    clk_adci
    BUFGCTRL_X0Y17       BUFG (Prop_bufg_I_O)         0.027     1.071 r  BUFG/O
                         net (fo=1, routed)           0.602     1.673    clk_adcb
    PLLE2_ADV_X1Y0       PLLE2_ADV (Prop_plle2_adv_CLKIN1_CLKOUT1)
                                                     -1.169     0.503 r  PLLE2_BASE/CLKOUT1
                         net (fo=1, routed)           0.544     1.047    clk_1
    BUFGCTRL_X0Y1        BUFG (Prop_bufg_I_O)         0.026     1.073 r  BUFG_3/O
                         net (fo=82, routed)          0.553     1.626    sys_double_clk
    SLICE_X50Y91         FDRE                                         r  linienmodule_decimate_decimation_counter_reg[2]/C
  -------------------------------------------------------------------    -------------------
    SLICE_X50Y91         FDRE (Prop_fdre_C_Q)         0.164     1.790 r  linienmodule_decimate_decimation_counter_reg[2]/Q
                         net (fo=2, routed)           0.127     1.916    linienmodule_decimate_decimation_counter_reg_n_0_[2]
    SLICE_X50Y91         CARRY4 (Prop_carry4_S[2]_O[2])
                                                      0.110     2.026 r  linienmodule_decimate_decimation_counter_reg[0]_i_1/O[2]
                         net (fo=1, routed)           0.000     2.026    linienmodule_decimate_decimation_counter_reg[0]_i_1_n_5
    SLICE_X50Y91         FDRE                                         r  linienmodule_decimate_decimation_counter_reg[2]/D
  -------------------------------------------------------------------    -------------------

                         (clock clk_1 rise edge)      0.000     0.000 r  
    U18                                               0.000     0.000 r  clk125_p (IN)
                         net (fo=0)                   0.000     0.000    clk125_p
    U18                  IBUFDS (Prop_ibufds_I_O)     0.401     0.401 r  IBUFGDS/O
                         net (fo=1, routed)           0.731     1.132    clk_adci
    BUFGCTRL_X0Y17       BUFG (Prop_bufg_I_O)         0.030     1.162 r  BUFG/O
                         net (fo=1, routed)           0.869     2.031    clk_adcb
    PLLE2_ADV_X1Y0       PLLE2_ADV (Prop_plle2_adv_CLKIN1_CLKOUT1)
                                                     -1.488     0.543 r  PLLE2_BASE/CLKOUT1
                         net (fo=1, routed)           0.592     1.135    clk_1
    BUFGCTRL_X0Y1        BUFG (Prop_bufg_I_O)         0.029     1.164 r  BUFG_3/O
                         net (fo=82, routed)          0.821     1.985    sys_double_clk
    SLICE_X50Y91         FDRE                                         r  linienmodule_decimate_decimation_counter_reg[2]/C
                         clock pessimism             -0.359     1.626    
    SLICE_X50Y91         FDRE (Hold_fdre_C_D)         0.134     1.760    linienmodule_decimate_decimation_counter_reg[2]
  -------------------------------------------------------------------
                         required time                         -1.760    
                         arrival time                           2.026    
  -------------------------------------------------------------------
                         slack                                  0.267    

Slack (MET) :             0.276ns  (arrival time - required time)
  Source:                 linienmodule_deltasigma1_sigma_reg[11]/C
                            (rising edge-triggered cell FDRE clocked by clk_1  {rise@0.000ns fall@2.000ns period=4.000ns})
  Destination:            linienmodule_deltasigma1_sigma_reg[11]/D
                            (rising edge-triggered cell FDRE clocked by clk_1  {rise@0.000ns fall@2.000ns period=4.000ns})
  Path Group:             clk_1
  Path Type:              Hold (Min at Fast Process Corner)
  Requirement:            0.000ns  (clk_1 rise@0.000ns - clk_1 rise@0.000ns)
  Data Path Delay:        0.410ns  (logic 0.273ns (66.569%)  route 0.137ns (33.432%))
  Logic Levels:           2  (CARRY4=1 LUT2=1)
  Clock Path Skew:        0.000ns (DCD - SCD - CPR)
    Destination Clock Delay (DCD):    2.010ns
    Source Clock Delay      (SCD):    1.650ns
    Clock Pessimism Removal (CPR):    0.360ns

    Location             Delay type                Incr(ns)  Path(ns)    Netlist Resource(s)
  -------------------------------------------------------------------    -------------------
                         (clock clk_1 rise edge)      0.000     0.000 r  
    U18                                               0.000     0.000 r  clk125_p (IN)
                         net (fo=0)                   0.000     0.000    clk125_p
    U18                  IBUFDS (Prop_ibufds_I_O)     0.370     0.370 r  IBUFGDS/O
                         net (fo=1, routed)           0.674     1.044    clk_adci
    BUFGCTRL_X0Y17       BUFG (Prop_bufg_I_O)         0.027     1.071 r  BUFG/O
                         net (fo=1, routed)           0.602     1.673    clk_adcb
    PLLE2_ADV_X1Y0       PLLE2_ADV (Prop_plle2_adv_CLKIN1_CLKOUT1)
                                                     -1.169     0.503 r  PLLE2_BASE/CLKOUT1
                         net (fo=1, routed)           0.544     1.047    clk_1
    BUFGCTRL_X0Y1        BUFG (Prop_bufg_I_O)         0.026     1.073 r  BUFG_3/O
                         net (fo=82, routed)          0.577     1.650    sys_double_clk
    SLICE_X54Y90         FDRE                                         r  linienmodule_deltasigma1_sigma_reg[11]/C
  -------------------------------------------------------------------    -------------------
    SLICE_X54Y90         FDRE (Prop_fdre_C_Q)         0.164     1.814 r  linienmodule_deltasigma1_sigma_reg[11]/Q
                         net (fo=1, routed)           0.137     1.951    linienmodule_deltasigma1_sigma[11]
    SLICE_X54Y90         LUT2 (Prop_lut2_I1_O)        0.045     1.996 r  linienmodule_deltasigma1_sigma[11]_i_2/O
                         net (fo=1, routed)           0.000     1.996    linienmodule_deltasigma1_sigma[11]_i_2_n_0
    SLICE_X54Y90         CARRY4 (Prop_carry4_S[3]_O[3])
                                                      0.064     2.060 r  linienmodule_deltasigma1_sigma_reg[11]_i_1/O[3]
                         net (fo=1, routed)           0.000     2.060    linienmodule_deltasigma1_sigma_reg[11]_i_1_n_4
    SLICE_X54Y90         FDRE                                         r  linienmodule_deltasigma1_sigma_reg[11]/D
  -------------------------------------------------------------------    -------------------

                         (clock clk_1 rise edge)      0.000     0.000 r  
    U18                                               0.000     0.000 r  clk125_p (IN)
                         net (fo=0)                   0.000     0.000    clk125_p
    U18                  IBUFDS (Prop_ibufds_I_O)     0.401     0.401 r  IBUFGDS/O
                         net (fo=1, routed)           0.731     1.132    clk_adci
    BUFGCTRL_X0Y17       BUFG (Prop_bufg_I_O)         0.030     1.162 r  BUFG/O
                         net (fo=1, routed)           0.869     2.031    clk_adcb
    PLLE2_ADV_X1Y0       PLLE2_ADV (Prop_plle2_adv_CLKIN1_CLKOUT1)
                                                     -1.488     0.543 r  PLLE2_BASE/CLKOUT1
                         net (fo=1, routed)           0.592     1.135    clk_1
    BUFGCTRL_X0Y1        BUFG (Prop_bufg_I_O)         0.029     1.164 r  BUFG_3/O
                         net (fo=82, routed)          0.846     2.010    sys_double_clk
    SLICE_X54Y90         FDRE                                         r  linienmodule_deltasigma1_sigma_reg[11]/C
                         clock pessimism             -0.360     1.650    
    SLICE_X54Y90         FDRE (Hold_fdre_C_D)         0.134     1.784    linienmodule_deltasigma1_sigma_reg[11]
  -------------------------------------------------------------------
                         required time                         -1.784    
                         arrival time                           2.060    
  -------------------------------------------------------------------
                         slack                                  0.276    

Slack (MET) :             0.276ns  (arrival time - required time)
  Source:                 linienmodule_deltasigma1_sigma_reg[3]/C
                            (rising edge-triggered cell FDRE clocked by clk_1  {rise@0.000ns fall@2.000ns period=4.000ns})
  Destination:            linienmodule_deltasigma1_sigma_reg[3]/D
                            (rising edge-triggered cell FDRE clocked by clk_1  {rise@0.000ns fall@2.000ns period=4.000ns})
  Path Group:             clk_1
  Path Type:              Hold (Min at Fast Process Corner)
  Requirement:            0.000ns  (clk_1 rise@0.000ns - clk_1 rise@0.000ns)
  Data Path Delay:        0.410ns  (logic 0.273ns (66.568%)  route 0.137ns (33.432%))
  Logic Levels:           2  (CARRY4=1 LUT2=1)
  Clock Path Skew:        0.000ns (DCD - SCD - CPR)
    Destination Clock Delay (DCD):    2.009ns
    Source Clock Delay      (SCD):    1.649ns
    Clock Pessimism Removal (CPR):    0.360ns

    Location             Delay type                Incr(ns)  Path(ns)    Netlist Resource(s)
  -------------------------------------------------------------------    -------------------
                         (clock clk_1 rise edge)      0.000     0.000 r  
    U18                                               0.000     0.000 r  clk125_p (IN)
                         net (fo=0)                   0.000     0.000    clk125_p
    U18                  IBUFDS (Prop_ibufds_I_O)     0.370     0.370 r  IBUFGDS/O
                         net (fo=1, routed)           0.674     1.044    clk_adci
    BUFGCTRL_X0Y17       BUFG (Prop_bufg_I_O)         0.027     1.071 r  BUFG/O
                         net (fo=1, routed)           0.602     1.673    clk_adcb
    PLLE2_ADV_X1Y0       PLLE2_ADV (Prop_plle2_adv_CLKIN1_CLKOUT1)
                                                     -1.169     0.503 r  PLLE2_BASE/CLKOUT1
                         net (fo=1, routed)           0.544     1.047    clk_1
    BUFGCTRL_X0Y1        BUFG (Prop_bufg_I_O)         0.026     1.073 r  BUFG_3/O
                         net (fo=82, routed)          0.576     1.649    sys_double_clk
    SLICE_X54Y88         FDRE                                         r  linienmodule_deltasigma1_sigma_reg[3]/C
  -------------------------------------------------------------------    -------------------
    SLICE_X54Y88         FDRE (Prop_fdre_C_Q)         0.164     1.813 r  linienmodule_deltasigma1_sigma_reg[3]/Q
                         net (fo=1, routed)           0.137     1.950    linienmodule_deltasigma1_sigma[3]
    SLICE_X54Y88         LUT2 (Prop_lut2_I1_O)        0.045     1.995 r  linienmodule_deltasigma1_sigma[3]_i_2/O
                         net (fo=1, routed)           0.000     1.995    linienmodule_deltasigma1_sigma[3]_i_2_n_0
    SLICE_X54Y88         CARRY4 (Prop_carry4_S[3]_O[3])
                                                      0.064     2.059 r  linienmodule_deltasigma1_sigma_reg[3]_i_1/O[3]
                         net (fo=1, routed)           0.000     2.059    linienmodule_deltasigma1_sigma_reg[3]_i_1_n_4
    SLICE_X54Y88         FDRE                                         r  linienmodule_deltasigma1_sigma_reg[3]/D
  -------------------------------------------------------------------    -------------------

                         (clock clk_1 rise edge)      0.000     0.000 r  
    U18                                               0.000     0.000 r  clk125_p (IN)
                         net (fo=0)                   0.000     0.000    clk125_p
    U18                  IBUFDS (Prop_ibufds_I_O)     0.401     0.401 r  IBUFGDS/O
                         net (fo=1, routed)           0.731     1.132    clk_adci
    BUFGCTRL_X0Y17       BUFG (Prop_bufg_I_O)         0.030     1.162 r  BUFG/O
                         net (fo=1, routed)           0.869     2.031    clk_adcb
    PLLE2_ADV_X1Y0       PLLE2_ADV (Prop_plle2_adv_CLKIN1_CLKOUT1)
                                                     -1.488     0.543 r  PLLE2_BASE/CLKOUT1
                         net (fo=1, routed)           0.592     1.135    clk_1
    BUFGCTRL_X0Y1        BUFG (Prop_bufg_I_O)         0.029     1.164 r  BUFG_3/O
                         net (fo=82, routed)          0.845     2.009    sys_double_clk
    SLICE_X54Y88         FDRE                                         r  linienmodule_deltasigma1_sigma_reg[3]/C
                         clock pessimism             -0.360     1.649    
    SLICE_X54Y88         FDRE (Hold_fdre_C_D)         0.134     1.783    linienmodule_deltasigma1_sigma_reg[3]
  -------------------------------------------------------------------
                         required time                         -1.783    
                         arrival time                           2.059    
  -------------------------------------------------------------------
                         slack                                  0.276    

Slack (MET) :             0.276ns  (arrival time - required time)
  Source:                 linienmodule_deltasigma1_sigma_reg[7]/C
                            (rising edge-triggered cell FDRE clocked by clk_1  {rise@0.000ns fall@2.000ns period=4.000ns})
  Destination:            linienmodule_deltasigma1_sigma_reg[7]/D
                            (rising edge-triggered cell FDRE clocked by clk_1  {rise@0.000ns fall@2.000ns period=4.000ns})
  Path Group:             clk_1
  Path Type:              Hold (Min at Fast Process Corner)
  Requirement:            0.000ns  (clk_1 rise@0.000ns - clk_1 rise@0.000ns)
  Data Path Delay:        0.410ns  (logic 0.273ns (66.568%)  route 0.137ns (33.432%))
  Logic Levels:           2  (CARRY4=1 LUT2=1)
  Clock Path Skew:        0.000ns (DCD - SCD - CPR)
    Destination Clock Delay (DCD):    2.009ns
    Source Clock Delay      (SCD):    1.649ns
    Clock Pessimism Removal (CPR):    0.360ns

    Location             Delay type                Incr(ns)  Path(ns)    Netlist Resource(s)
  -------------------------------------------------------------------    -------------------
                         (clock clk_1 rise edge)      0.000     0.000 r  
    U18                                               0.000     0.000 r  clk125_p (IN)
                         net (fo=0)                   0.000     0.000    clk125_p
    U18                  IBUFDS (Prop_ibufds_I_O)     0.370     0.370 r  IBUFGDS/O
                         net (fo=1, routed)           0.674     1.044    clk_adci
    BUFGCTRL_X0Y17       BUFG (Prop_bufg_I_O)         0.027     1.071 r  BUFG/O
                         net (fo=1, routed)           0.602     1.673    clk_adcb
    PLLE2_ADV_X1Y0       PLLE2_ADV (Prop_plle2_adv_CLKIN1_CLKOUT1)
                                                     -1.169     0.503 r  PLLE2_BASE/CLKOUT1
                         net (fo=1, routed)           0.544     1.047    clk_1
    BUFGCTRL_X0Y1        BUFG (Prop_bufg_I_O)         0.026     1.073 r  BUFG_3/O
                         net (fo=82, routed)          0.576     1.649    sys_double_clk
    SLICE_X54Y89         FDRE                                         r  linienmodule_deltasigma1_sigma_reg[7]/C
  -------------------------------------------------------------------    -------------------
    SLICE_X54Y89         FDRE (Prop_fdre_C_Q)         0.164     1.813 r  linienmodule_deltasigma1_sigma_reg[7]/Q
                         net (fo=1, routed)           0.137     1.950    linienmodule_deltasigma1_sigma[7]
    SLICE_X54Y89         LUT2 (Prop_lut2_I1_O)        0.045     1.995 r  linienmodule_deltasigma1_sigma[7]_i_2/O
                         net (fo=1, routed)           0.000     1.995    linienmodule_deltasigma1_sigma[7]_i_2_n_0
    SLICE_X54Y89         CARRY4 (Prop_carry4_S[3]_O[3])
                                                      0.064     2.059 r  linienmodule_deltasigma1_sigma_reg[7]_i_1/O[3]
                         net (fo=1, routed)           0.000     2.059    linienmodule_deltasigma1_sigma_reg[7]_i_1_n_4
    SLICE_X54Y89         FDRE                                         r  linienmodule_deltasigma1_sigma_reg[7]/D
  -------------------------------------------------------------------    -------------------

                         (clock clk_1 rise edge)      0.000     0.000 r  
    U18                                               0.000     0.000 r  clk125_p (IN)
                         net (fo=0)                   0.000     0.000    clk125_p
    U18                  IBUFDS (Prop_ibufds_I_O)     0.401     0.401 r  IBUFGDS/O
                         net (fo=1, routed)           0.731     1.132    clk_adci
    BUFGCTRL_X0Y17       BUFG (Prop_bufg_I_O)         0.030     1.162 r  BUFG/O
                         net (fo=1, routed)           0.869     2.031    clk_adcb
    PLLE2_ADV_X1Y0       PLLE2_ADV (Prop_plle2_adv_CLKIN1_CLKOUT1)
                                                     -1.488     0.543 r  PLLE2_BASE/CLKOUT1
                         net (fo=1, routed)           0.592     1.135    clk_1
    BUFGCTRL_X0Y1        BUFG (Prop_bufg_I_O)         0.029     1.164 r  BUFG_3/O
                         net (fo=82, routed)          0.845     2.009    sys_double_clk
    SLICE_X54Y89         FDRE                                         r  linienmodule_deltasigma1_sigma_reg[7]/C
                         clock pessimism             -0.360     1.649    
    SLICE_X54Y89         FDRE (Hold_fdre_C_D)         0.134     1.783    linienmodule_deltasigma1_sigma_reg[7]
  -------------------------------------------------------------------
                         required time                         -1.783    
                         arrival time                           2.059    
  -------------------------------------------------------------------
                         slack                                  0.276    

Slack (MET) :             0.302ns  (arrival time - required time)
  Source:                 linienmodule_deltasigma2_sigma_reg[11]/C
                            (rising edge-triggered cell FDRE clocked by clk_1  {rise@0.000ns fall@2.000ns period=4.000ns})
  Destination:            linienmodule_deltasigma2_sigma_reg[11]/D
                            (rising edge-triggered cell FDRE clocked by clk_1  {rise@0.000ns fall@2.000ns period=4.000ns})
  Path Group:             clk_1
  Path Type:              Hold (Min at Fast Process Corner)
  Requirement:            0.000ns  (clk_1 rise@0.000ns - clk_1 rise@0.000ns)
  Data Path Delay:        0.407ns  (logic 0.249ns (61.164%)  route 0.158ns (38.836%))
  Logic Levels:           2  (CARRY4=1 LUT2=1)
  Clock Path Skew:        0.000ns (DCD - SCD - CPR)
    Destination Clock Delay (DCD):    1.984ns
    Source Clock Delay      (SCD):    1.625ns
    Clock Pessimism Removal (CPR):    0.359ns

    Location             Delay type                Incr(ns)  Path(ns)    Netlist Resource(s)
  -------------------------------------------------------------------    -------------------
                         (clock clk_1 rise edge)      0.000     0.000 r  
    U18                                               0.000     0.000 r  clk125_p (IN)
                         net (fo=0)                   0.000     0.000    clk125_p
    U18                  IBUFDS (Prop_ibufds_I_O)     0.370     0.370 r  IBUFGDS/O
                         net (fo=1, routed)           0.674     1.044    clk_adci
    BUFGCTRL_X0Y17       BUFG (Prop_bufg_I_O)         0.027     1.071 r  BUFG/O
                         net (fo=1, routed)           0.602     1.673    clk_adcb
    PLLE2_ADV_X1Y0       PLLE2_ADV (Prop_plle2_adv_CLKIN1_CLKOUT1)
                                                     -1.169     0.503 r  PLLE2_BASE/CLKOUT1
                         net (fo=1, routed)           0.544     1.047    clk_1
    BUFGCTRL_X0Y1        BUFG (Prop_bufg_I_O)         0.026     1.073 r  BUFG_3/O
                         net (fo=82, routed)          0.552     1.625    sys_double_clk
    SLICE_X53Y88         FDRE                                         r  linienmodule_deltasigma2_sigma_reg[11]/C
  -------------------------------------------------------------------    -------------------
    SLICE_X53Y88         FDRE (Prop_fdre_C_Q)         0.141     1.766 r  linienmodule_deltasigma2_sigma_reg[11]/Q
                         net (fo=1, routed)           0.158     1.924    linienmodule_deltasigma2_sigma[11]
    SLICE_X53Y88         LUT2 (Prop_lut2_I1_O)        0.045     1.969 r  linienmodule_deltasigma2_sigma[11]_i_2/O
                         net (fo=1, routed)           0.000     1.969    linienmodule_deltasigma2_sigma[11]_i_2_n_0
    SLICE_X53Y88         CARRY4 (Prop_carry4_S[3]_O[3])
                                                      0.063     2.032 r  linienmodule_deltasigma2_sigma_reg[11]_i_1/O[3]
                         net (fo=1, routed)           0.000     2.032    linienmodule_deltasigma2_sigma_reg[11]_i_1_n_4
    SLICE_X53Y88         FDRE                                         r  linienmodule_deltasigma2_sigma_reg[11]/D
  -------------------------------------------------------------------    -------------------

                         (clock clk_1 rise edge)      0.000     0.000 r  
    U18                                               0.000     0.000 r  clk125_p (IN)
                         net (fo=0)                   0.000     0.000    clk125_p
    U18                  IBUFDS (Prop_ibufds_I_O)     0.401     0.401 r  IBUFGDS/O
                         net (fo=1, routed)           0.731     1.132    clk_adci
    BUFGCTRL_X0Y17       BUFG (Prop_bufg_I_O)         0.030     1.162 r  BUFG/O
                         net (fo=1, routed)           0.869     2.031    clk_adcb
    PLLE2_ADV_X1Y0       PLLE2_ADV (Prop_plle2_adv_CLKIN1_CLKOUT1)
                                                     -1.488     0.543 r  PLLE2_BASE/CLKOUT1
                         net (fo=1, routed)           0.592     1.135    clk_1
    BUFGCTRL_X0Y1        BUFG (Prop_bufg_I_O)         0.029     1.164 r  BUFG_3/O
                         net (fo=82, routed)          0.820     1.984    sys_double_clk
    SLICE_X53Y88         FDRE                                         r  linienmodule_deltasigma2_sigma_reg[11]/C
                         clock pessimism             -0.359     1.625    
    SLICE_X53Y88         FDRE (Hold_fdre_C_D)         0.105     1.730    linienmodule_deltasigma2_sigma_reg[11]
  -------------------------------------------------------------------
                         required time                         -1.730    
                         arrival time                           2.032    
  -------------------------------------------------------------------
                         slack                                  0.302    

Slack (MET) :             0.302ns  (arrival time - required time)
  Source:                 linienmodule_deltasigma2_sigma_reg[3]/C
                            (rising edge-triggered cell FDRE clocked by clk_1  {rise@0.000ns fall@2.000ns period=4.000ns})
  Destination:            linienmodule_deltasigma2_sigma_reg[3]/D
                            (rising edge-triggered cell FDRE clocked by clk_1  {rise@0.000ns fall@2.000ns period=4.000ns})
  Path Group:             clk_1
  Path Type:              Hold (Min at Fast Process Corner)
  Requirement:            0.000ns  (clk_1 rise@0.000ns - clk_1 rise@0.000ns)
  Data Path Delay:        0.407ns  (logic 0.249ns (61.164%)  route 0.158ns (38.836%))
  Logic Levels:           2  (CARRY4=1 LUT2=1)
  Clock Path Skew:        0.000ns (DCD - SCD - CPR)
    Destination Clock Delay (DCD):    1.981ns
    Source Clock Delay      (SCD):    1.623ns
    Clock Pessimism Removal (CPR):    0.358ns

    Location             Delay type                Incr(ns)  Path(ns)    Netlist Resource(s)
  -------------------------------------------------------------------    -------------------
                         (clock clk_1 rise edge)      0.000     0.000 r  
    U18                                               0.000     0.000 r  clk125_p (IN)
                         net (fo=0)                   0.000     0.000    clk125_p
    U18                  IBUFDS (Prop_ibufds_I_O)     0.370     0.370 r  IBUFGDS/O
                         net (fo=1, routed)           0.674     1.044    clk_adci
    BUFGCTRL_X0Y17       BUFG (Prop_bufg_I_O)         0.027     1.071 r  BUFG/O
                         net (fo=1, routed)           0.602     1.673    clk_adcb
    PLLE2_ADV_X1Y0       PLLE2_ADV (Prop_plle2_adv_CLKIN1_CLKOUT1)
                                                     -1.169     0.503 r  PLLE2_BASE/CLKOUT1
                         net (fo=1, routed)           0.544     1.047    clk_1
    BUFGCTRL_X0Y1        BUFG (Prop_bufg_I_O)         0.026     1.073 r  BUFG_3/O
                         net (fo=82, routed)          0.550     1.623    sys_double_clk
    SLICE_X53Y86         FDRE                                         r  linienmodule_deltasigma2_sigma_reg[3]/C
  -------------------------------------------------------------------    -------------------
    SLICE_X53Y86         FDRE (Prop_fdre_C_Q)         0.141     1.764 r  linienmodule_deltasigma2_sigma_reg[3]/Q
                         net (fo=1, routed)           0.158     1.922    linienmodule_deltasigma2_sigma[3]
    SLICE_X53Y86         LUT2 (Prop_lut2_I1_O)        0.045     1.967 r  linienmodule_deltasigma2_sigma[3]_i_2/O
                         net (fo=1, routed)           0.000     1.967    linienmodule_deltasigma2_sigma[3]_i_2_n_0
    SLICE_X53Y86         CARRY4 (Prop_carry4_S[3]_O[3])
                                                      0.063     2.030 r  linienmodule_deltasigma2_sigma_reg[3]_i_1/O[3]
                         net (fo=1, routed)           0.000     2.030    linienmodule_deltasigma2_sigma_reg[3]_i_1_n_4
    SLICE_X53Y86         FDRE                                         r  linienmodule_deltasigma2_sigma_reg[3]/D
  -------------------------------------------------------------------    -------------------

                         (clock clk_1 rise edge)      0.000     0.000 r  
    U18                                               0.000     0.000 r  clk125_p (IN)
                         net (fo=0)                   0.000     0.000    clk125_p
    U18                  IBUFDS (Prop_ibufds_I_O)     0.401     0.401 r  IBUFGDS/O
                         net (fo=1, routed)           0.731     1.132    clk_adci
    BUFGCTRL_X0Y17       BUFG (Prop_bufg_I_O)         0.030     1.162 r  BUFG/O
                         net (fo=1, routed)           0.869     2.031    clk_adcb
    PLLE2_ADV_X1Y0       PLLE2_ADV (Prop_plle2_adv_CLKIN1_CLKOUT1)
                                                     -1.488     0.543 r  PLLE2_BASE/CLKOUT1
                         net (fo=1, routed)           0.592     1.135    clk_1
    BUFGCTRL_X0Y1        BUFG (Prop_bufg_I_O)         0.029     1.164 r  BUFG_3/O
                         net (fo=82, routed)          0.817     1.981    sys_double_clk
    SLICE_X53Y86         FDRE                                         r  linienmodule_deltasigma2_sigma_reg[3]/C
                         clock pessimism             -0.358     1.623    
    SLICE_X53Y86         FDRE (Hold_fdre_C_D)         0.105     1.728    linienmodule_deltasigma2_sigma_reg[3]
  -------------------------------------------------------------------
                         required time                         -1.728    
                         arrival time                           2.030    
  -------------------------------------------------------------------
                         slack                                  0.302    

Slack (MET) :             0.302ns  (arrival time - required time)
  Source:                 linienmodule_deltasigma0_sigma_reg[4]/C
                            (rising edge-triggered cell FDRE clocked by clk_1  {rise@0.000ns fall@2.000ns period=4.000ns})
  Destination:            linienmodule_deltasigma0_sigma_reg[4]/D
                            (rising edge-triggered cell FDRE clocked by clk_1  {rise@0.000ns fall@2.000ns period=4.000ns})
  Path Group:             clk_1
  Path Type:              Hold (Min at Fast Process Corner)
  Requirement:            0.000ns  (clk_1 rise@0.000ns - clk_1 rise@0.000ns)
  Data Path Delay:        0.407ns  (logic 0.249ns (61.164%)  route 0.158ns (38.836%))
  Logic Levels:           2  (CARRY4=1 LUT2=1)
  Clock Path Skew:        0.000ns (DCD - SCD - CPR)
    Destination Clock Delay (DCD):    2.105ns
    Source Clock Delay      (SCD):    1.741ns
    Clock Pessimism Removal (CPR):    0.364ns

    Location             Delay type                Incr(ns)  Path(ns)    Netlist Resource(s)
  -------------------------------------------------------------------    -------------------
                         (clock clk_1 rise edge)      0.000     0.000 r  
    U18                                               0.000     0.000 r  clk125_p (IN)
                         net (fo=0)                   0.000     0.000    clk125_p
    U18                  IBUFDS (Prop_ibufds_I_O)     0.370     0.370 r  IBUFGDS/O
                         net (fo=1, routed)           0.674     1.044    clk_adci
    BUFGCTRL_X0Y17       BUFG (Prop_bufg_I_O)         0.027     1.071 r  BUFG/O
                         net (fo=1, routed)           0.602     1.673    clk_adcb
    PLLE2_ADV_X1Y0       PLLE2_ADV (Prop_plle2_adv_CLKIN1_CLKOUT1)
                                                     -1.169     0.503 r  PLLE2_BASE/CLKOUT1
                         net (fo=1, routed)           0.544     1.047    clk_1
    BUFGCTRL_X0Y1        BUFG (Prop_bufg_I_O)         0.026     1.073 r  BUFG_3/O
                         net (fo=82, routed)          0.668     1.741    sys_double_clk
    SLICE_X83Y102        FDRE                                         r  linienmodule_deltasigma0_sigma_reg[4]/C
  -------------------------------------------------------------------    -------------------
    SLICE_X83Y102        FDRE (Prop_fdre_C_Q)         0.141     1.882 r  linienmodule_deltasigma0_sigma_reg[4]/Q
                         net (fo=1, routed)           0.158     2.040    linienmodule_deltasigma0_sigma[4]
    SLICE_X83Y102        LUT2 (Prop_lut2_I1_O)        0.045     2.085 r  linienmodule_deltasigma0_sigma[4]_i_2/O
                         net (fo=1, routed)           0.000     2.085    linienmodule_deltasigma0_sigma[4]_i_2_n_0
    SLICE_X83Y102        CARRY4 (Prop_carry4_S[3]_O[3])
                                                      0.063     2.148 r  linienmodule_deltasigma0_sigma_reg[4]_i_1/O[3]
                         net (fo=1, routed)           0.000     2.148    linienmodule_deltasigma0_sigma_reg[4]_i_1_n_4
    SLICE_X83Y102        FDRE                                         r  linienmodule_deltasigma0_sigma_reg[4]/D
  -------------------------------------------------------------------    -------------------

                         (clock clk_1 rise edge)      0.000     0.000 r  
    U18                                               0.000     0.000 r  clk125_p (IN)
                         net (fo=0)                   0.000     0.000    clk125_p
    U18                  IBUFDS (Prop_ibufds_I_O)     0.401     0.401 r  IBUFGDS/O
                         net (fo=1, routed)           0.731     1.132    clk_adci
    BUFGCTRL_X0Y17       BUFG (Prop_bufg_I_O)         0.030     1.162 r  BUFG/O
                         net (fo=1, routed)           0.869     2.031    clk_adcb
    PLLE2_ADV_X1Y0       PLLE2_ADV (Prop_plle2_adv_CLKIN1_CLKOUT1)
                                                     -1.488     0.543 r  PLLE2_BASE/CLKOUT1
                         net (fo=1, routed)           0.592     1.135    clk_1
    BUFGCTRL_X0Y1        BUFG (Prop_bufg_I_O)         0.029     1.164 r  BUFG_3/O
                         net (fo=82, routed)          0.941     2.105    sys_double_clk
    SLICE_X83Y102        FDRE                                         r  linienmodule_deltasigma0_sigma_reg[4]/C
                         clock pessimism             -0.364     1.741    
    SLICE_X83Y102        FDRE (Hold_fdre_C_D)         0.105     1.846    linienmodule_deltasigma0_sigma_reg[4]
  -------------------------------------------------------------------
                         required time                         -1.846    
                         arrival time                           2.148    
  -------------------------------------------------------------------
                         slack                                  0.302    

Slack (MET) :             0.302ns  (arrival time - required time)
  Source:                 linienmodule_deltasigma2_sigma_reg[7]/C
                            (rising edge-triggered cell FDRE clocked by clk_1  {rise@0.000ns fall@2.000ns period=4.000ns})
  Destination:            linienmodule_deltasigma2_sigma_reg[7]/D
                            (rising edge-triggered cell FDRE clocked by clk_1  {rise@0.000ns fall@2.000ns period=4.000ns})
  Path Group:             clk_1
  Path Type:              Hold (Min at Fast Process Corner)
  Requirement:            0.000ns  (clk_1 rise@0.000ns - clk_1 rise@0.000ns)
  Data Path Delay:        0.407ns  (logic 0.249ns (61.164%)  route 0.158ns (38.836%))
  Logic Levels:           2  (CARRY4=1 LUT2=1)
  Clock Path Skew:        0.000ns (DCD - SCD - CPR)
    Destination Clock Delay (DCD):    1.982ns
    Source Clock Delay      (SCD):    1.624ns
    Clock Pessimism Removal (CPR):    0.358ns

    Location             Delay type                Incr(ns)  Path(ns)    Netlist Resource(s)
  -------------------------------------------------------------------    -------------------
                         (clock clk_1 rise edge)      0.000     0.000 r  
    U18                                               0.000     0.000 r  clk125_p (IN)
                         net (fo=0)                   0.000     0.000    clk125_p
    U18                  IBUFDS (Prop_ibufds_I_O)     0.370     0.370 r  IBUFGDS/O
                         net (fo=1, routed)           0.674     1.044    clk_adci
    BUFGCTRL_X0Y17       BUFG (Prop_bufg_I_O)         0.027     1.071 r  BUFG/O
                         net (fo=1, routed)           0.602     1.673    clk_adcb
    PLLE2_ADV_X1Y0       PLLE2_ADV (Prop_plle2_adv_CLKIN1_CLKOUT1)
                                                     -1.169     0.503 r  PLLE2_BASE/CLKOUT1
                         net (fo=1, routed)           0.544     1.047    clk_1
    BUFGCTRL_X0Y1        BUFG (Prop_bufg_I_O)         0.026     1.073 r  BUFG_3/O
                         net (fo=82, routed)          0.551     1.624    sys_double_clk
    SLICE_X53Y87         FDRE                                         r  linienmodule_deltasigma2_sigma_reg[7]/C
  -------------------------------------------------------------------    -------------------
    SLICE_X53Y87         FDRE (Prop_fdre_C_Q)         0.141     1.765 r  linienmodule_deltasigma2_sigma_reg[7]/Q
                         net (fo=1, routed)           0.158     1.923    linienmodule_deltasigma2_sigma[7]
    SLICE_X53Y87         LUT2 (Prop_lut2_I1_O)        0.045     1.968 r  linienmodule_deltasigma2_sigma[7]_i_2/O
                         net (fo=1, routed)           0.000     1.968    linienmodule_deltasigma2_sigma[7]_i_2_n_0
    SLICE_X53Y87         CARRY4 (Prop_carry4_S[3]_O[3])
                                                      0.063     2.031 r  linienmodule_deltasigma2_sigma_reg[7]_i_1/O[3]
                         net (fo=1, routed)           0.000     2.031    linienmodule_deltasigma2_sigma_reg[7]_i_1_n_4
    SLICE_X53Y87         FDRE                                         r  linienmodule_deltasigma2_sigma_reg[7]/D
  -------------------------------------------------------------------    -------------------

                         (clock clk_1 rise edge)      0.000     0.000 r  
    U18                                               0.000     0.000 r  clk125_p (IN)
                         net (fo=0)                   0.000     0.000    clk125_p
    U18                  IBUFDS (Prop_ibufds_I_O)     0.401     0.401 r  IBUFGDS/O
                         net (fo=1, routed)           0.731     1.132    clk_adci
    BUFGCTRL_X0Y17       BUFG (Prop_bufg_I_O)         0.030     1.162 r  BUFG/O
                         net (fo=1, routed)           0.869     2.031    clk_adcb
    PLLE2_ADV_X1Y0       PLLE2_ADV (Prop_plle2_adv_CLKIN1_CLKOUT1)
                                                     -1.488     0.543 r  PLLE2_BASE/CLKOUT1
                         net (fo=1, routed)           0.592     1.135    clk_1
    BUFGCTRL_X0Y1        BUFG (Prop_bufg_I_O)         0.029     1.164 r  BUFG_3/O
                         net (fo=82, routed)          0.818     1.982    sys_double_clk
    SLICE_X53Y87         FDRE                                         r  linienmodule_deltasigma2_sigma_reg[7]/C
                         clock pessimism             -0.358     1.624    
    SLICE_X53Y87         FDRE (Hold_fdre_C_D)         0.105     1.729    linienmodule_deltasigma2_sigma_reg[7]
  -------------------------------------------------------------------
                         required time                         -1.729    
                         arrival time                           2.031    
  -------------------------------------------------------------------
                         slack                                  0.302    

Slack (MET) :             0.302ns  (arrival time - required time)
  Source:                 linienmodule_deltasigma0_sigma_reg[12]/C
                            (rising edge-triggered cell FDRE clocked by clk_1  {rise@0.000ns fall@2.000ns period=4.000ns})
  Destination:            linienmodule_deltasigma0_sigma_reg[12]/D
                            (rising edge-triggered cell FDRE clocked by clk_1  {rise@0.000ns fall@2.000ns period=4.000ns})
  Path Group:             clk_1
  Path Type:              Hold (Min at Fast Process Corner)
  Requirement:            0.000ns  (clk_1 rise@0.000ns - clk_1 rise@0.000ns)
  Data Path Delay:        0.407ns  (logic 0.249ns (61.164%)  route 0.158ns (38.836%))
  Logic Levels:           2  (CARRY4=1 LUT2=1)
  Clock Path Skew:        0.000ns (DCD - SCD - CPR)
    Destination Clock Delay (DCD):    2.104ns
    Source Clock Delay      (SCD):    1.740ns
    Clock Pessimism Removal (CPR):    0.364ns

    Location             Delay type                Incr(ns)  Path(ns)    Netlist Resource(s)
  -------------------------------------------------------------------    -------------------
                         (clock clk_1 rise edge)      0.000     0.000 r  
    U18                                               0.000     0.000 r  clk125_p (IN)
                         net (fo=0)                   0.000     0.000    clk125_p
    U18                  IBUFDS (Prop_ibufds_I_O)     0.370     0.370 r  IBUFGDS/O
                         net (fo=1, routed)           0.674     1.044    clk_adci
    BUFGCTRL_X0Y17       BUFG (Prop_bufg_I_O)         0.027     1.071 r  BUFG/O
                         net (fo=1, routed)           0.602     1.673    clk_adcb
    PLLE2_ADV_X1Y0       PLLE2_ADV (Prop_plle2_adv_CLKIN1_CLKOUT1)
                                                     -1.169     0.503 r  PLLE2_BASE/CLKOUT1
                         net (fo=1, routed)           0.544     1.047    clk_1
    BUFGCTRL_X0Y1        BUFG (Prop_bufg_I_O)         0.026     1.073 r  BUFG_3/O
                         net (fo=82, routed)          0.667     1.740    sys_double_clk
    SLICE_X83Y104        FDRE                                         r  linienmodule_deltasigma0_sigma_reg[12]/C
  -------------------------------------------------------------------    -------------------
    SLICE_X83Y104        FDRE (Prop_fdre_C_Q)         0.141     1.881 r  linienmodule_deltasigma0_sigma_reg[12]/Q
                         net (fo=1, routed)           0.158     2.039    linienmodule_deltasigma0_sigma[12]
    SLICE_X83Y104        LUT2 (Prop_lut2_I1_O)        0.045     2.084 r  linienmodule_deltasigma0_sigma[12]_i_2/O
                         net (fo=1, routed)           0.000     2.084    linienmodule_deltasigma0_sigma[12]_i_2_n_0
    SLICE_X83Y104        CARRY4 (Prop_carry4_S[3]_O[3])
                                                      0.063     2.147 r  linienmodule_deltasigma0_sigma_reg[12]_i_1/O[3]
                         net (fo=1, routed)           0.000     2.147    linienmodule_deltasigma0_sigma_reg[12]_i_1_n_4
    SLICE_X83Y104        FDRE                                         r  linienmodule_deltasigma0_sigma_reg[12]/D
  -------------------------------------------------------------------    -------------------

                         (clock clk_1 rise edge)      0.000     0.000 r  
    U18                                               0.000     0.000 r  clk125_p (IN)
                         net (fo=0)                   0.000     0.000    clk125_p
    U18                  IBUFDS (Prop_ibufds_I_O)     0.401     0.401 r  IBUFGDS/O
                         net (fo=1, routed)           0.731     1.132    clk_adci
    BUFGCTRL_X0Y17       BUFG (Prop_bufg_I_O)         0.030     1.162 r  BUFG/O
                         net (fo=1, routed)           0.869     2.031    clk_adcb
    PLLE2_ADV_X1Y0       PLLE2_ADV (Prop_plle2_adv_CLKIN1_CLKOUT1)
                                                     -1.488     0.543 r  PLLE2_BASE/CLKOUT1
                         net (fo=1, routed)           0.592     1.135    clk_1
    BUFGCTRL_X0Y1        BUFG (Prop_bufg_I_O)         0.029     1.164 r  BUFG_3/O
                         net (fo=82, routed)          0.940     2.104    sys_double_clk
    SLICE_X83Y104        FDRE                                         r  linienmodule_deltasigma0_sigma_reg[12]/C
                         clock pessimism             -0.364     1.740    
    SLICE_X83Y104        FDRE (Hold_fdre_C_D)         0.105     1.845    linienmodule_deltasigma0_sigma_reg[12]
  -------------------------------------------------------------------
                         required time                         -1.845    
                         arrival time                           2.147    
  -------------------------------------------------------------------
                         slack                                  0.302    





Pulse Width Checks
--------------------------------------------------------------------------------------
Clock Name:         clk_1
Waveform(ns):       { 0.000 2.000 }
Period(ns):         4.000
Sources:            { PLLE2_BASE/CLKOUT1 }

Check Type        Corner  Lib Pin            Reference Pin  Required(ns)  Actual(ns)  Slack(ns)  Location        Pin
Min Period        n/a     BUFG/I             n/a            2.155         4.000       1.845      BUFGCTRL_X0Y1   BUFG_3/I
Min Period        n/a     ODDR/C             n/a            1.474         4.000       2.526      OLOGIC_X1Y133   ODDR/C
Min Period        n/a     ODDR/C             n/a            1.474         4.000       2.526      OLOGIC_X1Y134   ODDR_1/C
Min Period        n/a     PLLE2_ADV/CLKOUT1  n/a            1.249         4.000       2.751      PLLE2_ADV_X1Y0  PLLE2_BASE/CLKOUT1
Min Period        n/a     FDRE/C             n/a            1.000         4.000       3.000      SLICE_X50Y91    linienmodule_decimate_decimation_counter_reg[0]/C
Min Period        n/a     FDRE/C             n/a            1.000         4.000       3.000      SLICE_X50Y93    linienmodule_decimate_decimation_counter_reg[10]/C
Min Period        n/a     FDRE/C             n/a            1.000         4.000       3.000      SLICE_X50Y93    linienmodule_decimate_decimation_counter_reg[11]/C
Min Period        n/a     FDRE/C             n/a            1.000         4.000       3.000      SLICE_X50Y94    linienmodule_decimate_decimation_counter_reg[12]/C
Min Period        n/a     FDRE/C             n/a            1.000         4.000       3.000      SLICE_X50Y94    linienmodule_decimate_decimation_counter_reg[13]/C
Min Period        n/a     FDRE/C             n/a            1.000         4.000       3.000      SLICE_X50Y94    linienmodule_decimate_decimation_counter_reg[14]/C
Max Period        n/a     PLLE2_ADV/CLKOUT1  n/a            160.000       4.000       156.000    PLLE2_ADV_X1Y0  PLLE2_BASE/CLKOUT1
Low Pulse Width   Slow    FDRE/C             n/a            0.500         2.000       1.500      SLICE_X50Y91    linienmodule_decimate_decimation_counter_reg[0]/C
Low Pulse Width   Fast    FDRE/C             n/a            0.500         2.000       1.500      SLICE_X50Y91    linienmodule_decimate_decimation_counter_reg[0]/C
Low Pulse Width   Slow    FDRE/C             n/a            0.500         2.000       1.500      SLICE_X50Y93    linienmodule_decimate_decimation_counter_reg[10]/C
Low Pulse Width   Fast    FDRE/C             n/a            0.500         2.000       1.500      SLICE_X50Y93    linienmodule_decimate_decimation_counter_reg[10]/C
Low Pulse Width   Slow    FDRE/C             n/a            0.500         2.000       1.500      SLICE_X50Y93    linienmodule_decimate_decimation_counter_reg[11]/C
Low Pulse Width   Fast    FDRE/C             n/a            0.500         2.000       1.500      SLICE_X50Y93    linienmodule_decimate_decimation_counter_reg[11]/C
Low Pulse Width   Slow    FDRE/C             n/a            0.500         2.000       1.500      SLICE_X50Y94    linienmodule_decimate_decimation_counter_reg[12]/C
Low Pulse Width   Fast    FDRE/C             n/a            0.500         2.000       1.500      SLICE_X50Y94    linienmodule_decimate_decimation_counter_reg[12]/C
Low Pulse Width   Slow    FDRE/C             n/a            0.500         2.000       1.500      SLICE_X50Y94    linienmodule_decimate_decimation_counter_reg[13]/C
Low Pulse Width   Fast    FDRE/C             n/a            0.500         2.000       1.500      SLICE_X50Y94    linienmodule_decimate_decimation_counter_reg[13]/C
High Pulse Width  Slow    FDRE/C             n/a            0.500         2.000       1.500      SLICE_X50Y91    linienmodule_decimate_decimation_counter_reg[0]/C
High Pulse Width  Fast    FDRE/C             n/a            0.500         2.000       1.500      SLICE_X50Y91    linienmodule_decimate_decimation_counter_reg[0]/C
High Pulse Width  Slow    FDRE/C             n/a            0.500         2.000       1.500      SLICE_X50Y93    linienmodule_decimate_decimation_counter_reg[10]/C
High Pulse Width  Fast    FDRE/C             n/a            0.500         2.000       1.500      SLICE_X50Y93    linienmodule_decimate_decimation_counter_reg[10]/C
High Pulse Width  Slow    FDRE/C             n/a            0.500         2.000       1.500      SLICE_X50Y93    linienmodule_decimate_decimation_counter_reg[11]/C
High Pulse Width  Fast    FDRE/C             n/a            0.500         2.000       1.500      SLICE_X50Y93    linienmodule_decimate_decimation_counter_reg[11]/C
High Pulse Width  Slow    FDRE/C             n/a            0.500         2.000       1.500      SLICE_X50Y94    linienmodule_decimate_decimation_counter_reg[12]/C
High Pulse Width  Fast    FDRE/C             n/a            0.500         2.000       1.500      SLICE_X50Y94    linienmodule_decimate_decimation_counter_reg[12]/C
High Pulse Width  Slow    FDRE/C             n/a            0.500         2.000       1.500      SLICE_X50Y94    linienmodule_decimate_decimation_counter_reg[13]/C
High Pulse Width  Fast    FDRE/C             n/a            0.500         2.000       1.500      SLICE_X50Y94    linienmodule_decimate_decimation_counter_reg[13]/C



---------------------------------------------------------------------------------------------------
From Clock:  clk_2
  To Clock:  clk_2

Setup :         6264  Failing Endpoints,  Worst Slack       -5.681ns,  Total Violation    -9212.903ns
Hold  :            0  Failing Endpoints,  Worst Slack        0.050ns,  Total Violation        0.000ns
PW    :            0  Failing Endpoints,  Worst Slack        3.500ns,  Total Violation        0.000ns
---------------------------------------------------------------------------------------------------


Max Delay Paths
--------------------------------------------------------------------------------------
Slack (VIOLATED) :        -5.681ns  (required time - arrival time)
  Source:                 linienmodule_pid_only_mode_storage_full_reg/C
                            (rising edge-triggered cell FDRE clocked by clk_2  {rise@0.000ns fall@4.000ns period=8.000ns})
  Destination:            linienmodule_pid_int_reg_reg[8]/D
                            (rising edge-triggered cell FDRE clocked by clk_2  {rise@0.000ns fall@4.000ns period=8.000ns})
  Path Group:             clk_2
  Path Type:              Setup (Max at Slow Process Corner)
  Requirement:            8.000ns  (clk_2 rise@8.000ns - clk_2 rise@0.000ns)
  Data Path Delay:        13.574ns  (logic 8.997ns (66.281%)  route 4.577ns (33.719%))
  Logic Levels:           25  (CARRY4=19 DSP48E1=1 LUT2=3 LUT3=2)
  Clock Path Skew:        -0.069ns (DCD - SCD + CPR)
    Destination Clock Delay (DCD):    4.606ns = ( 12.606 - 8.000 ) 
    Source Clock Delay      (SCD):    5.041ns
    Clock Pessimism Removal (CPR):    0.366ns
  Clock Uncertainty:      0.069ns  ((TSJ^2 + DJ^2)^1/2) / 2 + PE
    Total System Jitter     (TSJ):    0.071ns
    Discrete Jitter          (DJ):    0.118ns
    Phase Error              (PE):    0.000ns

    Location             Delay type                Incr(ns)  Path(ns)    Netlist Resource(s)
  -------------------------------------------------------------------    -------------------
                         (clock clk_2 rise edge)      0.000     0.000 r  
    U18                                               0.000     0.000 r  clk125_p (IN)
                         net (fo=0)                   0.000     0.000    clk125_p
    U18                  IBUFDS (Prop_ibufds_I_O)     0.951     0.951 r  IBUFGDS/O
                         net (fo=1, routed)           2.205     3.156    clk_adci
    BUFGCTRL_X0Y17       BUFG (Prop_bufg_I_O)         0.102     3.258 r  BUFG/O
                         net (fo=1, routed)           1.831     5.089    clk_adcb
    PLLE2_ADV_X1Y0       PLLE2_ADV (Prop_plle2_adv_CLKIN1_CLKOUT2)
                                                     -3.812     1.277 r  PLLE2_BASE/CLKOUT2
                         net (fo=1, routed)           1.883     3.160    clk_2
    BUFGCTRL_X0Y0        BUFG (Prop_bufg_I_O)         0.101     3.261 r  BUFG_4/O
                         net (fo=11300, routed)       1.780     5.041    sys_clk
    SLICE_X96Y65         FDRE                                         r  linienmodule_pid_only_mode_storage_full_reg/C
  -------------------------------------------------------------------    -------------------
    SLICE_X96Y65         FDRE (Prop_fdre_C_Q)         0.518     5.559 r  linienmodule_pid_only_mode_storage_full_reg/Q
                         net (fo=26, routed)          0.748     6.307    linienmodule_pid_only_mode_storage
    SLICE_X97Y64         LUT3 (Prop_lut3_I0_O)        0.124     6.431 r  p_1_out_i_83/O
                         net (fo=1, routed)           0.000     6.431    p_1_out_i_83_n_0
    SLICE_X97Y64         CARRY4 (Prop_carry4_S[0]_CO[3])
                                                      0.532     6.963 r  p_1_out_i_33/CO[3]
                         net (fo=1, routed)           0.000     6.963    p_1_out_i_33_n_0
    SLICE_X97Y65         CARRY4 (Prop_carry4_CI_CO[3])
                                                      0.114     7.077 r  p_1_out_i_32/CO[3]
                         net (fo=1, routed)           0.000     7.077    p_1_out_i_32_n_0
    SLICE_X97Y66         CARRY4 (Prop_carry4_CI_CO[3])
                                                      0.114     7.191 r  p_1_out_i_31/CO[3]
                         net (fo=1, routed)           0.000     7.191    p_1_out_i_31_n_0
    SLICE_X97Y67         CARRY4 (Prop_carry4_CI_CO[3])
                                                      0.114     7.305 r  p_1_out_i_30/CO[3]
                         net (fo=1, routed)           0.000     7.305    p_1_out_i_30_n_0
    SLICE_X97Y68         CARRY4 (Prop_carry4_CI_CO[3])
                                                      0.114     7.419 r  p_1_out_i_29/CO[3]
                         net (fo=1, routed)           0.000     7.419    p_1_out_i_29_n_0
    SLICE_X97Y69         CARRY4 (Prop_carry4_CI_CO[3])
                                                      0.114     7.533 r  p_1_out_i_28/CO[3]
                         net (fo=1, routed)           0.000     7.533    p_1_out_i_28_n_0
    SLICE_X97Y70         CARRY4 (Prop_carry4_CI_O[1])
                                                      0.334     7.867 r  p_1_out_i_27/O[1]
                         net (fo=1, routed)           0.410     8.278    p_1_out_i_27_n_6
    SLICE_X101Y70        LUT2 (Prop_lut2_I1_O)        0.303     8.581 r  p_1_out_i_1/O
                         net (fo=18, routed)          0.832     9.412    linienmodule_pid_error[25]
    DSP48_X3Y26          DSP48E1 (Prop_dsp48e1_A[26]_P[4])
                                                      3.841    13.253 r  p_1_out/P[4]
                         net (fo=2, routed)           0.794    14.047    p_1_out_n_101
    SLICE_X94Y65         LUT2 (Prop_lut2_I0_O)        0.124    14.171 r  linienmodule_pid_int_reg[3]_i_5/O
                         net (fo=1, routed)           0.000    14.171    linienmodule_pid_int_reg[3]_i_5_n_0
    SLICE_X94Y65         CARRY4 (Prop_carry4_S[1]_CO[3])
                                                      0.533    14.704 r  linienmodule_pid_int_reg_reg[3]_i_2/CO[3]
                         net (fo=1, routed)           0.000    14.704    linienmodule_pid_int_reg_reg[3]_i_2_n_0
    SLICE_X94Y66         CARRY4 (Prop_carry4_CI_CO[3])
                                                      0.117    14.821 r  linienmodule_pid_int_reg_reg[7]_i_2/CO[3]
                         net (fo=1, routed)           0.000    14.821    linienmodule_pid_int_reg_reg[7]_i_2_n_0
    SLICE_X94Y67         CARRY4 (Prop_carry4_CI_CO[3])
                                                      0.117    14.938 r  linienmodule_pid_int_reg_reg[11]_i_2/CO[3]
                         net (fo=1, routed)           0.000    14.938    linienmodule_pid_int_reg_reg[11]_i_2_n_0
    SLICE_X94Y68         CARRY4 (Prop_carry4_CI_CO[3])
                                                      0.117    15.055 r  linienmodule_pid_int_reg_reg[15]_i_2/CO[3]
                         net (fo=1, routed)           0.000    15.055    linienmodule_pid_int_reg_reg[15]_i_2_n_0
    SLICE_X94Y69         CARRY4 (Prop_carry4_CI_CO[3])
                                                      0.117    15.172 r  linienmodule_pid_int_reg_reg[17]_i_2/CO[3]
                         net (fo=1, routed)           0.000    15.172    linienmodule_pid_int_reg_reg[17]_i_2_n_0
    SLICE_X94Y70         CARRY4 (Prop_carry4_CI_CO[3])
                                                      0.117    15.289 r  linienmodule_pid_int_reg_reg[23]_i_2/CO[3]
                         net (fo=1, routed)           0.000    15.289    linienmodule_pid_int_reg_reg[23]_i_2_n_0
    SLICE_X94Y71         CARRY4 (Prop_carry4_CI_CO[3])
                                                      0.117    15.406 r  linienmodule_pid_int_reg_reg[27]_i_2/CO[3]
                         net (fo=1, routed)           0.000    15.406    linienmodule_pid_int_reg_reg[27]_i_2_n_0
    SLICE_X94Y72         CARRY4 (Prop_carry4_CI_CO[3])
                                                      0.117    15.523 r  linienmodule_pid_int_reg_reg[31]_i_2/CO[3]
                         net (fo=1, routed)           0.000    15.523    linienmodule_pid_int_reg_reg[31]_i_2_n_0
    SLICE_X94Y73         CARRY4 (Prop_carry4_CI_CO[3])
                                                      0.117    15.640 r  linienmodule_pid_int_reg_reg[35]_i_2/CO[3]
                         net (fo=1, routed)           0.000    15.640    linienmodule_pid_int_reg_reg[35]_i_2_n_0
    SLICE_X94Y74         CARRY4 (Prop_carry4_CI_CO[3])
                                                      0.117    15.757 r  linienmodule_pid_int_reg_reg[39]_i_2/CO[3]
                         net (fo=1, routed)           0.009    15.766    linienmodule_pid_int_reg_reg[39]_i_2_n_0
    SLICE_X94Y75         CARRY4 (Prop_carry4_CI_CO[3])
                                                      0.117    15.883 f  linienmodule_pid_int_reg_reg[42]_i_5/CO[3]
                         net (fo=4, routed)           1.088    16.971    linienmodule_pid_int_reg_reg[42]_i_5_n_0
    SLICE_X96Y73         LUT2 (Prop_lut2_I1_O)        0.124    17.095 r  linienmodule_pid_int_reg[42]_i_16/O
                         net (fo=1, routed)           0.000    17.095    linienmodule_pid_int_reg[42]_i_16_n_0
    SLICE_X96Y73         CARRY4 (Prop_carry4_S[1]_CO[1])
                                                      0.492    17.587 r  linienmodule_pid_int_reg_reg[42]_i_6/CO[1]
                         net (fo=43, routed)          0.697    18.284    linienmodule_pid_int_reg_reg[42]_i_6_n_2
    SLICE_X101Y72        LUT3 (Prop_lut3_I2_O)        0.332    18.616 r  linienmodule_pid_int_reg[8]_i_1/O
                         net (fo=1, routed)           0.000    18.616    linienmodule_pid_int_reg[8]_i_1_n_0
    SLICE_X101Y72        FDRE                                         r  linienmodule_pid_int_reg_reg[8]/D
  -------------------------------------------------------------------    -------------------

                         (clock clk_2 rise edge)      8.000     8.000 r  
    U18                                               0.000     8.000 r  clk125_p (IN)
                         net (fo=0)                   0.000     8.000    clk125_p
    U18                  IBUFDS (Prop_ibufds_I_O)     0.909     8.909 r  IBUFGDS/O
                         net (fo=1, routed)           2.006    10.915    clk_adci
    BUFGCTRL_X0Y17       BUFG (Prop_bufg_I_O)         0.092    11.007 r  BUFG/O
                         net (fo=1, routed)           1.634    12.641    clk_adcb
    PLLE2_ADV_X1Y0       PLLE2_ADV (Prop_plle2_adv_CLKIN1_CLKOUT2)
                                                     -3.442     9.199 r  PLLE2_BASE/CLKOUT2
                         net (fo=1, routed)           1.720    10.919    clk_2
    BUFGCTRL_X0Y0        BUFG (Prop_bufg_I_O)         0.091    11.010 r  BUFG_4/O
                         net (fo=11300, routed)       1.597    12.606    sys_clk
    SLICE_X101Y72        FDRE                                         r  linienmodule_pid_int_reg_reg[8]/C
                         clock pessimism              0.366    12.972    
                         clock uncertainty           -0.069    12.903    
    SLICE_X101Y72        FDRE (Setup_fdre_C_D)        0.031    12.934    linienmodule_pid_int_reg_reg[8]
  -------------------------------------------------------------------
                         required time                         12.934    
                         arrival time                         -18.616    
  -------------------------------------------------------------------
                         slack                                 -5.681    

Slack (VIOLATED) :        -5.675ns  (required time - arrival time)
  Source:                 linienmodule_pid_only_mode_storage_full_reg/C
                            (rising edge-triggered cell FDRE clocked by clk_2  {rise@0.000ns fall@4.000ns period=8.000ns})
  Destination:            linienmodule_pid_int_reg_reg[18]/D
                            (rising edge-triggered cell FDRE clocked by clk_2  {rise@0.000ns fall@4.000ns period=8.000ns})
  Path Group:             clk_2
  Path Type:              Setup (Max at Slow Process Corner)
  Requirement:            8.000ns  (clk_2 rise@8.000ns - clk_2 rise@0.000ns)
  Data Path Delay:        13.613ns  (logic 8.997ns (66.091%)  route 4.616ns (33.909%))
  Logic Levels:           25  (CARRY4=19 DSP48E1=1 LUT2=3 LUT3=2)
  Clock Path Skew:        -0.072ns (DCD - SCD + CPR)
    Destination Clock Delay (DCD):    4.603ns = ( 12.603 - 8.000 ) 
    Source Clock Delay      (SCD):    5.041ns
    Clock Pessimism Removal (CPR):    0.366ns
  Clock Uncertainty:      0.069ns  ((TSJ^2 + DJ^2)^1/2) / 2 + PE
    Total System Jitter     (TSJ):    0.071ns
    Discrete Jitter          (DJ):    0.118ns
    Phase Error              (PE):    0.000ns

    Location             Delay type                Incr(ns)  Path(ns)    Netlist Resource(s)
  -------------------------------------------------------------------    -------------------
                         (clock clk_2 rise edge)      0.000     0.000 r  
    U18                                               0.000     0.000 r  clk125_p (IN)
                         net (fo=0)                   0.000     0.000    clk125_p
    U18                  IBUFDS (Prop_ibufds_I_O)     0.951     0.951 r  IBUFGDS/O
                         net (fo=1, routed)           2.205     3.156    clk_adci
    BUFGCTRL_X0Y17       BUFG (Prop_bufg_I_O)         0.102     3.258 r  BUFG/O
                         net (fo=1, routed)           1.831     5.089    clk_adcb
    PLLE2_ADV_X1Y0       PLLE2_ADV (Prop_plle2_adv_CLKIN1_CLKOUT2)
                                                     -3.812     1.277 r  PLLE2_BASE/CLKOUT2
                         net (fo=1, routed)           1.883     3.160    clk_2
    BUFGCTRL_X0Y0        BUFG (Prop_bufg_I_O)         0.101     3.261 r  BUFG_4/O
                         net (fo=11300, routed)       1.780     5.041    sys_clk
    SLICE_X96Y65         FDRE                                         r  linienmodule_pid_only_mode_storage_full_reg/C
  -------------------------------------------------------------------    -------------------
    SLICE_X96Y65         FDRE (Prop_fdre_C_Q)         0.518     5.559 r  linienmodule_pid_only_mode_storage_full_reg/Q
                         net (fo=26, routed)          0.748     6.307    linienmodule_pid_only_mode_storage
    SLICE_X97Y64         LUT3 (Prop_lut3_I0_O)        0.124     6.431 r  p_1_out_i_83/O
                         net (fo=1, routed)           0.000     6.431    p_1_out_i_83_n_0
    SLICE_X97Y64         CARRY4 (Prop_carry4_S[0]_CO[3])
                                                      0.532     6.963 r  p_1_out_i_33/CO[3]
                         net (fo=1, routed)           0.000     6.963    p_1_out_i_33_n_0
    SLICE_X97Y65         CARRY4 (Prop_carry4_CI_CO[3])
                                                      0.114     7.077 r  p_1_out_i_32/CO[3]
                         net (fo=1, routed)           0.000     7.077    p_1_out_i_32_n_0
    SLICE_X97Y66         CARRY4 (Prop_carry4_CI_CO[3])
                                                      0.114     7.191 r  p_1_out_i_31/CO[3]
                         net (fo=1, routed)           0.000     7.191    p_1_out_i_31_n_0
    SLICE_X97Y67         CARRY4 (Prop_carry4_CI_CO[3])
                                                      0.114     7.305 r  p_1_out_i_30/CO[3]
                         net (fo=1, routed)           0.000     7.305    p_1_out_i_30_n_0
    SLICE_X97Y68         CARRY4 (Prop_carry4_CI_CO[3])
                                                      0.114     7.419 r  p_1_out_i_29/CO[3]
                         net (fo=1, routed)           0.000     7.419    p_1_out_i_29_n_0
    SLICE_X97Y69         CARRY4 (Prop_carry4_CI_CO[3])
                                                      0.114     7.533 r  p_1_out_i_28/CO[3]
                         net (fo=1, routed)           0.000     7.533    p_1_out_i_28_n_0
    SLICE_X97Y70         CARRY4 (Prop_carry4_CI_O[1])
                                                      0.334     7.867 r  p_1_out_i_27/O[1]
                         net (fo=1, routed)           0.410     8.278    p_1_out_i_27_n_6
    SLICE_X101Y70        LUT2 (Prop_lut2_I1_O)        0.303     8.581 r  p_1_out_i_1/O
                         net (fo=18, routed)          0.832     9.412    linienmodule_pid_error[25]
    DSP48_X3Y26          DSP48E1 (Prop_dsp48e1_A[26]_P[4])
                                                      3.841    13.253 r  p_1_out/P[4]
                         net (fo=2, routed)           0.794    14.047    p_1_out_n_101
    SLICE_X94Y65         LUT2 (Prop_lut2_I0_O)        0.124    14.171 r  linienmodule_pid_int_reg[3]_i_5/O
                         net (fo=1, routed)           0.000    14.171    linienmodule_pid_int_reg[3]_i_5_n_0
    SLICE_X94Y65         CARRY4 (Prop_carry4_S[1]_CO[3])
                                                      0.533    14.704 r  linienmodule_pid_int_reg_reg[3]_i_2/CO[3]
                         net (fo=1, routed)           0.000    14.704    linienmodule_pid_int_reg_reg[3]_i_2_n_0
    SLICE_X94Y66         CARRY4 (Prop_carry4_CI_CO[3])
                                                      0.117    14.821 r  linienmodule_pid_int_reg_reg[7]_i_2/CO[3]
                         net (fo=1, routed)           0.000    14.821    linienmodule_pid_int_reg_reg[7]_i_2_n_0
    SLICE_X94Y67         CARRY4 (Prop_carry4_CI_CO[3])
                                                      0.117    14.938 r  linienmodule_pid_int_reg_reg[11]_i_2/CO[3]
                         net (fo=1, routed)           0.000    14.938    linienmodule_pid_int_reg_reg[11]_i_2_n_0
    SLICE_X94Y68         CARRY4 (Prop_carry4_CI_CO[3])
                                                      0.117    15.055 r  linienmodule_pid_int_reg_reg[15]_i_2/CO[3]
                         net (fo=1, routed)           0.000    15.055    linienmodule_pid_int_reg_reg[15]_i_2_n_0
    SLICE_X94Y69         CARRY4 (Prop_carry4_CI_CO[3])
                                                      0.117    15.172 r  linienmodule_pid_int_reg_reg[17]_i_2/CO[3]
                         net (fo=1, routed)           0.000    15.172    linienmodule_pid_int_reg_reg[17]_i_2_n_0
    SLICE_X94Y70         CARRY4 (Prop_carry4_CI_CO[3])
                                                      0.117    15.289 r  linienmodule_pid_int_reg_reg[23]_i_2/CO[3]
                         net (fo=1, routed)           0.000    15.289    linienmodule_pid_int_reg_reg[23]_i_2_n_0
    SLICE_X94Y71         CARRY4 (Prop_carry4_CI_CO[3])
                                                      0.117    15.406 r  linienmodule_pid_int_reg_reg[27]_i_2/CO[3]
                         net (fo=1, routed)           0.000    15.406    linienmodule_pid_int_reg_reg[27]_i_2_n_0
    SLICE_X94Y72         CARRY4 (Prop_carry4_CI_CO[3])
                                                      0.117    15.523 r  linienmodule_pid_int_reg_reg[31]_i_2/CO[3]
                         net (fo=1, routed)           0.000    15.523    linienmodule_pid_int_reg_reg[31]_i_2_n_0
    SLICE_X94Y73         CARRY4 (Prop_carry4_CI_CO[3])
                                                      0.117    15.640 r  linienmodule_pid_int_reg_reg[35]_i_2/CO[3]
                         net (fo=1, routed)           0.000    15.640    linienmodule_pid_int_reg_reg[35]_i_2_n_0
    SLICE_X94Y74         CARRY4 (Prop_carry4_CI_CO[3])
                                                      0.117    15.757 r  linienmodule_pid_int_reg_reg[39]_i_2/CO[3]
                         net (fo=1, routed)           0.009    15.766    linienmodule_pid_int_reg_reg[39]_i_2_n_0
    SLICE_X94Y75         CARRY4 (Prop_carry4_CI_CO[3])
                                                      0.117    15.883 f  linienmodule_pid_int_reg_reg[42]_i_5/CO[3]
                         net (fo=4, routed)           1.088    16.971    linienmodule_pid_int_reg_reg[42]_i_5_n_0
    SLICE_X96Y73         LUT2 (Prop_lut2_I1_O)        0.124    17.095 r  linienmodule_pid_int_reg[42]_i_16/O
                         net (fo=1, routed)           0.000    17.095    linienmodule_pid_int_reg[42]_i_16_n_0
    SLICE_X96Y73         CARRY4 (Prop_carry4_S[1]_CO[1])
                                                      0.492    17.587 f  linienmodule_pid_int_reg_reg[42]_i_6/CO[1]
                         net (fo=43, routed)          0.736    18.322    linienmodule_pid_int_reg_reg[42]_i_6_n_2
    SLICE_X100Y74        LUT3 (Prop_lut3_I1_O)        0.332    18.654 r  linienmodule_pid_int_reg[18]_i_1/O
                         net (fo=1, routed)           0.000    18.654    linienmodule_pid_int_reg[18]_i_1_n_0
    SLICE_X100Y74        FDRE                                         r  linienmodule_pid_int_reg_reg[18]/D
  -------------------------------------------------------------------    -------------------

                         (clock clk_2 rise edge)      8.000     8.000 r  
    U18                                               0.000     8.000 r  clk125_p (IN)
                         net (fo=0)                   0.000     8.000    clk125_p
    U18                  IBUFDS (Prop_ibufds_I_O)     0.909     8.909 r  IBUFGDS/O
                         net (fo=1, routed)           2.006    10.915    clk_adci
    BUFGCTRL_X0Y17       BUFG (Prop_bufg_I_O)         0.092    11.007 r  BUFG/O
                         net (fo=1, routed)           1.634    12.641    clk_adcb
    PLLE2_ADV_X1Y0       PLLE2_ADV (Prop_plle2_adv_CLKIN1_CLKOUT2)
                                                     -3.442     9.199 r  PLLE2_BASE/CLKOUT2
                         net (fo=1, routed)           1.720    10.919    clk_2
    BUFGCTRL_X0Y0        BUFG (Prop_bufg_I_O)         0.091    11.010 r  BUFG_4/O
                         net (fo=11300, routed)       1.594    12.603    sys_clk
    SLICE_X100Y74        FDRE                                         r  linienmodule_pid_int_reg_reg[18]/C
                         clock pessimism              0.366    12.969    
                         clock uncertainty           -0.069    12.900    
    SLICE_X100Y74        FDRE (Setup_fdre_C_D)        0.079    12.979    linienmodule_pid_int_reg_reg[18]
  -------------------------------------------------------------------
                         required time                         12.979    
                         arrival time                         -18.654    
  -------------------------------------------------------------------
                         slack                                 -5.675    

Slack (VIOLATED) :        -5.671ns  (required time - arrival time)
  Source:                 linienmodule_pid_only_mode_storage_full_reg/C
                            (rising edge-triggered cell FDRE clocked by clk_2  {rise@0.000ns fall@4.000ns period=8.000ns})
  Destination:            linienmodule_pid_int_reg_reg[35]/D
                            (rising edge-triggered cell FDRE clocked by clk_2  {rise@0.000ns fall@4.000ns period=8.000ns})
  Path Group:             clk_2
  Path Type:              Setup (Max at Slow Process Corner)
  Requirement:            8.000ns  (clk_2 rise@8.000ns - clk_2 rise@0.000ns)
  Data Path Delay:        13.609ns  (logic 8.997ns (66.111%)  route 4.612ns (33.889%))
  Logic Levels:           25  (CARRY4=19 DSP48E1=1 LUT2=3 LUT3=2)
  Clock Path Skew:        -0.072ns (DCD - SCD + CPR)
    Destination Clock Delay (DCD):    4.603ns = ( 12.603 - 8.000 ) 
    Source Clock Delay      (SCD):    5.041ns
    Clock Pessimism Removal (CPR):    0.366ns
  Clock Uncertainty:      0.069ns  ((TSJ^2 + DJ^2)^1/2) / 2 + PE
    Total System Jitter     (TSJ):    0.071ns
    Discrete Jitter          (DJ):    0.118ns
    Phase Error              (PE):    0.000ns

    Location             Delay type                Incr(ns)  Path(ns)    Netlist Resource(s)
  -------------------------------------------------------------------    -------------------
                         (clock clk_2 rise edge)      0.000     0.000 r  
    U18                                               0.000     0.000 r  clk125_p (IN)
                         net (fo=0)                   0.000     0.000    clk125_p
    U18                  IBUFDS (Prop_ibufds_I_O)     0.951     0.951 r  IBUFGDS/O
                         net (fo=1, routed)           2.205     3.156    clk_adci
    BUFGCTRL_X0Y17       BUFG (Prop_bufg_I_O)         0.102     3.258 r  BUFG/O
                         net (fo=1, routed)           1.831     5.089    clk_adcb
    PLLE2_ADV_X1Y0       PLLE2_ADV (Prop_plle2_adv_CLKIN1_CLKOUT2)
                                                     -3.812     1.277 r  PLLE2_BASE/CLKOUT2
                         net (fo=1, routed)           1.883     3.160    clk_2
    BUFGCTRL_X0Y0        BUFG (Prop_bufg_I_O)         0.101     3.261 r  BUFG_4/O
                         net (fo=11300, routed)       1.780     5.041    sys_clk
    SLICE_X96Y65         FDRE                                         r  linienmodule_pid_only_mode_storage_full_reg/C
  -------------------------------------------------------------------    -------------------
    SLICE_X96Y65         FDRE (Prop_fdre_C_Q)         0.518     5.559 r  linienmodule_pid_only_mode_storage_full_reg/Q
                         net (fo=26, routed)          0.748     6.307    linienmodule_pid_only_mode_storage
    SLICE_X97Y64         LUT3 (Prop_lut3_I0_O)        0.124     6.431 r  p_1_out_i_83/O
                         net (fo=1, routed)           0.000     6.431    p_1_out_i_83_n_0
    SLICE_X97Y64         CARRY4 (Prop_carry4_S[0]_CO[3])
                                                      0.532     6.963 r  p_1_out_i_33/CO[3]
                         net (fo=1, routed)           0.000     6.963    p_1_out_i_33_n_0
    SLICE_X97Y65         CARRY4 (Prop_carry4_CI_CO[3])
                                                      0.114     7.077 r  p_1_out_i_32/CO[3]
                         net (fo=1, routed)           0.000     7.077    p_1_out_i_32_n_0
    SLICE_X97Y66         CARRY4 (Prop_carry4_CI_CO[3])
                                                      0.114     7.191 r  p_1_out_i_31/CO[3]
                         net (fo=1, routed)           0.000     7.191    p_1_out_i_31_n_0
    SLICE_X97Y67         CARRY4 (Prop_carry4_CI_CO[3])
                                                      0.114     7.305 r  p_1_out_i_30/CO[3]
                         net (fo=1, routed)           0.000     7.305    p_1_out_i_30_n_0
    SLICE_X97Y68         CARRY4 (Prop_carry4_CI_CO[3])
                                                      0.114     7.419 r  p_1_out_i_29/CO[3]
                         net (fo=1, routed)           0.000     7.419    p_1_out_i_29_n_0
    SLICE_X97Y69         CARRY4 (Prop_carry4_CI_CO[3])
                                                      0.114     7.533 r  p_1_out_i_28/CO[3]
                         net (fo=1, routed)           0.000     7.533    p_1_out_i_28_n_0
    SLICE_X97Y70         CARRY4 (Prop_carry4_CI_O[1])
                                                      0.334     7.867 r  p_1_out_i_27/O[1]
                         net (fo=1, routed)           0.410     8.278    p_1_out_i_27_n_6
    SLICE_X101Y70        LUT2 (Prop_lut2_I1_O)        0.303     8.581 r  p_1_out_i_1/O
                         net (fo=18, routed)          0.832     9.412    linienmodule_pid_error[25]
    DSP48_X3Y26          DSP48E1 (Prop_dsp48e1_A[26]_P[4])
                                                      3.841    13.253 r  p_1_out/P[4]
                         net (fo=2, routed)           0.794    14.047    p_1_out_n_101
    SLICE_X94Y65         LUT2 (Prop_lut2_I0_O)        0.124    14.171 r  linienmodule_pid_int_reg[3]_i_5/O
                         net (fo=1, routed)           0.000    14.171    linienmodule_pid_int_reg[3]_i_5_n_0
    SLICE_X94Y65         CARRY4 (Prop_carry4_S[1]_CO[3])
                                                      0.533    14.704 r  linienmodule_pid_int_reg_reg[3]_i_2/CO[3]
                         net (fo=1, routed)           0.000    14.704    linienmodule_pid_int_reg_reg[3]_i_2_n_0
    SLICE_X94Y66         CARRY4 (Prop_carry4_CI_CO[3])
                                                      0.117    14.821 r  linienmodule_pid_int_reg_reg[7]_i_2/CO[3]
                         net (fo=1, routed)           0.000    14.821    linienmodule_pid_int_reg_reg[7]_i_2_n_0
    SLICE_X94Y67         CARRY4 (Prop_carry4_CI_CO[3])
                                                      0.117    14.938 r  linienmodule_pid_int_reg_reg[11]_i_2/CO[3]
                         net (fo=1, routed)           0.000    14.938    linienmodule_pid_int_reg_reg[11]_i_2_n_0
    SLICE_X94Y68         CARRY4 (Prop_carry4_CI_CO[3])
                                                      0.117    15.055 r  linienmodule_pid_int_reg_reg[15]_i_2/CO[3]
                         net (fo=1, routed)           0.000    15.055    linienmodule_pid_int_reg_reg[15]_i_2_n_0
    SLICE_X94Y69         CARRY4 (Prop_carry4_CI_CO[3])
                                                      0.117    15.172 r  linienmodule_pid_int_reg_reg[17]_i_2/CO[3]
                         net (fo=1, routed)           0.000    15.172    linienmodule_pid_int_reg_reg[17]_i_2_n_0
    SLICE_X94Y70         CARRY4 (Prop_carry4_CI_CO[3])
                                                      0.117    15.289 r  linienmodule_pid_int_reg_reg[23]_i_2/CO[3]
                         net (fo=1, routed)           0.000    15.289    linienmodule_pid_int_reg_reg[23]_i_2_n_0
    SLICE_X94Y71         CARRY4 (Prop_carry4_CI_CO[3])
                                                      0.117    15.406 r  linienmodule_pid_int_reg_reg[27]_i_2/CO[3]
                         net (fo=1, routed)           0.000    15.406    linienmodule_pid_int_reg_reg[27]_i_2_n_0
    SLICE_X94Y72         CARRY4 (Prop_carry4_CI_CO[3])
                                                      0.117    15.523 r  linienmodule_pid_int_reg_reg[31]_i_2/CO[3]
                         net (fo=1, routed)           0.000    15.523    linienmodule_pid_int_reg_reg[31]_i_2_n_0
    SLICE_X94Y73         CARRY4 (Prop_carry4_CI_CO[3])
                                                      0.117    15.640 r  linienmodule_pid_int_reg_reg[35]_i_2/CO[3]
                         net (fo=1, routed)           0.000    15.640    linienmodule_pid_int_reg_reg[35]_i_2_n_0
    SLICE_X94Y74         CARRY4 (Prop_carry4_CI_CO[3])
                                                      0.117    15.757 r  linienmodule_pid_int_reg_reg[39]_i_2/CO[3]
                         net (fo=1, routed)           0.009    15.766    linienmodule_pid_int_reg_reg[39]_i_2_n_0
    SLICE_X94Y75         CARRY4 (Prop_carry4_CI_CO[3])
                                                      0.117    15.883 f  linienmodule_pid_int_reg_reg[42]_i_5/CO[3]
                         net (fo=4, routed)           1.088    16.971    linienmodule_pid_int_reg_reg[42]_i_5_n_0
    SLICE_X96Y73         LUT2 (Prop_lut2_I1_O)        0.124    17.095 r  linienmodule_pid_int_reg[42]_i_16/O
                         net (fo=1, routed)           0.000    17.095    linienmodule_pid_int_reg[42]_i_16_n_0
    SLICE_X96Y73         CARRY4 (Prop_carry4_S[1]_CO[1])
                                                      0.492    17.587 f  linienmodule_pid_int_reg_reg[42]_i_6/CO[1]
                         net (fo=43, routed)          0.732    18.318    linienmodule_pid_int_reg_reg[42]_i_6_n_2
    SLICE_X100Y74        LUT3 (Prop_lut3_I1_O)        0.332    18.650 r  linienmodule_pid_int_reg[35]_i_1/O
                         net (fo=1, routed)           0.000    18.650    linienmodule_pid_int_reg[35]_i_1_n_0
    SLICE_X100Y74        FDRE                                         r  linienmodule_pid_int_reg_reg[35]/D
  -------------------------------------------------------------------    -------------------

                         (clock clk_2 rise edge)      8.000     8.000 r  
    U18                                               0.000     8.000 r  clk125_p (IN)
                         net (fo=0)                   0.000     8.000    clk125_p
    U18                  IBUFDS (Prop_ibufds_I_O)     0.909     8.909 r  IBUFGDS/O
                         net (fo=1, routed)           2.006    10.915    clk_adci
    BUFGCTRL_X0Y17       BUFG (Prop_bufg_I_O)         0.092    11.007 r  BUFG/O
                         net (fo=1, routed)           1.634    12.641    clk_adcb
    PLLE2_ADV_X1Y0       PLLE2_ADV (Prop_plle2_adv_CLKIN1_CLKOUT2)
                                                     -3.442     9.199 r  PLLE2_BASE/CLKOUT2
                         net (fo=1, routed)           1.720    10.919    clk_2
    BUFGCTRL_X0Y0        BUFG (Prop_bufg_I_O)         0.091    11.010 r  BUFG_4/O
                         net (fo=11300, routed)       1.594    12.603    sys_clk
    SLICE_X100Y74        FDRE                                         r  linienmodule_pid_int_reg_reg[35]/C
                         clock pessimism              0.366    12.969    
                         clock uncertainty           -0.069    12.900    
    SLICE_X100Y74        FDRE (Setup_fdre_C_D)        0.079    12.979    linienmodule_pid_int_reg_reg[35]
  -------------------------------------------------------------------
                         required time                         12.979    
                         arrival time                         -18.650    
  -------------------------------------------------------------------
                         slack                                 -5.671    

Slack (VIOLATED) :        -5.662ns  (required time - arrival time)
  Source:                 linienmodule_pid_only_mode_storage_full_reg/C
                            (rising edge-triggered cell FDRE clocked by clk_2  {rise@0.000ns fall@4.000ns period=8.000ns})
  Destination:            linienmodule_pid_int_reg_reg[5]/D
                            (rising edge-triggered cell FDRE clocked by clk_2  {rise@0.000ns fall@4.000ns period=8.000ns})
  Path Group:             clk_2
  Path Type:              Setup (Max at Slow Process Corner)
  Requirement:            8.000ns  (clk_2 rise@8.000ns - clk_2 rise@0.000ns)
  Data Path Delay:        13.601ns  (logic 8.997ns (66.150%)  route 4.604ns (33.850%))
  Logic Levels:           25  (CARRY4=19 DSP48E1=1 LUT2=3 LUT3=2)
  Clock Path Skew:        -0.069ns (DCD - SCD + CPR)
    Destination Clock Delay (DCD):    4.606ns = ( 12.606 - 8.000 ) 
    Source Clock Delay      (SCD):    5.041ns
    Clock Pessimism Removal (CPR):    0.366ns
  Clock Uncertainty:      0.069ns  ((TSJ^2 + DJ^2)^1/2) / 2 + PE
    Total System Jitter     (TSJ):    0.071ns
    Discrete Jitter          (DJ):    0.118ns
    Phase Error              (PE):    0.000ns

    Location             Delay type                Incr(ns)  Path(ns)    Netlist Resource(s)
  -------------------------------------------------------------------    -------------------
                         (clock clk_2 rise edge)      0.000     0.000 r  
    U18                                               0.000     0.000 r  clk125_p (IN)
                         net (fo=0)                   0.000     0.000    clk125_p
    U18                  IBUFDS (Prop_ibufds_I_O)     0.951     0.951 r  IBUFGDS/O
                         net (fo=1, routed)           2.205     3.156    clk_adci
    BUFGCTRL_X0Y17       BUFG (Prop_bufg_I_O)         0.102     3.258 r  BUFG/O
                         net (fo=1, routed)           1.831     5.089    clk_adcb
    PLLE2_ADV_X1Y0       PLLE2_ADV (Prop_plle2_adv_CLKIN1_CLKOUT2)
                                                     -3.812     1.277 r  PLLE2_BASE/CLKOUT2
                         net (fo=1, routed)           1.883     3.160    clk_2
    BUFGCTRL_X0Y0        BUFG (Prop_bufg_I_O)         0.101     3.261 r  BUFG_4/O
                         net (fo=11300, routed)       1.780     5.041    sys_clk
    SLICE_X96Y65         FDRE                                         r  linienmodule_pid_only_mode_storage_full_reg/C
  -------------------------------------------------------------------    -------------------
    SLICE_X96Y65         FDRE (Prop_fdre_C_Q)         0.518     5.559 r  linienmodule_pid_only_mode_storage_full_reg/Q
                         net (fo=26, routed)          0.748     6.307    linienmodule_pid_only_mode_storage
    SLICE_X97Y64         LUT3 (Prop_lut3_I0_O)        0.124     6.431 r  p_1_out_i_83/O
                         net (fo=1, routed)           0.000     6.431    p_1_out_i_83_n_0
    SLICE_X97Y64         CARRY4 (Prop_carry4_S[0]_CO[3])
                                                      0.532     6.963 r  p_1_out_i_33/CO[3]
                         net (fo=1, routed)           0.000     6.963    p_1_out_i_33_n_0
    SLICE_X97Y65         CARRY4 (Prop_carry4_CI_CO[3])
                                                      0.114     7.077 r  p_1_out_i_32/CO[3]
                         net (fo=1, routed)           0.000     7.077    p_1_out_i_32_n_0
    SLICE_X97Y66         CARRY4 (Prop_carry4_CI_CO[3])
                                                      0.114     7.191 r  p_1_out_i_31/CO[3]
                         net (fo=1, routed)           0.000     7.191    p_1_out_i_31_n_0
    SLICE_X97Y67         CARRY4 (Prop_carry4_CI_CO[3])
                                                      0.114     7.305 r  p_1_out_i_30/CO[3]
                         net (fo=1, routed)           0.000     7.305    p_1_out_i_30_n_0
    SLICE_X97Y68         CARRY4 (Prop_carry4_CI_CO[3])
                                                      0.114     7.419 r  p_1_out_i_29/CO[3]
                         net (fo=1, routed)           0.000     7.419    p_1_out_i_29_n_0
    SLICE_X97Y69         CARRY4 (Prop_carry4_CI_CO[3])
                                                      0.114     7.533 r  p_1_out_i_28/CO[3]
                         net (fo=1, routed)           0.000     7.533    p_1_out_i_28_n_0
    SLICE_X97Y70         CARRY4 (Prop_carry4_CI_O[1])
                                                      0.334     7.867 r  p_1_out_i_27/O[1]
                         net (fo=1, routed)           0.410     8.278    p_1_out_i_27_n_6
    SLICE_X101Y70        LUT2 (Prop_lut2_I1_O)        0.303     8.581 r  p_1_out_i_1/O
                         net (fo=18, routed)          0.832     9.412    linienmodule_pid_error[25]
    DSP48_X3Y26          DSP48E1 (Prop_dsp48e1_A[26]_P[4])
                                                      3.841    13.253 r  p_1_out/P[4]
                         net (fo=2, routed)           0.794    14.047    p_1_out_n_101
    SLICE_X94Y65         LUT2 (Prop_lut2_I0_O)        0.124    14.171 r  linienmodule_pid_int_reg[3]_i_5/O
                         net (fo=1, routed)           0.000    14.171    linienmodule_pid_int_reg[3]_i_5_n_0
    SLICE_X94Y65         CARRY4 (Prop_carry4_S[1]_CO[3])
                                                      0.533    14.704 r  linienmodule_pid_int_reg_reg[3]_i_2/CO[3]
                         net (fo=1, routed)           0.000    14.704    linienmodule_pid_int_reg_reg[3]_i_2_n_0
    SLICE_X94Y66         CARRY4 (Prop_carry4_CI_CO[3])
                                                      0.117    14.821 r  linienmodule_pid_int_reg_reg[7]_i_2/CO[3]
                         net (fo=1, routed)           0.000    14.821    linienmodule_pid_int_reg_reg[7]_i_2_n_0
    SLICE_X94Y67         CARRY4 (Prop_carry4_CI_CO[3])
                                                      0.117    14.938 r  linienmodule_pid_int_reg_reg[11]_i_2/CO[3]
                         net (fo=1, routed)           0.000    14.938    linienmodule_pid_int_reg_reg[11]_i_2_n_0
    SLICE_X94Y68         CARRY4 (Prop_carry4_CI_CO[3])
                                                      0.117    15.055 r  linienmodule_pid_int_reg_reg[15]_i_2/CO[3]
                         net (fo=1, routed)           0.000    15.055    linienmodule_pid_int_reg_reg[15]_i_2_n_0
    SLICE_X94Y69         CARRY4 (Prop_carry4_CI_CO[3])
                                                      0.117    15.172 r  linienmodule_pid_int_reg_reg[17]_i_2/CO[3]
                         net (fo=1, routed)           0.000    15.172    linienmodule_pid_int_reg_reg[17]_i_2_n_0
    SLICE_X94Y70         CARRY4 (Prop_carry4_CI_CO[3])
                                                      0.117    15.289 r  linienmodule_pid_int_reg_reg[23]_i_2/CO[3]
                         net (fo=1, routed)           0.000    15.289    linienmodule_pid_int_reg_reg[23]_i_2_n_0
    SLICE_X94Y71         CARRY4 (Prop_carry4_CI_CO[3])
                                                      0.117    15.406 r  linienmodule_pid_int_reg_reg[27]_i_2/CO[3]
                         net (fo=1, routed)           0.000    15.406    linienmodule_pid_int_reg_reg[27]_i_2_n_0
    SLICE_X94Y72         CARRY4 (Prop_carry4_CI_CO[3])
                                                      0.117    15.523 r  linienmodule_pid_int_reg_reg[31]_i_2/CO[3]
                         net (fo=1, routed)           0.000    15.523    linienmodule_pid_int_reg_reg[31]_i_2_n_0
    SLICE_X94Y73         CARRY4 (Prop_carry4_CI_CO[3])
                                                      0.117    15.640 r  linienmodule_pid_int_reg_reg[35]_i_2/CO[3]
                         net (fo=1, routed)           0.000    15.640    linienmodule_pid_int_reg_reg[35]_i_2_n_0
    SLICE_X94Y74         CARRY4 (Prop_carry4_CI_CO[3])
                                                      0.117    15.757 r  linienmodule_pid_int_reg_reg[39]_i_2/CO[3]
                         net (fo=1, routed)           0.009    15.766    linienmodule_pid_int_reg_reg[39]_i_2_n_0
    SLICE_X94Y75         CARRY4 (Prop_carry4_CI_CO[3])
                                                      0.117    15.883 f  linienmodule_pid_int_reg_reg[42]_i_5/CO[3]
                         net (fo=4, routed)           1.088    16.971    linienmodule_pid_int_reg_reg[42]_i_5_n_0
    SLICE_X96Y73         LUT2 (Prop_lut2_I1_O)        0.124    17.095 r  linienmodule_pid_int_reg[42]_i_16/O
                         net (fo=1, routed)           0.000    17.095    linienmodule_pid_int_reg[42]_i_16_n_0
    SLICE_X96Y73         CARRY4 (Prop_carry4_S[1]_CO[1])
                                                      0.492    17.587 r  linienmodule_pid_int_reg_reg[42]_i_6/CO[1]
                         net (fo=43, routed)          0.723    18.310    linienmodule_pid_int_reg_reg[42]_i_6_n_2
    SLICE_X100Y72        LUT3 (Prop_lut3_I2_O)        0.332    18.642 r  linienmodule_pid_int_reg[5]_i_1/O
                         net (fo=1, routed)           0.000    18.642    linienmodule_pid_int_reg[5]_i_1_n_0
    SLICE_X100Y72        FDRE                                         r  linienmodule_pid_int_reg_reg[5]/D
  -------------------------------------------------------------------    -------------------

                         (clock clk_2 rise edge)      8.000     8.000 r  
    U18                                               0.000     8.000 r  clk125_p (IN)
                         net (fo=0)                   0.000     8.000    clk125_p
    U18                  IBUFDS (Prop_ibufds_I_O)     0.909     8.909 r  IBUFGDS/O
                         net (fo=1, routed)           2.006    10.915    clk_adci
    BUFGCTRL_X0Y17       BUFG (Prop_bufg_I_O)         0.092    11.007 r  BUFG/O
                         net (fo=1, routed)           1.634    12.641    clk_adcb
    PLLE2_ADV_X1Y0       PLLE2_ADV (Prop_plle2_adv_CLKIN1_CLKOUT2)
                                                     -3.442     9.199 r  PLLE2_BASE/CLKOUT2
                         net (fo=1, routed)           1.720    10.919    clk_2
    BUFGCTRL_X0Y0        BUFG (Prop_bufg_I_O)         0.091    11.010 r  BUFG_4/O
                         net (fo=11300, routed)       1.597    12.606    sys_clk
    SLICE_X100Y72        FDRE                                         r  linienmodule_pid_int_reg_reg[5]/C
                         clock pessimism              0.366    12.972    
                         clock uncertainty           -0.069    12.903    
    SLICE_X100Y72        FDRE (Setup_fdre_C_D)        0.077    12.980    linienmodule_pid_int_reg_reg[5]
  -------------------------------------------------------------------
                         required time                         12.980    
                         arrival time                         -18.642    
  -------------------------------------------------------------------
                         slack                                 -5.662    

Slack (VIOLATED) :        -5.659ns  (required time - arrival time)
  Source:                 linienmodule_pid_only_mode_storage_full_reg/C
                            (rising edge-triggered cell FDRE clocked by clk_2  {rise@0.000ns fall@4.000ns period=8.000ns})
  Destination:            linienmodule_pid_int_reg_reg[36]/D
                            (rising edge-triggered cell FDRE clocked by clk_2  {rise@0.000ns fall@4.000ns period=8.000ns})
  Path Group:             clk_2
  Path Type:              Setup (Max at Slow Process Corner)
  Requirement:            8.000ns  (clk_2 rise@8.000ns - clk_2 rise@0.000ns)
  Data Path Delay:        13.552ns  (logic 8.997ns (66.388%)  route 4.555ns (33.612%))
  Logic Levels:           25  (CARRY4=19 DSP48E1=1 LUT2=3 LUT3=2)
  Clock Path Skew:        -0.070ns (DCD - SCD + CPR)
    Destination Clock Delay (DCD):    4.605ns = ( 12.605 - 8.000 ) 
    Source Clock Delay      (SCD):    5.041ns
    Clock Pessimism Removal (CPR):    0.366ns
  Clock Uncertainty:      0.069ns  ((TSJ^2 + DJ^2)^1/2) / 2 + PE
    Total System Jitter     (TSJ):    0.071ns
    Discrete Jitter          (DJ):    0.118ns
    Phase Error              (PE):    0.000ns

    Location             Delay type                Incr(ns)  Path(ns)    Netlist Resource(s)
  -------------------------------------------------------------------    -------------------
                         (clock clk_2 rise edge)      0.000     0.000 r  
    U18                                               0.000     0.000 r  clk125_p (IN)
                         net (fo=0)                   0.000     0.000    clk125_p
    U18                  IBUFDS (Prop_ibufds_I_O)     0.951     0.951 r  IBUFGDS/O
                         net (fo=1, routed)           2.205     3.156    clk_adci
    BUFGCTRL_X0Y17       BUFG (Prop_bufg_I_O)         0.102     3.258 r  BUFG/O
                         net (fo=1, routed)           1.831     5.089    clk_adcb
    PLLE2_ADV_X1Y0       PLLE2_ADV (Prop_plle2_adv_CLKIN1_CLKOUT2)
                                                     -3.812     1.277 r  PLLE2_BASE/CLKOUT2
                         net (fo=1, routed)           1.883     3.160    clk_2
    BUFGCTRL_X0Y0        BUFG (Prop_bufg_I_O)         0.101     3.261 r  BUFG_4/O
                         net (fo=11300, routed)       1.780     5.041    sys_clk
    SLICE_X96Y65         FDRE                                         r  linienmodule_pid_only_mode_storage_full_reg/C
  -------------------------------------------------------------------    -------------------
    SLICE_X96Y65         FDRE (Prop_fdre_C_Q)         0.518     5.559 r  linienmodule_pid_only_mode_storage_full_reg/Q
                         net (fo=26, routed)          0.748     6.307    linienmodule_pid_only_mode_storage
    SLICE_X97Y64         LUT3 (Prop_lut3_I0_O)        0.124     6.431 r  p_1_out_i_83/O
                         net (fo=1, routed)           0.000     6.431    p_1_out_i_83_n_0
    SLICE_X97Y64         CARRY4 (Prop_carry4_S[0]_CO[3])
                                                      0.532     6.963 r  p_1_out_i_33/CO[3]
                         net (fo=1, routed)           0.000     6.963    p_1_out_i_33_n_0
    SLICE_X97Y65         CARRY4 (Prop_carry4_CI_CO[3])
                                                      0.114     7.077 r  p_1_out_i_32/CO[3]
                         net (fo=1, routed)           0.000     7.077    p_1_out_i_32_n_0
    SLICE_X97Y66         CARRY4 (Prop_carry4_CI_CO[3])
                                                      0.114     7.191 r  p_1_out_i_31/CO[3]
                         net (fo=1, routed)           0.000     7.191    p_1_out_i_31_n_0
    SLICE_X97Y67         CARRY4 (Prop_carry4_CI_CO[3])
                                                      0.114     7.305 r  p_1_out_i_30/CO[3]
                         net (fo=1, routed)           0.000     7.305    p_1_out_i_30_n_0
    SLICE_X97Y68         CARRY4 (Prop_carry4_CI_CO[3])
                                                      0.114     7.419 r  p_1_out_i_29/CO[3]
                         net (fo=1, routed)           0.000     7.419    p_1_out_i_29_n_0
    SLICE_X97Y69         CARRY4 (Prop_carry4_CI_CO[3])
                                                      0.114     7.533 r  p_1_out_i_28/CO[3]
                         net (fo=1, routed)           0.000     7.533    p_1_out_i_28_n_0
    SLICE_X97Y70         CARRY4 (Prop_carry4_CI_O[1])
                                                      0.334     7.867 r  p_1_out_i_27/O[1]
                         net (fo=1, routed)           0.410     8.278    p_1_out_i_27_n_6
    SLICE_X101Y70        LUT2 (Prop_lut2_I1_O)        0.303     8.581 r  p_1_out_i_1/O
                         net (fo=18, routed)          0.832     9.412    linienmodule_pid_error[25]
    DSP48_X3Y26          DSP48E1 (Prop_dsp48e1_A[26]_P[4])
                                                      3.841    13.253 r  p_1_out/P[4]
                         net (fo=2, routed)           0.794    14.047    p_1_out_n_101
    SLICE_X94Y65         LUT2 (Prop_lut2_I0_O)        0.124    14.171 r  linienmodule_pid_int_reg[3]_i_5/O
                         net (fo=1, routed)           0.000    14.171    linienmodule_pid_int_reg[3]_i_5_n_0
    SLICE_X94Y65         CARRY4 (Prop_carry4_S[1]_CO[3])
                                                      0.533    14.704 r  linienmodule_pid_int_reg_reg[3]_i_2/CO[3]
                         net (fo=1, routed)           0.000    14.704    linienmodule_pid_int_reg_reg[3]_i_2_n_0
    SLICE_X94Y66         CARRY4 (Prop_carry4_CI_CO[3])
                                                      0.117    14.821 r  linienmodule_pid_int_reg_reg[7]_i_2/CO[3]
                         net (fo=1, routed)           0.000    14.821    linienmodule_pid_int_reg_reg[7]_i_2_n_0
    SLICE_X94Y67         CARRY4 (Prop_carry4_CI_CO[3])
                                                      0.117    14.938 r  linienmodule_pid_int_reg_reg[11]_i_2/CO[3]
                         net (fo=1, routed)           0.000    14.938    linienmodule_pid_int_reg_reg[11]_i_2_n_0
    SLICE_X94Y68         CARRY4 (Prop_carry4_CI_CO[3])
                                                      0.117    15.055 r  linienmodule_pid_int_reg_reg[15]_i_2/CO[3]
                         net (fo=1, routed)           0.000    15.055    linienmodule_pid_int_reg_reg[15]_i_2_n_0
    SLICE_X94Y69         CARRY4 (Prop_carry4_CI_CO[3])
                                                      0.117    15.172 r  linienmodule_pid_int_reg_reg[17]_i_2/CO[3]
                         net (fo=1, routed)           0.000    15.172    linienmodule_pid_int_reg_reg[17]_i_2_n_0
    SLICE_X94Y70         CARRY4 (Prop_carry4_CI_CO[3])
                                                      0.117    15.289 r  linienmodule_pid_int_reg_reg[23]_i_2/CO[3]
                         net (fo=1, routed)           0.000    15.289    linienmodule_pid_int_reg_reg[23]_i_2_n_0
    SLICE_X94Y71         CARRY4 (Prop_carry4_CI_CO[3])
                                                      0.117    15.406 r  linienmodule_pid_int_reg_reg[27]_i_2/CO[3]
                         net (fo=1, routed)           0.000    15.406    linienmodule_pid_int_reg_reg[27]_i_2_n_0
    SLICE_X94Y72         CARRY4 (Prop_carry4_CI_CO[3])
                                                      0.117    15.523 r  linienmodule_pid_int_reg_reg[31]_i_2/CO[3]
                         net (fo=1, routed)           0.000    15.523    linienmodule_pid_int_reg_reg[31]_i_2_n_0
    SLICE_X94Y73         CARRY4 (Prop_carry4_CI_CO[3])
                                                      0.117    15.640 r  linienmodule_pid_int_reg_reg[35]_i_2/CO[3]
                         net (fo=1, routed)           0.000    15.640    linienmodule_pid_int_reg_reg[35]_i_2_n_0
    SLICE_X94Y74         CARRY4 (Prop_carry4_CI_CO[3])
                                                      0.117    15.757 r  linienmodule_pid_int_reg_reg[39]_i_2/CO[3]
                         net (fo=1, routed)           0.009    15.766    linienmodule_pid_int_reg_reg[39]_i_2_n_0
    SLICE_X94Y75         CARRY4 (Prop_carry4_CI_CO[3])
                                                      0.117    15.883 f  linienmodule_pid_int_reg_reg[42]_i_5/CO[3]
                         net (fo=4, routed)           1.088    16.971    linienmodule_pid_int_reg_reg[42]_i_5_n_0
    SLICE_X96Y73         LUT2 (Prop_lut2_I1_O)        0.124    17.095 r  linienmodule_pid_int_reg[42]_i_16/O
                         net (fo=1, routed)           0.000    17.095    linienmodule_pid_int_reg[42]_i_16_n_0
    SLICE_X96Y73         CARRY4 (Prop_carry4_S[1]_CO[1])
                                                      0.492    17.587 f  linienmodule_pid_int_reg_reg[42]_i_6/CO[1]
                         net (fo=43, routed)          0.675    18.261    linienmodule_pid_int_reg_reg[42]_i_6_n_2
    SLICE_X101Y73        LUT3 (Prop_lut3_I1_O)        0.332    18.593 r  linienmodule_pid_int_reg[36]_i_1/O
                         net (fo=1, routed)           0.000    18.593    linienmodule_pid_int_reg[36]_i_1_n_0
    SLICE_X101Y73        FDRE                                         r  linienmodule_pid_int_reg_reg[36]/D
  -------------------------------------------------------------------    -------------------

                         (clock clk_2 rise edge)      8.000     8.000 r  
    U18                                               0.000     8.000 r  clk125_p (IN)
                         net (fo=0)                   0.000     8.000    clk125_p
    U18                  IBUFDS (Prop_ibufds_I_O)     0.909     8.909 r  IBUFGDS/O
                         net (fo=1, routed)           2.006    10.915    clk_adci
    BUFGCTRL_X0Y17       BUFG (Prop_bufg_I_O)         0.092    11.007 r  BUFG/O
                         net (fo=1, routed)           1.634    12.641    clk_adcb
    PLLE2_ADV_X1Y0       PLLE2_ADV (Prop_plle2_adv_CLKIN1_CLKOUT2)
                                                     -3.442     9.199 r  PLLE2_BASE/CLKOUT2
                         net (fo=1, routed)           1.720    10.919    clk_2
    BUFGCTRL_X0Y0        BUFG (Prop_bufg_I_O)         0.091    11.010 r  BUFG_4/O
                         net (fo=11300, routed)       1.596    12.605    sys_clk
    SLICE_X101Y73        FDRE                                         r  linienmodule_pid_int_reg_reg[36]/C
                         clock pessimism              0.366    12.971    
                         clock uncertainty           -0.069    12.902    
    SLICE_X101Y73        FDRE (Setup_fdre_C_D)        0.032    12.934    linienmodule_pid_int_reg_reg[36]
  -------------------------------------------------------------------
                         required time                         12.934    
                         arrival time                         -18.593    
  -------------------------------------------------------------------
                         slack                                 -5.659    

Slack (VIOLATED) :        -5.651ns  (required time - arrival time)
  Source:                 linienmodule_pid_only_mode_storage_full_reg/C
                            (rising edge-triggered cell FDRE clocked by clk_2  {rise@0.000ns fall@4.000ns period=8.000ns})
  Destination:            linienmodule_pid_int_reg_reg[37]/D
                            (rising edge-triggered cell FDRE clocked by clk_2  {rise@0.000ns fall@4.000ns period=8.000ns})
  Path Group:             clk_2
  Path Type:              Setup (Max at Slow Process Corner)
  Requirement:            8.000ns  (clk_2 rise@8.000ns - clk_2 rise@0.000ns)
  Data Path Delay:        13.541ns  (logic 8.997ns (66.445%)  route 4.544ns (33.555%))
  Logic Levels:           25  (CARRY4=19 DSP48E1=1 LUT2=3 LUT3=2)
  Clock Path Skew:        -0.070ns (DCD - SCD + CPR)
    Destination Clock Delay (DCD):    4.605ns = ( 12.605 - 8.000 ) 
    Source Clock Delay      (SCD):    5.041ns
    Clock Pessimism Removal (CPR):    0.366ns
  Clock Uncertainty:      0.069ns  ((TSJ^2 + DJ^2)^1/2) / 2 + PE
    Total System Jitter     (TSJ):    0.071ns
    Discrete Jitter          (DJ):    0.118ns
    Phase Error              (PE):    0.000ns

    Location             Delay type                Incr(ns)  Path(ns)    Netlist Resource(s)
  -------------------------------------------------------------------    -------------------
                         (clock clk_2 rise edge)      0.000     0.000 r  
    U18                                               0.000     0.000 r  clk125_p (IN)
                         net (fo=0)                   0.000     0.000    clk125_p
    U18                  IBUFDS (Prop_ibufds_I_O)     0.951     0.951 r  IBUFGDS/O
                         net (fo=1, routed)           2.205     3.156    clk_adci
    BUFGCTRL_X0Y17       BUFG (Prop_bufg_I_O)         0.102     3.258 r  BUFG/O
                         net (fo=1, routed)           1.831     5.089    clk_adcb
    PLLE2_ADV_X1Y0       PLLE2_ADV (Prop_plle2_adv_CLKIN1_CLKOUT2)
                                                     -3.812     1.277 r  PLLE2_BASE/CLKOUT2
                         net (fo=1, routed)           1.883     3.160    clk_2
    BUFGCTRL_X0Y0        BUFG (Prop_bufg_I_O)         0.101     3.261 r  BUFG_4/O
                         net (fo=11300, routed)       1.780     5.041    sys_clk
    SLICE_X96Y65         FDRE                                         r  linienmodule_pid_only_mode_storage_full_reg/C
  -------------------------------------------------------------------    -------------------
    SLICE_X96Y65         FDRE (Prop_fdre_C_Q)         0.518     5.559 r  linienmodule_pid_only_mode_storage_full_reg/Q
                         net (fo=26, routed)          0.748     6.307    linienmodule_pid_only_mode_storage
    SLICE_X97Y64         LUT3 (Prop_lut3_I0_O)        0.124     6.431 r  p_1_out_i_83/O
                         net (fo=1, routed)           0.000     6.431    p_1_out_i_83_n_0
    SLICE_X97Y64         CARRY4 (Prop_carry4_S[0]_CO[3])
                                                      0.532     6.963 r  p_1_out_i_33/CO[3]
                         net (fo=1, routed)           0.000     6.963    p_1_out_i_33_n_0
    SLICE_X97Y65         CARRY4 (Prop_carry4_CI_CO[3])
                                                      0.114     7.077 r  p_1_out_i_32/CO[3]
                         net (fo=1, routed)           0.000     7.077    p_1_out_i_32_n_0
    SLICE_X97Y66         CARRY4 (Prop_carry4_CI_CO[3])
                                                      0.114     7.191 r  p_1_out_i_31/CO[3]
                         net (fo=1, routed)           0.000     7.191    p_1_out_i_31_n_0
    SLICE_X97Y67         CARRY4 (Prop_carry4_CI_CO[3])
                                                      0.114     7.305 r  p_1_out_i_30/CO[3]
                         net (fo=1, routed)           0.000     7.305    p_1_out_i_30_n_0
    SLICE_X97Y68         CARRY4 (Prop_carry4_CI_CO[3])
                                                      0.114     7.419 r  p_1_out_i_29/CO[3]
                         net (fo=1, routed)           0.000     7.419    p_1_out_i_29_n_0
    SLICE_X97Y69         CARRY4 (Prop_carry4_CI_CO[3])
                                                      0.114     7.533 r  p_1_out_i_28/CO[3]
                         net (fo=1, routed)           0.000     7.533    p_1_out_i_28_n_0
    SLICE_X97Y70         CARRY4 (Prop_carry4_CI_O[1])
                                                      0.334     7.867 r  p_1_out_i_27/O[1]
                         net (fo=1, routed)           0.410     8.278    p_1_out_i_27_n_6
    SLICE_X101Y70        LUT2 (Prop_lut2_I1_O)        0.303     8.581 r  p_1_out_i_1/O
                         net (fo=18, routed)          0.832     9.412    linienmodule_pid_error[25]
    DSP48_X3Y26          DSP48E1 (Prop_dsp48e1_A[26]_P[4])
                                                      3.841    13.253 r  p_1_out/P[4]
                         net (fo=2, routed)           0.794    14.047    p_1_out_n_101
    SLICE_X94Y65         LUT2 (Prop_lut2_I0_O)        0.124    14.171 r  linienmodule_pid_int_reg[3]_i_5/O
                         net (fo=1, routed)           0.000    14.171    linienmodule_pid_int_reg[3]_i_5_n_0
    SLICE_X94Y65         CARRY4 (Prop_carry4_S[1]_CO[3])
                                                      0.533    14.704 r  linienmodule_pid_int_reg_reg[3]_i_2/CO[3]
                         net (fo=1, routed)           0.000    14.704    linienmodule_pid_int_reg_reg[3]_i_2_n_0
    SLICE_X94Y66         CARRY4 (Prop_carry4_CI_CO[3])
                                                      0.117    14.821 r  linienmodule_pid_int_reg_reg[7]_i_2/CO[3]
                         net (fo=1, routed)           0.000    14.821    linienmodule_pid_int_reg_reg[7]_i_2_n_0
    SLICE_X94Y67         CARRY4 (Prop_carry4_CI_CO[3])
                                                      0.117    14.938 r  linienmodule_pid_int_reg_reg[11]_i_2/CO[3]
                         net (fo=1, routed)           0.000    14.938    linienmodule_pid_int_reg_reg[11]_i_2_n_0
    SLICE_X94Y68         CARRY4 (Prop_carry4_CI_CO[3])
                                                      0.117    15.055 r  linienmodule_pid_int_reg_reg[15]_i_2/CO[3]
                         net (fo=1, routed)           0.000    15.055    linienmodule_pid_int_reg_reg[15]_i_2_n_0
    SLICE_X94Y69         CARRY4 (Prop_carry4_CI_CO[3])
                                                      0.117    15.172 r  linienmodule_pid_int_reg_reg[17]_i_2/CO[3]
                         net (fo=1, routed)           0.000    15.172    linienmodule_pid_int_reg_reg[17]_i_2_n_0
    SLICE_X94Y70         CARRY4 (Prop_carry4_CI_CO[3])
                                                      0.117    15.289 r  linienmodule_pid_int_reg_reg[23]_i_2/CO[3]
                         net (fo=1, routed)           0.000    15.289    linienmodule_pid_int_reg_reg[23]_i_2_n_0
    SLICE_X94Y71         CARRY4 (Prop_carry4_CI_CO[3])
                                                      0.117    15.406 r  linienmodule_pid_int_reg_reg[27]_i_2/CO[3]
                         net (fo=1, routed)           0.000    15.406    linienmodule_pid_int_reg_reg[27]_i_2_n_0
    SLICE_X94Y72         CARRY4 (Prop_carry4_CI_CO[3])
                                                      0.117    15.523 r  linienmodule_pid_int_reg_reg[31]_i_2/CO[3]
                         net (fo=1, routed)           0.000    15.523    linienmodule_pid_int_reg_reg[31]_i_2_n_0
    SLICE_X94Y73         CARRY4 (Prop_carry4_CI_CO[3])
                                                      0.117    15.640 r  linienmodule_pid_int_reg_reg[35]_i_2/CO[3]
                         net (fo=1, routed)           0.000    15.640    linienmodule_pid_int_reg_reg[35]_i_2_n_0
    SLICE_X94Y74         CARRY4 (Prop_carry4_CI_CO[3])
                                                      0.117    15.757 r  linienmodule_pid_int_reg_reg[39]_i_2/CO[3]
                         net (fo=1, routed)           0.009    15.766    linienmodule_pid_int_reg_reg[39]_i_2_n_0
    SLICE_X94Y75         CARRY4 (Prop_carry4_CI_CO[3])
                                                      0.117    15.883 f  linienmodule_pid_int_reg_reg[42]_i_5/CO[3]
                         net (fo=4, routed)           1.088    16.971    linienmodule_pid_int_reg_reg[42]_i_5_n_0
    SLICE_X96Y73         LUT2 (Prop_lut2_I1_O)        0.124    17.095 r  linienmodule_pid_int_reg[42]_i_16/O
                         net (fo=1, routed)           0.000    17.095    linienmodule_pid_int_reg[42]_i_16_n_0
    SLICE_X96Y73         CARRY4 (Prop_carry4_S[1]_CO[1])
                                                      0.492    17.587 f  linienmodule_pid_int_reg_reg[42]_i_6/CO[1]
                         net (fo=43, routed)          0.663    18.250    linienmodule_pid_int_reg_reg[42]_i_6_n_2
    SLICE_X101Y73        LUT3 (Prop_lut3_I1_O)        0.332    18.582 r  linienmodule_pid_int_reg[37]_i_1/O
                         net (fo=1, routed)           0.000    18.582    linienmodule_pid_int_reg[37]_i_1_n_0
    SLICE_X101Y73        FDRE                                         r  linienmodule_pid_int_reg_reg[37]/D
  -------------------------------------------------------------------    -------------------

                         (clock clk_2 rise edge)      8.000     8.000 r  
    U18                                               0.000     8.000 r  clk125_p (IN)
                         net (fo=0)                   0.000     8.000    clk125_p
    U18                  IBUFDS (Prop_ibufds_I_O)     0.909     8.909 r  IBUFGDS/O
                         net (fo=1, routed)           2.006    10.915    clk_adci
    BUFGCTRL_X0Y17       BUFG (Prop_bufg_I_O)         0.092    11.007 r  BUFG/O
                         net (fo=1, routed)           1.634    12.641    clk_adcb
    PLLE2_ADV_X1Y0       PLLE2_ADV (Prop_plle2_adv_CLKIN1_CLKOUT2)
                                                     -3.442     9.199 r  PLLE2_BASE/CLKOUT2
                         net (fo=1, routed)           1.720    10.919    clk_2
    BUFGCTRL_X0Y0        BUFG (Prop_bufg_I_O)         0.091    11.010 r  BUFG_4/O
                         net (fo=11300, routed)       1.596    12.605    sys_clk
    SLICE_X101Y73        FDRE                                         r  linienmodule_pid_int_reg_reg[37]/C
                         clock pessimism              0.366    12.971    
                         clock uncertainty           -0.069    12.902    
    SLICE_X101Y73        FDRE (Setup_fdre_C_D)        0.029    12.931    linienmodule_pid_int_reg_reg[37]
  -------------------------------------------------------------------
                         required time                         12.931    
                         arrival time                         -18.582    
  -------------------------------------------------------------------
                         slack                                 -5.651    

Slack (VIOLATED) :        -5.646ns  (required time - arrival time)
  Source:                 linienmodule_pid_only_mode_storage_full_reg/C
                            (rising edge-triggered cell FDRE clocked by clk_2  {rise@0.000ns fall@4.000ns period=8.000ns})
  Destination:            linienmodule_pid_int_reg_reg[10]/D
                            (rising edge-triggered cell FDRE clocked by clk_2  {rise@0.000ns fall@4.000ns period=8.000ns})
  Path Group:             clk_2
  Path Type:              Setup (Max at Slow Process Corner)
  Requirement:            8.000ns  (clk_2 rise@8.000ns - clk_2 rise@0.000ns)
  Data Path Delay:        13.538ns  (logic 8.997ns (66.459%)  route 4.541ns (33.541%))
  Logic Levels:           25  (CARRY4=19 DSP48E1=1 LUT2=3 LUT3=2)
  Clock Path Skew:        -0.070ns (DCD - SCD + CPR)
    Destination Clock Delay (DCD):    4.605ns = ( 12.605 - 8.000 ) 
    Source Clock Delay      (SCD):    5.041ns
    Clock Pessimism Removal (CPR):    0.366ns
  Clock Uncertainty:      0.069ns  ((TSJ^2 + DJ^2)^1/2) / 2 + PE
    Total System Jitter     (TSJ):    0.071ns
    Discrete Jitter          (DJ):    0.118ns
    Phase Error              (PE):    0.000ns

    Location             Delay type                Incr(ns)  Path(ns)    Netlist Resource(s)
  -------------------------------------------------------------------    -------------------
                         (clock clk_2 rise edge)      0.000     0.000 r  
    U18                                               0.000     0.000 r  clk125_p (IN)
                         net (fo=0)                   0.000     0.000    clk125_p
    U18                  IBUFDS (Prop_ibufds_I_O)     0.951     0.951 r  IBUFGDS/O
                         net (fo=1, routed)           2.205     3.156    clk_adci
    BUFGCTRL_X0Y17       BUFG (Prop_bufg_I_O)         0.102     3.258 r  BUFG/O
                         net (fo=1, routed)           1.831     5.089    clk_adcb
    PLLE2_ADV_X1Y0       PLLE2_ADV (Prop_plle2_adv_CLKIN1_CLKOUT2)
                                                     -3.812     1.277 r  PLLE2_BASE/CLKOUT2
                         net (fo=1, routed)           1.883     3.160    clk_2
    BUFGCTRL_X0Y0        BUFG (Prop_bufg_I_O)         0.101     3.261 r  BUFG_4/O
                         net (fo=11300, routed)       1.780     5.041    sys_clk
    SLICE_X96Y65         FDRE                                         r  linienmodule_pid_only_mode_storage_full_reg/C
  -------------------------------------------------------------------    -------------------
    SLICE_X96Y65         FDRE (Prop_fdre_C_Q)         0.518     5.559 r  linienmodule_pid_only_mode_storage_full_reg/Q
                         net (fo=26, routed)          0.748     6.307    linienmodule_pid_only_mode_storage
    SLICE_X97Y64         LUT3 (Prop_lut3_I0_O)        0.124     6.431 r  p_1_out_i_83/O
                         net (fo=1, routed)           0.000     6.431    p_1_out_i_83_n_0
    SLICE_X97Y64         CARRY4 (Prop_carry4_S[0]_CO[3])
                                                      0.532     6.963 r  p_1_out_i_33/CO[3]
                         net (fo=1, routed)           0.000     6.963    p_1_out_i_33_n_0
    SLICE_X97Y65         CARRY4 (Prop_carry4_CI_CO[3])
                                                      0.114     7.077 r  p_1_out_i_32/CO[3]
                         net (fo=1, routed)           0.000     7.077    p_1_out_i_32_n_0
    SLICE_X97Y66         CARRY4 (Prop_carry4_CI_CO[3])
                                                      0.114     7.191 r  p_1_out_i_31/CO[3]
                         net (fo=1, routed)           0.000     7.191    p_1_out_i_31_n_0
    SLICE_X97Y67         CARRY4 (Prop_carry4_CI_CO[3])
                                                      0.114     7.305 r  p_1_out_i_30/CO[3]
                         net (fo=1, routed)           0.000     7.305    p_1_out_i_30_n_0
    SLICE_X97Y68         CARRY4 (Prop_carry4_CI_CO[3])
                                                      0.114     7.419 r  p_1_out_i_29/CO[3]
                         net (fo=1, routed)           0.000     7.419    p_1_out_i_29_n_0
    SLICE_X97Y69         CARRY4 (Prop_carry4_CI_CO[3])
                                                      0.114     7.533 r  p_1_out_i_28/CO[3]
                         net (fo=1, routed)           0.000     7.533    p_1_out_i_28_n_0
    SLICE_X97Y70         CARRY4 (Prop_carry4_CI_O[1])
                                                      0.334     7.867 r  p_1_out_i_27/O[1]
                         net (fo=1, routed)           0.410     8.278    p_1_out_i_27_n_6
    SLICE_X101Y70        LUT2 (Prop_lut2_I1_O)        0.303     8.581 r  p_1_out_i_1/O
                         net (fo=18, routed)          0.832     9.412    linienmodule_pid_error[25]
    DSP48_X3Y26          DSP48E1 (Prop_dsp48e1_A[26]_P[4])
                                                      3.841    13.253 r  p_1_out/P[4]
                         net (fo=2, routed)           0.794    14.047    p_1_out_n_101
    SLICE_X94Y65         LUT2 (Prop_lut2_I0_O)        0.124    14.171 r  linienmodule_pid_int_reg[3]_i_5/O
                         net (fo=1, routed)           0.000    14.171    linienmodule_pid_int_reg[3]_i_5_n_0
    SLICE_X94Y65         CARRY4 (Prop_carry4_S[1]_CO[3])
                                                      0.533    14.704 r  linienmodule_pid_int_reg_reg[3]_i_2/CO[3]
                         net (fo=1, routed)           0.000    14.704    linienmodule_pid_int_reg_reg[3]_i_2_n_0
    SLICE_X94Y66         CARRY4 (Prop_carry4_CI_CO[3])
                                                      0.117    14.821 r  linienmodule_pid_int_reg_reg[7]_i_2/CO[3]
                         net (fo=1, routed)           0.000    14.821    linienmodule_pid_int_reg_reg[7]_i_2_n_0
    SLICE_X94Y67         CARRY4 (Prop_carry4_CI_CO[3])
                                                      0.117    14.938 r  linienmodule_pid_int_reg_reg[11]_i_2/CO[3]
                         net (fo=1, routed)           0.000    14.938    linienmodule_pid_int_reg_reg[11]_i_2_n_0
    SLICE_X94Y68         CARRY4 (Prop_carry4_CI_CO[3])
                                                      0.117    15.055 r  linienmodule_pid_int_reg_reg[15]_i_2/CO[3]
                         net (fo=1, routed)           0.000    15.055    linienmodule_pid_int_reg_reg[15]_i_2_n_0
    SLICE_X94Y69         CARRY4 (Prop_carry4_CI_CO[3])
                                                      0.117    15.172 r  linienmodule_pid_int_reg_reg[17]_i_2/CO[3]
                         net (fo=1, routed)           0.000    15.172    linienmodule_pid_int_reg_reg[17]_i_2_n_0
    SLICE_X94Y70         CARRY4 (Prop_carry4_CI_CO[3])
                                                      0.117    15.289 r  linienmodule_pid_int_reg_reg[23]_i_2/CO[3]
                         net (fo=1, routed)           0.000    15.289    linienmodule_pid_int_reg_reg[23]_i_2_n_0
    SLICE_X94Y71         CARRY4 (Prop_carry4_CI_CO[3])
                                                      0.117    15.406 r  linienmodule_pid_int_reg_reg[27]_i_2/CO[3]
                         net (fo=1, routed)           0.000    15.406    linienmodule_pid_int_reg_reg[27]_i_2_n_0
    SLICE_X94Y72         CARRY4 (Prop_carry4_CI_CO[3])
                                                      0.117    15.523 r  linienmodule_pid_int_reg_reg[31]_i_2/CO[3]
                         net (fo=1, routed)           0.000    15.523    linienmodule_pid_int_reg_reg[31]_i_2_n_0
    SLICE_X94Y73         CARRY4 (Prop_carry4_CI_CO[3])
                                                      0.117    15.640 r  linienmodule_pid_int_reg_reg[35]_i_2/CO[3]
                         net (fo=1, routed)           0.000    15.640    linienmodule_pid_int_reg_reg[35]_i_2_n_0
    SLICE_X94Y74         CARRY4 (Prop_carry4_CI_CO[3])
                                                      0.117    15.757 r  linienmodule_pid_int_reg_reg[39]_i_2/CO[3]
                         net (fo=1, routed)           0.009    15.766    linienmodule_pid_int_reg_reg[39]_i_2_n_0
    SLICE_X94Y75         CARRY4 (Prop_carry4_CI_CO[3])
                                                      0.117    15.883 f  linienmodule_pid_int_reg_reg[42]_i_5/CO[3]
                         net (fo=4, routed)           1.088    16.971    linienmodule_pid_int_reg_reg[42]_i_5_n_0
    SLICE_X96Y73         LUT2 (Prop_lut2_I1_O)        0.124    17.095 r  linienmodule_pid_int_reg[42]_i_16/O
                         net (fo=1, routed)           0.000    17.095    linienmodule_pid_int_reg[42]_i_16_n_0
    SLICE_X96Y73         CARRY4 (Prop_carry4_S[1]_CO[1])
                                                      0.492    17.587 r  linienmodule_pid_int_reg_reg[42]_i_6/CO[1]
                         net (fo=43, routed)          0.660    18.247    linienmodule_pid_int_reg_reg[42]_i_6_n_2
    SLICE_X101Y73        LUT3 (Prop_lut3_I2_O)        0.332    18.579 r  linienmodule_pid_int_reg[10]_i_1/O
                         net (fo=1, routed)           0.000    18.579    linienmodule_pid_int_reg[10]_i_1_n_0
    SLICE_X101Y73        FDRE                                         r  linienmodule_pid_int_reg_reg[10]/D
  -------------------------------------------------------------------    -------------------

                         (clock clk_2 rise edge)      8.000     8.000 r  
    U18                                               0.000     8.000 r  clk125_p (IN)
                         net (fo=0)                   0.000     8.000    clk125_p
    U18                  IBUFDS (Prop_ibufds_I_O)     0.909     8.909 r  IBUFGDS/O
                         net (fo=1, routed)           2.006    10.915    clk_adci
    BUFGCTRL_X0Y17       BUFG (Prop_bufg_I_O)         0.092    11.007 r  BUFG/O
                         net (fo=1, routed)           1.634    12.641    clk_adcb
    PLLE2_ADV_X1Y0       PLLE2_ADV (Prop_plle2_adv_CLKIN1_CLKOUT2)
                                                     -3.442     9.199 r  PLLE2_BASE/CLKOUT2
                         net (fo=1, routed)           1.720    10.919    clk_2
    BUFGCTRL_X0Y0        BUFG (Prop_bufg_I_O)         0.091    11.010 r  BUFG_4/O
                         net (fo=11300, routed)       1.596    12.605    sys_clk
    SLICE_X101Y73        FDRE                                         r  linienmodule_pid_int_reg_reg[10]/C
                         clock pessimism              0.366    12.971    
                         clock uncertainty           -0.069    12.902    
    SLICE_X101Y73        FDRE (Setup_fdre_C_D)        0.031    12.933    linienmodule_pid_int_reg_reg[10]
  -------------------------------------------------------------------
                         required time                         12.933    
                         arrival time                         -18.579    
  -------------------------------------------------------------------
                         slack                                 -5.646    

Slack (VIOLATED) :        -5.640ns  (required time - arrival time)
  Source:                 linienmodule_pid_only_mode_storage_full_reg/C
                            (rising edge-triggered cell FDRE clocked by clk_2  {rise@0.000ns fall@4.000ns period=8.000ns})
  Destination:            linienmodule_pid_int_reg_reg[29]/D
                            (rising edge-triggered cell FDRE clocked by clk_2  {rise@0.000ns fall@4.000ns period=8.000ns})
  Path Group:             clk_2
  Path Type:              Setup (Max at Slow Process Corner)
  Requirement:            8.000ns  (clk_2 rise@8.000ns - clk_2 rise@0.000ns)
  Data Path Delay:        13.580ns  (logic 8.993ns (66.221%)  route 4.587ns (33.779%))
  Logic Levels:           25  (CARRY4=19 DSP48E1=1 LUT2=3 LUT3=2)
  Clock Path Skew:        -0.070ns (DCD - SCD + CPR)
    Destination Clock Delay (DCD):    4.605ns = ( 12.605 - 8.000 ) 
    Source Clock Delay      (SCD):    5.041ns
    Clock Pessimism Removal (CPR):    0.366ns
  Clock Uncertainty:      0.069ns  ((TSJ^2 + DJ^2)^1/2) / 2 + PE
    Total System Jitter     (TSJ):    0.071ns
    Discrete Jitter          (DJ):    0.118ns
    Phase Error              (PE):    0.000ns

    Location             Delay type                Incr(ns)  Path(ns)    Netlist Resource(s)
  -------------------------------------------------------------------    -------------------
                         (clock clk_2 rise edge)      0.000     0.000 r  
    U18                                               0.000     0.000 r  clk125_p (IN)
                         net (fo=0)                   0.000     0.000    clk125_p
    U18                  IBUFDS (Prop_ibufds_I_O)     0.951     0.951 r  IBUFGDS/O
                         net (fo=1, routed)           2.205     3.156    clk_adci
    BUFGCTRL_X0Y17       BUFG (Prop_bufg_I_O)         0.102     3.258 r  BUFG/O
                         net (fo=1, routed)           1.831     5.089    clk_adcb
    PLLE2_ADV_X1Y0       PLLE2_ADV (Prop_plle2_adv_CLKIN1_CLKOUT2)
                                                     -3.812     1.277 r  PLLE2_BASE/CLKOUT2
                         net (fo=1, routed)           1.883     3.160    clk_2
    BUFGCTRL_X0Y0        BUFG (Prop_bufg_I_O)         0.101     3.261 r  BUFG_4/O
                         net (fo=11300, routed)       1.780     5.041    sys_clk
    SLICE_X96Y65         FDRE                                         r  linienmodule_pid_only_mode_storage_full_reg/C
  -------------------------------------------------------------------    -------------------
    SLICE_X96Y65         FDRE (Prop_fdre_C_Q)         0.518     5.559 r  linienmodule_pid_only_mode_storage_full_reg/Q
                         net (fo=26, routed)          0.748     6.307    linienmodule_pid_only_mode_storage
    SLICE_X97Y64         LUT3 (Prop_lut3_I0_O)        0.124     6.431 r  p_1_out_i_83/O
                         net (fo=1, routed)           0.000     6.431    p_1_out_i_83_n_0
    SLICE_X97Y64         CARRY4 (Prop_carry4_S[0]_CO[3])
                                                      0.532     6.963 r  p_1_out_i_33/CO[3]
                         net (fo=1, routed)           0.000     6.963    p_1_out_i_33_n_0
    SLICE_X97Y65         CARRY4 (Prop_carry4_CI_CO[3])
                                                      0.114     7.077 r  p_1_out_i_32/CO[3]
                         net (fo=1, routed)           0.000     7.077    p_1_out_i_32_n_0
    SLICE_X97Y66         CARRY4 (Prop_carry4_CI_CO[3])
                                                      0.114     7.191 r  p_1_out_i_31/CO[3]
                         net (fo=1, routed)           0.000     7.191    p_1_out_i_31_n_0
    SLICE_X97Y67         CARRY4 (Prop_carry4_CI_CO[3])
                                                      0.114     7.305 r  p_1_out_i_30/CO[3]
                         net (fo=1, routed)           0.000     7.305    p_1_out_i_30_n_0
    SLICE_X97Y68         CARRY4 (Prop_carry4_CI_CO[3])
                                                      0.114     7.419 r  p_1_out_i_29/CO[3]
                         net (fo=1, routed)           0.000     7.419    p_1_out_i_29_n_0
    SLICE_X97Y69         CARRY4 (Prop_carry4_CI_CO[3])
                                                      0.114     7.533 r  p_1_out_i_28/CO[3]
                         net (fo=1, routed)           0.000     7.533    p_1_out_i_28_n_0
    SLICE_X97Y70         CARRY4 (Prop_carry4_CI_O[1])
                                                      0.334     7.867 r  p_1_out_i_27/O[1]
                         net (fo=1, routed)           0.410     8.278    p_1_out_i_27_n_6
    SLICE_X101Y70        LUT2 (Prop_lut2_I1_O)        0.303     8.581 r  p_1_out_i_1/O
                         net (fo=18, routed)          0.832     9.412    linienmodule_pid_error[25]
    DSP48_X3Y26          DSP48E1 (Prop_dsp48e1_A[26]_P[4])
                                                      3.841    13.253 r  p_1_out/P[4]
                         net (fo=2, routed)           0.794    14.047    p_1_out_n_101
    SLICE_X94Y65         LUT2 (Prop_lut2_I0_O)        0.124    14.171 r  linienmodule_pid_int_reg[3]_i_5/O
                         net (fo=1, routed)           0.000    14.171    linienmodule_pid_int_reg[3]_i_5_n_0
    SLICE_X94Y65         CARRY4 (Prop_carry4_S[1]_CO[3])
                                                      0.533    14.704 r  linienmodule_pid_int_reg_reg[3]_i_2/CO[3]
                         net (fo=1, routed)           0.000    14.704    linienmodule_pid_int_reg_reg[3]_i_2_n_0
    SLICE_X94Y66         CARRY4 (Prop_carry4_CI_CO[3])
                                                      0.117    14.821 r  linienmodule_pid_int_reg_reg[7]_i_2/CO[3]
                         net (fo=1, routed)           0.000    14.821    linienmodule_pid_int_reg_reg[7]_i_2_n_0
    SLICE_X94Y67         CARRY4 (Prop_carry4_CI_CO[3])
                                                      0.117    14.938 r  linienmodule_pid_int_reg_reg[11]_i_2/CO[3]
                         net (fo=1, routed)           0.000    14.938    linienmodule_pid_int_reg_reg[11]_i_2_n_0
    SLICE_X94Y68         CARRY4 (Prop_carry4_CI_CO[3])
                                                      0.117    15.055 r  linienmodule_pid_int_reg_reg[15]_i_2/CO[3]
                         net (fo=1, routed)           0.000    15.055    linienmodule_pid_int_reg_reg[15]_i_2_n_0
    SLICE_X94Y69         CARRY4 (Prop_carry4_CI_CO[3])
                                                      0.117    15.172 r  linienmodule_pid_int_reg_reg[17]_i_2/CO[3]
                         net (fo=1, routed)           0.000    15.172    linienmodule_pid_int_reg_reg[17]_i_2_n_0
    SLICE_X94Y70         CARRY4 (Prop_carry4_CI_CO[3])
                                                      0.117    15.289 r  linienmodule_pid_int_reg_reg[23]_i_2/CO[3]
                         net (fo=1, routed)           0.000    15.289    linienmodule_pid_int_reg_reg[23]_i_2_n_0
    SLICE_X94Y71         CARRY4 (Prop_carry4_CI_CO[3])
                                                      0.117    15.406 r  linienmodule_pid_int_reg_reg[27]_i_2/CO[3]
                         net (fo=1, routed)           0.000    15.406    linienmodule_pid_int_reg_reg[27]_i_2_n_0
    SLICE_X94Y72         CARRY4 (Prop_carry4_CI_CO[3])
                                                      0.117    15.523 r  linienmodule_pid_int_reg_reg[31]_i_2/CO[3]
                         net (fo=1, routed)           0.000    15.523    linienmodule_pid_int_reg_reg[31]_i_2_n_0
    SLICE_X94Y73         CARRY4 (Prop_carry4_CI_CO[3])
                                                      0.117    15.640 r  linienmodule_pid_int_reg_reg[35]_i_2/CO[3]
                         net (fo=1, routed)           0.000    15.640    linienmodule_pid_int_reg_reg[35]_i_2_n_0
    SLICE_X94Y74         CARRY4 (Prop_carry4_CI_CO[3])
                                                      0.117    15.757 r  linienmodule_pid_int_reg_reg[39]_i_2/CO[3]
                         net (fo=1, routed)           0.009    15.766    linienmodule_pid_int_reg_reg[39]_i_2_n_0
    SLICE_X94Y75         CARRY4 (Prop_carry4_CI_CO[3])
                                                      0.117    15.883 r  linienmodule_pid_int_reg_reg[42]_i_5/CO[3]
                         net (fo=4, routed)           0.925    16.808    linienmodule_pid_int_reg_reg[42]_i_5_n_0
    SLICE_X95Y73         LUT2 (Prop_lut2_I0_O)        0.124    16.932 r  linienmodule_pid_int_reg[42]_i_9/O
                         net (fo=1, routed)           0.000    16.932    linienmodule_pid_int_reg[42]_i_9_n_0
    SLICE_X95Y73         CARRY4 (Prop_carry4_S[1]_CO[1])
                                                      0.491    17.423 r  linienmodule_pid_int_reg_reg[42]_i_4/CO[1]
                         net (fo=43, routed)          0.870    18.293    linienmodule_pid_int_reg1
    SLICE_X96Y76         LUT3 (Prop_lut3_I0_O)        0.329    18.622 r  linienmodule_pid_int_reg[29]_i_1/O
                         net (fo=1, routed)           0.000    18.622    linienmodule_pid_int_reg[29]_i_1_n_0
    SLICE_X96Y76         FDRE                                         r  linienmodule_pid_int_reg_reg[29]/D
  -------------------------------------------------------------------    -------------------

                         (clock clk_2 rise edge)      8.000     8.000 r  
    U18                                               0.000     8.000 r  clk125_p (IN)
                         net (fo=0)                   0.000     8.000    clk125_p
    U18                  IBUFDS (Prop_ibufds_I_O)     0.909     8.909 r  IBUFGDS/O
                         net (fo=1, routed)           2.006    10.915    clk_adci
    BUFGCTRL_X0Y17       BUFG (Prop_bufg_I_O)         0.092    11.007 r  BUFG/O
                         net (fo=1, routed)           1.634    12.641    clk_adcb
    PLLE2_ADV_X1Y0       PLLE2_ADV (Prop_plle2_adv_CLKIN1_CLKOUT2)
                                                     -3.442     9.199 r  PLLE2_BASE/CLKOUT2
                         net (fo=1, routed)           1.720    10.919    clk_2
    BUFGCTRL_X0Y0        BUFG (Prop_bufg_I_O)         0.091    11.010 r  BUFG_4/O
                         net (fo=11300, routed)       1.596    12.605    sys_clk
    SLICE_X96Y76         FDRE                                         r  linienmodule_pid_int_reg_reg[29]/C
                         clock pessimism              0.366    12.971    
                         clock uncertainty           -0.069    12.902    
    SLICE_X96Y76         FDRE (Setup_fdre_C_D)        0.079    12.981    linienmodule_pid_int_reg_reg[29]
  -------------------------------------------------------------------
                         required time                         12.981    
                         arrival time                         -18.622    
  -------------------------------------------------------------------
                         slack                                 -5.640    

Slack (VIOLATED) :        -5.640ns  (required time - arrival time)
  Source:                 linienmodule_pid_only_mode_storage_full_reg/C
                            (rising edge-triggered cell FDRE clocked by clk_2  {rise@0.000ns fall@4.000ns period=8.000ns})
  Destination:            linienmodule_pid_int_reg_reg[25]/D
                            (rising edge-triggered cell FDRE clocked by clk_2  {rise@0.000ns fall@4.000ns period=8.000ns})
  Path Group:             clk_2
  Path Type:              Setup (Max at Slow Process Corner)
  Requirement:            8.000ns  (clk_2 rise@8.000ns - clk_2 rise@0.000ns)
  Data Path Delay:        13.578ns  (logic 8.993ns (66.234%)  route 4.585ns (33.766%))
  Logic Levels:           25  (CARRY4=19 DSP48E1=1 LUT2=3 LUT3=2)
  Clock Path Skew:        -0.072ns (DCD - SCD + CPR)
    Destination Clock Delay (DCD):    4.603ns = ( 12.603 - 8.000 ) 
    Source Clock Delay      (SCD):    5.041ns
    Clock Pessimism Removal (CPR):    0.366ns
  Clock Uncertainty:      0.069ns  ((TSJ^2 + DJ^2)^1/2) / 2 + PE
    Total System Jitter     (TSJ):    0.071ns
    Discrete Jitter          (DJ):    0.118ns
    Phase Error              (PE):    0.000ns

    Location             Delay type                Incr(ns)  Path(ns)    Netlist Resource(s)
  -------------------------------------------------------------------    -------------------
                         (clock clk_2 rise edge)      0.000     0.000 r  
    U18                                               0.000     0.000 r  clk125_p (IN)
                         net (fo=0)                   0.000     0.000    clk125_p
    U18                  IBUFDS (Prop_ibufds_I_O)     0.951     0.951 r  IBUFGDS/O
                         net (fo=1, routed)           2.205     3.156    clk_adci
    BUFGCTRL_X0Y17       BUFG (Prop_bufg_I_O)         0.102     3.258 r  BUFG/O
                         net (fo=1, routed)           1.831     5.089    clk_adcb
    PLLE2_ADV_X1Y0       PLLE2_ADV (Prop_plle2_adv_CLKIN1_CLKOUT2)
                                                     -3.812     1.277 r  PLLE2_BASE/CLKOUT2
                         net (fo=1, routed)           1.883     3.160    clk_2
    BUFGCTRL_X0Y0        BUFG (Prop_bufg_I_O)         0.101     3.261 r  BUFG_4/O
                         net (fo=11300, routed)       1.780     5.041    sys_clk
    SLICE_X96Y65         FDRE                                         r  linienmodule_pid_only_mode_storage_full_reg/C
  -------------------------------------------------------------------    -------------------
    SLICE_X96Y65         FDRE (Prop_fdre_C_Q)         0.518     5.559 r  linienmodule_pid_only_mode_storage_full_reg/Q
                         net (fo=26, routed)          0.748     6.307    linienmodule_pid_only_mode_storage
    SLICE_X97Y64         LUT3 (Prop_lut3_I0_O)        0.124     6.431 r  p_1_out_i_83/O
                         net (fo=1, routed)           0.000     6.431    p_1_out_i_83_n_0
    SLICE_X97Y64         CARRY4 (Prop_carry4_S[0]_CO[3])
                                                      0.532     6.963 r  p_1_out_i_33/CO[3]
                         net (fo=1, routed)           0.000     6.963    p_1_out_i_33_n_0
    SLICE_X97Y65         CARRY4 (Prop_carry4_CI_CO[3])
                                                      0.114     7.077 r  p_1_out_i_32/CO[3]
                         net (fo=1, routed)           0.000     7.077    p_1_out_i_32_n_0
    SLICE_X97Y66         CARRY4 (Prop_carry4_CI_CO[3])
                                                      0.114     7.191 r  p_1_out_i_31/CO[3]
                         net (fo=1, routed)           0.000     7.191    p_1_out_i_31_n_0
    SLICE_X97Y67         CARRY4 (Prop_carry4_CI_CO[3])
                                                      0.114     7.305 r  p_1_out_i_30/CO[3]
                         net (fo=1, routed)           0.000     7.305    p_1_out_i_30_n_0
    SLICE_X97Y68         CARRY4 (Prop_carry4_CI_CO[3])
                                                      0.114     7.419 r  p_1_out_i_29/CO[3]
                         net (fo=1, routed)           0.000     7.419    p_1_out_i_29_n_0
    SLICE_X97Y69         CARRY4 (Prop_carry4_CI_CO[3])
                                                      0.114     7.533 r  p_1_out_i_28/CO[3]
                         net (fo=1, routed)           0.000     7.533    p_1_out_i_28_n_0
    SLICE_X97Y70         CARRY4 (Prop_carry4_CI_O[1])
                                                      0.334     7.867 r  p_1_out_i_27/O[1]
                         net (fo=1, routed)           0.410     8.278    p_1_out_i_27_n_6
    SLICE_X101Y70        LUT2 (Prop_lut2_I1_O)        0.303     8.581 r  p_1_out_i_1/O
                         net (fo=18, routed)          0.832     9.412    linienmodule_pid_error[25]
    DSP48_X3Y26          DSP48E1 (Prop_dsp48e1_A[26]_P[4])
                                                      3.841    13.253 r  p_1_out/P[4]
                         net (fo=2, routed)           0.794    14.047    p_1_out_n_101
    SLICE_X94Y65         LUT2 (Prop_lut2_I0_O)        0.124    14.171 r  linienmodule_pid_int_reg[3]_i_5/O
                         net (fo=1, routed)           0.000    14.171    linienmodule_pid_int_reg[3]_i_5_n_0
    SLICE_X94Y65         CARRY4 (Prop_carry4_S[1]_CO[3])
                                                      0.533    14.704 r  linienmodule_pid_int_reg_reg[3]_i_2/CO[3]
                         net (fo=1, routed)           0.000    14.704    linienmodule_pid_int_reg_reg[3]_i_2_n_0
    SLICE_X94Y66         CARRY4 (Prop_carry4_CI_CO[3])
                                                      0.117    14.821 r  linienmodule_pid_int_reg_reg[7]_i_2/CO[3]
                         net (fo=1, routed)           0.000    14.821    linienmodule_pid_int_reg_reg[7]_i_2_n_0
    SLICE_X94Y67         CARRY4 (Prop_carry4_CI_CO[3])
                                                      0.117    14.938 r  linienmodule_pid_int_reg_reg[11]_i_2/CO[3]
                         net (fo=1, routed)           0.000    14.938    linienmodule_pid_int_reg_reg[11]_i_2_n_0
    SLICE_X94Y68         CARRY4 (Prop_carry4_CI_CO[3])
                                                      0.117    15.055 r  linienmodule_pid_int_reg_reg[15]_i_2/CO[3]
                         net (fo=1, routed)           0.000    15.055    linienmodule_pid_int_reg_reg[15]_i_2_n_0
    SLICE_X94Y69         CARRY4 (Prop_carry4_CI_CO[3])
                                                      0.117    15.172 r  linienmodule_pid_int_reg_reg[17]_i_2/CO[3]
                         net (fo=1, routed)           0.000    15.172    linienmodule_pid_int_reg_reg[17]_i_2_n_0
    SLICE_X94Y70         CARRY4 (Prop_carry4_CI_CO[3])
                                                      0.117    15.289 r  linienmodule_pid_int_reg_reg[23]_i_2/CO[3]
                         net (fo=1, routed)           0.000    15.289    linienmodule_pid_int_reg_reg[23]_i_2_n_0
    SLICE_X94Y71         CARRY4 (Prop_carry4_CI_CO[3])
                                                      0.117    15.406 r  linienmodule_pid_int_reg_reg[27]_i_2/CO[3]
                         net (fo=1, routed)           0.000    15.406    linienmodule_pid_int_reg_reg[27]_i_2_n_0
    SLICE_X94Y72         CARRY4 (Prop_carry4_CI_CO[3])
                                                      0.117    15.523 r  linienmodule_pid_int_reg_reg[31]_i_2/CO[3]
                         net (fo=1, routed)           0.000    15.523    linienmodule_pid_int_reg_reg[31]_i_2_n_0
    SLICE_X94Y73         CARRY4 (Prop_carry4_CI_CO[3])
                                                      0.117    15.640 r  linienmodule_pid_int_reg_reg[35]_i_2/CO[3]
                         net (fo=1, routed)           0.000    15.640    linienmodule_pid_int_reg_reg[35]_i_2_n_0
    SLICE_X94Y74         CARRY4 (Prop_carry4_CI_CO[3])
                                                      0.117    15.757 r  linienmodule_pid_int_reg_reg[39]_i_2/CO[3]
                         net (fo=1, routed)           0.009    15.766    linienmodule_pid_int_reg_reg[39]_i_2_n_0
    SLICE_X94Y75         CARRY4 (Prop_carry4_CI_CO[3])
                                                      0.117    15.883 r  linienmodule_pid_int_reg_reg[42]_i_5/CO[3]
                         net (fo=4, routed)           0.925    16.808    linienmodule_pid_int_reg_reg[42]_i_5_n_0
    SLICE_X95Y73         LUT2 (Prop_lut2_I0_O)        0.124    16.932 r  linienmodule_pid_int_reg[42]_i_9/O
                         net (fo=1, routed)           0.000    16.932    linienmodule_pid_int_reg[42]_i_9_n_0
    SLICE_X95Y73         CARRY4 (Prop_carry4_S[1]_CO[1])
                                                      0.491    17.423 r  linienmodule_pid_int_reg_reg[42]_i_4/CO[1]
                         net (fo=43, routed)          0.867    18.290    linienmodule_pid_int_reg1
    SLICE_X96Y75         LUT3 (Prop_lut3_I0_O)        0.329    18.619 r  linienmodule_pid_int_reg[25]_i_1/O
                         net (fo=1, routed)           0.000    18.619    linienmodule_pid_int_reg[25]_i_1_n_0
    SLICE_X96Y75         FDRE                                         r  linienmodule_pid_int_reg_reg[25]/D
  -------------------------------------------------------------------    -------------------

                         (clock clk_2 rise edge)      8.000     8.000 r  
    U18                                               0.000     8.000 r  clk125_p (IN)
                         net (fo=0)                   0.000     8.000    clk125_p
    U18                  IBUFDS (Prop_ibufds_I_O)     0.909     8.909 r  IBUFGDS/O
                         net (fo=1, routed)           2.006    10.915    clk_adci
    BUFGCTRL_X0Y17       BUFG (Prop_bufg_I_O)         0.092    11.007 r  BUFG/O
                         net (fo=1, routed)           1.634    12.641    clk_adcb
    PLLE2_ADV_X1Y0       PLLE2_ADV (Prop_plle2_adv_CLKIN1_CLKOUT2)
                                                     -3.442     9.199 r  PLLE2_BASE/CLKOUT2
                         net (fo=1, routed)           1.720    10.919    clk_2
    BUFGCTRL_X0Y0        BUFG (Prop_bufg_I_O)         0.091    11.010 r  BUFG_4/O
                         net (fo=11300, routed)       1.594    12.603    sys_clk
    SLICE_X96Y75         FDRE                                         r  linienmodule_pid_int_reg_reg[25]/C
                         clock pessimism              0.366    12.969    
                         clock uncertainty           -0.069    12.900    
    SLICE_X96Y75         FDRE (Setup_fdre_C_D)        0.079    12.979    linienmodule_pid_int_reg_reg[25]
  -------------------------------------------------------------------
                         required time                         12.979    
                         arrival time                         -18.619    
  -------------------------------------------------------------------
                         slack                                 -5.640    

Slack (VIOLATED) :        -5.636ns  (required time - arrival time)
  Source:                 linienmodule_pid_only_mode_storage_full_reg/C
                            (rising edge-triggered cell FDRE clocked by clk_2  {rise@0.000ns fall@4.000ns period=8.000ns})
  Destination:            linienmodule_pid_int_reg_reg[11]/D
                            (rising edge-triggered cell FDRE clocked by clk_2  {rise@0.000ns fall@4.000ns period=8.000ns})
  Path Group:             clk_2
  Path Type:              Setup (Max at Slow Process Corner)
  Requirement:            8.000ns  (clk_2 rise@8.000ns - clk_2 rise@0.000ns)
  Data Path Delay:        13.529ns  (logic 8.993ns (66.471%)  route 4.536ns (33.529%))
  Logic Levels:           25  (CARRY4=19 DSP48E1=1 LUT2=3 LUT3=2)
  Clock Path Skew:        -0.069ns (DCD - SCD + CPR)
    Destination Clock Delay (DCD):    4.606ns = ( 12.606 - 8.000 ) 
    Source Clock Delay      (SCD):    5.041ns
    Clock Pessimism Removal (CPR):    0.366ns
  Clock Uncertainty:      0.069ns  ((TSJ^2 + DJ^2)^1/2) / 2 + PE
    Total System Jitter     (TSJ):    0.071ns
    Discrete Jitter          (DJ):    0.118ns
    Phase Error              (PE):    0.000ns

    Location             Delay type                Incr(ns)  Path(ns)    Netlist Resource(s)
  -------------------------------------------------------------------    -------------------
                         (clock clk_2 rise edge)      0.000     0.000 r  
    U18                                               0.000     0.000 r  clk125_p (IN)
                         net (fo=0)                   0.000     0.000    clk125_p
    U18                  IBUFDS (Prop_ibufds_I_O)     0.951     0.951 r  IBUFGDS/O
                         net (fo=1, routed)           2.205     3.156    clk_adci
    BUFGCTRL_X0Y17       BUFG (Prop_bufg_I_O)         0.102     3.258 r  BUFG/O
                         net (fo=1, routed)           1.831     5.089    clk_adcb
    PLLE2_ADV_X1Y0       PLLE2_ADV (Prop_plle2_adv_CLKIN1_CLKOUT2)
                                                     -3.812     1.277 r  PLLE2_BASE/CLKOUT2
                         net (fo=1, routed)           1.883     3.160    clk_2
    BUFGCTRL_X0Y0        BUFG (Prop_bufg_I_O)         0.101     3.261 r  BUFG_4/O
                         net (fo=11300, routed)       1.780     5.041    sys_clk
    SLICE_X96Y65         FDRE                                         r  linienmodule_pid_only_mode_storage_full_reg/C
  -------------------------------------------------------------------    -------------------
    SLICE_X96Y65         FDRE (Prop_fdre_C_Q)         0.518     5.559 r  linienmodule_pid_only_mode_storage_full_reg/Q
                         net (fo=26, routed)          0.748     6.307    linienmodule_pid_only_mode_storage
    SLICE_X97Y64         LUT3 (Prop_lut3_I0_O)        0.124     6.431 r  p_1_out_i_83/O
                         net (fo=1, routed)           0.000     6.431    p_1_out_i_83_n_0
    SLICE_X97Y64         CARRY4 (Prop_carry4_S[0]_CO[3])
                                                      0.532     6.963 r  p_1_out_i_33/CO[3]
                         net (fo=1, routed)           0.000     6.963    p_1_out_i_33_n_0
    SLICE_X97Y65         CARRY4 (Prop_carry4_CI_CO[3])
                                                      0.114     7.077 r  p_1_out_i_32/CO[3]
                         net (fo=1, routed)           0.000     7.077    p_1_out_i_32_n_0
    SLICE_X97Y66         CARRY4 (Prop_carry4_CI_CO[3])
                                                      0.114     7.191 r  p_1_out_i_31/CO[3]
                         net (fo=1, routed)           0.000     7.191    p_1_out_i_31_n_0
    SLICE_X97Y67         CARRY4 (Prop_carry4_CI_CO[3])
                                                      0.114     7.305 r  p_1_out_i_30/CO[3]
                         net (fo=1, routed)           0.000     7.305    p_1_out_i_30_n_0
    SLICE_X97Y68         CARRY4 (Prop_carry4_CI_CO[3])
                                                      0.114     7.419 r  p_1_out_i_29/CO[3]
                         net (fo=1, routed)           0.000     7.419    p_1_out_i_29_n_0
    SLICE_X97Y69         CARRY4 (Prop_carry4_CI_CO[3])
                                                      0.114     7.533 r  p_1_out_i_28/CO[3]
                         net (fo=1, routed)           0.000     7.533    p_1_out_i_28_n_0
    SLICE_X97Y70         CARRY4 (Prop_carry4_CI_O[1])
                                                      0.334     7.867 r  p_1_out_i_27/O[1]
                         net (fo=1, routed)           0.410     8.278    p_1_out_i_27_n_6
    SLICE_X101Y70        LUT2 (Prop_lut2_I1_O)        0.303     8.581 r  p_1_out_i_1/O
                         net (fo=18, routed)          0.832     9.412    linienmodule_pid_error[25]
    DSP48_X3Y26          DSP48E1 (Prop_dsp48e1_A[26]_P[4])
                                                      3.841    13.253 r  p_1_out/P[4]
                         net (fo=2, routed)           0.794    14.047    p_1_out_n_101
    SLICE_X94Y65         LUT2 (Prop_lut2_I0_O)        0.124    14.171 r  linienmodule_pid_int_reg[3]_i_5/O
                         net (fo=1, routed)           0.000    14.171    linienmodule_pid_int_reg[3]_i_5_n_0
    SLICE_X94Y65         CARRY4 (Prop_carry4_S[1]_CO[3])
                                                      0.533    14.704 r  linienmodule_pid_int_reg_reg[3]_i_2/CO[3]
                         net (fo=1, routed)           0.000    14.704    linienmodule_pid_int_reg_reg[3]_i_2_n_0
    SLICE_X94Y66         CARRY4 (Prop_carry4_CI_CO[3])
                                                      0.117    14.821 r  linienmodule_pid_int_reg_reg[7]_i_2/CO[3]
                         net (fo=1, routed)           0.000    14.821    linienmodule_pid_int_reg_reg[7]_i_2_n_0
    SLICE_X94Y67         CARRY4 (Prop_carry4_CI_CO[3])
                                                      0.117    14.938 r  linienmodule_pid_int_reg_reg[11]_i_2/CO[3]
                         net (fo=1, routed)           0.000    14.938    linienmodule_pid_int_reg_reg[11]_i_2_n_0
    SLICE_X94Y68         CARRY4 (Prop_carry4_CI_CO[3])
                                                      0.117    15.055 r  linienmodule_pid_int_reg_reg[15]_i_2/CO[3]
                         net (fo=1, routed)           0.000    15.055    linienmodule_pid_int_reg_reg[15]_i_2_n_0
    SLICE_X94Y69         CARRY4 (Prop_carry4_CI_CO[3])
                                                      0.117    15.172 r  linienmodule_pid_int_reg_reg[17]_i_2/CO[3]
                         net (fo=1, routed)           0.000    15.172    linienmodule_pid_int_reg_reg[17]_i_2_n_0
    SLICE_X94Y70         CARRY4 (Prop_carry4_CI_CO[3])
                                                      0.117    15.289 r  linienmodule_pid_int_reg_reg[23]_i_2/CO[3]
                         net (fo=1, routed)           0.000    15.289    linienmodule_pid_int_reg_reg[23]_i_2_n_0
    SLICE_X94Y71         CARRY4 (Prop_carry4_CI_CO[3])
                                                      0.117    15.406 r  linienmodule_pid_int_reg_reg[27]_i_2/CO[3]
                         net (fo=1, routed)           0.000    15.406    linienmodule_pid_int_reg_reg[27]_i_2_n_0
    SLICE_X94Y72         CARRY4 (Prop_carry4_CI_CO[3])
                                                      0.117    15.523 r  linienmodule_pid_int_reg_reg[31]_i_2/CO[3]
                         net (fo=1, routed)           0.000    15.523    linienmodule_pid_int_reg_reg[31]_i_2_n_0
    SLICE_X94Y73         CARRY4 (Prop_carry4_CI_CO[3])
                                                      0.117    15.640 r  linienmodule_pid_int_reg_reg[35]_i_2/CO[3]
                         net (fo=1, routed)           0.000    15.640    linienmodule_pid_int_reg_reg[35]_i_2_n_0
    SLICE_X94Y74         CARRY4 (Prop_carry4_CI_CO[3])
                                                      0.117    15.757 r  linienmodule_pid_int_reg_reg[39]_i_2/CO[3]
                         net (fo=1, routed)           0.009    15.766    linienmodule_pid_int_reg_reg[39]_i_2_n_0
    SLICE_X94Y75         CARRY4 (Prop_carry4_CI_CO[3])
                                                      0.117    15.883 r  linienmodule_pid_int_reg_reg[42]_i_5/CO[3]
                         net (fo=4, routed)           0.925    16.808    linienmodule_pid_int_reg_reg[42]_i_5_n_0
    SLICE_X95Y73         LUT2 (Prop_lut2_I0_O)        0.124    16.932 r  linienmodule_pid_int_reg[42]_i_9/O
                         net (fo=1, routed)           0.000    16.932    linienmodule_pid_int_reg[42]_i_9_n_0
    SLICE_X95Y73         CARRY4 (Prop_carry4_S[1]_CO[1])
                                                      0.491    17.423 f  linienmodule_pid_int_reg_reg[42]_i_4/CO[1]
                         net (fo=43, routed)          0.819    18.242    linienmodule_pid_int_reg1
    SLICE_X101Y72        LUT3 (Prop_lut3_I0_O)        0.329    18.571 r  linienmodule_pid_int_reg[11]_i_1/O
                         net (fo=1, routed)           0.000    18.571    linienmodule_pid_int_reg[11]_i_1_n_0
    SLICE_X101Y72        FDRE                                         r  linienmodule_pid_int_reg_reg[11]/D
  -------------------------------------------------------------------    -------------------

                         (clock clk_2 rise edge)      8.000     8.000 r  
    U18                                               0.000     8.000 r  clk125_p (IN)
                         net (fo=0)                   0.000     8.000    clk125_p
    U18                  IBUFDS (Prop_ibufds_I_O)     0.909     8.909 r  IBUFGDS/O
                         net (fo=1, routed)           2.006    10.915    clk_adci
    BUFGCTRL_X0Y17       BUFG (Prop_bufg_I_O)         0.092    11.007 r  BUFG/O
                         net (fo=1, routed)           1.634    12.641    clk_adcb
    PLLE2_ADV_X1Y0       PLLE2_ADV (Prop_plle2_adv_CLKIN1_CLKOUT2)
                                                     -3.442     9.199 r  PLLE2_BASE/CLKOUT2
                         net (fo=1, routed)           1.720    10.919    clk_2
    BUFGCTRL_X0Y0        BUFG (Prop_bufg_I_O)         0.091    11.010 r  BUFG_4/O
                         net (fo=11300, routed)       1.597    12.606    sys_clk
    SLICE_X101Y72        FDRE                                         r  linienmodule_pid_int_reg_reg[11]/C
                         clock pessimism              0.366    12.972    
                         clock uncertainty           -0.069    12.903    
    SLICE_X101Y72        FDRE (Setup_fdre_C_D)        0.031    12.934    linienmodule_pid_int_reg_reg[11]
  -------------------------------------------------------------------
                         required time                         12.934    
                         arrival time                         -18.571    
  -------------------------------------------------------------------
                         slack                                 -5.636    





Min Delay Paths
--------------------------------------------------------------------------------------
Slack (MET) :             0.050ns  (arrival time - required time)
  Source:                 sequence_top/u_chirp_gen/rate_reg[15]/C
                            (rising edge-triggered cell FDRE clocked by clk_2  {rise@0.000ns fall@4.000ns period=8.000ns})
  Destination:            sequence_top/u_chirp_gen/cur_rate_reg[15]/D
                            (rising edge-triggered cell FDRE clocked by clk_2  {rise@0.000ns fall@4.000ns period=8.000ns})
  Path Group:             clk_2
  Path Type:              Hold (Min at Fast Process Corner)
  Requirement:            0.000ns  (clk_2 rise@0.000ns - clk_2 rise@0.000ns)
  Data Path Delay:        0.506ns  (logic 0.289ns (57.089%)  route 0.217ns (42.911%))
  Logic Levels:           2  (CARRY4=1 LUT5=1)
  Clock Path Skew:        0.351ns (DCD - SCD - CPR)
    Destination Clock Delay (DCD):    2.106ns
    Source Clock Delay      (SCD):    1.659ns
    Clock Pessimism Removal (CPR):    0.096ns

    Location             Delay type                Incr(ns)  Path(ns)    Netlist Resource(s)
  -------------------------------------------------------------------    -------------------
                         (clock clk_2 rise edge)      0.000     0.000 r  
    U18                                               0.000     0.000 r  clk125_p (IN)
                         net (fo=0)                   0.000     0.000    clk125_p
    U18                  IBUFDS (Prop_ibufds_I_O)     0.370     0.370 r  IBUFGDS/O
                         net (fo=1, routed)           0.674     1.044    clk_adci
    BUFGCTRL_X0Y17       BUFG (Prop_bufg_I_O)         0.027     1.071 r  BUFG/O
                         net (fo=1, routed)           0.602     1.673    clk_adcb
    PLLE2_ADV_X1Y0       PLLE2_ADV (Prop_plle2_adv_CLKIN1_CLKOUT2)
                                                     -1.169     0.503 r  PLLE2_BASE/CLKOUT2
                         net (fo=1, routed)           0.544     1.047    clk_2
    BUFGCTRL_X0Y0        BUFG (Prop_bufg_I_O)         0.026     1.073 r  BUFG_4/O
                         net (fo=11300, routed)       0.586     1.659    sequence_top/u_chirp_gen/sys_clk
    SLICE_X89Y99         FDRE                                         r  sequence_top/u_chirp_gen/rate_reg[15]/C
  -------------------------------------------------------------------    -------------------
    SLICE_X89Y99         FDRE (Prop_fdre_C_Q)         0.128     1.787 r  sequence_top/u_chirp_gen/rate_reg[15]/Q
                         net (fo=1, routed)           0.217     2.004    sequence_top/u_chirp_gen/rate_reg_n_0_[15]
    SLICE_X88Y100        LUT5 (Prop_lut5_I4_O)        0.098     2.102 r  sequence_top/u_chirp_gen/cur_rate[12]_i_6/O
                         net (fo=1, routed)           0.000     2.102    sequence_top/u_chirp_gen/cur_rate[12]_i_6_n_0
    SLICE_X88Y100        CARRY4 (Prop_carry4_S[3]_O[3])
                                                      0.063     2.165 r  sequence_top/u_chirp_gen/cur_rate_reg[12]_i_1/O[3]
                         net (fo=1, routed)           0.000     2.165    sequence_top/u_chirp_gen/cur_rate_reg[12]_i_1_n_4
    SLICE_X88Y100        FDRE                                         r  sequence_top/u_chirp_gen/cur_rate_reg[15]/D
  -------------------------------------------------------------------    -------------------

                         (clock clk_2 rise edge)      0.000     0.000 r  
    U18                                               0.000     0.000 r  clk125_p (IN)
                         net (fo=0)                   0.000     0.000    clk125_p
    U18                  IBUFDS (Prop_ibufds_I_O)     0.401     0.401 r  IBUFGDS/O
                         net (fo=1, routed)           0.731     1.132    clk_adci
    BUFGCTRL_X0Y17       BUFG (Prop_bufg_I_O)         0.030     1.162 r  BUFG/O
                         net (fo=1, routed)           0.869     2.031    clk_adcb
    PLLE2_ADV_X1Y0       PLLE2_ADV (Prop_plle2_adv_CLKIN1_CLKOUT2)
                                                     -1.488     0.543 r  PLLE2_BASE/CLKOUT2
                         net (fo=1, routed)           0.592     1.135    clk_2
    BUFGCTRL_X0Y0        BUFG (Prop_bufg_I_O)         0.029     1.164 r  BUFG_4/O
                         net (fo=11300, routed)       0.942     2.106    sequence_top/u_chirp_gen/sys_clk
    SLICE_X88Y100        FDRE                                         r  sequence_top/u_chirp_gen/cur_rate_reg[15]/C
                         clock pessimism             -0.096     2.010    
    SLICE_X88Y100        FDRE (Hold_fdre_C_D)         0.105     2.115    sequence_top/u_chirp_gen/cur_rate_reg[15]
  -------------------------------------------------------------------
                         required time                         -2.115    
                         arrival time                           2.165    
  -------------------------------------------------------------------
                         slack                                  0.050    

Slack (MET) :             0.050ns  (arrival time - required time)
  Source:                 linienmodule_dna_status_reg[20]/C
                            (rising edge-triggered cell FDRE clocked by clk_2  {rise@0.000ns fall@4.000ns period=8.000ns})
  Destination:            linienmodule_dna_status_reg[21]/D
                            (rising edge-triggered cell FDRE clocked by clk_2  {rise@0.000ns fall@4.000ns period=8.000ns})
  Path Group:             clk_2
  Path Type:              Hold (Min at Fast Process Corner)
  Requirement:            0.000ns  (clk_2 rise@0.000ns - clk_2 rise@0.000ns)
  Data Path Delay:        0.387ns  (logic 0.164ns (42.327%)  route 0.223ns (57.673%))
  Logic Levels:           0  
  Clock Path Skew:        0.267ns (DCD - SCD - CPR)
    Destination Clock Delay (DCD):    1.990ns
    Source Clock Delay      (SCD):    1.627ns
    Clock Pessimism Removal (CPR):    0.096ns

    Location             Delay type                Incr(ns)  Path(ns)    Netlist Resource(s)
  -------------------------------------------------------------------    -------------------
                         (clock clk_2 rise edge)      0.000     0.000 r  
    U18                                               0.000     0.000 r  clk125_p (IN)
                         net (fo=0)                   0.000     0.000    clk125_p
    U18                  IBUFDS (Prop_ibufds_I_O)     0.370     0.370 r  IBUFGDS/O
                         net (fo=1, routed)           0.674     1.044    clk_adci
    BUFGCTRL_X0Y17       BUFG (Prop_bufg_I_O)         0.027     1.071 r  BUFG/O
                         net (fo=1, routed)           0.602     1.673    clk_adcb
    PLLE2_ADV_X1Y0       PLLE2_ADV (Prop_plle2_adv_CLKIN1_CLKOUT2)
                                                     -1.169     0.503 r  PLLE2_BASE/CLKOUT2
                         net (fo=1, routed)           0.544     1.047    clk_2
    BUFGCTRL_X0Y0        BUFG (Prop_bufg_I_O)         0.026     1.073 r  BUFG_4/O
                         net (fo=11300, routed)       0.554     1.627    sys_clk
    SLICE_X50Y95         FDRE                                         r  linienmodule_dna_status_reg[20]/C
  -------------------------------------------------------------------    -------------------
    SLICE_X50Y95         FDRE (Prop_fdre_C_Q)         0.164     1.791 r  linienmodule_dna_status_reg[20]/Q
                         net (fo=2, routed)           0.223     2.014    data5[4]
    SLICE_X47Y94         FDRE                                         r  linienmodule_dna_status_reg[21]/D
  -------------------------------------------------------------------    -------------------

                         (clock clk_2 rise edge)      0.000     0.000 r  
    U18                                               0.000     0.000 r  clk125_p (IN)
                         net (fo=0)                   0.000     0.000    clk125_p
    U18                  IBUFDS (Prop_ibufds_I_O)     0.401     0.401 r  IBUFGDS/O
                         net (fo=1, routed)           0.731     1.132    clk_adci
    BUFGCTRL_X0Y17       BUFG (Prop_bufg_I_O)         0.030     1.162 r  BUFG/O
                         net (fo=1, routed)           0.869     2.031    clk_adcb
    PLLE2_ADV_X1Y0       PLLE2_ADV (Prop_plle2_adv_CLKIN1_CLKOUT2)
                                                     -1.488     0.543 r  PLLE2_BASE/CLKOUT2
                         net (fo=1, routed)           0.592     1.135    clk_2
    BUFGCTRL_X0Y0        BUFG (Prop_bufg_I_O)         0.029     1.164 r  BUFG_4/O
                         net (fo=11300, routed)       0.826     1.990    sys_clk
    SLICE_X47Y94         FDRE                                         r  linienmodule_dna_status_reg[21]/C
                         clock pessimism             -0.096     1.894    
    SLICE_X47Y94         FDRE (Hold_fdre_C_D)         0.070     1.964    linienmodule_dna_status_reg[21]
  -------------------------------------------------------------------
                         required time                         -1.964    
                         arrival time                           2.014    
  -------------------------------------------------------------------
                         slack                                  0.050    

Slack (MET) :             0.052ns  (arrival time - required time)
  Source:                 linienmodule_mod_cordic_z1_reg[8]/C
                            (rising edge-triggered cell FDRE clocked by clk_2  {rise@0.000ns fall@4.000ns period=8.000ns})
  Destination:            linienmodule_mod_cordic_z2_reg[9]/D
                            (rising edge-triggered cell FDRE clocked by clk_2  {rise@0.000ns fall@4.000ns period=8.000ns})
  Path Group:             clk_2
  Path Type:              Hold (Min at Fast Process Corner)
  Requirement:            0.000ns  (clk_2 rise@0.000ns - clk_2 rise@0.000ns)
  Data Path Delay:        0.421ns  (logic 0.249ns (59.115%)  route 0.172ns (40.885%))
  Logic Levels:           2  (CARRY4=1 LUT2=1)
  Clock Path Skew:        0.264ns (DCD - SCD - CPR)
    Destination Clock Delay (DCD):    1.974ns
    Source Clock Delay      (SCD):    1.614ns
    Clock Pessimism Removal (CPR):    0.096ns

    Location             Delay type                Incr(ns)  Path(ns)    Netlist Resource(s)
  -------------------------------------------------------------------    -------------------
                         (clock clk_2 rise edge)      0.000     0.000 r  
    U18                                               0.000     0.000 r  clk125_p (IN)
                         net (fo=0)                   0.000     0.000    clk125_p
    U18                  IBUFDS (Prop_ibufds_I_O)     0.370     0.370 r  IBUFGDS/O
                         net (fo=1, routed)           0.674     1.044    clk_adci
    BUFGCTRL_X0Y17       BUFG (Prop_bufg_I_O)         0.027     1.071 r  BUFG/O
                         net (fo=1, routed)           0.602     1.673    clk_adcb
    PLLE2_ADV_X1Y0       PLLE2_ADV (Prop_plle2_adv_CLKIN1_CLKOUT2)
                                                     -1.169     0.503 r  PLLE2_BASE/CLKOUT2
                         net (fo=1, routed)           0.544     1.047    clk_2
    BUFGCTRL_X0Y0        BUFG (Prop_bufg_I_O)         0.026     1.073 r  BUFG_4/O
                         net (fo=11300, routed)       0.541     1.614    sys_clk
    SLICE_X52Y75         FDRE                                         r  linienmodule_mod_cordic_z1_reg[8]/C
  -------------------------------------------------------------------    -------------------
    SLICE_X52Y75         FDRE (Prop_fdre_C_Q)         0.141     1.755 r  linienmodule_mod_cordic_z1_reg[8]/Q
                         net (fo=2, routed)           0.172     1.927    linienmodule_mod_cordic_z1[8]
    SLICE_X49Y75         LUT2 (Prop_lut2_I1_O)        0.045     1.972 r  linienmodule_mod_cordic_z2[9]_i_3/O
                         net (fo=1, routed)           0.000     1.972    linienmodule_mod_cordic_z2[9]_i_3_n_0
    SLICE_X49Y75         CARRY4 (Prop_carry4_S[3]_O[3])
                                                      0.063     2.035 r  linienmodule_mod_cordic_z2_reg[9]_i_1/O[3]
                         net (fo=1, routed)           0.000     2.035    linienmodule_mod_cordic_z2_reg[9]_i_1_n_4
    SLICE_X49Y75         FDRE                                         r  linienmodule_mod_cordic_z2_reg[9]/D
  -------------------------------------------------------------------    -------------------

                         (clock clk_2 rise edge)      0.000     0.000 r  
    U18                                               0.000     0.000 r  clk125_p (IN)
                         net (fo=0)                   0.000     0.000    clk125_p
    U18                  IBUFDS (Prop_ibufds_I_O)     0.401     0.401 r  IBUFGDS/O
                         net (fo=1, routed)           0.731     1.132    clk_adci
    BUFGCTRL_X0Y17       BUFG (Prop_bufg_I_O)         0.030     1.162 r  BUFG/O
                         net (fo=1, routed)           0.869     2.031    clk_adcb
    PLLE2_ADV_X1Y0       PLLE2_ADV (Prop_plle2_adv_CLKIN1_CLKOUT2)
                                                     -1.488     0.543 r  PLLE2_BASE/CLKOUT2
                         net (fo=1, routed)           0.592     1.135    clk_2
    BUFGCTRL_X0Y0        BUFG (Prop_bufg_I_O)         0.029     1.164 r  BUFG_4/O
                         net (fo=11300, routed)       0.810     1.974    sys_clk
    SLICE_X49Y75         FDRE                                         r  linienmodule_mod_cordic_z2_reg[9]/C
                         clock pessimism             -0.096     1.878    
    SLICE_X49Y75         FDRE (Hold_fdre_C_D)         0.105     1.983    linienmodule_mod_cordic_z2_reg[9]
  -------------------------------------------------------------------
                         required time                         -1.983    
                         arrival time                           2.035    
  -------------------------------------------------------------------
                         slack                                  0.052    

Slack (MET) :             0.052ns  (arrival time - required time)
  Source:                 linienmodule_mod_cordic_z1_reg[8]/C
                            (rising edge-triggered cell FDRE clocked by clk_2  {rise@0.000ns fall@4.000ns period=8.000ns})
  Destination:            linienmodule_mod_cordic_z2_reg[8]/D
                            (rising edge-triggered cell FDRE clocked by clk_2  {rise@0.000ns fall@4.000ns period=8.000ns})
  Path Group:             clk_2
  Path Type:              Hold (Min at Fast Process Corner)
  Requirement:            0.000ns  (clk_2 rise@0.000ns - clk_2 rise@0.000ns)
  Data Path Delay:        0.421ns  (logic 0.252ns (59.828%)  route 0.169ns (40.172%))
  Logic Levels:           2  (CARRY4=1 LUT2=1)
  Clock Path Skew:        0.264ns (DCD - SCD - CPR)
    Destination Clock Delay (DCD):    1.974ns
    Source Clock Delay      (SCD):    1.614ns
    Clock Pessimism Removal (CPR):    0.096ns

    Location             Delay type                Incr(ns)  Path(ns)    Netlist Resource(s)
  -------------------------------------------------------------------    -------------------
                         (clock clk_2 rise edge)      0.000     0.000 r  
    U18                                               0.000     0.000 r  clk125_p (IN)
                         net (fo=0)                   0.000     0.000    clk125_p
    U18                  IBUFDS (Prop_ibufds_I_O)     0.370     0.370 r  IBUFGDS/O
                         net (fo=1, routed)           0.674     1.044    clk_adci
    BUFGCTRL_X0Y17       BUFG (Prop_bufg_I_O)         0.027     1.071 r  BUFG/O
                         net (fo=1, routed)           0.602     1.673    clk_adcb
    PLLE2_ADV_X1Y0       PLLE2_ADV (Prop_plle2_adv_CLKIN1_CLKOUT2)
                                                     -1.169     0.503 r  PLLE2_BASE/CLKOUT2
                         net (fo=1, routed)           0.544     1.047    clk_2
    BUFGCTRL_X0Y0        BUFG (Prop_bufg_I_O)         0.026     1.073 r  BUFG_4/O
                         net (fo=11300, routed)       0.541     1.614    sys_clk
    SLICE_X52Y75         FDRE                                         r  linienmodule_mod_cordic_z1_reg[8]/C
  -------------------------------------------------------------------    -------------------
    SLICE_X52Y75         FDRE (Prop_fdre_C_Q)         0.141     1.755 r  linienmodule_mod_cordic_z1_reg[8]/Q
                         net (fo=2, routed)           0.169     1.924    linienmodule_mod_cordic_z1[8]
    SLICE_X49Y75         LUT2 (Prop_lut2_I1_O)        0.045     1.969 r  linienmodule_mod_cordic_z2[9]_i_4/O
                         net (fo=1, routed)           0.000     1.969    linienmodule_mod_cordic_z2[9]_i_4_n_0
    SLICE_X49Y75         CARRY4 (Prop_carry4_S[2]_O[2])
                                                      0.066     2.035 r  linienmodule_mod_cordic_z2_reg[9]_i_1/O[2]
                         net (fo=1, routed)           0.000     2.035    linienmodule_mod_cordic_z2_reg[9]_i_1_n_5
    SLICE_X49Y75         FDRE                                         r  linienmodule_mod_cordic_z2_reg[8]/D
  -------------------------------------------------------------------    -------------------

                         (clock clk_2 rise edge)      0.000     0.000 r  
    U18                                               0.000     0.000 r  clk125_p (IN)
                         net (fo=0)                   0.000     0.000    clk125_p
    U18                  IBUFDS (Prop_ibufds_I_O)     0.401     0.401 r  IBUFGDS/O
                         net (fo=1, routed)           0.731     1.132    clk_adci
    BUFGCTRL_X0Y17       BUFG (Prop_bufg_I_O)         0.030     1.162 r  BUFG/O
                         net (fo=1, routed)           0.869     2.031    clk_adcb
    PLLE2_ADV_X1Y0       PLLE2_ADV (Prop_plle2_adv_CLKIN1_CLKOUT2)
                                                     -1.488     0.543 r  PLLE2_BASE/CLKOUT2
                         net (fo=1, routed)           0.592     1.135    clk_2
    BUFGCTRL_X0Y0        BUFG (Prop_bufg_I_O)         0.029     1.164 r  BUFG_4/O
                         net (fo=11300, routed)       0.810     1.974    sys_clk
    SLICE_X49Y75         FDRE                                         r  linienmodule_mod_cordic_z2_reg[8]/C
                         clock pessimism             -0.096     1.878    
    SLICE_X49Y75         FDRE (Hold_fdre_C_D)         0.105     1.983    linienmodule_mod_cordic_z2_reg[8]
  -------------------------------------------------------------------
                         required time                         -1.983    
                         arrival time                           2.035    
  -------------------------------------------------------------------
                         slack                                  0.052    

Slack (MET) :             0.053ns  (arrival time - required time)
  Source:                 linienmodule_dna_status_reg[57]/C
                            (rising edge-triggered cell FDRE clocked by clk_2  {rise@0.000ns fall@4.000ns period=8.000ns})
  Destination:            linienmodule_interface0_bank_bus_dat_r_reg[1]/D
                            (rising edge-triggered cell FDRE clocked by clk_2  {rise@0.000ns fall@4.000ns period=8.000ns})
  Path Group:             clk_2
  Path Type:              Hold (Min at Fast Process Corner)
  Requirement:            0.000ns  (clk_2 rise@0.000ns - clk_2 rise@0.000ns)
  Data Path Delay:        0.447ns  (logic 0.259ns (57.916%)  route 0.188ns (42.084%))
  Logic Levels:           2  (LUT6=1 MUXF7=1)
  Clock Path Skew:        0.260ns (DCD - SCD - CPR)
    Destination Clock Delay (DCD):    1.987ns
    Source Clock Delay      (SCD):    1.631ns
    Clock Pessimism Removal (CPR):    0.096ns

    Location             Delay type                Incr(ns)  Path(ns)    Netlist Resource(s)
  -------------------------------------------------------------------    -------------------
                         (clock clk_2 rise edge)      0.000     0.000 r  
    U18                                               0.000     0.000 r  clk125_p (IN)
                         net (fo=0)                   0.000     0.000    clk125_p
    U18                  IBUFDS (Prop_ibufds_I_O)     0.370     0.370 r  IBUFGDS/O
                         net (fo=1, routed)           0.674     1.044    clk_adci
    BUFGCTRL_X0Y17       BUFG (Prop_bufg_I_O)         0.027     1.071 r  BUFG/O
                         net (fo=1, routed)           0.602     1.673    clk_adcb
    PLLE2_ADV_X1Y0       PLLE2_ADV (Prop_plle2_adv_CLKIN1_CLKOUT2)
                                                     -1.169     0.503 r  PLLE2_BASE/CLKOUT2
                         net (fo=1, routed)           0.544     1.047    clk_2
    BUFGCTRL_X0Y0        BUFG (Prop_bufg_I_O)         0.026     1.073 r  BUFG_4/O
                         net (fo=11300, routed)       0.558     1.631    sys_clk
    SLICE_X49Y98         FDRE                                         r  linienmodule_dna_status_reg[57]/C
  -------------------------------------------------------------------    -------------------
    SLICE_X49Y98         FDRE (Prop_fdre_C_Q)         0.141     1.772 r  linienmodule_dna_status_reg[57]/Q
                         net (fo=2, routed)           0.188     1.960    linienmodule_dna_status_reg_n_0_[57]
    SLICE_X50Y97         LUT6 (Prop_lut6_I5_O)        0.045     2.005 r  linienmodule_interface0_bank_bus_dat_r[1]_i_2/O
                         net (fo=1, routed)           0.000     2.005    linienmodule_interface0_bank_bus_dat_r[1]_i_2_n_0
    SLICE_X50Y97         MUXF7 (Prop_muxf7_I0_O)      0.073     2.078 r  linienmodule_interface0_bank_bus_dat_r_reg[1]_i_1/O
                         net (fo=1, routed)           0.000     2.078    linienmodule_interface0_bank_bus_dat_r[1]
    SLICE_X50Y97         FDRE                                         r  linienmodule_interface0_bank_bus_dat_r_reg[1]/D
  -------------------------------------------------------------------    -------------------

                         (clock clk_2 rise edge)      0.000     0.000 r  
    U18                                               0.000     0.000 r  clk125_p (IN)
                         net (fo=0)                   0.000     0.000    clk125_p
    U18                  IBUFDS (Prop_ibufds_I_O)     0.401     0.401 r  IBUFGDS/O
                         net (fo=1, routed)           0.731     1.132    clk_adci
    BUFGCTRL_X0Y17       BUFG (Prop_bufg_I_O)         0.030     1.162 r  BUFG/O
                         net (fo=1, routed)           0.869     2.031    clk_adcb
    PLLE2_ADV_X1Y0       PLLE2_ADV (Prop_plle2_adv_CLKIN1_CLKOUT2)
                                                     -1.488     0.543 r  PLLE2_BASE/CLKOUT2
                         net (fo=1, routed)           0.592     1.135    clk_2
    BUFGCTRL_X0Y0        BUFG (Prop_bufg_I_O)         0.029     1.164 r  BUFG_4/O
                         net (fo=11300, routed)       0.823     1.987    sys_clk
    SLICE_X50Y97         FDRE                                         r  linienmodule_interface0_bank_bus_dat_r_reg[1]/C
                         clock pessimism             -0.096     1.891    
    SLICE_X50Y97         FDRE (Hold_fdre_C_D)         0.134     2.025    linienmodule_interface0_bank_bus_dat_r_reg[1]
  -------------------------------------------------------------------
                         required time                         -2.025    
                         arrival time                           2.078    
  -------------------------------------------------------------------
                         slack                                  0.053    

Slack (MET) :             0.054ns  (arrival time - required time)
  Source:                 linienmodule_fast_a_z5_reg[13]/C
                            (rising edge-triggered cell FDRE clocked by clk_2  {rise@0.000ns fall@4.000ns period=8.000ns})
  Destination:            linienmodule_fast_a_z6_reg[14]/D
                            (rising edge-triggered cell FDRE clocked by clk_2  {rise@0.000ns fall@4.000ns period=8.000ns})
  Path Group:             clk_2
  Path Type:              Hold (Min at Fast Process Corner)
  Requirement:            0.000ns  (clk_2 rise@0.000ns - clk_2 rise@0.000ns)
  Data Path Delay:        0.428ns  (logic 0.251ns (58.608%)  route 0.177ns (41.392%))
  Logic Levels:           2  (CARRY4=1 LUT2=1)
  Clock Path Skew:        0.269ns (DCD - SCD - CPR)
    Destination Clock Delay (DCD):    1.992ns
    Source Clock Delay      (SCD):    1.632ns
    Clock Pessimism Removal (CPR):    0.091ns

    Location             Delay type                Incr(ns)  Path(ns)    Netlist Resource(s)
  -------------------------------------------------------------------    -------------------
                         (clock clk_2 rise edge)      0.000     0.000 r  
    U18                                               0.000     0.000 r  clk125_p (IN)
                         net (fo=0)                   0.000     0.000    clk125_p
    U18                  IBUFDS (Prop_ibufds_I_O)     0.370     0.370 r  IBUFGDS/O
                         net (fo=1, routed)           0.674     1.044    clk_adci
    BUFGCTRL_X0Y17       BUFG (Prop_bufg_I_O)         0.027     1.071 r  BUFG/O
                         net (fo=1, routed)           0.602     1.673    clk_adcb
    PLLE2_ADV_X1Y0       PLLE2_ADV (Prop_plle2_adv_CLKIN1_CLKOUT2)
                                                     -1.169     0.503 r  PLLE2_BASE/CLKOUT2
                         net (fo=1, routed)           0.544     1.047    clk_2
    BUFGCTRL_X0Y0        BUFG (Prop_bufg_I_O)         0.026     1.073 r  BUFG_4/O
                         net (fo=11300, routed)       0.559     1.632    sys_clk
    SLICE_X44Y51         FDRE                                         r  linienmodule_fast_a_z5_reg[13]/C
  -------------------------------------------------------------------    -------------------
    SLICE_X44Y51         FDRE (Prop_fdre_C_Q)         0.141     1.773 r  linienmodule_fast_a_z5_reg[13]/Q
                         net (fo=3, routed)           0.177     1.950    linienmodule_fast_a_z5_reg_n_0_[13]
    SLICE_X47Y49         LUT2 (Prop_lut2_I0_O)        0.045     1.995 r  linienmodule_fast_a_z6[16]_i_4/O
                         net (fo=1, routed)           0.000     1.995    linienmodule_fast_a_z6[16]_i_4_n_0
    SLICE_X47Y49         CARRY4 (Prop_carry4_S[1]_O[1])
                                                      0.065     2.060 r  linienmodule_fast_a_z6_reg[16]_i_1/O[1]
                         net (fo=1, routed)           0.000     2.060    linienmodule_fast_a_z6_reg[16]_i_1_n_6
    SLICE_X47Y49         FDRE                                         r  linienmodule_fast_a_z6_reg[14]/D
  -------------------------------------------------------------------    -------------------

                         (clock clk_2 rise edge)      0.000     0.000 r  
    U18                                               0.000     0.000 r  clk125_p (IN)
                         net (fo=0)                   0.000     0.000    clk125_p
    U18                  IBUFDS (Prop_ibufds_I_O)     0.401     0.401 r  IBUFGDS/O
                         net (fo=1, routed)           0.731     1.132    clk_adci
    BUFGCTRL_X0Y17       BUFG (Prop_bufg_I_O)         0.030     1.162 r  BUFG/O
                         net (fo=1, routed)           0.869     2.031    clk_adcb
    PLLE2_ADV_X1Y0       PLLE2_ADV (Prop_plle2_adv_CLKIN1_CLKOUT2)
                                                     -1.488     0.543 r  PLLE2_BASE/CLKOUT2
                         net (fo=1, routed)           0.592     1.135    clk_2
    BUFGCTRL_X0Y0        BUFG (Prop_bufg_I_O)         0.029     1.164 r  BUFG_4/O
                         net (fo=11300, routed)       0.828     1.992    sys_clk
    SLICE_X47Y49         FDRE                                         r  linienmodule_fast_a_z6_reg[14]/C
                         clock pessimism             -0.091     1.901    
    SLICE_X47Y49         FDRE (Hold_fdre_C_D)         0.105     2.006    linienmodule_fast_a_z6_reg[14]
  -------------------------------------------------------------------
                         required time                         -2.006    
                         arrival time                           2.060    
  -------------------------------------------------------------------
                         slack                                  0.054    

Slack (MET) :             0.055ns  (arrival time - required time)
  Source:                 linienmodule_chain_b_offset_storage_full_reg[0]/C
                            (rising edge-triggered cell FDRE clocked by clk_2  {rise@0.000ns fall@4.000ns period=8.000ns})
  Destination:            linienmodule_chain_b_offset_signed_reg[0]/D
                            (rising edge-triggered cell FDRE clocked by clk_2  {rise@0.000ns fall@4.000ns period=8.000ns})
  Path Group:             clk_2
  Path Type:              Hold (Min at Fast Process Corner)
  Requirement:            0.000ns  (clk_2 rise@0.000ns - clk_2 rise@0.000ns)
  Data Path Delay:        0.396ns  (logic 0.141ns (35.629%)  route 0.255ns (64.371%))
  Logic Levels:           0  
  Clock Path Skew:        0.270ns (DCD - SCD - CPR)
    Destination Clock Delay (DCD):    2.015ns
    Source Clock Delay      (SCD):    1.654ns
    Clock Pessimism Removal (CPR):    0.091ns

    Location             Delay type                Incr(ns)  Path(ns)    Netlist Resource(s)
  -------------------------------------------------------------------    -------------------
                         (clock clk_2 rise edge)      0.000     0.000 r  
    U18                                               0.000     0.000 r  clk125_p (IN)
                         net (fo=0)                   0.000     0.000    clk125_p
    U18                  IBUFDS (Prop_ibufds_I_O)     0.370     0.370 r  IBUFGDS/O
                         net (fo=1, routed)           0.674     1.044    clk_adci
    BUFGCTRL_X0Y17       BUFG (Prop_bufg_I_O)         0.027     1.071 r  BUFG/O
                         net (fo=1, routed)           0.602     1.673    clk_adcb
    PLLE2_ADV_X1Y0       PLLE2_ADV (Prop_plle2_adv_CLKIN1_CLKOUT2)
                                                     -1.169     0.503 r  PLLE2_BASE/CLKOUT2
                         net (fo=1, routed)           0.544     1.047    clk_2
    BUFGCTRL_X0Y0        BUFG (Prop_bufg_I_O)         0.026     1.073 r  BUFG_4/O
                         net (fo=11300, routed)       0.581     1.654    sys_clk
    SLICE_X67Y53         FDRE                                         r  linienmodule_chain_b_offset_storage_full_reg[0]/C
  -------------------------------------------------------------------    -------------------
    SLICE_X67Y53         FDRE (Prop_fdre_C_Q)         0.141     1.795 r  linienmodule_chain_b_offset_storage_full_reg[0]/Q
                         net (fo=2, routed)           0.255     2.050    linienmodule_chain_b_offset_storage_full_reg_n_0_[0]
    SLICE_X65Y46         FDRE                                         r  linienmodule_chain_b_offset_signed_reg[0]/D
  -------------------------------------------------------------------    -------------------

                         (clock clk_2 rise edge)      0.000     0.000 r  
    U18                                               0.000     0.000 r  clk125_p (IN)
                         net (fo=0)                   0.000     0.000    clk125_p
    U18                  IBUFDS (Prop_ibufds_I_O)     0.401     0.401 r  IBUFGDS/O
                         net (fo=1, routed)           0.731     1.132    clk_adci
    BUFGCTRL_X0Y17       BUFG (Prop_bufg_I_O)         0.030     1.162 r  BUFG/O
                         net (fo=1, routed)           0.869     2.031    clk_adcb
    PLLE2_ADV_X1Y0       PLLE2_ADV (Prop_plle2_adv_CLKIN1_CLKOUT2)
                                                     -1.488     0.543 r  PLLE2_BASE/CLKOUT2
                         net (fo=1, routed)           0.592     1.135    clk_2
    BUFGCTRL_X0Y0        BUFG (Prop_bufg_I_O)         0.029     1.164 r  BUFG_4/O
                         net (fo=11300, routed)       0.851     2.015    sys_clk
    SLICE_X65Y46         FDRE                                         r  linienmodule_chain_b_offset_signed_reg[0]/C
                         clock pessimism             -0.091     1.924    
    SLICE_X65Y46         FDRE (Hold_fdre_C_D)         0.070     1.994    linienmodule_chain_b_offset_signed_reg[0]
  -------------------------------------------------------------------
                         required time                         -1.994    
                         arrival time                           2.050    
  -------------------------------------------------------------------
                         slack                                  0.055    

Slack (MET) :             0.060ns  (arrival time - required time)
  Source:                 linienmodule_fast_a_z5_reg[13]/C
                            (rising edge-triggered cell FDRE clocked by clk_2  {rise@0.000ns fall@4.000ns period=8.000ns})
  Destination:            linienmodule_fast_a_z6_reg[13]/D
                            (rising edge-triggered cell FDRE clocked by clk_2  {rise@0.000ns fall@4.000ns period=8.000ns})
  Path Group:             clk_2
  Path Type:              Hold (Min at Fast Process Corner)
  Requirement:            0.000ns  (clk_2 rise@0.000ns - clk_2 rise@0.000ns)
  Data Path Delay:        0.434ns  (logic 0.256ns (58.950%)  route 0.178ns (41.050%))
  Logic Levels:           2  (CARRY4=1 LUT2=1)
  Clock Path Skew:        0.269ns (DCD - SCD - CPR)
    Destination Clock Delay (DCD):    1.992ns
    Source Clock Delay      (SCD):    1.632ns
    Clock Pessimism Removal (CPR):    0.091ns

    Location             Delay type                Incr(ns)  Path(ns)    Netlist Resource(s)
  -------------------------------------------------------------------    -------------------
                         (clock clk_2 rise edge)      0.000     0.000 r  
    U18                                               0.000     0.000 r  clk125_p (IN)
                         net (fo=0)                   0.000     0.000    clk125_p
    U18                  IBUFDS (Prop_ibufds_I_O)     0.370     0.370 r  IBUFGDS/O
                         net (fo=1, routed)           0.674     1.044    clk_adci
    BUFGCTRL_X0Y17       BUFG (Prop_bufg_I_O)         0.027     1.071 r  BUFG/O
                         net (fo=1, routed)           0.602     1.673    clk_adcb
    PLLE2_ADV_X1Y0       PLLE2_ADV (Prop_plle2_adv_CLKIN1_CLKOUT2)
                                                     -1.169     0.503 r  PLLE2_BASE/CLKOUT2
                         net (fo=1, routed)           0.544     1.047    clk_2
    BUFGCTRL_X0Y0        BUFG (Prop_bufg_I_O)         0.026     1.073 r  BUFG_4/O
                         net (fo=11300, routed)       0.559     1.632    sys_clk
    SLICE_X44Y51         FDRE                                         r  linienmodule_fast_a_z5_reg[13]/C
  -------------------------------------------------------------------    -------------------
    SLICE_X44Y51         FDRE (Prop_fdre_C_Q)         0.141     1.773 r  linienmodule_fast_a_z5_reg[13]/Q
                         net (fo=3, routed)           0.178     1.951    linienmodule_fast_a_z5_reg_n_0_[13]
    SLICE_X47Y49         LUT2 (Prop_lut2_I1_O)        0.045     1.996 r  linienmodule_fast_a_z6[16]_i_5/O
                         net (fo=1, routed)           0.000     1.996    linienmodule_fast_a_z6[16]_i_5_n_0
    SLICE_X47Y49         CARRY4 (Prop_carry4_S[0]_O[0])
                                                      0.070     2.066 r  linienmodule_fast_a_z6_reg[16]_i_1/O[0]
                         net (fo=1, routed)           0.000     2.066    linienmodule_fast_a_z6_reg[16]_i_1_n_7
    SLICE_X47Y49         FDRE                                         r  linienmodule_fast_a_z6_reg[13]/D
  -------------------------------------------------------------------    -------------------

                         (clock clk_2 rise edge)      0.000     0.000 r  
    U18                                               0.000     0.000 r  clk125_p (IN)
                         net (fo=0)                   0.000     0.000    clk125_p
    U18                  IBUFDS (Prop_ibufds_I_O)     0.401     0.401 r  IBUFGDS/O
                         net (fo=1, routed)           0.731     1.132    clk_adci
    BUFGCTRL_X0Y17       BUFG (Prop_bufg_I_O)         0.030     1.162 r  BUFG/O
                         net (fo=1, routed)           0.869     2.031    clk_adcb
    PLLE2_ADV_X1Y0       PLLE2_ADV (Prop_plle2_adv_CLKIN1_CLKOUT2)
                                                     -1.488     0.543 r  PLLE2_BASE/CLKOUT2
                         net (fo=1, routed)           0.592     1.135    clk_2
    BUFGCTRL_X0Y0        BUFG (Prop_bufg_I_O)         0.029     1.164 r  BUFG_4/O
                         net (fo=11300, routed)       0.828     1.992    sys_clk
    SLICE_X47Y49         FDRE                                         r  linienmodule_fast_a_z6_reg[13]/C
                         clock pessimism             -0.091     1.901    
    SLICE_X47Y49         FDRE (Hold_fdre_C_D)         0.105     2.006    linienmodule_fast_a_z6_reg[13]
  -------------------------------------------------------------------
                         required time                         -2.006    
                         arrival time                           2.066    
  -------------------------------------------------------------------
                         slack                                  0.060    

Slack (MET) :             0.061ns  (arrival time - required time)
  Source:                 red_pitaya_scope/adc_b_q_sum_reg[31]/C
                            (rising edge-triggered cell FDRE clocked by clk_2  {rise@0.000ns fall@4.000ns period=8.000ns})
  Destination:            red_pitaya_scope/adc_b_q_sum_reg[32]/D
                            (rising edge-triggered cell FDRE clocked by clk_2  {rise@0.000ns fall@4.000ns period=8.000ns})
  Path Group:             clk_2
  Path Type:              Hold (Min at Fast Process Corner)
  Requirement:            0.000ns  (clk_2 rise@0.000ns - clk_2 rise@0.000ns)
  Data Path Delay:        0.544ns  (logic 0.371ns (68.203%)  route 0.173ns (31.797%))
  Logic Levels:           3  (CARRY4=2 LUT4=1)
  Clock Path Skew:        0.349ns (DCD - SCD - CPR)
    Destination Clock Delay (DCD):    2.077ns
    Source Clock Delay      (SCD):    1.632ns
    Clock Pessimism Removal (CPR):    0.096ns

    Location             Delay type                Incr(ns)  Path(ns)    Netlist Resource(s)
  -------------------------------------------------------------------    -------------------
                         (clock clk_2 rise edge)      0.000     0.000 r  
    U18                                               0.000     0.000 r  clk125_p (IN)
                         net (fo=0)                   0.000     0.000    clk125_p
    U18                  IBUFDS (Prop_ibufds_I_O)     0.370     0.370 r  IBUFGDS/O
                         net (fo=1, routed)           0.674     1.044    clk_adci
    BUFGCTRL_X0Y17       BUFG (Prop_bufg_I_O)         0.027     1.071 r  BUFG/O
                         net (fo=1, routed)           0.602     1.673    clk_adcb
    PLLE2_ADV_X1Y0       PLLE2_ADV (Prop_plle2_adv_CLKIN1_CLKOUT2)
                                                     -1.169     0.503 r  PLLE2_BASE/CLKOUT2
                         net (fo=1, routed)           0.544     1.047    clk_2
    BUFGCTRL_X0Y0        BUFG (Prop_bufg_I_O)         0.026     1.073 r  BUFG_4/O
                         net (fo=11300, routed)       0.559     1.632    red_pitaya_scope/sys_clk
    SLICE_X46Y99         FDRE                                         r  red_pitaya_scope/adc_b_q_sum_reg[31]/C
  -------------------------------------------------------------------    -------------------
    SLICE_X46Y99         FDRE (Prop_fdre_C_Q)         0.164     1.796 r  red_pitaya_scope/adc_b_q_sum_reg[31]/Q
                         net (fo=7, routed)           0.172     1.968    red_pitaya_scope/adc_b_q_sum_reg[31]
    SLICE_X46Y99         LUT4 (Prop_lut4_I3_O)        0.045     2.013 r  red_pitaya_scope/adc_b_q_sum[28]_i_6/O
                         net (fo=1, routed)           0.000     2.013    red_pitaya_scope/adc_b_q_sum[28]_i_6_n_0
    SLICE_X46Y99         CARRY4 (Prop_carry4_S[3]_CO[3])
                                                      0.109     2.122 r  red_pitaya_scope/adc_b_q_sum_reg[28]_i_1/CO[3]
                         net (fo=1, routed)           0.001     2.123    red_pitaya_scope/adc_b_q_sum_reg[28]_i_1_n_0
    SLICE_X46Y100        CARRY4 (Prop_carry4_CI_O[0])
                                                      0.053     2.176 r  red_pitaya_scope/adc_b_q_sum_reg[32]_i_1/O[0]
                         net (fo=1, routed)           0.000     2.176    red_pitaya_scope/adc_b_q_sum_reg[32]_i_1_n_7
    SLICE_X46Y100        FDRE                                         r  red_pitaya_scope/adc_b_q_sum_reg[32]/D
  -------------------------------------------------------------------    -------------------

                         (clock clk_2 rise edge)      0.000     0.000 r  
    U18                                               0.000     0.000 r  clk125_p (IN)
                         net (fo=0)                   0.000     0.000    clk125_p
    U18                  IBUFDS (Prop_ibufds_I_O)     0.401     0.401 r  IBUFGDS/O
                         net (fo=1, routed)           0.731     1.132    clk_adci
    BUFGCTRL_X0Y17       BUFG (Prop_bufg_I_O)         0.030     1.162 r  BUFG/O
                         net (fo=1, routed)           0.869     2.031    clk_adcb
    PLLE2_ADV_X1Y0       PLLE2_ADV (Prop_plle2_adv_CLKIN1_CLKOUT2)
                                                     -1.488     0.543 r  PLLE2_BASE/CLKOUT2
                         net (fo=1, routed)           0.592     1.135    clk_2
    BUFGCTRL_X0Y0        BUFG (Prop_bufg_I_O)         0.029     1.164 r  BUFG_4/O
                         net (fo=11300, routed)       0.913     2.077    red_pitaya_scope/sys_clk
    SLICE_X46Y100        FDRE                                         r  red_pitaya_scope/adc_b_q_sum_reg[32]/C
                         clock pessimism             -0.096     1.981    
    SLICE_X46Y100        FDRE (Hold_fdre_C_D)         0.134     2.115    red_pitaya_scope/adc_b_q_sum_reg[32]
  -------------------------------------------------------------------
                         required time                         -2.115    
                         arrival time                           2.176    
  -------------------------------------------------------------------
                         slack                                  0.061    

Slack (MET) :             0.061ns  (arrival time - required time)
  Source:                 linienmodule_fast_b_limitcsr0_min_storage_full1_reg[19]/C
                            (rising edge-triggered cell FDRE clocked by clk_2  {rise@0.000ns fall@4.000ns period=8.000ns})
  Destination:            linienmodule_fast_b_limitcsr0_limit_min1_reg[19]/D
                            (rising edge-triggered cell FDRE clocked by clk_2  {rise@0.000ns fall@4.000ns period=8.000ns})
  Path Group:             clk_2
  Path Type:              Hold (Min at Fast Process Corner)
  Requirement:            0.000ns  (clk_2 rise@0.000ns - clk_2 rise@0.000ns)
  Data Path Delay:        0.398ns  (logic 0.164ns (41.237%)  route 0.234ns (58.763%))
  Logic Levels:           0  
  Clock Path Skew:        0.258ns (DCD - SCD - CPR)
    Destination Clock Delay (DCD):    1.987ns
    Source Clock Delay      (SCD):    1.633ns
    Clock Pessimism Removal (CPR):    0.096ns

    Location             Delay type                Incr(ns)  Path(ns)    Netlist Resource(s)
  -------------------------------------------------------------------    -------------------
                         (clock clk_2 rise edge)      0.000     0.000 r  
    U18                                               0.000     0.000 r  clk125_p (IN)
                         net (fo=0)                   0.000     0.000    clk125_p
    U18                  IBUFDS (Prop_ibufds_I_O)     0.370     0.370 r  IBUFGDS/O
                         net (fo=1, routed)           0.674     1.044    clk_adci
    BUFGCTRL_X0Y17       BUFG (Prop_bufg_I_O)         0.027     1.071 r  BUFG/O
                         net (fo=1, routed)           0.602     1.673    clk_adcb
    PLLE2_ADV_X1Y0       PLLE2_ADV (Prop_plle2_adv_CLKIN1_CLKOUT2)
                                                     -1.169     0.503 r  PLLE2_BASE/CLKOUT2
                         net (fo=1, routed)           0.544     1.047    clk_2
    BUFGCTRL_X0Y0        BUFG (Prop_bufg_I_O)         0.026     1.073 r  BUFG_4/O
                         net (fo=11300, routed)       0.560     1.633    sys_clk
    SLICE_X46Y43         FDRE                                         r  linienmodule_fast_b_limitcsr0_min_storage_full1_reg[19]/C
  -------------------------------------------------------------------    -------------------
    SLICE_X46Y43         FDRE (Prop_fdre_C_Q)         0.164     1.797 r  linienmodule_fast_b_limitcsr0_min_storage_full1_reg[19]/Q
                         net (fo=2, routed)           0.234     2.030    linienmodule_csrbank2_y_limit_1_min2_w[3]
    SLICE_X53Y43         FDRE                                         r  linienmodule_fast_b_limitcsr0_limit_min1_reg[19]/D
  -------------------------------------------------------------------    -------------------

                         (clock clk_2 rise edge)      0.000     0.000 r  
    U18                                               0.000     0.000 r  clk125_p (IN)
                         net (fo=0)                   0.000     0.000    clk125_p
    U18                  IBUFDS (Prop_ibufds_I_O)     0.401     0.401 r  IBUFGDS/O
                         net (fo=1, routed)           0.731     1.132    clk_adci
    BUFGCTRL_X0Y17       BUFG (Prop_bufg_I_O)         0.030     1.162 r  BUFG/O
                         net (fo=1, routed)           0.869     2.031    clk_adcb
    PLLE2_ADV_X1Y0       PLLE2_ADV (Prop_plle2_adv_CLKIN1_CLKOUT2)
                                                     -1.488     0.543 r  PLLE2_BASE/CLKOUT2
                         net (fo=1, routed)           0.592     1.135    clk_2
    BUFGCTRL_X0Y0        BUFG (Prop_bufg_I_O)         0.029     1.164 r  BUFG_4/O
                         net (fo=11300, routed)       0.823     1.987    sys_clk
    SLICE_X53Y43         FDRE                                         r  linienmodule_fast_b_limitcsr0_limit_min1_reg[19]/C
                         clock pessimism             -0.096     1.891    
    SLICE_X53Y43         FDRE (Hold_fdre_C_D)         0.078     1.969    linienmodule_fast_b_limitcsr0_limit_min1_reg[19]
  -------------------------------------------------------------------
                         required time                         -1.969    
                         arrival time                           2.030    
  -------------------------------------------------------------------
                         slack                                  0.061    





Pulse Width Checks
--------------------------------------------------------------------------------------
Clock Name:         clk_2
Waveform(ns):       { 0.000 4.000 }
Period(ns):         8.000
Sources:            { PLLE2_BASE/CLKOUT2 }

Check Type        Corner  Lib Pin             Reference Pin  Required(ns)  Actual(ns)  Slack(ns)  Location        Pin
Min Period        n/a     XADC/DCLK           n/a            4.000         8.000       4.000      XADC_X0Y0       XADC/DCLK
Min Period        n/a     DSP48E1/CLK         n/a            3.884         8.000       4.116      DSP48_X3Y45     sequence_top/u_sinusoid/mult_reg_reg/CLK
Min Period        n/a     RAMB36E1/CLKARDCLK  n/a            2.944         8.000       5.056      RAMB36_X2Y12    red_pitaya_scope/adc_a_buf_reg_0/CLKARDCLK
Min Period        n/a     RAMB36E1/CLKARDCLK  n/a            2.944         8.000       5.056      RAMB36_X2Y11    red_pitaya_scope/adc_a_buf_reg_1/CLKARDCLK
Min Period        n/a     RAMB36E1/CLKARDCLK  n/a            2.944         8.000       5.056      RAMB36_X2Y6     red_pitaya_scope/adc_a_buf_reg_2/CLKARDCLK
Min Period        n/a     RAMB36E1/CLKARDCLK  n/a            2.944         8.000       5.056      RAMB36_X2Y7     red_pitaya_scope/adc_a_buf_reg_3/CLKARDCLK
Min Period        n/a     RAMB36E1/CLKARDCLK  n/a            2.944         8.000       5.056      RAMB36_X1Y7     red_pitaya_scope/adc_a_buf_reg_4/CLKARDCLK
Min Period        n/a     RAMB36E1/CLKARDCLK  n/a            2.944         8.000       5.056      RAMB36_X2Y15    red_pitaya_scope/adc_a_buf_reg_5/CLKARDCLK
Min Period        n/a     RAMB36E1/CLKARDCLK  n/a            2.944         8.000       5.056      RAMB36_X3Y19    red_pitaya_scope/adc_a_buf_reg_6/CLKARDCLK
Min Period        n/a     RAMB36E1/CLKARDCLK  n/a            2.944         8.000       5.056      RAMB36_X2Y10    red_pitaya_scope/adc_a_q_buf_reg_0/CLKARDCLK
Max Period        n/a     PLLE2_ADV/CLKOUT2   n/a            160.000       8.000       152.000    PLLE2_ADV_X1Y0  PLLE2_BASE/CLKOUT2
Low Pulse Width   Slow    FDRE/C              n/a            0.500         4.000       3.500      SLICE_X80Y116   FD/C
Low Pulse Width   Fast    FDRE/C              n/a            0.500         4.000       3.500      SLICE_X80Y116   FD/C
Low Pulse Width   Slow    FDRE/C              n/a            0.500         4.000       3.500      SLICE_X112Y107  FD_lopt_replica/C
Low Pulse Width   Fast    FDRE/C              n/a            0.500         4.000       3.500      SLICE_X112Y107  FD_lopt_replica/C
Low Pulse Width   Slow    FDRE/C              n/a            0.500         4.000       3.500      SLICE_X51Y89    FD_replica/C
Low Pulse Width   Fast    FDRE/C              n/a            0.500         4.000       3.500      SLICE_X51Y89    FD_replica/C
Low Pulse Width   Slow    FDRE/C              n/a            0.500         4.000       3.500      SLICE_X21Y34    FD_replica_1/C
Low Pulse Width   Fast    FDRE/C              n/a            0.500         4.000       3.500      SLICE_X21Y34    FD_replica_1/C
Low Pulse Width   Slow    FDRE/C              n/a            0.500         4.000       3.500      SLICE_X28Y51    FD_replica_10/C
Low Pulse Width   Fast    FDRE/C              n/a            0.500         4.000       3.500      SLICE_X28Y51    FD_replica_10/C
High Pulse Width  Slow    FDRE/C              n/a            0.500         4.000       3.500      SLICE_X80Y116   FD/C
High Pulse Width  Fast    FDRE/C              n/a            0.500         4.000       3.500      SLICE_X80Y116   FD/C
High Pulse Width  Slow    FDRE/C              n/a            0.500         4.000       3.500      SLICE_X112Y107  FD_lopt_replica/C
High Pulse Width  Fast    FDRE/C              n/a            0.500         4.000       3.500      SLICE_X112Y107  FD_lopt_replica/C
High Pulse Width  Slow    FDRE/C              n/a            0.500         4.000       3.500      SLICE_X51Y89    FD_replica/C
High Pulse Width  Fast    FDRE/C              n/a            0.500         4.000       3.500      SLICE_X51Y89    FD_replica/C
High Pulse Width  Slow    FDRE/C              n/a            0.500         4.000       3.500      SLICE_X21Y34    FD_replica_1/C
High Pulse Width  Fast    FDRE/C              n/a            0.500         4.000       3.500      SLICE_X21Y34    FD_replica_1/C
High Pulse Width  Slow    FDRE/C              n/a            0.500         4.000       3.500      SLICE_X28Y51    FD_replica_10/C
High Pulse Width  Fast    FDRE/C              n/a            0.500         4.000       3.500      SLICE_X28Y51    FD_replica_10/C



---------------------------------------------------------------------------------------------------
From Clock:  clk_fb
  To Clock:  clk_fb

Setup :           NA  Failing Endpoints,  Worst Slack           NA  ,  Total Violation           NA
Hold  :           NA  Failing Endpoints,  Worst Slack           NA  ,  Total Violation           NA
PW    :            0  Failing Endpoints,  Worst Slack        5.845ns,  Total Violation        0.000ns
---------------------------------------------------------------------------------------------------


Pulse Width Checks
--------------------------------------------------------------------------------------
Clock Name:         clk_fb
Waveform(ns):       { 0.000 4.000 }
Period(ns):         8.000
Sources:            { PLLE2_BASE/CLKFBOUT }

Check Type  Corner  Lib Pin             Reference Pin  Required(ns)  Actual(ns)  Slack(ns)  Location        Pin
Min Period  n/a     BUFG/I              n/a            2.155         8.000       5.845      BUFGCTRL_X0Y3   BUFG_1/I
Min Period  n/a     PLLE2_ADV/CLKFBOUT  n/a            1.249         8.000       6.751      PLLE2_ADV_X1Y0  PLLE2_BASE/CLKFBOUT
Min Period  n/a     PLLE2_ADV/CLKFBIN   n/a            1.249         8.000       6.751      PLLE2_ADV_X1Y0  PLLE2_BASE/CLKFBIN
Max Period  n/a     PLLE2_ADV/CLKFBIN   n/a            52.633        8.000       44.633     PLLE2_ADV_X1Y0  PLLE2_BASE/CLKFBIN
Max Period  n/a     PLLE2_ADV/CLKFBOUT  n/a            160.000       8.000       152.000    PLLE2_ADV_X1Y0  PLLE2_BASE/CLKFBOUT



---------------------------------------------------------------------------------------------------
From Clock:  clk_fpga_0
  To Clock:  clk_fpga_0

Setup :            0  Failing Endpoints,  Worst Slack        1.032ns,  Total Violation        0.000ns
Hold  :            0  Failing Endpoints,  Worst Slack        0.119ns,  Total Violation        0.000ns
PW    :            0  Failing Endpoints,  Worst Slack        3.500ns,  Total Violation        0.000ns
---------------------------------------------------------------------------------------------------


Max Delay Paths
--------------------------------------------------------------------------------------
Slack (MET) :             1.032ns  (required time - arrival time)
  Source:                 red_pitaya_scope/i_bridge/addr_o_reg[11]/C
                            (rising edge-triggered cell FDRE clocked by clk_fpga_0  {rise@0.000ns fall@4.000ns period=8.000ns})
  Destination:            axi_slave/axi_rdata_o_reg[1]/D
                            (rising edge-triggered cell FDRE clocked by clk_fpga_0  {rise@0.000ns fall@4.000ns period=8.000ns})
  Path Group:             clk_fpga_0
  Path Type:              Setup (Max at Slow Process Corner)
  Requirement:            8.000ns  (clk_fpga_0 rise@8.000ns - clk_fpga_0 rise@0.000ns)
  Data Path Delay:        6.849ns  (logic 1.200ns (17.520%)  route 5.649ns (82.480%))
  Logic Levels:           6  (LUT4=2 LUT5=1 LUT6=3)
  Clock Path Skew:        -0.071ns (DCD - SCD + CPR)
    Destination Clock Delay (DCD):    2.693ns = ( 10.693 - 8.000 ) 
    Source Clock Delay      (SCD):    2.993ns
    Clock Pessimism Removal (CPR):    0.229ns
  Clock Uncertainty:      0.125ns  ((TSJ^2 + TIJ^2)^1/2 + DJ) / 2 + PE
    Total System Jitter     (TSJ):    0.071ns
    Total Input Jitter      (TIJ):    0.240ns
    Discrete Jitter          (DJ):    0.000ns
    Phase Error              (PE):    0.000ns

    Location             Delay type                Incr(ns)  Path(ns)    Netlist Resource(s)
  -------------------------------------------------------------------    -------------------
                         (clock clk_fpga_0 rise edge)
                                                      0.000     0.000 r  
    PS7_X0Y0             PS7                          0.000     0.000 r  system_processing_system7_0_0/inst/PS7_i/FCLKCLK[0]
                         net (fo=1, routed)           1.193     1.193    system_processing_system7_0_0/inst/FCLK_CLK_unbuffered[0]
    BUFGCTRL_X0Y16       BUFG (Prop_bufg_I_O)         0.101     1.294 r  system_processing_system7_0_0/inst/buffer_fclk_clk_0.FCLK_CLK_0_BUFG/O
                         net (fo=244, routed)         1.699     2.993    red_pitaya_scope/i_bridge/FCLK_CLK0
    SLICE_X28Y94         FDRE                                         r  red_pitaya_scope/i_bridge/addr_o_reg[11]/C
  -------------------------------------------------------------------    -------------------
    SLICE_X28Y94         FDRE (Prop_fdre_C_Q)         0.456     3.449 f  red_pitaya_scope/i_bridge/addr_o_reg[11]/Q
                         net (fo=4, routed)           1.609     5.058    red_pitaya_scope/i_bridge/addr_o_reg[15]_0[9]
    SLICE_X29Y96         LUT4 (Prop_lut4_I0_O)        0.124     5.182 f  red_pitaya_scope/i_bridge/set_a_hyst[13]_i_6/O
                         net (fo=2, routed)           0.363     5.544    red_pitaya_scope/i_bridge/set_a_hyst[13]_i_6_n_0
    SLICE_X28Y96         LUT5 (Prop_lut5_I4_O)        0.124     5.668 f  red_pitaya_scope/i_bridge/axi_rdata_o[31]_i_5/O
                         net (fo=2, routed)           0.506     6.174    red_pitaya_scope/i_bridge/axi_rdata_o[31]_i_5_n_0
    SLICE_X28Y98         LUT4 (Prop_lut4_I0_O)        0.124     6.298 f  red_pitaya_scope/i_bridge/axi_rdata_o[24]_i_10/O
                         net (fo=6, routed)           0.751     7.050    axi_slave/lopt_20
    SLICE_X32Y103        LUT6 (Prop_lut6_I0_O)        0.124     7.174 f  axi_slave/i_7_LOPT_REMAP/O
                         net (fo=2, routed)           0.819     7.992    axi_slave/i_7/O_n
    SLICE_X34Y103        LUT6 (Prop_lut6_I5_O)        0.124     8.116 r  axi_slave/i_2_LOPT_REMAP/O
                         net (fo=1, routed)           1.602     9.718    axi_slave/i_2/O_n
    SLICE_X26Y66         LUT6 (Prop_lut6_I2_O)        0.124     9.842 r  axi_slave/i_0_LOPT_REMAP/O
                         net (fo=1, routed)           0.000     9.842    axi_slave/ps_sys_rdata[1]
    SLICE_X26Y66         FDRE                                         r  axi_slave/axi_rdata_o_reg[1]/D
  -------------------------------------------------------------------    -------------------

                         (clock clk_fpga_0 rise edge)
                                                      8.000     8.000 r  
    PS7_X0Y0             PS7                          0.000     8.000 r  system_processing_system7_0_0/inst/PS7_i/FCLKCLK[0]
                         net (fo=1, routed)           1.088     9.088    system_processing_system7_0_0/inst/FCLK_CLK_unbuffered[0]
    BUFGCTRL_X0Y16       BUFG (Prop_bufg_I_O)         0.091     9.179 r  system_processing_system7_0_0/inst/buffer_fclk_clk_0.FCLK_CLK_0_BUFG/O
                         net (fo=244, routed)         1.514    10.693    axi_slave/CLK
    SLICE_X26Y66         FDRE                                         r  axi_slave/axi_rdata_o_reg[1]/C
                         clock pessimism              0.229    10.922    
                         clock uncertainty           -0.125    10.797    
    SLICE_X26Y66         FDRE (Setup_fdre_C_D)        0.077    10.874    axi_slave/axi_rdata_o_reg[1]
  -------------------------------------------------------------------
                         required time                         10.874    
                         arrival time                          -9.842    
  -------------------------------------------------------------------
                         slack                                  1.032    

Slack (MET) :             1.112ns  (required time - arrival time)
  Source:                 red_pitaya_scope/i_bridge/addr_o_reg[11]/C
                            (rising edge-triggered cell FDRE clocked by clk_fpga_0  {rise@0.000ns fall@4.000ns period=8.000ns})
  Destination:            axi_slave/axi_rdata_o_reg[0]/D
                            (rising edge-triggered cell FDRE clocked by clk_fpga_0  {rise@0.000ns fall@4.000ns period=8.000ns})
  Path Group:             clk_fpga_0
  Path Type:              Setup (Max at Slow Process Corner)
  Requirement:            8.000ns  (clk_fpga_0 rise@8.000ns - clk_fpga_0 rise@0.000ns)
  Data Path Delay:        6.763ns  (logic 1.324ns (19.578%)  route 5.439ns (80.422%))
  Logic Levels:           7  (LUT4=2 LUT5=3 LUT6=2)
  Clock Path Skew:        -0.031ns (DCD - SCD + CPR)
    Destination Clock Delay (DCD):    2.698ns = ( 10.698 - 8.000 ) 
    Source Clock Delay      (SCD):    2.993ns
    Clock Pessimism Removal (CPR):    0.264ns
  Clock Uncertainty:      0.125ns  ((TSJ^2 + TIJ^2)^1/2 + DJ) / 2 + PE
    Total System Jitter     (TSJ):    0.071ns
    Total Input Jitter      (TIJ):    0.240ns
    Discrete Jitter          (DJ):    0.000ns
    Phase Error              (PE):    0.000ns

    Location             Delay type                Incr(ns)  Path(ns)    Netlist Resource(s)
  -------------------------------------------------------------------    -------------------
                         (clock clk_fpga_0 rise edge)
                                                      0.000     0.000 r  
    PS7_X0Y0             PS7                          0.000     0.000 r  system_processing_system7_0_0/inst/PS7_i/FCLKCLK[0]
                         net (fo=1, routed)           1.193     1.193    system_processing_system7_0_0/inst/FCLK_CLK_unbuffered[0]
    BUFGCTRL_X0Y16       BUFG (Prop_bufg_I_O)         0.101     1.294 r  system_processing_system7_0_0/inst/buffer_fclk_clk_0.FCLK_CLK_0_BUFG/O
                         net (fo=244, routed)         1.699     2.993    red_pitaya_scope/i_bridge/FCLK_CLK0
    SLICE_X28Y94         FDRE                                         r  red_pitaya_scope/i_bridge/addr_o_reg[11]/C
  -------------------------------------------------------------------    -------------------
    SLICE_X28Y94         FDRE (Prop_fdre_C_Q)         0.456     3.449 f  red_pitaya_scope/i_bridge/addr_o_reg[11]/Q
                         net (fo=4, routed)           1.609     5.058    red_pitaya_scope/i_bridge/addr_o_reg[15]_0[9]
    SLICE_X29Y96         LUT4 (Prop_lut4_I0_O)        0.124     5.182 f  red_pitaya_scope/i_bridge/set_a_hyst[13]_i_6/O
                         net (fo=2, routed)           0.363     5.544    red_pitaya_scope/i_bridge/set_a_hyst[13]_i_6_n_0
    SLICE_X28Y96         LUT5 (Prop_lut5_I4_O)        0.124     5.668 f  red_pitaya_scope/i_bridge/axi_rdata_o[31]_i_5/O
                         net (fo=2, routed)           0.506     6.174    red_pitaya_scope/i_bridge/axi_rdata_o[31]_i_5_n_0
    SLICE_X28Y98         LUT4 (Prop_lut4_I0_O)        0.124     6.298 f  red_pitaya_scope/i_bridge/axi_rdata_o[24]_i_10/O
                         net (fo=6, routed)           0.925     7.223    red_pitaya_scope/i_bridge/axi_rdata_o[24]_i_10_n_0
    SLICE_X34Y104        LUT6 (Prop_lut6_I0_O)        0.124     7.347 f  red_pitaya_scope/i_bridge/i_5_LOPT_REMAP_7/O
                         net (fo=1, routed)           0.423     7.770    red_pitaya_scope/i_bridge/i_5/O_n_7
    SLICE_X34Y105        LUT5 (Prop_lut5_I0_O)        0.124     7.894 f  red_pitaya_scope/i_bridge/i_1_LOPT_REMAP_7/O
                         net (fo=1, routed)           1.351     9.245    red_pitaya_scope/i_bridge/i_1/O_n_7
    SLICE_X29Y84         LUT5 (Prop_lut5_I4_O)        0.124     9.369 r  red_pitaya_scope/i_bridge/i_0_LOPT_REMAP_7_comp/O
                         net (fo=1, routed)           0.263     9.632    axi_slave/linienmodule_scopegen_scope_sys_rdata[0]
    SLICE_X29Y84         LUT6 (Prop_lut6_I4_O)        0.124     9.756 r  axi_slave/axi_rdata_o[0]_i_1_comp/O
                         net (fo=1, routed)           0.000     9.756    axi_slave/ps_sys_rdata[0]
    SLICE_X29Y84         FDRE                                         r  axi_slave/axi_rdata_o_reg[0]/D
  -------------------------------------------------------------------    -------------------

                         (clock clk_fpga_0 rise edge)
                                                      8.000     8.000 r  
    PS7_X0Y0             PS7                          0.000     8.000 r  system_processing_system7_0_0/inst/PS7_i/FCLKCLK[0]
                         net (fo=1, routed)           1.088     9.088    system_processing_system7_0_0/inst/FCLK_CLK_unbuffered[0]
    BUFGCTRL_X0Y16       BUFG (Prop_bufg_I_O)         0.091     9.179 r  system_processing_system7_0_0/inst/buffer_fclk_clk_0.FCLK_CLK_0_BUFG/O
                         net (fo=244, routed)         1.519    10.698    axi_slave/CLK
    SLICE_X29Y84         FDRE                                         r  axi_slave/axi_rdata_o_reg[0]/C
                         clock pessimism              0.264    10.962    
                         clock uncertainty           -0.125    10.837    
    SLICE_X29Y84         FDRE (Setup_fdre_C_D)        0.031    10.868    axi_slave/axi_rdata_o_reg[0]
  -------------------------------------------------------------------
                         required time                         10.868    
                         arrival time                          -9.756    
  -------------------------------------------------------------------
                         slack                                  1.112    

Slack (MET) :             1.117ns  (required time - arrival time)
  Source:                 red_pitaya_scope/i_bridge/addr_o_reg[11]/C
                            (rising edge-triggered cell FDRE clocked by clk_fpga_0  {rise@0.000ns fall@4.000ns period=8.000ns})
  Destination:            axi_slave/axi_rdata_o_reg[22]/D
                            (rising edge-triggered cell FDRE clocked by clk_fpga_0  {rise@0.000ns fall@4.000ns period=8.000ns})
  Path Group:             clk_fpga_0
  Path Type:              Setup (Max at Slow Process Corner)
  Requirement:            8.000ns  (clk_fpga_0 rise@8.000ns - clk_fpga_0 rise@0.000ns)
  Data Path Delay:        6.663ns  (logic 1.076ns (16.149%)  route 5.587ns (83.851%))
  Logic Levels:           5  (LUT3=1 LUT4=2 LUT5=1 LUT6=1)
  Clock Path Skew:        -0.126ns (DCD - SCD + CPR)
    Destination Clock Delay (DCD):    2.752ns = ( 10.752 - 8.000 ) 
    Source Clock Delay      (SCD):    2.993ns
    Clock Pessimism Removal (CPR):    0.115ns
  Clock Uncertainty:      0.125ns  ((TSJ^2 + TIJ^2)^1/2 + DJ) / 2 + PE
    Total System Jitter     (TSJ):    0.071ns
    Total Input Jitter      (TIJ):    0.240ns
    Discrete Jitter          (DJ):    0.000ns
    Phase Error              (PE):    0.000ns

    Location             Delay type                Incr(ns)  Path(ns)    Netlist Resource(s)
  -------------------------------------------------------------------    -------------------
                         (clock clk_fpga_0 rise edge)
                                                      0.000     0.000 r  
    PS7_X0Y0             PS7                          0.000     0.000 r  system_processing_system7_0_0/inst/PS7_i/FCLKCLK[0]
                         net (fo=1, routed)           1.193     1.193    system_processing_system7_0_0/inst/FCLK_CLK_unbuffered[0]
    BUFGCTRL_X0Y16       BUFG (Prop_bufg_I_O)         0.101     1.294 r  system_processing_system7_0_0/inst/buffer_fclk_clk_0.FCLK_CLK_0_BUFG/O
                         net (fo=244, routed)         1.699     2.993    red_pitaya_scope/i_bridge/FCLK_CLK0
    SLICE_X28Y94         FDRE                                         r  red_pitaya_scope/i_bridge/addr_o_reg[11]/C
  -------------------------------------------------------------------    -------------------
    SLICE_X28Y94         FDRE (Prop_fdre_C_Q)         0.456     3.449 f  red_pitaya_scope/i_bridge/addr_o_reg[11]/Q
                         net (fo=4, routed)           1.609     5.058    red_pitaya_scope/i_bridge/addr_o_reg[15]_0[9]
    SLICE_X29Y96         LUT4 (Prop_lut4_I0_O)        0.124     5.182 f  red_pitaya_scope/i_bridge/set_a_hyst[13]_i_6/O
                         net (fo=2, routed)           0.363     5.544    red_pitaya_scope/i_bridge/set_a_hyst[13]_i_6_n_0
    SLICE_X28Y96         LUT5 (Prop_lut5_I4_O)        0.124     5.668 f  red_pitaya_scope/i_bridge/axi_rdata_o[31]_i_5/O
                         net (fo=2, routed)           0.506     6.174    red_pitaya_scope/i_bridge/axi_rdata_o[31]_i_5_n_0
    SLICE_X28Y98         LUT4 (Prop_lut4_I0_O)        0.124     6.298 f  red_pitaya_scope/i_bridge/axi_rdata_o[24]_i_10/O
                         net (fo=6, routed)           0.584     6.882    red_pitaya_scope/i_bridge/axi_rdata_o[24]_i_10_n_0
    SLICE_X29Y102        LUT3 (Prop_lut3_I2_O)        0.124     7.006 r  red_pitaya_scope/i_bridge/axi_rdata_o[24]_i_5/O
                         net (fo=11, routed)          2.526     9.532    red_pitaya_scope/i_bridge/axi_rdata_o[24]_i_5_n_0
    SLICE_X24Y49         LUT6 (Prop_lut6_I3_O)        0.124     9.656 r  red_pitaya_scope/i_bridge/i_0_LOPT_REMAP_6/O
                         net (fo=1, routed)           0.000     9.656    axi_slave/D[19]
    SLICE_X24Y49         FDRE                                         r  axi_slave/axi_rdata_o_reg[22]/D
  -------------------------------------------------------------------    -------------------

                         (clock clk_fpga_0 rise edge)
                                                      8.000     8.000 r  
    PS7_X0Y0             PS7                          0.000     8.000 r  system_processing_system7_0_0/inst/PS7_i/FCLKCLK[0]
                         net (fo=1, routed)           1.088     9.088    system_processing_system7_0_0/inst/FCLK_CLK_unbuffered[0]
    BUFGCTRL_X0Y16       BUFG (Prop_bufg_I_O)         0.091     9.179 r  system_processing_system7_0_0/inst/buffer_fclk_clk_0.FCLK_CLK_0_BUFG/O
                         net (fo=244, routed)         1.573    10.752    axi_slave/CLK
    SLICE_X24Y49         FDRE                                         r  axi_slave/axi_rdata_o_reg[22]/C
                         clock pessimism              0.115    10.867    
                         clock uncertainty           -0.125    10.742    
    SLICE_X24Y49         FDRE (Setup_fdre_C_D)        0.031    10.773    axi_slave/axi_rdata_o_reg[22]
  -------------------------------------------------------------------
                         required time                         10.773    
                         arrival time                          -9.656    
  -------------------------------------------------------------------
                         slack                                  1.117    

Slack (MET) :             1.151ns  (required time - arrival time)
  Source:                 red_pitaya_scope/i_bridge/addr_o_reg[11]/C
                            (rising edge-triggered cell FDRE clocked by clk_fpga_0  {rise@0.000ns fall@4.000ns period=8.000ns})
  Destination:            axi_slave/axi_rdata_o_reg[7]/D
                            (rising edge-triggered cell FDRE clocked by clk_fpga_0  {rise@0.000ns fall@4.000ns period=8.000ns})
  Path Group:             clk_fpga_0
  Path Type:              Setup (Max at Slow Process Corner)
  Requirement:            8.000ns  (clk_fpga_0 rise@8.000ns - clk_fpga_0 rise@0.000ns)
  Data Path Delay:        6.693ns  (logic 1.200ns (17.930%)  route 5.493ns (82.070%))
  Logic Levels:           6  (LUT4=2 LUT5=3 LUT6=1)
  Clock Path Skew:        -0.060ns (DCD - SCD + CPR)
    Destination Clock Delay (DCD):    2.704ns = ( 10.704 - 8.000 ) 
    Source Clock Delay      (SCD):    2.993ns
    Clock Pessimism Removal (CPR):    0.229ns
  Clock Uncertainty:      0.125ns  ((TSJ^2 + TIJ^2)^1/2 + DJ) / 2 + PE
    Total System Jitter     (TSJ):    0.071ns
    Total Input Jitter      (TIJ):    0.240ns
    Discrete Jitter          (DJ):    0.000ns
    Phase Error              (PE):    0.000ns

    Location             Delay type                Incr(ns)  Path(ns)    Netlist Resource(s)
  -------------------------------------------------------------------    -------------------
                         (clock clk_fpga_0 rise edge)
                                                      0.000     0.000 r  
    PS7_X0Y0             PS7                          0.000     0.000 r  system_processing_system7_0_0/inst/PS7_i/FCLKCLK[0]
                         net (fo=1, routed)           1.193     1.193    system_processing_system7_0_0/inst/FCLK_CLK_unbuffered[0]
    BUFGCTRL_X0Y16       BUFG (Prop_bufg_I_O)         0.101     1.294 r  system_processing_system7_0_0/inst/buffer_fclk_clk_0.FCLK_CLK_0_BUFG/O
                         net (fo=244, routed)         1.699     2.993    red_pitaya_scope/i_bridge/FCLK_CLK0
    SLICE_X28Y94         FDRE                                         r  red_pitaya_scope/i_bridge/addr_o_reg[11]/C
  -------------------------------------------------------------------    -------------------
    SLICE_X28Y94         FDRE (Prop_fdre_C_Q)         0.456     3.449 f  red_pitaya_scope/i_bridge/addr_o_reg[11]/Q
                         net (fo=4, routed)           1.609     5.058    red_pitaya_scope/i_bridge/addr_o_reg[15]_0[9]
    SLICE_X29Y96         LUT4 (Prop_lut4_I0_O)        0.124     5.182 f  red_pitaya_scope/i_bridge/set_a_hyst[13]_i_6/O
                         net (fo=2, routed)           0.363     5.544    red_pitaya_scope/i_bridge/set_a_hyst[13]_i_6_n_0
    SLICE_X28Y96         LUT5 (Prop_lut5_I4_O)        0.124     5.668 f  red_pitaya_scope/i_bridge/axi_rdata_o[31]_i_5/O
                         net (fo=2, routed)           0.506     6.174    red_pitaya_scope/i_bridge/axi_rdata_o[31]_i_5_n_0
    SLICE_X28Y98         LUT4 (Prop_lut4_I0_O)        0.124     6.298 f  red_pitaya_scope/i_bridge/axi_rdata_o[24]_i_10/O
                         net (fo=6, routed)           0.401     6.699    red_pitaya_scope/i_bridge/axi_rdata_o[24]_i_10_n_0
    SLICE_X28Y98         LUT5 (Prop_lut5_I0_O)        0.124     6.823 r  red_pitaya_scope/i_bridge/axi_rdata_o[13]_i_4/O
                         net (fo=10, routed)          0.983     7.806    red_pitaya_scope/i_bridge/axi_rdata_o[13]_i_4_n_0
    SLICE_X35Y99         LUT6 (Prop_lut6_I3_O)        0.124     7.930 r  red_pitaya_scope/i_bridge/axi_rdata_o[7]_i_2/O
                         net (fo=1, routed)           1.632     9.562    red_pitaya_scope/i_bridge/axi_rdata_o[7]_i_2_n_0
    SLICE_X29Y56         LUT5 (Prop_lut5_I1_O)        0.124     9.686 r  red_pitaya_scope/i_bridge/axi_rdata_o[7]_i_1/O
                         net (fo=1, routed)           0.000     9.686    axi_slave/D[4]
    SLICE_X29Y56         FDRE                                         r  axi_slave/axi_rdata_o_reg[7]/D
  -------------------------------------------------------------------    -------------------

                         (clock clk_fpga_0 rise edge)
                                                      8.000     8.000 r  
    PS7_X0Y0             PS7                          0.000     8.000 r  system_processing_system7_0_0/inst/PS7_i/FCLKCLK[0]
                         net (fo=1, routed)           1.088     9.088    system_processing_system7_0_0/inst/FCLK_CLK_unbuffered[0]
    BUFGCTRL_X0Y16       BUFG (Prop_bufg_I_O)         0.091     9.179 r  system_processing_system7_0_0/inst/buffer_fclk_clk_0.FCLK_CLK_0_BUFG/O
                         net (fo=244, routed)         1.525    10.704    axi_slave/CLK
    SLICE_X29Y56         FDRE                                         r  axi_slave/axi_rdata_o_reg[7]/C
                         clock pessimism              0.229    10.933    
                         clock uncertainty           -0.125    10.808    
    SLICE_X29Y56         FDRE (Setup_fdre_C_D)        0.029    10.837    axi_slave/axi_rdata_o_reg[7]
  -------------------------------------------------------------------
                         required time                         10.837    
                         arrival time                          -9.686    
  -------------------------------------------------------------------
                         slack                                  1.151    

Slack (MET) :             1.187ns  (required time - arrival time)
  Source:                 red_pitaya_scope/i_bridge/addr_o_reg[11]/C
                            (rising edge-triggered cell FDRE clocked by clk_fpga_0  {rise@0.000ns fall@4.000ns period=8.000ns})
  Destination:            axi_slave/axi_rdata_o_reg[20]/D
                            (rising edge-triggered cell FDRE clocked by clk_fpga_0  {rise@0.000ns fall@4.000ns period=8.000ns})
  Path Group:             clk_fpga_0
  Path Type:              Setup (Max at Slow Process Corner)
  Requirement:            8.000ns  (clk_fpga_0 rise@8.000ns - clk_fpga_0 rise@0.000ns)
  Data Path Delay:        6.654ns  (logic 1.200ns (18.034%)  route 5.454ns (81.966%))
  Logic Levels:           6  (LUT2=1 LUT3=1 LUT4=2 LUT5=1 LUT6=1)
  Clock Path Skew:        -0.066ns (DCD - SCD + CPR)
    Destination Clock Delay (DCD):    2.698ns = ( 10.698 - 8.000 ) 
    Source Clock Delay      (SCD):    2.993ns
    Clock Pessimism Removal (CPR):    0.229ns
  Clock Uncertainty:      0.125ns  ((TSJ^2 + TIJ^2)^1/2 + DJ) / 2 + PE
    Total System Jitter     (TSJ):    0.071ns
    Total Input Jitter      (TIJ):    0.240ns
    Discrete Jitter          (DJ):    0.000ns
    Phase Error              (PE):    0.000ns

    Location             Delay type                Incr(ns)  Path(ns)    Netlist Resource(s)
  -------------------------------------------------------------------    -------------------
                         (clock clk_fpga_0 rise edge)
                                                      0.000     0.000 r  
    PS7_X0Y0             PS7                          0.000     0.000 r  system_processing_system7_0_0/inst/PS7_i/FCLKCLK[0]
                         net (fo=1, routed)           1.193     1.193    system_processing_system7_0_0/inst/FCLK_CLK_unbuffered[0]
    BUFGCTRL_X0Y16       BUFG (Prop_bufg_I_O)         0.101     1.294 r  system_processing_system7_0_0/inst/buffer_fclk_clk_0.FCLK_CLK_0_BUFG/O
                         net (fo=244, routed)         1.699     2.993    red_pitaya_scope/i_bridge/FCLK_CLK0
    SLICE_X28Y94         FDRE                                         r  red_pitaya_scope/i_bridge/addr_o_reg[11]/C
  -------------------------------------------------------------------    -------------------
    SLICE_X28Y94         FDRE (Prop_fdre_C_Q)         0.456     3.449 f  red_pitaya_scope/i_bridge/addr_o_reg[11]/Q
                         net (fo=4, routed)           1.609     5.058    red_pitaya_scope/i_bridge/addr_o_reg[15]_0[9]
    SLICE_X29Y96         LUT4 (Prop_lut4_I0_O)        0.124     5.182 f  red_pitaya_scope/i_bridge/set_a_hyst[13]_i_6/O
                         net (fo=2, routed)           0.363     5.544    red_pitaya_scope/i_bridge/set_a_hyst[13]_i_6_n_0
    SLICE_X28Y96         LUT5 (Prop_lut5_I4_O)        0.124     5.668 f  red_pitaya_scope/i_bridge/axi_rdata_o[31]_i_5/O
                         net (fo=2, routed)           0.506     6.174    red_pitaya_scope/i_bridge/axi_rdata_o[31]_i_5_n_0
    SLICE_X28Y98         LUT4 (Prop_lut4_I0_O)        0.124     6.298 f  red_pitaya_scope/i_bridge/axi_rdata_o[24]_i_10/O
                         net (fo=6, routed)           0.584     6.882    red_pitaya_scope/i_bridge/axi_rdata_o[24]_i_10_n_0
    SLICE_X29Y102        LUT3 (Prop_lut3_I2_O)        0.124     7.006 r  red_pitaya_scope/i_bridge/axi_rdata_o[24]_i_5/O
                         net (fo=11, routed)          1.614     8.620    red_pitaya_scope/i_bridge/axi_rdata_o[24]_i_5_n_0
    SLICE_X26Y67         LUT2 (Prop_lut2_I1_O)        0.124     8.744 r  red_pitaya_scope/i_bridge/i_6_LOPT_REMAP_4/O
                         net (fo=1, routed)           0.779     9.523    red_pitaya_scope/i_bridge/i_6/O_n_4
    SLICE_X27Y59         LUT6 (Prop_lut6_I2_O)        0.124     9.647 r  red_pitaya_scope/i_bridge/i_0_LOPT_REMAP_5/O
                         net (fo=1, routed)           0.000     9.647    axi_slave/D[17]
    SLICE_X27Y59         FDRE                                         r  axi_slave/axi_rdata_o_reg[20]/D
  -------------------------------------------------------------------    -------------------

                         (clock clk_fpga_0 rise edge)
                                                      8.000     8.000 r  
    PS7_X0Y0             PS7                          0.000     8.000 r  system_processing_system7_0_0/inst/PS7_i/FCLKCLK[0]
                         net (fo=1, routed)           1.088     9.088    system_processing_system7_0_0/inst/FCLK_CLK_unbuffered[0]
    BUFGCTRL_X0Y16       BUFG (Prop_bufg_I_O)         0.091     9.179 r  system_processing_system7_0_0/inst/buffer_fclk_clk_0.FCLK_CLK_0_BUFG/O
                         net (fo=244, routed)         1.519    10.698    axi_slave/CLK
    SLICE_X27Y59         FDRE                                         r  axi_slave/axi_rdata_o_reg[20]/C
                         clock pessimism              0.229    10.927    
                         clock uncertainty           -0.125    10.802    
    SLICE_X27Y59         FDRE (Setup_fdre_C_D)        0.032    10.834    axi_slave/axi_rdata_o_reg[20]
  -------------------------------------------------------------------
                         required time                         10.834    
                         arrival time                          -9.647    
  -------------------------------------------------------------------
                         slack                                  1.187    

Slack (MET) :             1.252ns  (required time - arrival time)
  Source:                 red_pitaya_scope/i_bridge/addr_o_reg[11]/C
                            (rising edge-triggered cell FDRE clocked by clk_fpga_0  {rise@0.000ns fall@4.000ns period=8.000ns})
  Destination:            axi_slave/axi_rdata_o_reg[17]/D
                            (rising edge-triggered cell FDRE clocked by clk_fpga_0  {rise@0.000ns fall@4.000ns period=8.000ns})
  Path Group:             clk_fpga_0
  Path Type:              Setup (Max at Slow Process Corner)
  Requirement:            8.000ns  (clk_fpga_0 rise@8.000ns - clk_fpga_0 rise@0.000ns)
  Data Path Delay:        6.538ns  (logic 1.200ns (18.353%)  route 5.338ns (81.647%))
  Logic Levels:           6  (LUT3=1 LUT4=3 LUT5=1 LUT6=1)
  Clock Path Skew:        -0.116ns (DCD - SCD + CPR)
    Destination Clock Delay (DCD):    2.648ns = ( 10.648 - 8.000 ) 
    Source Clock Delay      (SCD):    2.993ns
    Clock Pessimism Removal (CPR):    0.229ns
  Clock Uncertainty:      0.125ns  ((TSJ^2 + TIJ^2)^1/2 + DJ) / 2 + PE
    Total System Jitter     (TSJ):    0.071ns
    Total Input Jitter      (TIJ):    0.240ns
    Discrete Jitter          (DJ):    0.000ns
    Phase Error              (PE):    0.000ns

    Location             Delay type                Incr(ns)  Path(ns)    Netlist Resource(s)
  -------------------------------------------------------------------    -------------------
                         (clock clk_fpga_0 rise edge)
                                                      0.000     0.000 r  
    PS7_X0Y0             PS7                          0.000     0.000 r  system_processing_system7_0_0/inst/PS7_i/FCLKCLK[0]
                         net (fo=1, routed)           1.193     1.193    system_processing_system7_0_0/inst/FCLK_CLK_unbuffered[0]
    BUFGCTRL_X0Y16       BUFG (Prop_bufg_I_O)         0.101     1.294 r  system_processing_system7_0_0/inst/buffer_fclk_clk_0.FCLK_CLK_0_BUFG/O
                         net (fo=244, routed)         1.699     2.993    red_pitaya_scope/i_bridge/FCLK_CLK0
    SLICE_X28Y94         FDRE                                         r  red_pitaya_scope/i_bridge/addr_o_reg[11]/C
  -------------------------------------------------------------------    -------------------
    SLICE_X28Y94         FDRE (Prop_fdre_C_Q)         0.456     3.449 f  red_pitaya_scope/i_bridge/addr_o_reg[11]/Q
                         net (fo=4, routed)           1.609     5.058    red_pitaya_scope/i_bridge/addr_o_reg[15]_0[9]
    SLICE_X29Y96         LUT4 (Prop_lut4_I0_O)        0.124     5.182 f  red_pitaya_scope/i_bridge/set_a_hyst[13]_i_6/O
                         net (fo=2, routed)           0.363     5.544    red_pitaya_scope/i_bridge/set_a_hyst[13]_i_6_n_0
    SLICE_X28Y96         LUT5 (Prop_lut5_I4_O)        0.124     5.668 f  red_pitaya_scope/i_bridge/axi_rdata_o[31]_i_5/O
                         net (fo=2, routed)           0.506     6.174    red_pitaya_scope/i_bridge/axi_rdata_o[31]_i_5_n_0
    SLICE_X28Y98         LUT4 (Prop_lut4_I0_O)        0.124     6.298 f  red_pitaya_scope/i_bridge/axi_rdata_o[24]_i_10/O
                         net (fo=6, routed)           0.584     6.882    red_pitaya_scope/i_bridge/axi_rdata_o[24]_i_10_n_0
    SLICE_X29Y102        LUT3 (Prop_lut3_I2_O)        0.124     7.006 r  red_pitaya_scope/i_bridge/axi_rdata_o[24]_i_5/O
                         net (fo=11, routed)          0.809     7.815    red_pitaya_scope/i_bridge/axi_rdata_o[24]_i_5_n_0
    SLICE_X29Y94         LUT4 (Prop_lut4_I0_O)        0.124     7.939 r  red_pitaya_scope/i_bridge/axi_rdata_o[17]_i_4/O
                         net (fo=2, routed)           1.469     9.407    red_pitaya_scope/i_bridge/axi_rdata_o[17]_i_4_n_0
    SLICE_X33Y81         LUT6 (Prop_lut6_I3_O)        0.124     9.531 r  red_pitaya_scope/i_bridge/i_0_LOPT_REMAP_10/O
                         net (fo=1, routed)           0.000     9.531    axi_slave/D[14]
    SLICE_X33Y81         FDRE                                         r  axi_slave/axi_rdata_o_reg[17]/D
  -------------------------------------------------------------------    -------------------

                         (clock clk_fpga_0 rise edge)
                                                      8.000     8.000 r  
    PS7_X0Y0             PS7                          0.000     8.000 r  system_processing_system7_0_0/inst/PS7_i/FCLKCLK[0]
                         net (fo=1, routed)           1.088     9.088    system_processing_system7_0_0/inst/FCLK_CLK_unbuffered[0]
    BUFGCTRL_X0Y16       BUFG (Prop_bufg_I_O)         0.091     9.179 r  system_processing_system7_0_0/inst/buffer_fclk_clk_0.FCLK_CLK_0_BUFG/O
                         net (fo=244, routed)         1.469    10.648    axi_slave/CLK
    SLICE_X33Y81         FDRE                                         r  axi_slave/axi_rdata_o_reg[17]/C
                         clock pessimism              0.229    10.877    
                         clock uncertainty           -0.125    10.752    
    SLICE_X33Y81         FDRE (Setup_fdre_C_D)        0.032    10.784    axi_slave/axi_rdata_o_reg[17]
  -------------------------------------------------------------------
                         required time                         10.784    
                         arrival time                          -9.531    
  -------------------------------------------------------------------
                         slack                                  1.252    

Slack (MET) :             1.324ns  (required time - arrival time)
  Source:                 red_pitaya_scope/i_bridge/addr_o_reg[11]/C
                            (rising edge-triggered cell FDRE clocked by clk_fpga_0  {rise@0.000ns fall@4.000ns period=8.000ns})
  Destination:            axi_slave/axi_rdata_o_reg[21]/D
                            (rising edge-triggered cell FDRE clocked by clk_fpga_0  {rise@0.000ns fall@4.000ns period=8.000ns})
  Path Group:             clk_fpga_0
  Path Type:              Setup (Max at Slow Process Corner)
  Requirement:            8.000ns  (clk_fpga_0 rise@8.000ns - clk_fpga_0 rise@0.000ns)
  Data Path Delay:        6.457ns  (logic 1.076ns (16.664%)  route 5.381ns (83.336%))
  Logic Levels:           5  (LUT3=1 LUT4=2 LUT5=1 LUT6=1)
  Clock Path Skew:        -0.126ns (DCD - SCD + CPR)
    Destination Clock Delay (DCD):    2.752ns = ( 10.752 - 8.000 ) 
    Source Clock Delay      (SCD):    2.993ns
    Clock Pessimism Removal (CPR):    0.115ns
  Clock Uncertainty:      0.125ns  ((TSJ^2 + TIJ^2)^1/2 + DJ) / 2 + PE
    Total System Jitter     (TSJ):    0.071ns
    Total Input Jitter      (TIJ):    0.240ns
    Discrete Jitter          (DJ):    0.000ns
    Phase Error              (PE):    0.000ns

    Location             Delay type                Incr(ns)  Path(ns)    Netlist Resource(s)
  -------------------------------------------------------------------    -------------------
                         (clock clk_fpga_0 rise edge)
                                                      0.000     0.000 r  
    PS7_X0Y0             PS7                          0.000     0.000 r  system_processing_system7_0_0/inst/PS7_i/FCLKCLK[0]
                         net (fo=1, routed)           1.193     1.193    system_processing_system7_0_0/inst/FCLK_CLK_unbuffered[0]
    BUFGCTRL_X0Y16       BUFG (Prop_bufg_I_O)         0.101     1.294 r  system_processing_system7_0_0/inst/buffer_fclk_clk_0.FCLK_CLK_0_BUFG/O
                         net (fo=244, routed)         1.699     2.993    red_pitaya_scope/i_bridge/FCLK_CLK0
    SLICE_X28Y94         FDRE                                         r  red_pitaya_scope/i_bridge/addr_o_reg[11]/C
  -------------------------------------------------------------------    -------------------
    SLICE_X28Y94         FDRE (Prop_fdre_C_Q)         0.456     3.449 f  red_pitaya_scope/i_bridge/addr_o_reg[11]/Q
                         net (fo=4, routed)           1.609     5.058    red_pitaya_scope/i_bridge/addr_o_reg[15]_0[9]
    SLICE_X29Y96         LUT4 (Prop_lut4_I0_O)        0.124     5.182 f  red_pitaya_scope/i_bridge/set_a_hyst[13]_i_6/O
                         net (fo=2, routed)           0.363     5.544    red_pitaya_scope/i_bridge/set_a_hyst[13]_i_6_n_0
    SLICE_X28Y96         LUT5 (Prop_lut5_I4_O)        0.124     5.668 f  red_pitaya_scope/i_bridge/axi_rdata_o[31]_i_5/O
                         net (fo=2, routed)           0.506     6.174    red_pitaya_scope/i_bridge/axi_rdata_o[31]_i_5_n_0
    SLICE_X28Y98         LUT4 (Prop_lut4_I0_O)        0.124     6.298 f  red_pitaya_scope/i_bridge/axi_rdata_o[24]_i_10/O
                         net (fo=6, routed)           0.584     6.882    red_pitaya_scope/i_bridge/axi_rdata_o[24]_i_10_n_0
    SLICE_X29Y102        LUT3 (Prop_lut3_I2_O)        0.124     7.006 r  red_pitaya_scope/i_bridge/axi_rdata_o[24]_i_5/O
                         net (fo=11, routed)          2.320     9.326    red_pitaya_scope/i_bridge/axi_rdata_o[24]_i_5_n_0
    SLICE_X24Y48         LUT6 (Prop_lut6_I4_O)        0.124     9.450 r  red_pitaya_scope/i_bridge/axi_rdata_o[21]_i_1/O
                         net (fo=1, routed)           0.000     9.450    axi_slave/D[18]
    SLICE_X24Y48         FDRE                                         r  axi_slave/axi_rdata_o_reg[21]/D
  -------------------------------------------------------------------    -------------------

                         (clock clk_fpga_0 rise edge)
                                                      8.000     8.000 r  
    PS7_X0Y0             PS7                          0.000     8.000 r  system_processing_system7_0_0/inst/PS7_i/FCLKCLK[0]
                         net (fo=1, routed)           1.088     9.088    system_processing_system7_0_0/inst/FCLK_CLK_unbuffered[0]
    BUFGCTRL_X0Y16       BUFG (Prop_bufg_I_O)         0.091     9.179 r  system_processing_system7_0_0/inst/buffer_fclk_clk_0.FCLK_CLK_0_BUFG/O
                         net (fo=244, routed)         1.573    10.752    axi_slave/CLK
    SLICE_X24Y48         FDRE                                         r  axi_slave/axi_rdata_o_reg[21]/C
                         clock pessimism              0.115    10.867    
                         clock uncertainty           -0.125    10.742    
    SLICE_X24Y48         FDRE (Setup_fdre_C_D)        0.032    10.774    axi_slave/axi_rdata_o_reg[21]
  -------------------------------------------------------------------
                         required time                         10.774    
                         arrival time                          -9.450    
  -------------------------------------------------------------------
                         slack                                  1.324    

Slack (MET) :             1.328ns  (required time - arrival time)
  Source:                 red_pitaya_scope/i_bridge/addr_o_reg[11]/C
                            (rising edge-triggered cell FDRE clocked by clk_fpga_0  {rise@0.000ns fall@4.000ns period=8.000ns})
  Destination:            axi_slave/axi_rdata_o_reg[5]/D
                            (rising edge-triggered cell FDRE clocked by clk_fpga_0  {rise@0.000ns fall@4.000ns period=8.000ns})
  Path Group:             clk_fpga_0
  Path Type:              Setup (Max at Slow Process Corner)
  Requirement:            8.000ns  (clk_fpga_0 rise@8.000ns - clk_fpga_0 rise@0.000ns)
  Data Path Delay:        6.557ns  (logic 1.200ns (18.302%)  route 5.357ns (81.698%))
  Logic Levels:           6  (LUT4=2 LUT5=3 LUT6=1)
  Clock Path Skew:        -0.069ns (DCD - SCD + CPR)
    Destination Clock Delay (DCD):    2.695ns = ( 10.695 - 8.000 ) 
    Source Clock Delay      (SCD):    2.993ns
    Clock Pessimism Removal (CPR):    0.229ns
  Clock Uncertainty:      0.125ns  ((TSJ^2 + TIJ^2)^1/2 + DJ) / 2 + PE
    Total System Jitter     (TSJ):    0.071ns
    Total Input Jitter      (TIJ):    0.240ns
    Discrete Jitter          (DJ):    0.000ns
    Phase Error              (PE):    0.000ns

    Location             Delay type                Incr(ns)  Path(ns)    Netlist Resource(s)
  -------------------------------------------------------------------    -------------------
                         (clock clk_fpga_0 rise edge)
                                                      0.000     0.000 r  
    PS7_X0Y0             PS7                          0.000     0.000 r  system_processing_system7_0_0/inst/PS7_i/FCLKCLK[0]
                         net (fo=1, routed)           1.193     1.193    system_processing_system7_0_0/inst/FCLK_CLK_unbuffered[0]
    BUFGCTRL_X0Y16       BUFG (Prop_bufg_I_O)         0.101     1.294 r  system_processing_system7_0_0/inst/buffer_fclk_clk_0.FCLK_CLK_0_BUFG/O
                         net (fo=244, routed)         1.699     2.993    red_pitaya_scope/i_bridge/FCLK_CLK0
    SLICE_X28Y94         FDRE                                         r  red_pitaya_scope/i_bridge/addr_o_reg[11]/C
  -------------------------------------------------------------------    -------------------
    SLICE_X28Y94         FDRE (Prop_fdre_C_Q)         0.456     3.449 f  red_pitaya_scope/i_bridge/addr_o_reg[11]/Q
                         net (fo=4, routed)           1.609     5.058    red_pitaya_scope/i_bridge/addr_o_reg[15]_0[9]
    SLICE_X29Y96         LUT4 (Prop_lut4_I0_O)        0.124     5.182 f  red_pitaya_scope/i_bridge/set_a_hyst[13]_i_6/O
                         net (fo=2, routed)           0.363     5.544    red_pitaya_scope/i_bridge/set_a_hyst[13]_i_6_n_0
    SLICE_X28Y96         LUT5 (Prop_lut5_I4_O)        0.124     5.668 f  red_pitaya_scope/i_bridge/axi_rdata_o[31]_i_5/O
                         net (fo=2, routed)           0.506     6.174    red_pitaya_scope/i_bridge/axi_rdata_o[31]_i_5_n_0
    SLICE_X28Y98         LUT4 (Prop_lut4_I0_O)        0.124     6.298 f  red_pitaya_scope/i_bridge/axi_rdata_o[24]_i_10/O
                         net (fo=6, routed)           0.401     6.699    red_pitaya_scope/i_bridge/axi_rdata_o[24]_i_10_n_0
    SLICE_X28Y98         LUT5 (Prop_lut5_I0_O)        0.124     6.823 r  red_pitaya_scope/i_bridge/axi_rdata_o[13]_i_4/O
                         net (fo=10, routed)          0.847     7.671    red_pitaya_scope/i_bridge/axi_rdata_o[13]_i_4_n_0
    SLICE_X33Y101        LUT6 (Prop_lut6_I3_O)        0.124     7.795 r  red_pitaya_scope/i_bridge/axi_rdata_o[5]_i_2/O
                         net (fo=1, routed)           1.631     9.426    red_pitaya_scope/i_bridge/axi_rdata_o[5]_i_2_n_0
    SLICE_X26Y64         LUT5 (Prop_lut5_I1_O)        0.124     9.550 r  red_pitaya_scope/i_bridge/axi_rdata_o[5]_i_1/O
                         net (fo=1, routed)           0.000     9.550    axi_slave/D[2]
    SLICE_X26Y64         FDRE                                         r  axi_slave/axi_rdata_o_reg[5]/D
  -------------------------------------------------------------------    -------------------

                         (clock clk_fpga_0 rise edge)
                                                      8.000     8.000 r  
    PS7_X0Y0             PS7                          0.000     8.000 r  system_processing_system7_0_0/inst/PS7_i/FCLKCLK[0]
                         net (fo=1, routed)           1.088     9.088    system_processing_system7_0_0/inst/FCLK_CLK_unbuffered[0]
    BUFGCTRL_X0Y16       BUFG (Prop_bufg_I_O)         0.091     9.179 r  system_processing_system7_0_0/inst/buffer_fclk_clk_0.FCLK_CLK_0_BUFG/O
                         net (fo=244, routed)         1.516    10.695    axi_slave/CLK
    SLICE_X26Y64         FDRE                                         r  axi_slave/axi_rdata_o_reg[5]/C
                         clock pessimism              0.229    10.924    
                         clock uncertainty           -0.125    10.799    
    SLICE_X26Y64         FDRE (Setup_fdre_C_D)        0.079    10.878    axi_slave/axi_rdata_o_reg[5]
  -------------------------------------------------------------------
                         required time                         10.878    
                         arrival time                          -9.550    
  -------------------------------------------------------------------
                         slack                                  1.328    

Slack (MET) :             1.359ns  (required time - arrival time)
  Source:                 red_pitaya_scope/i_bridge/addr_o_reg[11]/C
                            (rising edge-triggered cell FDRE clocked by clk_fpga_0  {rise@0.000ns fall@4.000ns period=8.000ns})
  Destination:            axi_slave/axi_rdata_o_reg[4]/D
                            (rising edge-triggered cell FDRE clocked by clk_fpga_0  {rise@0.000ns fall@4.000ns period=8.000ns})
  Path Group:             clk_fpga_0
  Path Type:              Setup (Max at Slow Process Corner)
  Requirement:            8.000ns  (clk_fpga_0 rise@8.000ns - clk_fpga_0 rise@0.000ns)
  Data Path Delay:        6.476ns  (logic 1.200ns (18.531%)  route 5.276ns (81.469%))
  Logic Levels:           6  (LUT4=2 LUT5=3 LUT6=1)
  Clock Path Skew:        -0.117ns (DCD - SCD + CPR)
    Destination Clock Delay (DCD):    2.647ns = ( 10.647 - 8.000 ) 
    Source Clock Delay      (SCD):    2.993ns
    Clock Pessimism Removal (CPR):    0.229ns
  Clock Uncertainty:      0.125ns  ((TSJ^2 + TIJ^2)^1/2 + DJ) / 2 + PE
    Total System Jitter     (TSJ):    0.071ns
    Total Input Jitter      (TIJ):    0.240ns
    Discrete Jitter          (DJ):    0.000ns
    Phase Error              (PE):    0.000ns

    Location             Delay type                Incr(ns)  Path(ns)    Netlist Resource(s)
  -------------------------------------------------------------------    -------------------
                         (clock clk_fpga_0 rise edge)
                                                      0.000     0.000 r  
    PS7_X0Y0             PS7                          0.000     0.000 r  system_processing_system7_0_0/inst/PS7_i/FCLKCLK[0]
                         net (fo=1, routed)           1.193     1.193    system_processing_system7_0_0/inst/FCLK_CLK_unbuffered[0]
    BUFGCTRL_X0Y16       BUFG (Prop_bufg_I_O)         0.101     1.294 r  system_processing_system7_0_0/inst/buffer_fclk_clk_0.FCLK_CLK_0_BUFG/O
                         net (fo=244, routed)         1.699     2.993    red_pitaya_scope/i_bridge/FCLK_CLK0
    SLICE_X28Y94         FDRE                                         r  red_pitaya_scope/i_bridge/addr_o_reg[11]/C
  -------------------------------------------------------------------    -------------------
    SLICE_X28Y94         FDRE (Prop_fdre_C_Q)         0.456     3.449 f  red_pitaya_scope/i_bridge/addr_o_reg[11]/Q
                         net (fo=4, routed)           1.609     5.058    red_pitaya_scope/i_bridge/addr_o_reg[15]_0[9]
    SLICE_X29Y96         LUT4 (Prop_lut4_I0_O)        0.124     5.182 f  red_pitaya_scope/i_bridge/set_a_hyst[13]_i_6/O
                         net (fo=2, routed)           0.363     5.544    red_pitaya_scope/i_bridge/set_a_hyst[13]_i_6_n_0
    SLICE_X28Y96         LUT5 (Prop_lut5_I4_O)        0.124     5.668 f  red_pitaya_scope/i_bridge/axi_rdata_o[31]_i_5/O
                         net (fo=2, routed)           0.506     6.174    red_pitaya_scope/i_bridge/axi_rdata_o[31]_i_5_n_0
    SLICE_X28Y98         LUT4 (Prop_lut4_I0_O)        0.124     6.298 f  red_pitaya_scope/i_bridge/axi_rdata_o[24]_i_10/O
                         net (fo=6, routed)           0.401     6.699    red_pitaya_scope/i_bridge/axi_rdata_o[24]_i_10_n_0
    SLICE_X28Y98         LUT5 (Prop_lut5_I0_O)        0.124     6.823 r  red_pitaya_scope/i_bridge/axi_rdata_o[13]_i_4/O
                         net (fo=10, routed)          1.242     8.066    red_pitaya_scope/i_bridge/axi_rdata_o[13]_i_4_n_0
    SLICE_X37Y91         LUT6 (Prop_lut6_I3_O)        0.124     8.190 r  red_pitaya_scope/i_bridge/axi_rdata_o[4]_i_2/O
                         net (fo=1, routed)           1.155     9.345    red_pitaya_scope/i_bridge/axi_rdata_o[4]_i_2_n_0
    SLICE_X32Y70         LUT5 (Prop_lut5_I1_O)        0.124     9.469 r  red_pitaya_scope/i_bridge/axi_rdata_o[4]_i_1/O
                         net (fo=1, routed)           0.000     9.469    axi_slave/D[1]
    SLICE_X32Y70         FDRE                                         r  axi_slave/axi_rdata_o_reg[4]/D
  -------------------------------------------------------------------    -------------------

                         (clock clk_fpga_0 rise edge)
                                                      8.000     8.000 r  
    PS7_X0Y0             PS7                          0.000     8.000 r  system_processing_system7_0_0/inst/PS7_i/FCLKCLK[0]
                         net (fo=1, routed)           1.088     9.088    system_processing_system7_0_0/inst/FCLK_CLK_unbuffered[0]
    BUFGCTRL_X0Y16       BUFG (Prop_bufg_I_O)         0.091     9.179 r  system_processing_system7_0_0/inst/buffer_fclk_clk_0.FCLK_CLK_0_BUFG/O
                         net (fo=244, routed)         1.468    10.647    axi_slave/CLK
    SLICE_X32Y70         FDRE                                         r  axi_slave/axi_rdata_o_reg[4]/C
                         clock pessimism              0.229    10.876    
                         clock uncertainty           -0.125    10.751    
    SLICE_X32Y70         FDRE (Setup_fdre_C_D)        0.077    10.828    axi_slave/axi_rdata_o_reg[4]
  -------------------------------------------------------------------
                         required time                         10.828    
                         arrival time                          -9.469    
  -------------------------------------------------------------------
                         slack                                  1.359    

Slack (MET) :             1.377ns  (required time - arrival time)
  Source:                 red_pitaya_scope/i_bridge/addr_o_reg[11]/C
                            (rising edge-triggered cell FDRE clocked by clk_fpga_0  {rise@0.000ns fall@4.000ns period=8.000ns})
  Destination:            axi_slave/axi_rdata_o_reg[23]/D
                            (rising edge-triggered cell FDRE clocked by clk_fpga_0  {rise@0.000ns fall@4.000ns period=8.000ns})
  Path Group:             clk_fpga_0
  Path Type:              Setup (Max at Slow Process Corner)
  Requirement:            8.000ns  (clk_fpga_0 rise@8.000ns - clk_fpga_0 rise@0.000ns)
  Data Path Delay:        6.403ns  (logic 1.076ns (16.805%)  route 5.327ns (83.195%))
  Logic Levels:           5  (LUT3=1 LUT4=2 LUT5=1 LUT6=1)
  Clock Path Skew:        -0.126ns (DCD - SCD + CPR)
    Destination Clock Delay (DCD):    2.752ns = ( 10.752 - 8.000 ) 
    Source Clock Delay      (SCD):    2.993ns
    Clock Pessimism Removal (CPR):    0.115ns
  Clock Uncertainty:      0.125ns  ((TSJ^2 + TIJ^2)^1/2 + DJ) / 2 + PE
    Total System Jitter     (TSJ):    0.071ns
    Total Input Jitter      (TIJ):    0.240ns
    Discrete Jitter          (DJ):    0.000ns
    Phase Error              (PE):    0.000ns

    Location             Delay type                Incr(ns)  Path(ns)    Netlist Resource(s)
  -------------------------------------------------------------------    -------------------
                         (clock clk_fpga_0 rise edge)
                                                      0.000     0.000 r  
    PS7_X0Y0             PS7                          0.000     0.000 r  system_processing_system7_0_0/inst/PS7_i/FCLKCLK[0]
                         net (fo=1, routed)           1.193     1.193    system_processing_system7_0_0/inst/FCLK_CLK_unbuffered[0]
    BUFGCTRL_X0Y16       BUFG (Prop_bufg_I_O)         0.101     1.294 r  system_processing_system7_0_0/inst/buffer_fclk_clk_0.FCLK_CLK_0_BUFG/O
                         net (fo=244, routed)         1.699     2.993    red_pitaya_scope/i_bridge/FCLK_CLK0
    SLICE_X28Y94         FDRE                                         r  red_pitaya_scope/i_bridge/addr_o_reg[11]/C
  -------------------------------------------------------------------    -------------------
    SLICE_X28Y94         FDRE (Prop_fdre_C_Q)         0.456     3.449 f  red_pitaya_scope/i_bridge/addr_o_reg[11]/Q
                         net (fo=4, routed)           1.609     5.058    red_pitaya_scope/i_bridge/addr_o_reg[15]_0[9]
    SLICE_X29Y96         LUT4 (Prop_lut4_I0_O)        0.124     5.182 f  red_pitaya_scope/i_bridge/set_a_hyst[13]_i_6/O
                         net (fo=2, routed)           0.363     5.544    red_pitaya_scope/i_bridge/set_a_hyst[13]_i_6_n_0
    SLICE_X28Y96         LUT5 (Prop_lut5_I4_O)        0.124     5.668 f  red_pitaya_scope/i_bridge/axi_rdata_o[31]_i_5/O
                         net (fo=2, routed)           0.506     6.174    red_pitaya_scope/i_bridge/axi_rdata_o[31]_i_5_n_0
    SLICE_X28Y98         LUT4 (Prop_lut4_I0_O)        0.124     6.298 f  red_pitaya_scope/i_bridge/axi_rdata_o[24]_i_10/O
                         net (fo=6, routed)           0.584     6.882    red_pitaya_scope/i_bridge/axi_rdata_o[24]_i_10_n_0
    SLICE_X29Y102        LUT3 (Prop_lut3_I2_O)        0.124     7.006 r  red_pitaya_scope/i_bridge/axi_rdata_o[24]_i_5/O
                         net (fo=11, routed)          2.266     9.272    red_pitaya_scope/i_bridge/axi_rdata_o[24]_i_5_n_0
    SLICE_X24Y49         LUT6 (Prop_lut6_I4_O)        0.124     9.396 r  red_pitaya_scope/i_bridge/axi_rdata_o[23]_i_1/O
                         net (fo=1, routed)           0.000     9.396    axi_slave/D[20]
    SLICE_X24Y49         FDRE                                         r  axi_slave/axi_rdata_o_reg[23]/D
  -------------------------------------------------------------------    -------------------

                         (clock clk_fpga_0 rise edge)
                                                      8.000     8.000 r  
    PS7_X0Y0             PS7                          0.000     8.000 r  system_processing_system7_0_0/inst/PS7_i/FCLKCLK[0]
                         net (fo=1, routed)           1.088     9.088    system_processing_system7_0_0/inst/FCLK_CLK_unbuffered[0]
    BUFGCTRL_X0Y16       BUFG (Prop_bufg_I_O)         0.091     9.179 r  system_processing_system7_0_0/inst/buffer_fclk_clk_0.FCLK_CLK_0_BUFG/O
                         net (fo=244, routed)         1.573    10.752    axi_slave/CLK
    SLICE_X24Y49         FDRE                                         r  axi_slave/axi_rdata_o_reg[23]/C
                         clock pessimism              0.115    10.867    
                         clock uncertainty           -0.125    10.742    
    SLICE_X24Y49         FDRE (Setup_fdre_C_D)        0.031    10.773    axi_slave/axi_rdata_o_reg[23]
  -------------------------------------------------------------------
                         required time                         10.773    
                         arrival time                          -9.396    
  -------------------------------------------------------------------
                         slack                                  1.377    





Min Delay Paths
--------------------------------------------------------------------------------------
Slack (MET) :             0.119ns  (arrival time - required time)
  Source:                 axi_slave/wr_wdata_reg[14]/C
                            (rising edge-triggered cell FDRE clocked by clk_fpga_0  {rise@0.000ns fall@4.000ns period=8.000ns})
  Destination:            red_pitaya_scope/i_bridge/wdata_o_reg[14]/D
                            (rising edge-triggered cell FDRE clocked by clk_fpga_0  {rise@0.000ns fall@4.000ns period=8.000ns})
  Path Group:             clk_fpga_0
  Path Type:              Hold (Min at Fast Process Corner)
  Requirement:            0.000ns  (clk_fpga_0 rise@0.000ns - clk_fpga_0 rise@0.000ns)
  Data Path Delay:        0.528ns  (logic 0.164ns (31.057%)  route 0.364ns (68.943%))
  Logic Levels:           0  
  Clock Path Skew:        0.350ns (DCD - SCD - CPR)
    Destination Clock Delay (DCD):    1.294ns
    Source Clock Delay      (SCD):    0.909ns
    Clock Pessimism Removal (CPR):    0.035ns

    Location             Delay type                Incr(ns)  Path(ns)    Netlist Resource(s)
  -------------------------------------------------------------------    -------------------
                         (clock clk_fpga_0 rise edge)
                                                      0.000     0.000 r  
    PS7_X0Y0             PS7                          0.000     0.000 r  system_processing_system7_0_0/inst/PS7_i/FCLKCLK[0]
                         net (fo=1, routed)           0.310     0.310    system_processing_system7_0_0/inst/FCLK_CLK_unbuffered[0]
    BUFGCTRL_X0Y16       BUFG (Prop_bufg_I_O)         0.026     0.336 r  system_processing_system7_0_0/inst/buffer_fclk_clk_0.FCLK_CLK_0_BUFG/O
                         net (fo=244, routed)         0.573     0.909    axi_slave/CLK
    SLICE_X26Y95         FDRE                                         r  axi_slave/wr_wdata_reg[14]/C
  -------------------------------------------------------------------    -------------------
    SLICE_X26Y95         FDRE (Prop_fdre_C_Q)         0.164     1.073 r  axi_slave/wr_wdata_reg[14]/Q
                         net (fo=1, routed)           0.364     1.437    red_pitaya_scope/i_bridge/wdata_o_reg[31]_1[14]
    SLICE_X26Y109        FDRE                                         r  red_pitaya_scope/i_bridge/wdata_o_reg[14]/D
  -------------------------------------------------------------------    -------------------

                         (clock clk_fpga_0 rise edge)
                                                      0.000     0.000 r  
    PS7_X0Y0             PS7                          0.000     0.000 r  system_processing_system7_0_0/inst/PS7_i/FCLKCLK[0]
                         net (fo=1, routed)           0.337     0.337    system_processing_system7_0_0/inst/FCLK_CLK_unbuffered[0]
    BUFGCTRL_X0Y16       BUFG (Prop_bufg_I_O)         0.029     0.366 r  system_processing_system7_0_0/inst/buffer_fclk_clk_0.FCLK_CLK_0_BUFG/O
                         net (fo=244, routed)         0.928     1.294    red_pitaya_scope/i_bridge/FCLK_CLK0
    SLICE_X26Y109        FDRE                                         r  red_pitaya_scope/i_bridge/wdata_o_reg[14]/C
                         clock pessimism             -0.035     1.259    
    SLICE_X26Y109        FDRE (Hold_fdre_C_D)         0.059     1.318    red_pitaya_scope/i_bridge/wdata_o_reg[14]
  -------------------------------------------------------------------
                         required time                         -1.318    
                         arrival time                           1.437    
  -------------------------------------------------------------------
                         slack                                  0.119    

Slack (MET) :             0.128ns  (arrival time - required time)
  Source:                 dummyhk_stb_reg/C
                            (rising edge-triggered cell FDRE clocked by clk_fpga_0  {rise@0.000ns fall@4.000ns period=8.000ns})
  Destination:            dummyhk_sys_ack_reg/D
                            (rising edge-triggered cell FDRE clocked by clk_fpga_0  {rise@0.000ns fall@4.000ns period=8.000ns})
  Path Group:             clk_fpga_0
  Path Type:              Hold (Min at Fast Process Corner)
  Requirement:            0.000ns  (clk_fpga_0 rise@0.000ns - clk_fpga_0 rise@0.000ns)
  Data Path Delay:        0.199ns  (logic 0.141ns (70.953%)  route 0.058ns (29.047%))
  Logic Levels:           0  
  Clock Path Skew:        0.000ns (DCD - SCD - CPR)
    Destination Clock Delay (DCD):    1.210ns
    Source Clock Delay      (SCD):    0.912ns
    Clock Pessimism Removal (CPR):    0.298ns

    Location             Delay type                Incr(ns)  Path(ns)    Netlist Resource(s)
  -------------------------------------------------------------------    -------------------
                         (clock clk_fpga_0 rise edge)
                                                      0.000     0.000 r  
    PS7_X0Y0             PS7                          0.000     0.000 r  system_processing_system7_0_0/inst/PS7_i/FCLKCLK[0]
                         net (fo=1, routed)           0.310     0.310    system_processing_system7_0_0/inst/FCLK_CLK_unbuffered[0]
    BUFGCTRL_X0Y16       BUFG (Prop_bufg_I_O)         0.026     0.336 r  system_processing_system7_0_0/inst/buffer_fclk_clk_0.FCLK_CLK_0_BUFG/O
                         net (fo=244, routed)         0.576     0.912    sys_ps_clk
    SLICE_X28Y95         FDRE                                         r  dummyhk_stb_reg/C
  -------------------------------------------------------------------    -------------------
    SLICE_X28Y95         FDRE (Prop_fdre_C_Q)         0.141     1.053 r  dummyhk_stb_reg/Q
                         net (fo=1, routed)           0.058     1.110    dummyhk_stb
    SLICE_X28Y95         FDRE                                         r  dummyhk_sys_ack_reg/D
  -------------------------------------------------------------------    -------------------

                         (clock clk_fpga_0 rise edge)
                                                      0.000     0.000 r  
    PS7_X0Y0             PS7                          0.000     0.000 r  system_processing_system7_0_0/inst/PS7_i/FCLKCLK[0]
                         net (fo=1, routed)           0.337     0.337    system_processing_system7_0_0/inst/FCLK_CLK_unbuffered[0]
    BUFGCTRL_X0Y16       BUFG (Prop_bufg_I_O)         0.029     0.366 r  system_processing_system7_0_0/inst/buffer_fclk_clk_0.FCLK_CLK_0_BUFG/O
                         net (fo=244, routed)         0.844     1.210    sys_ps_clk
    SLICE_X28Y95         FDRE                                         r  dummyhk_sys_ack_reg/C
                         clock pessimism             -0.298     0.912    
    SLICE_X28Y95         FDRE (Hold_fdre_C_D)         0.071     0.983    dummyhk_sys_ack_reg
  -------------------------------------------------------------------
                         required time                         -0.983    
                         arrival time                           1.110    
  -------------------------------------------------------------------
                         slack                                  0.128    

Slack (MET) :             0.137ns  (arrival time - required time)
  Source:                 axi_slave/wr_wdata_reg[18]/C
                            (rising edge-triggered cell FDRE clocked by clk_fpga_0  {rise@0.000ns fall@4.000ns period=8.000ns})
  Destination:            red_pitaya_scope/i_bridge/wdata_o_reg[18]/D
                            (rising edge-triggered cell FDRE clocked by clk_fpga_0  {rise@0.000ns fall@4.000ns period=8.000ns})
  Path Group:             clk_fpga_0
  Path Type:              Hold (Min at Fast Process Corner)
  Requirement:            0.000ns  (clk_fpga_0 rise@0.000ns - clk_fpga_0 rise@0.000ns)
  Data Path Delay:        0.540ns  (logic 0.141ns (26.125%)  route 0.399ns (73.875%))
  Logic Levels:           0  
  Clock Path Skew:        0.350ns (DCD - SCD - CPR)
    Destination Clock Delay (DCD):    1.295ns
    Source Clock Delay      (SCD):    0.910ns
    Clock Pessimism Removal (CPR):    0.035ns

    Location             Delay type                Incr(ns)  Path(ns)    Netlist Resource(s)
  -------------------------------------------------------------------    -------------------
                         (clock clk_fpga_0 rise edge)
                                                      0.000     0.000 r  
    PS7_X0Y0             PS7                          0.000     0.000 r  system_processing_system7_0_0/inst/PS7_i/FCLKCLK[0]
                         net (fo=1, routed)           0.310     0.310    system_processing_system7_0_0/inst/FCLK_CLK_unbuffered[0]
    BUFGCTRL_X0Y16       BUFG (Prop_bufg_I_O)         0.026     0.336 r  system_processing_system7_0_0/inst/buffer_fclk_clk_0.FCLK_CLK_0_BUFG/O
                         net (fo=244, routed)         0.574     0.910    axi_slave/CLK
    SLICE_X27Y98         FDRE                                         r  axi_slave/wr_wdata_reg[18]/C
  -------------------------------------------------------------------    -------------------
    SLICE_X27Y98         FDRE (Prop_fdre_C_Q)         0.141     1.051 r  axi_slave/wr_wdata_reg[18]/Q
                         net (fo=1, routed)           0.399     1.449    red_pitaya_scope/i_bridge/wdata_o_reg[31]_1[18]
    SLICE_X26Y104        FDRE                                         r  red_pitaya_scope/i_bridge/wdata_o_reg[18]/D
  -------------------------------------------------------------------    -------------------

                         (clock clk_fpga_0 rise edge)
                                                      0.000     0.000 r  
    PS7_X0Y0             PS7                          0.000     0.000 r  system_processing_system7_0_0/inst/PS7_i/FCLKCLK[0]
                         net (fo=1, routed)           0.337     0.337    system_processing_system7_0_0/inst/FCLK_CLK_unbuffered[0]
    BUFGCTRL_X0Y16       BUFG (Prop_bufg_I_O)         0.029     0.366 r  system_processing_system7_0_0/inst/buffer_fclk_clk_0.FCLK_CLK_0_BUFG/O
                         net (fo=244, routed)         0.929     1.295    red_pitaya_scope/i_bridge/FCLK_CLK0
    SLICE_X26Y104        FDRE                                         r  red_pitaya_scope/i_bridge/wdata_o_reg[18]/C
                         clock pessimism             -0.035     1.260    
    SLICE_X26Y104        FDRE (Hold_fdre_C_D)         0.052     1.312    red_pitaya_scope/i_bridge/wdata_o_reg[18]
  -------------------------------------------------------------------
                         required time                         -1.312    
                         arrival time                           1.449    
  -------------------------------------------------------------------
                         slack                                  0.137    

Slack (MET) :             0.149ns  (arrival time - required time)
  Source:                 axi_slave/wr_wdata_reg[17]/C
                            (rising edge-triggered cell FDRE clocked by clk_fpga_0  {rise@0.000ns fall@4.000ns period=8.000ns})
  Destination:            red_pitaya_scope/i_bridge/wdata_o_reg[17]/D
                            (rising edge-triggered cell FDRE clocked by clk_fpga_0  {rise@0.000ns fall@4.000ns period=8.000ns})
  Path Group:             clk_fpga_0
  Path Type:              Hold (Min at Fast Process Corner)
  Requirement:            0.000ns  (clk_fpga_0 rise@0.000ns - clk_fpga_0 rise@0.000ns)
  Data Path Delay:        0.552ns  (logic 0.164ns (29.724%)  route 0.388ns (70.276%))
  Logic Levels:           0  
  Clock Path Skew:        0.350ns (DCD - SCD - CPR)
    Destination Clock Delay (DCD):    1.294ns
    Source Clock Delay      (SCD):    0.909ns
    Clock Pessimism Removal (CPR):    0.035ns

    Location             Delay type                Incr(ns)  Path(ns)    Netlist Resource(s)
  -------------------------------------------------------------------    -------------------
                         (clock clk_fpga_0 rise edge)
                                                      0.000     0.000 r  
    PS7_X0Y0             PS7                          0.000     0.000 r  system_processing_system7_0_0/inst/PS7_i/FCLKCLK[0]
                         net (fo=1, routed)           0.310     0.310    system_processing_system7_0_0/inst/FCLK_CLK_unbuffered[0]
    BUFGCTRL_X0Y16       BUFG (Prop_bufg_I_O)         0.026     0.336 r  system_processing_system7_0_0/inst/buffer_fclk_clk_0.FCLK_CLK_0_BUFG/O
                         net (fo=244, routed)         0.573     0.909    axi_slave/CLK
    SLICE_X26Y96         FDRE                                         r  axi_slave/wr_wdata_reg[17]/C
  -------------------------------------------------------------------    -------------------
    SLICE_X26Y96         FDRE (Prop_fdre_C_Q)         0.164     1.073 r  axi_slave/wr_wdata_reg[17]/Q
                         net (fo=1, routed)           0.388     1.460    red_pitaya_scope/i_bridge/wdata_o_reg[31]_1[17]
    SLICE_X26Y109        FDRE                                         r  red_pitaya_scope/i_bridge/wdata_o_reg[17]/D
  -------------------------------------------------------------------    -------------------

                         (clock clk_fpga_0 rise edge)
                                                      0.000     0.000 r  
    PS7_X0Y0             PS7                          0.000     0.000 r  system_processing_system7_0_0/inst/PS7_i/FCLKCLK[0]
                         net (fo=1, routed)           0.337     0.337    system_processing_system7_0_0/inst/FCLK_CLK_unbuffered[0]
    BUFGCTRL_X0Y16       BUFG (Prop_bufg_I_O)         0.029     0.366 r  system_processing_system7_0_0/inst/buffer_fclk_clk_0.FCLK_CLK_0_BUFG/O
                         net (fo=244, routed)         0.928     1.294    red_pitaya_scope/i_bridge/FCLK_CLK0
    SLICE_X26Y109        FDRE                                         r  red_pitaya_scope/i_bridge/wdata_o_reg[17]/C
                         clock pessimism             -0.035     1.259    
    SLICE_X26Y109        FDRE (Hold_fdre_C_D)         0.052     1.311    red_pitaya_scope/i_bridge/wdata_o_reg[17]
  -------------------------------------------------------------------
                         required time                         -1.311    
                         arrival time                           1.460    
  -------------------------------------------------------------------
                         slack                                  0.149    

Slack (MET) :             0.150ns  (arrival time - required time)
  Source:                 axi_slave/wr_wdata_reg[27]/C
                            (rising edge-triggered cell FDRE clocked by clk_fpga_0  {rise@0.000ns fall@4.000ns period=8.000ns})
  Destination:            red_pitaya_scope/i_bridge/wdata_o_reg[27]/D
                            (rising edge-triggered cell FDRE clocked by clk_fpga_0  {rise@0.000ns fall@4.000ns period=8.000ns})
  Path Group:             clk_fpga_0
  Path Type:              Hold (Min at Fast Process Corner)
  Requirement:            0.000ns  (clk_fpga_0 rise@0.000ns - clk_fpga_0 rise@0.000ns)
  Data Path Delay:        0.519ns  (logic 0.128ns (24.669%)  route 0.391ns (75.331%))
  Logic Levels:           0  
  Clock Path Skew:        0.350ns (DCD - SCD - CPR)
    Destination Clock Delay (DCD):    1.295ns
    Source Clock Delay      (SCD):    0.910ns
    Clock Pessimism Removal (CPR):    0.035ns

    Location             Delay type                Incr(ns)  Path(ns)    Netlist Resource(s)
  -------------------------------------------------------------------    -------------------
                         (clock clk_fpga_0 rise edge)
                                                      0.000     0.000 r  
    PS7_X0Y0             PS7                          0.000     0.000 r  system_processing_system7_0_0/inst/PS7_i/FCLKCLK[0]
                         net (fo=1, routed)           0.310     0.310    system_processing_system7_0_0/inst/FCLK_CLK_unbuffered[0]
    BUFGCTRL_X0Y16       BUFG (Prop_bufg_I_O)         0.026     0.336 r  system_processing_system7_0_0/inst/buffer_fclk_clk_0.FCLK_CLK_0_BUFG/O
                         net (fo=244, routed)         0.574     0.910    axi_slave/CLK
    SLICE_X27Y98         FDRE                                         r  axi_slave/wr_wdata_reg[27]/C
  -------------------------------------------------------------------    -------------------
    SLICE_X27Y98         FDRE (Prop_fdre_C_Q)         0.128     1.038 r  axi_slave/wr_wdata_reg[27]/Q
                         net (fo=1, routed)           0.391     1.428    red_pitaya_scope/i_bridge/wdata_o_reg[31]_1[27]
    SLICE_X27Y104        FDRE                                         r  red_pitaya_scope/i_bridge/wdata_o_reg[27]/D
  -------------------------------------------------------------------    -------------------

                         (clock clk_fpga_0 rise edge)
                                                      0.000     0.000 r  
    PS7_X0Y0             PS7                          0.000     0.000 r  system_processing_system7_0_0/inst/PS7_i/FCLKCLK[0]
                         net (fo=1, routed)           0.337     0.337    system_processing_system7_0_0/inst/FCLK_CLK_unbuffered[0]
    BUFGCTRL_X0Y16       BUFG (Prop_bufg_I_O)         0.029     0.366 r  system_processing_system7_0_0/inst/buffer_fclk_clk_0.FCLK_CLK_0_BUFG/O
                         net (fo=244, routed)         0.929     1.295    red_pitaya_scope/i_bridge/FCLK_CLK0
    SLICE_X27Y104        FDRE                                         r  red_pitaya_scope/i_bridge/wdata_o_reg[27]/C
                         clock pessimism             -0.035     1.260    
    SLICE_X27Y104        FDRE (Hold_fdre_C_D)         0.019     1.279    red_pitaya_scope/i_bridge/wdata_o_reg[27]
  -------------------------------------------------------------------
                         required time                         -1.279    
                         arrival time                           1.428    
  -------------------------------------------------------------------
                         slack                                  0.150    

Slack (MET) :             0.155ns  (arrival time - required time)
  Source:                 axi_slave/wr_wdata_reg[8]/C
                            (rising edge-triggered cell FDRE clocked by clk_fpga_0  {rise@0.000ns fall@4.000ns period=8.000ns})
  Destination:            red_pitaya_scope/i_bridge/wdata_o_reg[8]/D
                            (rising edge-triggered cell FDRE clocked by clk_fpga_0  {rise@0.000ns fall@4.000ns period=8.000ns})
  Path Group:             clk_fpga_0
  Path Type:              Hold (Min at Fast Process Corner)
  Requirement:            0.000ns  (clk_fpga_0 rise@0.000ns - clk_fpga_0 rise@0.000ns)
  Data Path Delay:        0.513ns  (logic 0.148ns (28.856%)  route 0.365ns (71.144%))
  Logic Levels:           0  
  Clock Path Skew:        0.352ns (DCD - SCD - CPR)
    Destination Clock Delay (DCD):    1.296ns
    Source Clock Delay      (SCD):    0.909ns
    Clock Pessimism Removal (CPR):    0.035ns

    Location             Delay type                Incr(ns)  Path(ns)    Netlist Resource(s)
  -------------------------------------------------------------------    -------------------
                         (clock clk_fpga_0 rise edge)
                                                      0.000     0.000 r  
    PS7_X0Y0             PS7                          0.000     0.000 r  system_processing_system7_0_0/inst/PS7_i/FCLKCLK[0]
                         net (fo=1, routed)           0.310     0.310    system_processing_system7_0_0/inst/FCLK_CLK_unbuffered[0]
    BUFGCTRL_X0Y16       BUFG (Prop_bufg_I_O)         0.026     0.336 r  system_processing_system7_0_0/inst/buffer_fclk_clk_0.FCLK_CLK_0_BUFG/O
                         net (fo=244, routed)         0.573     0.909    axi_slave/CLK
    SLICE_X26Y96         FDRE                                         r  axi_slave/wr_wdata_reg[8]/C
  -------------------------------------------------------------------    -------------------
    SLICE_X26Y96         FDRE (Prop_fdre_C_Q)         0.148     1.057 r  axi_slave/wr_wdata_reg[8]/Q
                         net (fo=1, routed)           0.365     1.421    red_pitaya_scope/i_bridge/wdata_o_reg[31]_1[8]
    SLICE_X26Y100        FDRE                                         r  red_pitaya_scope/i_bridge/wdata_o_reg[8]/D
  -------------------------------------------------------------------    -------------------

                         (clock clk_fpga_0 rise edge)
                                                      0.000     0.000 r  
    PS7_X0Y0             PS7                          0.000     0.000 r  system_processing_system7_0_0/inst/PS7_i/FCLKCLK[0]
                         net (fo=1, routed)           0.337     0.337    system_processing_system7_0_0/inst/FCLK_CLK_unbuffered[0]
    BUFGCTRL_X0Y16       BUFG (Prop_bufg_I_O)         0.029     0.366 r  system_processing_system7_0_0/inst/buffer_fclk_clk_0.FCLK_CLK_0_BUFG/O
                         net (fo=244, routed)         0.930     1.296    red_pitaya_scope/i_bridge/FCLK_CLK0
    SLICE_X26Y100        FDRE                                         r  red_pitaya_scope/i_bridge/wdata_o_reg[8]/C
                         clock pessimism             -0.035     1.261    
    SLICE_X26Y100        FDRE (Hold_fdre_C_D)         0.006     1.267    red_pitaya_scope/i_bridge/wdata_o_reg[8]
  -------------------------------------------------------------------
                         required time                         -1.267    
                         arrival time                           1.421    
  -------------------------------------------------------------------
                         slack                                  0.155    

Slack (MET) :             0.161ns  (arrival time - required time)
  Source:                 axi_slave/wr_wdata_reg[23]/C
                            (rising edge-triggered cell FDRE clocked by clk_fpga_0  {rise@0.000ns fall@4.000ns period=8.000ns})
  Destination:            red_pitaya_scope/i_bridge/wdata_o_reg[23]/D
                            (rising edge-triggered cell FDRE clocked by clk_fpga_0  {rise@0.000ns fall@4.000ns period=8.000ns})
  Path Group:             clk_fpga_0
  Path Type:              Hold (Min at Fast Process Corner)
  Requirement:            0.000ns  (clk_fpga_0 rise@0.000ns - clk_fpga_0 rise@0.000ns)
  Data Path Delay:        0.510ns  (logic 0.128ns (25.083%)  route 0.382ns (74.917%))
  Logic Levels:           0  
  Clock Path Skew:        0.351ns (DCD - SCD - CPR)
    Destination Clock Delay (DCD):    1.296ns
    Source Clock Delay      (SCD):    0.910ns
    Clock Pessimism Removal (CPR):    0.035ns

    Location             Delay type                Incr(ns)  Path(ns)    Netlist Resource(s)
  -------------------------------------------------------------------    -------------------
                         (clock clk_fpga_0 rise edge)
                                                      0.000     0.000 r  
    PS7_X0Y0             PS7                          0.000     0.000 r  system_processing_system7_0_0/inst/PS7_i/FCLKCLK[0]
                         net (fo=1, routed)           0.310     0.310    system_processing_system7_0_0/inst/FCLK_CLK_unbuffered[0]
    BUFGCTRL_X0Y16       BUFG (Prop_bufg_I_O)         0.026     0.336 r  system_processing_system7_0_0/inst/buffer_fclk_clk_0.FCLK_CLK_0_BUFG/O
                         net (fo=244, routed)         0.574     0.910    axi_slave/CLK
    SLICE_X27Y97         FDRE                                         r  axi_slave/wr_wdata_reg[23]/C
  -------------------------------------------------------------------    -------------------
    SLICE_X27Y97         FDRE (Prop_fdre_C_Q)         0.128     1.038 r  axi_slave/wr_wdata_reg[23]/Q
                         net (fo=1, routed)           0.382     1.420    red_pitaya_scope/i_bridge/wdata_o_reg[31]_1[23]
    SLICE_X26Y101        FDRE                                         r  red_pitaya_scope/i_bridge/wdata_o_reg[23]/D
  -------------------------------------------------------------------    -------------------

                         (clock clk_fpga_0 rise edge)
                                                      0.000     0.000 r  
    PS7_X0Y0             PS7                          0.000     0.000 r  system_processing_system7_0_0/inst/PS7_i/FCLKCLK[0]
                         net (fo=1, routed)           0.337     0.337    system_processing_system7_0_0/inst/FCLK_CLK_unbuffered[0]
    BUFGCTRL_X0Y16       BUFG (Prop_bufg_I_O)         0.029     0.366 r  system_processing_system7_0_0/inst/buffer_fclk_clk_0.FCLK_CLK_0_BUFG/O
                         net (fo=244, routed)         0.930     1.296    red_pitaya_scope/i_bridge/FCLK_CLK0
    SLICE_X26Y101        FDRE                                         r  red_pitaya_scope/i_bridge/wdata_o_reg[23]/C
                         clock pessimism             -0.035     1.261    
    SLICE_X26Y101        FDRE (Hold_fdre_C_D)        -0.002     1.259    red_pitaya_scope/i_bridge/wdata_o_reg[23]
  -------------------------------------------------------------------
                         required time                         -1.259    
                         arrival time                           1.420    
  -------------------------------------------------------------------
                         slack                                  0.161    

Slack (MET) :             0.173ns  (arrival time - required time)
  Source:                 axi_slave/wr_wdata_reg[21]/C
                            (rising edge-triggered cell FDRE clocked by clk_fpga_0  {rise@0.000ns fall@4.000ns period=8.000ns})
  Destination:            red_pitaya_scope/i_bridge/wdata_o_reg[21]/D
                            (rising edge-triggered cell FDRE clocked by clk_fpga_0  {rise@0.000ns fall@4.000ns period=8.000ns})
  Path Group:             clk_fpga_0
  Path Type:              Hold (Min at Fast Process Corner)
  Requirement:            0.000ns  (clk_fpga_0 rise@0.000ns - clk_fpga_0 rise@0.000ns)
  Data Path Delay:        0.583ns  (logic 0.141ns (24.181%)  route 0.442ns (75.819%))
  Logic Levels:           0  
  Clock Path Skew:        0.351ns (DCD - SCD - CPR)
    Destination Clock Delay (DCD):    1.296ns
    Source Clock Delay      (SCD):    0.910ns
    Clock Pessimism Removal (CPR):    0.035ns

    Location             Delay type                Incr(ns)  Path(ns)    Netlist Resource(s)
  -------------------------------------------------------------------    -------------------
                         (clock clk_fpga_0 rise edge)
                                                      0.000     0.000 r  
    PS7_X0Y0             PS7                          0.000     0.000 r  system_processing_system7_0_0/inst/PS7_i/FCLKCLK[0]
                         net (fo=1, routed)           0.310     0.310    system_processing_system7_0_0/inst/FCLK_CLK_unbuffered[0]
    BUFGCTRL_X0Y16       BUFG (Prop_bufg_I_O)         0.026     0.336 r  system_processing_system7_0_0/inst/buffer_fclk_clk_0.FCLK_CLK_0_BUFG/O
                         net (fo=244, routed)         0.574     0.910    axi_slave/CLK
    SLICE_X27Y97         FDRE                                         r  axi_slave/wr_wdata_reg[21]/C
  -------------------------------------------------------------------    -------------------
    SLICE_X27Y97         FDRE (Prop_fdre_C_Q)         0.141     1.051 r  axi_slave/wr_wdata_reg[21]/Q
                         net (fo=1, routed)           0.442     1.493    red_pitaya_scope/i_bridge/wdata_o_reg[31]_1[21]
    SLICE_X26Y101        FDRE                                         r  red_pitaya_scope/i_bridge/wdata_o_reg[21]/D
  -------------------------------------------------------------------    -------------------

                         (clock clk_fpga_0 rise edge)
                                                      0.000     0.000 r  
    PS7_X0Y0             PS7                          0.000     0.000 r  system_processing_system7_0_0/inst/PS7_i/FCLKCLK[0]
                         net (fo=1, routed)           0.337     0.337    system_processing_system7_0_0/inst/FCLK_CLK_unbuffered[0]
    BUFGCTRL_X0Y16       BUFG (Prop_bufg_I_O)         0.029     0.366 r  system_processing_system7_0_0/inst/buffer_fclk_clk_0.FCLK_CLK_0_BUFG/O
                         net (fo=244, routed)         0.930     1.296    red_pitaya_scope/i_bridge/FCLK_CLK0
    SLICE_X26Y101        FDRE                                         r  red_pitaya_scope/i_bridge/wdata_o_reg[21]/C
                         clock pessimism             -0.035     1.261    
    SLICE_X26Y101        FDRE (Hold_fdre_C_D)         0.059     1.320    red_pitaya_scope/i_bridge/wdata_o_reg[21]
  -------------------------------------------------------------------
                         required time                         -1.320    
                         arrival time                           1.493    
  -------------------------------------------------------------------
                         slack                                  0.173    

Slack (MET) :             0.174ns  (arrival time - required time)
  Source:                 axi_slave/wr_wdata_reg[13]/C
                            (rising edge-triggered cell FDRE clocked by clk_fpga_0  {rise@0.000ns fall@4.000ns period=8.000ns})
  Destination:            red_pitaya_scope/i_bridge/wdata_o_reg[13]/D
                            (rising edge-triggered cell FDRE clocked by clk_fpga_0  {rise@0.000ns fall@4.000ns period=8.000ns})
  Path Group:             clk_fpga_0
  Path Type:              Hold (Min at Fast Process Corner)
  Requirement:            0.000ns  (clk_fpga_0 rise@0.000ns - clk_fpga_0 rise@0.000ns)
  Data Path Delay:        0.278ns  (logic 0.164ns (58.956%)  route 0.114ns (41.044%))
  Logic Levels:           0  
  Clock Path Skew:        0.038ns (DCD - SCD - CPR)
    Destination Clock Delay (DCD):    1.211ns
    Source Clock Delay      (SCD):    0.909ns
    Clock Pessimism Removal (CPR):    0.264ns

    Location             Delay type                Incr(ns)  Path(ns)    Netlist Resource(s)
  -------------------------------------------------------------------    -------------------
                         (clock clk_fpga_0 rise edge)
                                                      0.000     0.000 r  
    PS7_X0Y0             PS7                          0.000     0.000 r  system_processing_system7_0_0/inst/PS7_i/FCLKCLK[0]
                         net (fo=1, routed)           0.310     0.310    system_processing_system7_0_0/inst/FCLK_CLK_unbuffered[0]
    BUFGCTRL_X0Y16       BUFG (Prop_bufg_I_O)         0.026     0.336 r  system_processing_system7_0_0/inst/buffer_fclk_clk_0.FCLK_CLK_0_BUFG/O
                         net (fo=244, routed)         0.573     0.909    axi_slave/CLK
    SLICE_X26Y96         FDRE                                         r  axi_slave/wr_wdata_reg[13]/C
  -------------------------------------------------------------------    -------------------
    SLICE_X26Y96         FDRE (Prop_fdre_C_Q)         0.164     1.073 r  axi_slave/wr_wdata_reg[13]/Q
                         net (fo=1, routed)           0.114     1.187    red_pitaya_scope/i_bridge/wdata_o_reg[31]_1[13]
    SLICE_X28Y97         FDRE                                         r  red_pitaya_scope/i_bridge/wdata_o_reg[13]/D
  -------------------------------------------------------------------    -------------------

                         (clock clk_fpga_0 rise edge)
                                                      0.000     0.000 r  
    PS7_X0Y0             PS7                          0.000     0.000 r  system_processing_system7_0_0/inst/PS7_i/FCLKCLK[0]
                         net (fo=1, routed)           0.337     0.337    system_processing_system7_0_0/inst/FCLK_CLK_unbuffered[0]
    BUFGCTRL_X0Y16       BUFG (Prop_bufg_I_O)         0.029     0.366 r  system_processing_system7_0_0/inst/buffer_fclk_clk_0.FCLK_CLK_0_BUFG/O
                         net (fo=244, routed)         0.845     1.211    red_pitaya_scope/i_bridge/FCLK_CLK0
    SLICE_X28Y97         FDRE                                         r  red_pitaya_scope/i_bridge/wdata_o_reg[13]/C
                         clock pessimism             -0.264     0.947    
    SLICE_X28Y97         FDRE (Hold_fdre_C_D)         0.066     1.013    red_pitaya_scope/i_bridge/wdata_o_reg[13]
  -------------------------------------------------------------------
                         required time                         -1.013    
                         arrival time                           1.187    
  -------------------------------------------------------------------
                         slack                                  0.174    

Slack (MET) :             0.177ns  (arrival time - required time)
  Source:                 axi_slave/ack_cnt_reg[0]/C
                            (rising edge-triggered cell FDRE clocked by clk_fpga_0  {rise@0.000ns fall@4.000ns period=8.000ns})
  Destination:            axi_slave/ack_cnt_reg[2]/D
                            (rising edge-triggered cell FDRE clocked by clk_fpga_0  {rise@0.000ns fall@4.000ns period=8.000ns})
  Path Group:             clk_fpga_0
  Path Type:              Hold (Min at Fast Process Corner)
  Requirement:            0.000ns  (clk_fpga_0 rise@0.000ns - clk_fpga_0 rise@0.000ns)
  Data Path Delay:        0.321ns  (logic 0.189ns (58.967%)  route 0.132ns (41.033%))
  Logic Levels:           1  (LUT3=1)
  Clock Path Skew:        0.013ns (DCD - SCD - CPR)
    Destination Clock Delay (DCD):    1.208ns
    Source Clock Delay      (SCD):    0.908ns
    Clock Pessimism Removal (CPR):    0.287ns

    Location             Delay type                Incr(ns)  Path(ns)    Netlist Resource(s)
  -------------------------------------------------------------------    -------------------
                         (clock clk_fpga_0 rise edge)
                                                      0.000     0.000 r  
    PS7_X0Y0             PS7                          0.000     0.000 r  system_processing_system7_0_0/inst/PS7_i/FCLKCLK[0]
                         net (fo=1, routed)           0.310     0.310    system_processing_system7_0_0/inst/FCLK_CLK_unbuffered[0]
    BUFGCTRL_X0Y16       BUFG (Prop_bufg_I_O)         0.026     0.336 r  system_processing_system7_0_0/inst/buffer_fclk_clk_0.FCLK_CLK_0_BUFG/O
                         net (fo=244, routed)         0.572     0.908    axi_slave/CLK
    SLICE_X27Y92         FDRE                                         r  axi_slave/ack_cnt_reg[0]/C
  -------------------------------------------------------------------    -------------------
    SLICE_X27Y92         FDRE (Prop_fdre_C_Q)         0.141     1.049 r  axi_slave/ack_cnt_reg[0]/Q
                         net (fo=7, routed)           0.132     1.180    axi_slave/ack_cnt_reg_n_0_[0]
    SLICE_X26Y92         LUT3 (Prop_lut3_I0_O)        0.048     1.228 r  axi_slave/ack_cnt[2]_i_1/O
                         net (fo=1, routed)           0.000     1.228    axi_slave/ack_cnt[2]_i_1_n_0
    SLICE_X26Y92         FDRE                                         r  axi_slave/ack_cnt_reg[2]/D
  -------------------------------------------------------------------    -------------------

                         (clock clk_fpga_0 rise edge)
                                                      0.000     0.000 r  
    PS7_X0Y0             PS7                          0.000     0.000 r  system_processing_system7_0_0/inst/PS7_i/FCLKCLK[0]
                         net (fo=1, routed)           0.337     0.337    system_processing_system7_0_0/inst/FCLK_CLK_unbuffered[0]
    BUFGCTRL_X0Y16       BUFG (Prop_bufg_I_O)         0.029     0.366 r  system_processing_system7_0_0/inst/buffer_fclk_clk_0.FCLK_CLK_0_BUFG/O
                         net (fo=244, routed)         0.842     1.208    axi_slave/CLK
    SLICE_X26Y92         FDRE                                         r  axi_slave/ack_cnt_reg[2]/C
                         clock pessimism             -0.287     0.921    
    SLICE_X26Y92         FDRE (Hold_fdre_C_D)         0.131     1.052    axi_slave/ack_cnt_reg[2]
  -------------------------------------------------------------------
                         required time                         -1.052    
                         arrival time                           1.228    
  -------------------------------------------------------------------
                         slack                                  0.177    





Pulse Width Checks
--------------------------------------------------------------------------------------
Clock Name:         clk_fpga_0
Waveform(ns):       { 0.000 4.000 }
Period(ns):         8.000
Sources:            { system_processing_system7_0_0/inst/PS7_i/FCLKCLK[0] }

Check Type        Corner  Lib Pin  Reference Pin  Required(ns)  Actual(ns)  Slack(ns)  Location        Pin
Min Period        n/a     BUFG/I   n/a            2.155         8.000       5.845      BUFGCTRL_X0Y16  system_processing_system7_0_0/inst/buffer_fclk_clk_0.FCLK_CLK_0_BUFG/I
Min Period        n/a     FDRE/C   n/a            1.000         8.000       7.000      SLICE_X34Y93    dummyhk_bank_bus_dat_r_reg[0]/C
Min Period        n/a     FDRE/C   n/a            1.000         8.000       7.000      SLICE_X34Y92    dummyhk_csr_adr_reg[0]/C
Min Period        n/a     FDRE/C   n/a            1.000         8.000       7.000      SLICE_X34Y93    dummyhk_csr_adr_reg[10]/C
Min Period        n/a     FDRE/C   n/a            1.000         8.000       7.000      SLICE_X34Y93    dummyhk_csr_adr_reg[11]/C
Min Period        n/a     FDRE/C   n/a            1.000         8.000       7.000      SLICE_X34Y93    dummyhk_csr_adr_reg[12]/C
Min Period        n/a     FDRE/C   n/a            1.000         8.000       7.000      SLICE_X34Y93    dummyhk_csr_adr_reg[13]/C
Min Period        n/a     FDRE/C   n/a            1.000         8.000       7.000      SLICE_X34Y93    dummyhk_csr_adr_reg[9]/C
Min Period        n/a     FDRE/C   n/a            1.000         8.000       7.000      SLICE_X28Y95    dummyhk_stb_reg/C
Min Period        n/a     FDRE/C   n/a            1.000         8.000       7.000      SLICE_X28Y95    dummyhk_sys_ack_reg/C
Low Pulse Width   Slow    FDRE/C   n/a            0.500         4.000       3.500      SLICE_X34Y93    dummyhk_bank_bus_dat_r_reg[0]/C
Low Pulse Width   Fast    FDRE/C   n/a            0.500         4.000       3.500      SLICE_X34Y93    dummyhk_bank_bus_dat_r_reg[0]/C
Low Pulse Width   Slow    FDRE/C   n/a            0.500         4.000       3.500      SLICE_X34Y92    dummyhk_csr_adr_reg[0]/C
Low Pulse Width   Fast    FDRE/C   n/a            0.500         4.000       3.500      SLICE_X34Y92    dummyhk_csr_adr_reg[0]/C
Low Pulse Width   Slow    FDRE/C   n/a            0.500         4.000       3.500      SLICE_X34Y93    dummyhk_csr_adr_reg[10]/C
Low Pulse Width   Fast    FDRE/C   n/a            0.500         4.000       3.500      SLICE_X34Y93    dummyhk_csr_adr_reg[10]/C
Low Pulse Width   Slow    FDRE/C   n/a            0.500         4.000       3.500      SLICE_X34Y93    dummyhk_csr_adr_reg[11]/C
Low Pulse Width   Fast    FDRE/C   n/a            0.500         4.000       3.500      SLICE_X34Y93    dummyhk_csr_adr_reg[11]/C
Low Pulse Width   Slow    FDRE/C   n/a            0.500         4.000       3.500      SLICE_X34Y93    dummyhk_csr_adr_reg[12]/C
Low Pulse Width   Fast    FDRE/C   n/a            0.500         4.000       3.500      SLICE_X34Y93    dummyhk_csr_adr_reg[12]/C
High Pulse Width  Slow    FDRE/C   n/a            0.500         4.000       3.500      SLICE_X34Y93    dummyhk_bank_bus_dat_r_reg[0]/C
High Pulse Width  Fast    FDRE/C   n/a            0.500         4.000       3.500      SLICE_X34Y93    dummyhk_bank_bus_dat_r_reg[0]/C
High Pulse Width  Slow    FDRE/C   n/a            0.500         4.000       3.500      SLICE_X34Y92    dummyhk_csr_adr_reg[0]/C
High Pulse Width  Fast    FDRE/C   n/a            0.500         4.000       3.500      SLICE_X34Y92    dummyhk_csr_adr_reg[0]/C
High Pulse Width  Slow    FDRE/C   n/a            0.500         4.000       3.500      SLICE_X34Y93    dummyhk_csr_adr_reg[10]/C
High Pulse Width  Fast    FDRE/C   n/a            0.500         4.000       3.500      SLICE_X34Y93    dummyhk_csr_adr_reg[10]/C
High Pulse Width  Slow    FDRE/C   n/a            0.500         4.000       3.500      SLICE_X34Y93    dummyhk_csr_adr_reg[11]/C
High Pulse Width  Fast    FDRE/C   n/a            0.500         4.000       3.500      SLICE_X34Y93    dummyhk_csr_adr_reg[11]/C
High Pulse Width  Slow    FDRE/C   n/a            0.500         4.000       3.500      SLICE_X34Y93    dummyhk_csr_adr_reg[12]/C
High Pulse Width  Fast    FDRE/C   n/a            0.500         4.000       3.500      SLICE_X34Y93    dummyhk_csr_adr_reg[12]/C



---------------------------------------------------------------------------------------------------
From Clock:  clk_2
  To Clock:  clk_1

Setup :            0  Failing Endpoints,  Worst Slack        0.335ns,  Total Violation        0.000ns
Hold  :            0  Failing Endpoints,  Worst Slack        0.119ns,  Total Violation        0.000ns
---------------------------------------------------------------------------------------------------


Max Delay Paths
--------------------------------------------------------------------------------------
Slack (MET) :             0.335ns  (required time - arrival time)
  Source:                 linienmodule_csrstorage1_storage_full0_reg[4]/C
                            (rising edge-triggered cell FDRE clocked by clk_2  {rise@0.000ns fall@4.000ns period=8.000ns})
  Destination:            linienmodule_deltasigma2_sigma_reg[15]/D
                            (rising edge-triggered cell FDRE clocked by clk_1  {rise@0.000ns fall@2.000ns period=4.000ns})
  Path Group:             clk_1
  Path Type:              Setup (Max at Slow Process Corner)
  Requirement:            4.000ns  (clk_1 rise@4.000ns - clk_2 rise@0.000ns)
  Data Path Delay:        2.934ns  (logic 1.210ns (41.238%)  route 1.724ns (58.762%))
  Logic Levels:           3  (CARRY4=3)
  Clock Path Skew:        -0.344ns (DCD - SCD + CPR)
    Destination Clock Delay (DCD):    4.476ns = ( 8.476 - 4.000 ) 
    Source Clock Delay      (SCD):    4.899ns
    Clock Pessimism Removal (CPR):    0.079ns
  Clock Uncertainty:      0.189ns  ((TSJ^2 + DJ^2)^1/2) / 2 + PE
    Total System Jitter     (TSJ):    0.071ns
    Discrete Jitter          (DJ):    0.118ns
    Phase Error              (PE):    0.120ns

    Location             Delay type                Incr(ns)  Path(ns)    Netlist Resource(s)
  -------------------------------------------------------------------    -------------------
                         (clock clk_2 rise edge)      0.000     0.000 r  
    U18                                               0.000     0.000 r  clk125_p (IN)
                         net (fo=0)                   0.000     0.000    clk125_p
    U18                  IBUFDS (Prop_ibufds_I_O)     0.951     0.951 r  IBUFGDS/O
                         net (fo=1, routed)           2.205     3.156    clk_adci
    BUFGCTRL_X0Y17       BUFG (Prop_bufg_I_O)         0.102     3.258 r  BUFG/O
                         net (fo=1, routed)           1.831     5.089    clk_adcb
    PLLE2_ADV_X1Y0       PLLE2_ADV (Prop_plle2_adv_CLKIN1_CLKOUT2)
                                                     -3.812     1.277 r  PLLE2_BASE/CLKOUT2
                         net (fo=1, routed)           1.883     3.160    clk_2
    BUFGCTRL_X0Y0        BUFG (Prop_bufg_I_O)         0.101     3.261 r  BUFG_4/O
                         net (fo=11300, routed)       1.638     4.899    sys_clk
    SLICE_X52Y87         FDRE                                         r  linienmodule_csrstorage1_storage_full0_reg[4]/C
  -------------------------------------------------------------------    -------------------
    SLICE_X52Y87         FDRE (Prop_fdre_C_Q)         0.456     5.355 r  linienmodule_csrstorage1_storage_full0_reg[4]/Q
                         net (fo=3, routed)           1.724     7.080    linienmodule_csrstorage1_storage_full0_reg_n_0_[4]
    SLICE_X53Y87         CARRY4 (Prop_carry4_DI[0]_CO[3])
                                                      0.526     7.606 r  linienmodule_deltasigma2_sigma_reg[7]_i_1/CO[3]
                         net (fo=1, routed)           0.000     7.606    linienmodule_deltasigma2_sigma_reg[7]_i_1_n_0
    SLICE_X53Y88         CARRY4 (Prop_carry4_CI_CO[3])
                                                      0.114     7.720 r  linienmodule_deltasigma2_sigma_reg[11]_i_1/CO[3]
                         net (fo=1, routed)           0.000     7.720    linienmodule_deltasigma2_sigma_reg[11]_i_1_n_0
    SLICE_X53Y89         CARRY4 (Prop_carry4_CI_CO[3])
                                                      0.114     7.834 r  linienmodule_deltasigma2_sigma_reg[15]_i_1/CO[3]
                         net (fo=1, routed)           0.000     7.834    linienmodule_deltasigma2_sigma_reg[15]_i_1_n_0
    SLICE_X53Y89         FDRE                                         r  linienmodule_deltasigma2_sigma_reg[15]/D
  -------------------------------------------------------------------    -------------------

                         (clock clk_1 rise edge)      4.000     4.000 r  
    U18                                               0.000     4.000 r  clk125_p (IN)
                         net (fo=0)                   0.000     4.000    clk125_p
    U18                  IBUFDS (Prop_ibufds_I_O)     0.909     4.909 r  IBUFGDS/O
                         net (fo=1, routed)           2.006     6.915    clk_adci
    BUFGCTRL_X0Y17       BUFG (Prop_bufg_I_O)         0.092     7.007 r  BUFG/O
                         net (fo=1, routed)           1.634     8.641    clk_adcb
    PLLE2_ADV_X1Y0       PLLE2_ADV (Prop_plle2_adv_CLKIN1_CLKOUT1)
                                                     -3.442     5.199 r  PLLE2_BASE/CLKOUT1
                         net (fo=1, routed)           1.720     6.919    clk_1
    BUFGCTRL_X0Y1        BUFG (Prop_bufg_I_O)         0.091     7.010 r  BUFG_3/O
                         net (fo=82, routed)          1.467     8.476    sys_double_clk
    SLICE_X53Y89         FDRE                                         r  linienmodule_deltasigma2_sigma_reg[15]/C
                         clock pessimism              0.079     8.555    
                         clock uncertainty           -0.189     8.366    
    SLICE_X53Y89         FDRE (Setup_fdre_C_D)       -0.198     8.168    linienmodule_deltasigma2_sigma_reg[15]
  -------------------------------------------------------------------
                         required time                          8.168    
                         arrival time                          -7.834    
  -------------------------------------------------------------------
                         slack                                  0.335    

Slack (MET) :             0.356ns  (required time - arrival time)
  Source:                 linienmodule_slow_out_shifted_reg[9]/C
                            (rising edge-triggered cell FDRE clocked by clk_2  {rise@0.000ns fall@4.000ns period=8.000ns})
  Destination:            linienmodule_deltasigma0_sigma_reg[14]/D
                            (rising edge-triggered cell FDRE clocked by clk_1  {rise@0.000ns fall@2.000ns period=4.000ns})
  Path Group:             clk_1
  Path Type:              Setup (Max at Slow Process Corner)
  Requirement:            4.000ns  (clk_1 rise@4.000ns - clk_2 rise@0.000ns)
  Data Path Delay:        3.152ns  (logic 1.446ns (45.880%)  route 1.706ns (54.120%))
  Logic Levels:           3  (CARRY4=2 LUT2=1)
  Clock Path Skew:        -0.366ns (DCD - SCD + CPR)
    Destination Clock Delay (DCD):    4.733ns = ( 8.733 - 4.000 ) 
    Source Clock Delay      (SCD):    5.177ns
    Clock Pessimism Removal (CPR):    0.079ns
  Clock Uncertainty:      0.189ns  ((TSJ^2 + DJ^2)^1/2) / 2 + PE
    Total System Jitter     (TSJ):    0.071ns
    Discrete Jitter          (DJ):    0.118ns
    Phase Error              (PE):    0.120ns

    Location             Delay type                Incr(ns)  Path(ns)    Netlist Resource(s)
  -------------------------------------------------------------------    -------------------
                         (clock clk_2 rise edge)      0.000     0.000 r  
    U18                                               0.000     0.000 r  clk125_p (IN)
                         net (fo=0)                   0.000     0.000    clk125_p
    U18                  IBUFDS (Prop_ibufds_I_O)     0.951     0.951 r  IBUFGDS/O
                         net (fo=1, routed)           2.205     3.156    clk_adci
    BUFGCTRL_X0Y17       BUFG (Prop_bufg_I_O)         0.102     3.258 r  BUFG/O
                         net (fo=1, routed)           1.831     5.089    clk_adcb
    PLLE2_ADV_X1Y0       PLLE2_ADV (Prop_plle2_adv_CLKIN1_CLKOUT2)
                                                     -3.812     1.277 r  PLLE2_BASE/CLKOUT2
                         net (fo=1, routed)           1.883     3.160    clk_2
    BUFGCTRL_X0Y0        BUFG (Prop_bufg_I_O)         0.101     3.261 r  BUFG_4/O
                         net (fo=11300, routed)       1.916     5.177    sys_clk
    SLICE_X81Y104        FDRE                                         r  linienmodule_slow_out_shifted_reg[9]/C
  -------------------------------------------------------------------    -------------------
    SLICE_X81Y104        FDRE (Prop_fdre_C_Q)         0.456     5.633 r  linienmodule_slow_out_shifted_reg[9]/Q
                         net (fo=2, routed)           1.706     7.339    linienmodule_slow_out_shifted[9]
    SLICE_X83Y104        LUT2 (Prop_lut2_I0_O)        0.124     7.463 r  linienmodule_deltasigma0_sigma[12]_i_5/O
                         net (fo=1, routed)           0.000     7.463    linienmodule_deltasigma0_sigma[12]_i_5_n_0
    SLICE_X83Y104        CARRY4 (Prop_carry4_S[0]_CO[3])
                                                      0.532     7.995 r  linienmodule_deltasigma0_sigma_reg[12]_i_1/CO[3]
                         net (fo=1, routed)           0.000     7.995    linienmodule_deltasigma0_sigma_reg[12]_i_1_n_0
    SLICE_X83Y105        CARRY4 (Prop_carry4_CI_O[1])
                                                      0.334     8.329 r  linienmodule_deltasigma0_sigma_reg[15]_i_1/O[1]
                         net (fo=1, routed)           0.000     8.329    linienmodule_deltasigma0_sigma_reg[15]_i_1_n_6
    SLICE_X83Y105        FDRE                                         r  linienmodule_deltasigma0_sigma_reg[14]/D
  -------------------------------------------------------------------    -------------------

                         (clock clk_1 rise edge)      4.000     4.000 r  
    U18                                               0.000     4.000 r  clk125_p (IN)
                         net (fo=0)                   0.000     4.000    clk125_p
    U18                  IBUFDS (Prop_ibufds_I_O)     0.909     4.909 r  IBUFGDS/O
                         net (fo=1, routed)           2.006     6.915    clk_adci
    BUFGCTRL_X0Y17       BUFG (Prop_bufg_I_O)         0.092     7.007 r  BUFG/O
                         net (fo=1, routed)           1.634     8.641    clk_adcb
    PLLE2_ADV_X1Y0       PLLE2_ADV (Prop_plle2_adv_CLKIN1_CLKOUT1)
                                                     -3.442     5.199 r  PLLE2_BASE/CLKOUT1
                         net (fo=1, routed)           1.720     6.919    clk_1
    BUFGCTRL_X0Y1        BUFG (Prop_bufg_I_O)         0.091     7.010 r  BUFG_3/O
                         net (fo=82, routed)          1.723     8.733    sys_double_clk
    SLICE_X83Y105        FDRE                                         r  linienmodule_deltasigma0_sigma_reg[14]/C
                         clock pessimism              0.079     8.812    
                         clock uncertainty           -0.189     8.623    
    SLICE_X83Y105        FDRE (Setup_fdre_C_D)        0.062     8.685    linienmodule_deltasigma0_sigma_reg[14]
  -------------------------------------------------------------------
                         required time                          8.685    
                         arrival time                          -8.329    
  -------------------------------------------------------------------
                         slack                                  0.356    

Slack (MET) :             0.375ns  (required time - arrival time)
  Source:                 linienmodule_csrstorage1_storage_full0_reg[4]/C
                            (rising edge-triggered cell FDRE clocked by clk_2  {rise@0.000ns fall@4.000ns period=8.000ns})
  Destination:            linienmodule_deltasigma2_sigma_reg[13]/D
                            (rising edge-triggered cell FDRE clocked by clk_1  {rise@0.000ns fall@2.000ns period=4.000ns})
  Path Group:             clk_1
  Path Type:              Setup (Max at Slow Process Corner)
  Requirement:            4.000ns  (clk_1 rise@4.000ns - clk_2 rise@0.000ns)
  Data Path Delay:        3.154ns  (logic 1.430ns (45.337%)  route 1.724ns (54.663%))
  Logic Levels:           3  (CARRY4=3)
  Clock Path Skew:        -0.344ns (DCD - SCD + CPR)
    Destination Clock Delay (DCD):    4.476ns = ( 8.476 - 4.000 ) 
    Source Clock Delay      (SCD):    4.899ns
    Clock Pessimism Removal (CPR):    0.079ns
  Clock Uncertainty:      0.189ns  ((TSJ^2 + DJ^2)^1/2) / 2 + PE
    Total System Jitter     (TSJ):    0.071ns
    Discrete Jitter          (DJ):    0.118ns
    Phase Error              (PE):    0.120ns

    Location             Delay type                Incr(ns)  Path(ns)    Netlist Resource(s)
  -------------------------------------------------------------------    -------------------
                         (clock clk_2 rise edge)      0.000     0.000 r  
    U18                                               0.000     0.000 r  clk125_p (IN)
                         net (fo=0)                   0.000     0.000    clk125_p
    U18                  IBUFDS (Prop_ibufds_I_O)     0.951     0.951 r  IBUFGDS/O
                         net (fo=1, routed)           2.205     3.156    clk_adci
    BUFGCTRL_X0Y17       BUFG (Prop_bufg_I_O)         0.102     3.258 r  BUFG/O
                         net (fo=1, routed)           1.831     5.089    clk_adcb
    PLLE2_ADV_X1Y0       PLLE2_ADV (Prop_plle2_adv_CLKIN1_CLKOUT2)
                                                     -3.812     1.277 r  PLLE2_BASE/CLKOUT2
                         net (fo=1, routed)           1.883     3.160    clk_2
    BUFGCTRL_X0Y0        BUFG (Prop_bufg_I_O)         0.101     3.261 r  BUFG_4/O
                         net (fo=11300, routed)       1.638     4.899    sys_clk
    SLICE_X52Y87         FDRE                                         r  linienmodule_csrstorage1_storage_full0_reg[4]/C
  -------------------------------------------------------------------    -------------------
    SLICE_X52Y87         FDRE (Prop_fdre_C_Q)         0.456     5.355 r  linienmodule_csrstorage1_storage_full0_reg[4]/Q
                         net (fo=3, routed)           1.724     7.080    linienmodule_csrstorage1_storage_full0_reg_n_0_[4]
    SLICE_X53Y87         CARRY4 (Prop_carry4_DI[0]_CO[3])
                                                      0.526     7.606 r  linienmodule_deltasigma2_sigma_reg[7]_i_1/CO[3]
                         net (fo=1, routed)           0.000     7.606    linienmodule_deltasigma2_sigma_reg[7]_i_1_n_0
    SLICE_X53Y88         CARRY4 (Prop_carry4_CI_CO[3])
                                                      0.114     7.720 r  linienmodule_deltasigma2_sigma_reg[11]_i_1/CO[3]
                         net (fo=1, routed)           0.000     7.720    linienmodule_deltasigma2_sigma_reg[11]_i_1_n_0
    SLICE_X53Y89         CARRY4 (Prop_carry4_CI_O[1])
                                                      0.334     8.054 r  linienmodule_deltasigma2_sigma_reg[15]_i_1/O[1]
                         net (fo=1, routed)           0.000     8.054    linienmodule_deltasigma2_sigma_reg[15]_i_1_n_6
    SLICE_X53Y89         FDRE                                         r  linienmodule_deltasigma2_sigma_reg[13]/D
  -------------------------------------------------------------------    -------------------

                         (clock clk_1 rise edge)      4.000     4.000 r  
    U18                                               0.000     4.000 r  clk125_p (IN)
                         net (fo=0)                   0.000     4.000    clk125_p
    U18                  IBUFDS (Prop_ibufds_I_O)     0.909     4.909 r  IBUFGDS/O
                         net (fo=1, routed)           2.006     6.915    clk_adci
    BUFGCTRL_X0Y17       BUFG (Prop_bufg_I_O)         0.092     7.007 r  BUFG/O
                         net (fo=1, routed)           1.634     8.641    clk_adcb
    PLLE2_ADV_X1Y0       PLLE2_ADV (Prop_plle2_adv_CLKIN1_CLKOUT1)
                                                     -3.442     5.199 r  PLLE2_BASE/CLKOUT1
                         net (fo=1, routed)           1.720     6.919    clk_1
    BUFGCTRL_X0Y1        BUFG (Prop_bufg_I_O)         0.091     7.010 r  BUFG_3/O
                         net (fo=82, routed)          1.467     8.476    sys_double_clk
    SLICE_X53Y89         FDRE                                         r  linienmodule_deltasigma2_sigma_reg[13]/C
                         clock pessimism              0.079     8.555    
                         clock uncertainty           -0.189     8.366    
    SLICE_X53Y89         FDRE (Setup_fdre_C_D)        0.062     8.428    linienmodule_deltasigma2_sigma_reg[13]
  -------------------------------------------------------------------
                         required time                          8.428    
                         arrival time                          -8.054    
  -------------------------------------------------------------------
                         slack                                  0.375    

Slack (MET) :             0.394ns  (required time - arrival time)
  Source:                 linienmodule_csrstorage2_storage_full0_reg[11]/C
                            (rising edge-triggered cell FDRE clocked by clk_2  {rise@0.000ns fall@4.000ns period=8.000ns})
  Destination:            linienmodule_deltasigma3_sigma_reg[15]/D
                            (rising edge-triggered cell FDRE clocked by clk_1  {rise@0.000ns fall@2.000ns period=4.000ns})
  Path Group:             clk_1
  Path Type:              Setup (Max at Slow Process Corner)
  Requirement:            4.000ns  (clk_1 rise@4.000ns - clk_2 rise@0.000ns)
  Data Path Delay:        2.872ns  (logic 1.095ns (38.120%)  route 1.777ns (61.880%))
  Logic Levels:           3  (CARRY4=2 LUT2=1)
  Clock Path Skew:        -0.346ns (DCD - SCD + CPR)
    Destination Clock Delay (DCD):    4.549ns = ( 8.549 - 4.000 ) 
    Source Clock Delay      (SCD):    4.974ns
    Clock Pessimism Removal (CPR):    0.079ns
  Clock Uncertainty:      0.189ns  ((TSJ^2 + DJ^2)^1/2) / 2 + PE
    Total System Jitter     (TSJ):    0.071ns
    Discrete Jitter          (DJ):    0.118ns
    Phase Error              (PE):    0.120ns

    Location             Delay type                Incr(ns)  Path(ns)    Netlist Resource(s)
  -------------------------------------------------------------------    -------------------
                         (clock clk_2 rise edge)      0.000     0.000 r  
    U18                                               0.000     0.000 r  clk125_p (IN)
                         net (fo=0)                   0.000     0.000    clk125_p
    U18                  IBUFDS (Prop_ibufds_I_O)     0.951     0.951 r  IBUFGDS/O
                         net (fo=1, routed)           2.205     3.156    clk_adci
    BUFGCTRL_X0Y17       BUFG (Prop_bufg_I_O)         0.102     3.258 r  BUFG/O
                         net (fo=1, routed)           1.831     5.089    clk_adcb
    PLLE2_ADV_X1Y0       PLLE2_ADV (Prop_plle2_adv_CLKIN1_CLKOUT2)
                                                     -3.812     1.277 r  PLLE2_BASE/CLKOUT2
                         net (fo=1, routed)           1.883     3.160    clk_2
    BUFGCTRL_X0Y0        BUFG (Prop_bufg_I_O)         0.101     3.261 r  BUFG_4/O
                         net (fo=11300, routed)       1.713     4.974    sys_clk
    SLICE_X61Y87         FDRE                                         r  linienmodule_csrstorage2_storage_full0_reg[11]/C
  -------------------------------------------------------------------    -------------------
    SLICE_X61Y87         FDRE (Prop_fdre_C_Q)         0.456     5.430 r  linienmodule_csrstorage2_storage_full0_reg[11]/Q
                         net (fo=3, routed)           1.777     7.208    linienmodule_csrstorage2_storage_full0[11]
    SLICE_X60Y87         LUT2 (Prop_lut2_I0_O)        0.124     7.332 r  linienmodule_deltasigma3_sigma[11]_i_2/O
                         net (fo=1, routed)           0.000     7.332    linienmodule_deltasigma3_sigma[11]_i_2_n_0
    SLICE_X60Y87         CARRY4 (Prop_carry4_S[3]_CO[3])
                                                      0.401     7.733 r  linienmodule_deltasigma3_sigma_reg[11]_i_1/CO[3]
                         net (fo=1, routed)           0.000     7.733    linienmodule_deltasigma3_sigma_reg[11]_i_1_n_0
    SLICE_X60Y88         CARRY4 (Prop_carry4_CI_CO[3])
                                                      0.114     7.847 r  linienmodule_deltasigma3_sigma_reg[15]_i_1/CO[3]
                         net (fo=1, routed)           0.000     7.847    linienmodule_deltasigma3_sigma_reg[15]_i_1_n_0
    SLICE_X60Y88         FDRE                                         r  linienmodule_deltasigma3_sigma_reg[15]/D
  -------------------------------------------------------------------    -------------------

                         (clock clk_1 rise edge)      4.000     4.000 r  
    U18                                               0.000     4.000 r  clk125_p (IN)
                         net (fo=0)                   0.000     4.000    clk125_p
    U18                  IBUFDS (Prop_ibufds_I_O)     0.909     4.909 r  IBUFGDS/O
                         net (fo=1, routed)           2.006     6.915    clk_adci
    BUFGCTRL_X0Y17       BUFG (Prop_bufg_I_O)         0.092     7.007 r  BUFG/O
                         net (fo=1, routed)           1.634     8.641    clk_adcb
    PLLE2_ADV_X1Y0       PLLE2_ADV (Prop_plle2_adv_CLKIN1_CLKOUT1)
                                                     -3.442     5.199 r  PLLE2_BASE/CLKOUT1
                         net (fo=1, routed)           1.720     6.919    clk_1
    BUFGCTRL_X0Y1        BUFG (Prop_bufg_I_O)         0.091     7.010 r  BUFG_3/O
                         net (fo=82, routed)          1.540     8.549    sys_double_clk
    SLICE_X60Y88         FDRE                                         r  linienmodule_deltasigma3_sigma_reg[15]/C
                         clock pessimism              0.079     8.628    
                         clock uncertainty           -0.189     8.439    
    SLICE_X60Y88         FDRE (Setup_fdre_C_D)       -0.198     8.241    linienmodule_deltasigma3_sigma_reg[15]
  -------------------------------------------------------------------
                         required time                          8.241    
                         arrival time                          -7.847    
  -------------------------------------------------------------------
                         slack                                  0.394    

Slack (MET) :             0.434ns  (required time - arrival time)
  Source:                 linienmodule_csrstorage2_storage_full0_reg[11]/C
                            (rising edge-triggered cell FDRE clocked by clk_2  {rise@0.000ns fall@4.000ns period=8.000ns})
  Destination:            linienmodule_deltasigma3_sigma_reg[13]/D
                            (rising edge-triggered cell FDRE clocked by clk_1  {rise@0.000ns fall@2.000ns period=4.000ns})
  Path Group:             clk_1
  Path Type:              Setup (Max at Slow Process Corner)
  Requirement:            4.000ns  (clk_1 rise@4.000ns - clk_2 rise@0.000ns)
  Data Path Delay:        3.092ns  (logic 1.315ns (42.522%)  route 1.777ns (57.478%))
  Logic Levels:           3  (CARRY4=2 LUT2=1)
  Clock Path Skew:        -0.346ns (DCD - SCD + CPR)
    Destination Clock Delay (DCD):    4.549ns = ( 8.549 - 4.000 ) 
    Source Clock Delay      (SCD):    4.974ns
    Clock Pessimism Removal (CPR):    0.079ns
  Clock Uncertainty:      0.189ns  ((TSJ^2 + DJ^2)^1/2) / 2 + PE
    Total System Jitter     (TSJ):    0.071ns
    Discrete Jitter          (DJ):    0.118ns
    Phase Error              (PE):    0.120ns

    Location             Delay type                Incr(ns)  Path(ns)    Netlist Resource(s)
  -------------------------------------------------------------------    -------------------
                         (clock clk_2 rise edge)      0.000     0.000 r  
    U18                                               0.000     0.000 r  clk125_p (IN)
                         net (fo=0)                   0.000     0.000    clk125_p
    U18                  IBUFDS (Prop_ibufds_I_O)     0.951     0.951 r  IBUFGDS/O
                         net (fo=1, routed)           2.205     3.156    clk_adci
    BUFGCTRL_X0Y17       BUFG (Prop_bufg_I_O)         0.102     3.258 r  BUFG/O
                         net (fo=1, routed)           1.831     5.089    clk_adcb
    PLLE2_ADV_X1Y0       PLLE2_ADV (Prop_plle2_adv_CLKIN1_CLKOUT2)
                                                     -3.812     1.277 r  PLLE2_BASE/CLKOUT2
                         net (fo=1, routed)           1.883     3.160    clk_2
    BUFGCTRL_X0Y0        BUFG (Prop_bufg_I_O)         0.101     3.261 r  BUFG_4/O
                         net (fo=11300, routed)       1.713     4.974    sys_clk
    SLICE_X61Y87         FDRE                                         r  linienmodule_csrstorage2_storage_full0_reg[11]/C
  -------------------------------------------------------------------    -------------------
    SLICE_X61Y87         FDRE (Prop_fdre_C_Q)         0.456     5.430 r  linienmodule_csrstorage2_storage_full0_reg[11]/Q
                         net (fo=3, routed)           1.777     7.208    linienmodule_csrstorage2_storage_full0[11]
    SLICE_X60Y87         LUT2 (Prop_lut2_I0_O)        0.124     7.332 r  linienmodule_deltasigma3_sigma[11]_i_2/O
                         net (fo=1, routed)           0.000     7.332    linienmodule_deltasigma3_sigma[11]_i_2_n_0
    SLICE_X60Y87         CARRY4 (Prop_carry4_S[3]_CO[3])
                                                      0.401     7.733 r  linienmodule_deltasigma3_sigma_reg[11]_i_1/CO[3]
                         net (fo=1, routed)           0.000     7.733    linienmodule_deltasigma3_sigma_reg[11]_i_1_n_0
    SLICE_X60Y88         CARRY4 (Prop_carry4_CI_O[1])
                                                      0.334     8.067 r  linienmodule_deltasigma3_sigma_reg[15]_i_1/O[1]
                         net (fo=1, routed)           0.000     8.067    linienmodule_deltasigma3_sigma_reg[15]_i_1_n_6
    SLICE_X60Y88         FDRE                                         r  linienmodule_deltasigma3_sigma_reg[13]/D
  -------------------------------------------------------------------    -------------------

                         (clock clk_1 rise edge)      4.000     4.000 r  
    U18                                               0.000     4.000 r  clk125_p (IN)
                         net (fo=0)                   0.000     4.000    clk125_p
    U18                  IBUFDS (Prop_ibufds_I_O)     0.909     4.909 r  IBUFGDS/O
                         net (fo=1, routed)           2.006     6.915    clk_adci
    BUFGCTRL_X0Y17       BUFG (Prop_bufg_I_O)         0.092     7.007 r  BUFG/O
                         net (fo=1, routed)           1.634     8.641    clk_adcb
    PLLE2_ADV_X1Y0       PLLE2_ADV (Prop_plle2_adv_CLKIN1_CLKOUT1)
                                                     -3.442     5.199 r  PLLE2_BASE/CLKOUT1
                         net (fo=1, routed)           1.720     6.919    clk_1
    BUFGCTRL_X0Y1        BUFG (Prop_bufg_I_O)         0.091     7.010 r  BUFG_3/O
                         net (fo=82, routed)          1.540     8.549    sys_double_clk
    SLICE_X60Y88         FDRE                                         r  linienmodule_deltasigma3_sigma_reg[13]/C
                         clock pessimism              0.079     8.628    
                         clock uncertainty           -0.189     8.439    
    SLICE_X60Y88         FDRE (Setup_fdre_C_D)        0.062     8.501    linienmodule_deltasigma3_sigma_reg[13]
  -------------------------------------------------------------------
                         required time                          8.501    
                         arrival time                          -8.067    
  -------------------------------------------------------------------
                         slack                                  0.434    

Slack (MET) :             0.440ns  (required time - arrival time)
  Source:                 linienmodule_csrstorage0_storage_full0_reg[2]/C
                            (rising edge-triggered cell FDRE clocked by clk_2  {rise@0.000ns fall@4.000ns period=8.000ns})
  Destination:            linienmodule_deltasigma1_sigma_reg[15]/D
                            (rising edge-triggered cell FDRE clocked by clk_1  {rise@0.000ns fall@2.000ns period=4.000ns})
  Path Group:             clk_1
  Path Type:              Setup (Max at Slow Process Corner)
  Requirement:            4.000ns  (clk_1 rise@4.000ns - clk_2 rise@0.000ns)
  Data Path Delay:        2.875ns  (logic 1.311ns (45.606%)  route 1.564ns (54.394%))
  Logic Levels:           5  (CARRY4=4 LUT2=1)
  Clock Path Skew:        -0.346ns (DCD - SCD + CPR)
    Destination Clock Delay (DCD):    4.547ns = ( 8.547 - 4.000 ) 
    Source Clock Delay      (SCD):    4.972ns
    Clock Pessimism Removal (CPR):    0.079ns
  Clock Uncertainty:      0.189ns  ((TSJ^2 + DJ^2)^1/2) / 2 + PE
    Total System Jitter     (TSJ):    0.071ns
    Discrete Jitter          (DJ):    0.118ns
    Phase Error              (PE):    0.120ns

    Location             Delay type                Incr(ns)  Path(ns)    Netlist Resource(s)
  -------------------------------------------------------------------    -------------------
                         (clock clk_2 rise edge)      0.000     0.000 r  
    U18                                               0.000     0.000 r  clk125_p (IN)
                         net (fo=0)                   0.000     0.000    clk125_p
    U18                  IBUFDS (Prop_ibufds_I_O)     0.951     0.951 r  IBUFGDS/O
                         net (fo=1, routed)           2.205     3.156    clk_adci
    BUFGCTRL_X0Y17       BUFG (Prop_bufg_I_O)         0.102     3.258 r  BUFG/O
                         net (fo=1, routed)           1.831     5.089    clk_adcb
    PLLE2_ADV_X1Y0       PLLE2_ADV (Prop_plle2_adv_CLKIN1_CLKOUT2)
                                                     -3.812     1.277 r  PLLE2_BASE/CLKOUT2
                         net (fo=1, routed)           1.883     3.160    clk_2
    BUFGCTRL_X0Y0        BUFG (Prop_bufg_I_O)         0.101     3.261 r  BUFG_4/O
                         net (fo=11300, routed)       1.711     4.972    sys_clk
    SLICE_X55Y88         FDRE                                         r  linienmodule_csrstorage0_storage_full0_reg[2]/C
  -------------------------------------------------------------------    -------------------
    SLICE_X55Y88         FDRE (Prop_fdre_C_Q)         0.456     5.428 r  linienmodule_csrstorage0_storage_full0_reg[2]/Q
                         net (fo=3, routed)           1.564     6.992    linienmodule_csrstorage0_storage_full0_reg_n_0_[2]
    SLICE_X54Y88         LUT2 (Prop_lut2_I0_O)        0.124     7.116 r  linienmodule_deltasigma1_sigma[3]_i_3/O
                         net (fo=1, routed)           0.000     7.116    linienmodule_deltasigma1_sigma[3]_i_3_n_0
    SLICE_X54Y88         CARRY4 (Prop_carry4_S[2]_CO[3])
                                                      0.380     7.496 r  linienmodule_deltasigma1_sigma_reg[3]_i_1/CO[3]
                         net (fo=1, routed)           0.000     7.496    linienmodule_deltasigma1_sigma_reg[3]_i_1_n_0
    SLICE_X54Y89         CARRY4 (Prop_carry4_CI_CO[3])
                                                      0.117     7.613 r  linienmodule_deltasigma1_sigma_reg[7]_i_1/CO[3]
                         net (fo=1, routed)           0.000     7.613    linienmodule_deltasigma1_sigma_reg[7]_i_1_n_0
    SLICE_X54Y90         CARRY4 (Prop_carry4_CI_CO[3])
                                                      0.117     7.730 r  linienmodule_deltasigma1_sigma_reg[11]_i_1/CO[3]
                         net (fo=1, routed)           0.000     7.730    linienmodule_deltasigma1_sigma_reg[11]_i_1_n_0
    SLICE_X54Y91         CARRY4 (Prop_carry4_CI_CO[3])
                                                      0.117     7.847 r  linienmodule_deltasigma1_sigma_reg[15]_i_1/CO[3]
                         net (fo=1, routed)           0.000     7.847    linienmodule_deltasigma1_sigma_reg[15]_i_1_n_0
    SLICE_X54Y91         FDRE                                         r  linienmodule_deltasigma1_sigma_reg[15]/D
  -------------------------------------------------------------------    -------------------

                         (clock clk_1 rise edge)      4.000     4.000 r  
    U18                                               0.000     4.000 r  clk125_p (IN)
                         net (fo=0)                   0.000     4.000    clk125_p
    U18                  IBUFDS (Prop_ibufds_I_O)     0.909     4.909 r  IBUFGDS/O
                         net (fo=1, routed)           2.006     6.915    clk_adci
    BUFGCTRL_X0Y17       BUFG (Prop_bufg_I_O)         0.092     7.007 r  BUFG/O
                         net (fo=1, routed)           1.634     8.641    clk_adcb
    PLLE2_ADV_X1Y0       PLLE2_ADV (Prop_plle2_adv_CLKIN1_CLKOUT1)
                                                     -3.442     5.199 r  PLLE2_BASE/CLKOUT1
                         net (fo=1, routed)           1.720     6.919    clk_1
    BUFGCTRL_X0Y1        BUFG (Prop_bufg_I_O)         0.091     7.010 r  BUFG_3/O
                         net (fo=82, routed)          1.538     8.547    sys_double_clk
    SLICE_X54Y91         FDRE                                         r  linienmodule_deltasigma1_sigma_reg[15]/C
                         clock pessimism              0.079     8.626    
                         clock uncertainty           -0.189     8.437    
    SLICE_X54Y91         FDRE (Setup_fdre_C_D)       -0.150     8.287    linienmodule_deltasigma1_sigma_reg[15]
  -------------------------------------------------------------------
                         required time                          8.287    
                         arrival time                          -7.847    
  -------------------------------------------------------------------
                         slack                                  0.440    

Slack (MET) :             0.446ns  (required time - arrival time)
  Source:                 linienmodule_slow_out_shifted_reg[9]/C
                            (rising edge-triggered cell FDRE clocked by clk_2  {rise@0.000ns fall@4.000ns period=8.000ns})
  Destination:            linienmodule_deltasigma0_sigma_reg[15]/D
                            (rising edge-triggered cell FDRE clocked by clk_1  {rise@0.000ns fall@2.000ns period=4.000ns})
  Path Group:             clk_1
  Path Type:              Setup (Max at Slow Process Corner)
  Requirement:            4.000ns  (clk_1 rise@4.000ns - clk_2 rise@0.000ns)
  Data Path Delay:        3.046ns  (logic 1.340ns (43.996%)  route 1.706ns (56.004%))
  Logic Levels:           3  (CARRY4=2 LUT2=1)
  Clock Path Skew:        -0.366ns (DCD - SCD + CPR)
    Destination Clock Delay (DCD):    4.733ns = ( 8.733 - 4.000 ) 
    Source Clock Delay      (SCD):    5.177ns
    Clock Pessimism Removal (CPR):    0.079ns
  Clock Uncertainty:      0.189ns  ((TSJ^2 + DJ^2)^1/2) / 2 + PE
    Total System Jitter     (TSJ):    0.071ns
    Discrete Jitter          (DJ):    0.118ns
    Phase Error              (PE):    0.120ns

    Location             Delay type                Incr(ns)  Path(ns)    Netlist Resource(s)
  -------------------------------------------------------------------    -------------------
                         (clock clk_2 rise edge)      0.000     0.000 r  
    U18                                               0.000     0.000 r  clk125_p (IN)
                         net (fo=0)                   0.000     0.000    clk125_p
    U18                  IBUFDS (Prop_ibufds_I_O)     0.951     0.951 r  IBUFGDS/O
                         net (fo=1, routed)           2.205     3.156    clk_adci
    BUFGCTRL_X0Y17       BUFG (Prop_bufg_I_O)         0.102     3.258 r  BUFG/O
                         net (fo=1, routed)           1.831     5.089    clk_adcb
    PLLE2_ADV_X1Y0       PLLE2_ADV (Prop_plle2_adv_CLKIN1_CLKOUT2)
                                                     -3.812     1.277 r  PLLE2_BASE/CLKOUT2
                         net (fo=1, routed)           1.883     3.160    clk_2
    BUFGCTRL_X0Y0        BUFG (Prop_bufg_I_O)         0.101     3.261 r  BUFG_4/O
                         net (fo=11300, routed)       1.916     5.177    sys_clk
    SLICE_X81Y104        FDRE                                         r  linienmodule_slow_out_shifted_reg[9]/C
  -------------------------------------------------------------------    -------------------
    SLICE_X81Y104        FDRE (Prop_fdre_C_Q)         0.456     5.633 r  linienmodule_slow_out_shifted_reg[9]/Q
                         net (fo=2, routed)           1.706     7.339    linienmodule_slow_out_shifted[9]
    SLICE_X83Y104        LUT2 (Prop_lut2_I0_O)        0.124     7.463 r  linienmodule_deltasigma0_sigma[12]_i_5/O
                         net (fo=1, routed)           0.000     7.463    linienmodule_deltasigma0_sigma[12]_i_5_n_0
    SLICE_X83Y104        CARRY4 (Prop_carry4_S[0]_CO[3])
                                                      0.532     7.995 r  linienmodule_deltasigma0_sigma_reg[12]_i_1/CO[3]
                         net (fo=1, routed)           0.000     7.995    linienmodule_deltasigma0_sigma_reg[12]_i_1_n_0
    SLICE_X83Y105        CARRY4 (Prop_carry4_CI_CO[2])
                                                      0.228     8.223 r  linienmodule_deltasigma0_sigma_reg[15]_i_1/CO[2]
                         net (fo=1, routed)           0.000     8.223    linienmodule_deltasigma0_sigma_reg[15]_i_1_n_1
    SLICE_X83Y105        FDRE                                         r  linienmodule_deltasigma0_sigma_reg[15]/D
  -------------------------------------------------------------------    -------------------

                         (clock clk_1 rise edge)      4.000     4.000 r  
    U18                                               0.000     4.000 r  clk125_p (IN)
                         net (fo=0)                   0.000     4.000    clk125_p
    U18                  IBUFDS (Prop_ibufds_I_O)     0.909     4.909 r  IBUFGDS/O
                         net (fo=1, routed)           2.006     6.915    clk_adci
    BUFGCTRL_X0Y17       BUFG (Prop_bufg_I_O)         0.092     7.007 r  BUFG/O
                         net (fo=1, routed)           1.634     8.641    clk_adcb
    PLLE2_ADV_X1Y0       PLLE2_ADV (Prop_plle2_adv_CLKIN1_CLKOUT1)
                                                     -3.442     5.199 r  PLLE2_BASE/CLKOUT1
                         net (fo=1, routed)           1.720     6.919    clk_1
    BUFGCTRL_X0Y1        BUFG (Prop_bufg_I_O)         0.091     7.010 r  BUFG_3/O
                         net (fo=82, routed)          1.723     8.733    sys_double_clk
    SLICE_X83Y105        FDRE                                         r  linienmodule_deltasigma0_sigma_reg[15]/C
                         clock pessimism              0.079     8.812    
                         clock uncertainty           -0.189     8.623    
    SLICE_X83Y105        FDRE (Setup_fdre_C_D)        0.046     8.669    linienmodule_deltasigma0_sigma_reg[15]
  -------------------------------------------------------------------
                         required time                          8.669    
                         arrival time                          -8.223    
  -------------------------------------------------------------------
                         slack                                  0.446    

Slack (MET) :             0.467ns  (required time - arrival time)
  Source:                 linienmodule_slow_out_shifted_reg[9]/C
                            (rising edge-triggered cell FDRE clocked by clk_2  {rise@0.000ns fall@4.000ns period=8.000ns})
  Destination:            linienmodule_deltasigma0_sigma_reg[13]/D
                            (rising edge-triggered cell FDRE clocked by clk_1  {rise@0.000ns fall@2.000ns period=4.000ns})
  Path Group:             clk_1
  Path Type:              Setup (Max at Slow Process Corner)
  Requirement:            4.000ns  (clk_1 rise@4.000ns - clk_2 rise@0.000ns)
  Data Path Delay:        3.041ns  (logic 1.335ns (43.904%)  route 1.706ns (56.096%))
  Logic Levels:           3  (CARRY4=2 LUT2=1)
  Clock Path Skew:        -0.366ns (DCD - SCD + CPR)
    Destination Clock Delay (DCD):    4.733ns = ( 8.733 - 4.000 ) 
    Source Clock Delay      (SCD):    5.177ns
    Clock Pessimism Removal (CPR):    0.079ns
  Clock Uncertainty:      0.189ns  ((TSJ^2 + DJ^2)^1/2) / 2 + PE
    Total System Jitter     (TSJ):    0.071ns
    Discrete Jitter          (DJ):    0.118ns
    Phase Error              (PE):    0.120ns

    Location             Delay type                Incr(ns)  Path(ns)    Netlist Resource(s)
  -------------------------------------------------------------------    -------------------
                         (clock clk_2 rise edge)      0.000     0.000 r  
    U18                                               0.000     0.000 r  clk125_p (IN)
                         net (fo=0)                   0.000     0.000    clk125_p
    U18                  IBUFDS (Prop_ibufds_I_O)     0.951     0.951 r  IBUFGDS/O
                         net (fo=1, routed)           2.205     3.156    clk_adci
    BUFGCTRL_X0Y17       BUFG (Prop_bufg_I_O)         0.102     3.258 r  BUFG/O
                         net (fo=1, routed)           1.831     5.089    clk_adcb
    PLLE2_ADV_X1Y0       PLLE2_ADV (Prop_plle2_adv_CLKIN1_CLKOUT2)
                                                     -3.812     1.277 r  PLLE2_BASE/CLKOUT2
                         net (fo=1, routed)           1.883     3.160    clk_2
    BUFGCTRL_X0Y0        BUFG (Prop_bufg_I_O)         0.101     3.261 r  BUFG_4/O
                         net (fo=11300, routed)       1.916     5.177    sys_clk
    SLICE_X81Y104        FDRE                                         r  linienmodule_slow_out_shifted_reg[9]/C
  -------------------------------------------------------------------    -------------------
    SLICE_X81Y104        FDRE (Prop_fdre_C_Q)         0.456     5.633 r  linienmodule_slow_out_shifted_reg[9]/Q
                         net (fo=2, routed)           1.706     7.339    linienmodule_slow_out_shifted[9]
    SLICE_X83Y104        LUT2 (Prop_lut2_I0_O)        0.124     7.463 r  linienmodule_deltasigma0_sigma[12]_i_5/O
                         net (fo=1, routed)           0.000     7.463    linienmodule_deltasigma0_sigma[12]_i_5_n_0
    SLICE_X83Y104        CARRY4 (Prop_carry4_S[0]_CO[3])
                                                      0.532     7.995 r  linienmodule_deltasigma0_sigma_reg[12]_i_1/CO[3]
                         net (fo=1, routed)           0.000     7.995    linienmodule_deltasigma0_sigma_reg[12]_i_1_n_0
    SLICE_X83Y105        CARRY4 (Prop_carry4_CI_O[0])
                                                      0.223     8.218 r  linienmodule_deltasigma0_sigma_reg[15]_i_1/O[0]
                         net (fo=1, routed)           0.000     8.218    linienmodule_deltasigma0_sigma_reg[15]_i_1_n_7
    SLICE_X83Y105        FDRE                                         r  linienmodule_deltasigma0_sigma_reg[13]/D
  -------------------------------------------------------------------    -------------------

                         (clock clk_1 rise edge)      4.000     4.000 r  
    U18                                               0.000     4.000 r  clk125_p (IN)
                         net (fo=0)                   0.000     4.000    clk125_p
    U18                  IBUFDS (Prop_ibufds_I_O)     0.909     4.909 r  IBUFGDS/O
                         net (fo=1, routed)           2.006     6.915    clk_adci
    BUFGCTRL_X0Y17       BUFG (Prop_bufg_I_O)         0.092     7.007 r  BUFG/O
                         net (fo=1, routed)           1.634     8.641    clk_adcb
    PLLE2_ADV_X1Y0       PLLE2_ADV (Prop_plle2_adv_CLKIN1_CLKOUT1)
                                                     -3.442     5.199 r  PLLE2_BASE/CLKOUT1
                         net (fo=1, routed)           1.720     6.919    clk_1
    BUFGCTRL_X0Y1        BUFG (Prop_bufg_I_O)         0.091     7.010 r  BUFG_3/O
                         net (fo=82, routed)          1.723     8.733    sys_double_clk
    SLICE_X83Y105        FDRE                                         r  linienmodule_deltasigma0_sigma_reg[13]/C
                         clock pessimism              0.079     8.812    
                         clock uncertainty           -0.189     8.623    
    SLICE_X83Y105        FDRE (Setup_fdre_C_D)        0.062     8.685    linienmodule_deltasigma0_sigma_reg[13]
  -------------------------------------------------------------------
                         required time                          8.685    
                         arrival time                          -8.218    
  -------------------------------------------------------------------
                         slack                                  0.467    

Slack (MET) :             0.470ns  (required time - arrival time)
  Source:                 linienmodule_csrstorage1_storage_full0_reg[4]/C
                            (rising edge-triggered cell FDRE clocked by clk_2  {rise@0.000ns fall@4.000ns period=8.000ns})
  Destination:            linienmodule_deltasigma2_sigma_reg[14]/D
                            (rising edge-triggered cell FDRE clocked by clk_1  {rise@0.000ns fall@2.000ns period=4.000ns})
  Path Group:             clk_1
  Path Type:              Setup (Max at Slow Process Corner)
  Requirement:            4.000ns  (clk_1 rise@4.000ns - clk_2 rise@0.000ns)
  Data Path Delay:        3.059ns  (logic 1.335ns (43.639%)  route 1.724ns (56.361%))
  Logic Levels:           3  (CARRY4=3)
  Clock Path Skew:        -0.344ns (DCD - SCD + CPR)
    Destination Clock Delay (DCD):    4.476ns = ( 8.476 - 4.000 ) 
    Source Clock Delay      (SCD):    4.899ns
    Clock Pessimism Removal (CPR):    0.079ns
  Clock Uncertainty:      0.189ns  ((TSJ^2 + DJ^2)^1/2) / 2 + PE
    Total System Jitter     (TSJ):    0.071ns
    Discrete Jitter          (DJ):    0.118ns
    Phase Error              (PE):    0.120ns

    Location             Delay type                Incr(ns)  Path(ns)    Netlist Resource(s)
  -------------------------------------------------------------------    -------------------
                         (clock clk_2 rise edge)      0.000     0.000 r  
    U18                                               0.000     0.000 r  clk125_p (IN)
                         net (fo=0)                   0.000     0.000    clk125_p
    U18                  IBUFDS (Prop_ibufds_I_O)     0.951     0.951 r  IBUFGDS/O
                         net (fo=1, routed)           2.205     3.156    clk_adci
    BUFGCTRL_X0Y17       BUFG (Prop_bufg_I_O)         0.102     3.258 r  BUFG/O
                         net (fo=1, routed)           1.831     5.089    clk_adcb
    PLLE2_ADV_X1Y0       PLLE2_ADV (Prop_plle2_adv_CLKIN1_CLKOUT2)
                                                     -3.812     1.277 r  PLLE2_BASE/CLKOUT2
                         net (fo=1, routed)           1.883     3.160    clk_2
    BUFGCTRL_X0Y0        BUFG (Prop_bufg_I_O)         0.101     3.261 r  BUFG_4/O
                         net (fo=11300, routed)       1.638     4.899    sys_clk
    SLICE_X52Y87         FDRE                                         r  linienmodule_csrstorage1_storage_full0_reg[4]/C
  -------------------------------------------------------------------    -------------------
    SLICE_X52Y87         FDRE (Prop_fdre_C_Q)         0.456     5.355 r  linienmodule_csrstorage1_storage_full0_reg[4]/Q
                         net (fo=3, routed)           1.724     7.080    linienmodule_csrstorage1_storage_full0_reg_n_0_[4]
    SLICE_X53Y87         CARRY4 (Prop_carry4_DI[0]_CO[3])
                                                      0.526     7.606 r  linienmodule_deltasigma2_sigma_reg[7]_i_1/CO[3]
                         net (fo=1, routed)           0.000     7.606    linienmodule_deltasigma2_sigma_reg[7]_i_1_n_0
    SLICE_X53Y88         CARRY4 (Prop_carry4_CI_CO[3])
                                                      0.114     7.720 r  linienmodule_deltasigma2_sigma_reg[11]_i_1/CO[3]
                         net (fo=1, routed)           0.000     7.720    linienmodule_deltasigma2_sigma_reg[11]_i_1_n_0
    SLICE_X53Y89         CARRY4 (Prop_carry4_CI_O[2])
                                                      0.239     7.959 r  linienmodule_deltasigma2_sigma_reg[15]_i_1/O[2]
                         net (fo=1, routed)           0.000     7.959    linienmodule_deltasigma2_sigma_reg[15]_i_1_n_5
    SLICE_X53Y89         FDRE                                         r  linienmodule_deltasigma2_sigma_reg[14]/D
  -------------------------------------------------------------------    -------------------

                         (clock clk_1 rise edge)      4.000     4.000 r  
    U18                                               0.000     4.000 r  clk125_p (IN)
                         net (fo=0)                   0.000     4.000    clk125_p
    U18                  IBUFDS (Prop_ibufds_I_O)     0.909     4.909 r  IBUFGDS/O
                         net (fo=1, routed)           2.006     6.915    clk_adci
    BUFGCTRL_X0Y17       BUFG (Prop_bufg_I_O)         0.092     7.007 r  BUFG/O
                         net (fo=1, routed)           1.634     8.641    clk_adcb
    PLLE2_ADV_X1Y0       PLLE2_ADV (Prop_plle2_adv_CLKIN1_CLKOUT1)
                                                     -3.442     5.199 r  PLLE2_BASE/CLKOUT1
                         net (fo=1, routed)           1.720     6.919    clk_1
    BUFGCTRL_X0Y1        BUFG (Prop_bufg_I_O)         0.091     7.010 r  BUFG_3/O
                         net (fo=82, routed)          1.467     8.476    sys_double_clk
    SLICE_X53Y89         FDRE                                         r  linienmodule_deltasigma2_sigma_reg[14]/C
                         clock pessimism              0.079     8.555    
                         clock uncertainty           -0.189     8.366    
    SLICE_X53Y89         FDRE (Setup_fdre_C_D)        0.062     8.428    linienmodule_deltasigma2_sigma_reg[14]
  -------------------------------------------------------------------
                         required time                          8.428    
                         arrival time                          -7.959    
  -------------------------------------------------------------------
                         slack                                  0.470    

Slack (MET) :             0.486ns  (required time - arrival time)
  Source:                 linienmodule_csrstorage1_storage_full0_reg[4]/C
                            (rising edge-triggered cell FDRE clocked by clk_2  {rise@0.000ns fall@4.000ns period=8.000ns})
  Destination:            linienmodule_deltasigma2_sigma_reg[12]/D
                            (rising edge-triggered cell FDRE clocked by clk_1  {rise@0.000ns fall@2.000ns period=4.000ns})
  Path Group:             clk_1
  Path Type:              Setup (Max at Slow Process Corner)
  Requirement:            4.000ns  (clk_1 rise@4.000ns - clk_2 rise@0.000ns)
  Data Path Delay:        3.043ns  (logic 1.319ns (43.343%)  route 1.724ns (56.657%))
  Logic Levels:           3  (CARRY4=3)
  Clock Path Skew:        -0.344ns (DCD - SCD + CPR)
    Destination Clock Delay (DCD):    4.476ns = ( 8.476 - 4.000 ) 
    Source Clock Delay      (SCD):    4.899ns
    Clock Pessimism Removal (CPR):    0.079ns
  Clock Uncertainty:      0.189ns  ((TSJ^2 + DJ^2)^1/2) / 2 + PE
    Total System Jitter     (TSJ):    0.071ns
    Discrete Jitter          (DJ):    0.118ns
    Phase Error              (PE):    0.120ns

    Location             Delay type                Incr(ns)  Path(ns)    Netlist Resource(s)
  -------------------------------------------------------------------    -------------------
                         (clock clk_2 rise edge)      0.000     0.000 r  
    U18                                               0.000     0.000 r  clk125_p (IN)
                         net (fo=0)                   0.000     0.000    clk125_p
    U18                  IBUFDS (Prop_ibufds_I_O)     0.951     0.951 r  IBUFGDS/O
                         net (fo=1, routed)           2.205     3.156    clk_adci
    BUFGCTRL_X0Y17       BUFG (Prop_bufg_I_O)         0.102     3.258 r  BUFG/O
                         net (fo=1, routed)           1.831     5.089    clk_adcb
    PLLE2_ADV_X1Y0       PLLE2_ADV (Prop_plle2_adv_CLKIN1_CLKOUT2)
                                                     -3.812     1.277 r  PLLE2_BASE/CLKOUT2
                         net (fo=1, routed)           1.883     3.160    clk_2
    BUFGCTRL_X0Y0        BUFG (Prop_bufg_I_O)         0.101     3.261 r  BUFG_4/O
                         net (fo=11300, routed)       1.638     4.899    sys_clk
    SLICE_X52Y87         FDRE                                         r  linienmodule_csrstorage1_storage_full0_reg[4]/C
  -------------------------------------------------------------------    -------------------
    SLICE_X52Y87         FDRE (Prop_fdre_C_Q)         0.456     5.355 r  linienmodule_csrstorage1_storage_full0_reg[4]/Q
                         net (fo=3, routed)           1.724     7.080    linienmodule_csrstorage1_storage_full0_reg_n_0_[4]
    SLICE_X53Y87         CARRY4 (Prop_carry4_DI[0]_CO[3])
                                                      0.526     7.606 r  linienmodule_deltasigma2_sigma_reg[7]_i_1/CO[3]
                         net (fo=1, routed)           0.000     7.606    linienmodule_deltasigma2_sigma_reg[7]_i_1_n_0
    SLICE_X53Y88         CARRY4 (Prop_carry4_CI_CO[3])
                                                      0.114     7.720 r  linienmodule_deltasigma2_sigma_reg[11]_i_1/CO[3]
                         net (fo=1, routed)           0.000     7.720    linienmodule_deltasigma2_sigma_reg[11]_i_1_n_0
    SLICE_X53Y89         CARRY4 (Prop_carry4_CI_O[0])
                                                      0.223     7.943 r  linienmodule_deltasigma2_sigma_reg[15]_i_1/O[0]
                         net (fo=1, routed)           0.000     7.943    linienmodule_deltasigma2_sigma_reg[15]_i_1_n_7
    SLICE_X53Y89         FDRE                                         r  linienmodule_deltasigma2_sigma_reg[12]/D
  -------------------------------------------------------------------    -------------------

                         (clock clk_1 rise edge)      4.000     4.000 r  
    U18                                               0.000     4.000 r  clk125_p (IN)
                         net (fo=0)                   0.000     4.000    clk125_p
    U18                  IBUFDS (Prop_ibufds_I_O)     0.909     4.909 r  IBUFGDS/O
                         net (fo=1, routed)           2.006     6.915    clk_adci
    BUFGCTRL_X0Y17       BUFG (Prop_bufg_I_O)         0.092     7.007 r  BUFG/O
                         net (fo=1, routed)           1.634     8.641    clk_adcb
    PLLE2_ADV_X1Y0       PLLE2_ADV (Prop_plle2_adv_CLKIN1_CLKOUT1)
                                                     -3.442     5.199 r  PLLE2_BASE/CLKOUT1
                         net (fo=1, routed)           1.720     6.919    clk_1
    BUFGCTRL_X0Y1        BUFG (Prop_bufg_I_O)         0.091     7.010 r  BUFG_3/O
                         net (fo=82, routed)          1.467     8.476    sys_double_clk
    SLICE_X53Y89         FDRE                                         r  linienmodule_deltasigma2_sigma_reg[12]/C
                         clock pessimism              0.079     8.555    
                         clock uncertainty           -0.189     8.366    
    SLICE_X53Y89         FDRE (Setup_fdre_C_D)        0.062     8.428    linienmodule_deltasigma2_sigma_reg[12]
  -------------------------------------------------------------------
                         required time                          8.428    
                         arrival time                          -7.943    
  -------------------------------------------------------------------
                         slack                                  0.486    





Min Delay Paths
--------------------------------------------------------------------------------------
Slack (MET) :             0.119ns  (arrival time - required time)
  Source:                 linienmodule_csrstorage0_storage_full0_reg[1]/C
                            (rising edge-triggered cell FDRE clocked by clk_2  {rise@0.000ns fall@4.000ns period=8.000ns})
  Destination:            linienmodule_deltasigma1_sigma_reg[1]/D
                            (rising edge-triggered cell FDRE clocked by clk_1  {rise@0.000ns fall@2.000ns period=4.000ns})
  Path Group:             clk_1
  Path Type:              Hold (Min at Fast Process Corner)
  Requirement:            0.000ns  (clk_1 rise@0.000ns - clk_2 rise@0.000ns)
  Data Path Delay:        0.763ns  (logic 0.252ns (33.048%)  route 0.511ns (66.952%))
  Logic Levels:           2  (CARRY4=1 LUT2=1)
  Clock Path Skew:        0.320ns (DCD - SCD - CPR)
    Destination Clock Delay (DCD):    2.009ns
    Source Clock Delay      (SCD):    1.649ns
    Clock Pessimism Removal (CPR):    0.040ns
  Clock Uncertainty:      0.189ns  ((TSJ^2 + DJ^2)^1/2) / 2 + PE
    Total System Jitter     (TSJ):    0.071ns
    Discrete Jitter          (DJ):    0.118ns
    Phase Error              (PE):    0.120ns

    Location             Delay type                Incr(ns)  Path(ns)    Netlist Resource(s)
  -------------------------------------------------------------------    -------------------
                         (clock clk_2 rise edge)      0.000     0.000 r  
    U18                                               0.000     0.000 r  clk125_p (IN)
                         net (fo=0)                   0.000     0.000    clk125_p
    U18                  IBUFDS (Prop_ibufds_I_O)     0.370     0.370 r  IBUFGDS/O
                         net (fo=1, routed)           0.674     1.044    clk_adci
    BUFGCTRL_X0Y17       BUFG (Prop_bufg_I_O)         0.027     1.071 r  BUFG/O
                         net (fo=1, routed)           0.602     1.673    clk_adcb
    PLLE2_ADV_X1Y0       PLLE2_ADV (Prop_plle2_adv_CLKIN1_CLKOUT2)
                                                     -1.169     0.503 r  PLLE2_BASE/CLKOUT2
                         net (fo=1, routed)           0.544     1.047    clk_2
    BUFGCTRL_X0Y0        BUFG (Prop_bufg_I_O)         0.026     1.073 r  BUFG_4/O
                         net (fo=11300, routed)       0.576     1.649    sys_clk
    SLICE_X55Y88         FDRE                                         r  linienmodule_csrstorage0_storage_full0_reg[1]/C
  -------------------------------------------------------------------    -------------------
    SLICE_X55Y88         FDRE (Prop_fdre_C_Q)         0.141     1.790 r  linienmodule_csrstorage0_storage_full0_reg[1]/Q
                         net (fo=3, routed)           0.511     2.300    linienmodule_csrstorage0_storage_full0_reg_n_0_[1]
    SLICE_X54Y88         LUT2 (Prop_lut2_I0_O)        0.045     2.345 r  linienmodule_deltasigma1_sigma[3]_i_4/O
                         net (fo=1, routed)           0.000     2.345    linienmodule_deltasigma1_sigma[3]_i_4_n_0
    SLICE_X54Y88         CARRY4 (Prop_carry4_S[1]_O[1])
                                                      0.066     2.411 r  linienmodule_deltasigma1_sigma_reg[3]_i_1/O[1]
                         net (fo=1, routed)           0.000     2.411    linienmodule_deltasigma1_sigma_reg[3]_i_1_n_6
    SLICE_X54Y88         FDRE                                         r  linienmodule_deltasigma1_sigma_reg[1]/D
  -------------------------------------------------------------------    -------------------

                         (clock clk_1 rise edge)      0.000     0.000 r  
    U18                                               0.000     0.000 r  clk125_p (IN)
                         net (fo=0)                   0.000     0.000    clk125_p
    U18                  IBUFDS (Prop_ibufds_I_O)     0.401     0.401 r  IBUFGDS/O
                         net (fo=1, routed)           0.731     1.132    clk_adci
    BUFGCTRL_X0Y17       BUFG (Prop_bufg_I_O)         0.030     1.162 r  BUFG/O
                         net (fo=1, routed)           0.869     2.031    clk_adcb
    PLLE2_ADV_X1Y0       PLLE2_ADV (Prop_plle2_adv_CLKIN1_CLKOUT1)
                                                     -1.488     0.543 r  PLLE2_BASE/CLKOUT1
                         net (fo=1, routed)           0.592     1.135    clk_1
    BUFGCTRL_X0Y1        BUFG (Prop_bufg_I_O)         0.029     1.164 r  BUFG_3/O
                         net (fo=82, routed)          0.845     2.009    sys_double_clk
    SLICE_X54Y88         FDRE                                         r  linienmodule_deltasigma1_sigma_reg[1]/C
                         clock pessimism             -0.040     1.969    
                         clock uncertainty            0.189     2.158    
    SLICE_X54Y88         FDRE (Hold_fdre_C_D)         0.134     2.292    linienmodule_deltasigma1_sigma_reg[1]
  -------------------------------------------------------------------
                         required time                         -2.292    
                         arrival time                           2.411    
  -------------------------------------------------------------------
                         slack                                  0.119    

Slack (MET) :             0.130ns  (arrival time - required time)
  Source:                 linienmodule_csrstorage0_storage_full0_reg[0]/C
                            (rising edge-triggered cell FDRE clocked by clk_2  {rise@0.000ns fall@4.000ns period=8.000ns})
  Destination:            linienmodule_deltasigma1_sigma_reg[0]/D
                            (rising edge-triggered cell FDRE clocked by clk_1  {rise@0.000ns fall@2.000ns period=4.000ns})
  Path Group:             clk_1
  Path Type:              Hold (Min at Fast Process Corner)
  Requirement:            0.000ns  (clk_1 rise@0.000ns - clk_2 rise@0.000ns)
  Data Path Delay:        0.773ns  (logic 0.256ns (33.121%)  route 0.517ns (66.879%))
  Logic Levels:           2  (CARRY4=1 LUT2=1)
  Clock Path Skew:        0.320ns (DCD - SCD - CPR)
    Destination Clock Delay (DCD):    2.009ns
    Source Clock Delay      (SCD):    1.649ns
    Clock Pessimism Removal (CPR):    0.040ns
  Clock Uncertainty:      0.189ns  ((TSJ^2 + DJ^2)^1/2) / 2 + PE
    Total System Jitter     (TSJ):    0.071ns
    Discrete Jitter          (DJ):    0.118ns
    Phase Error              (PE):    0.120ns

    Location             Delay type                Incr(ns)  Path(ns)    Netlist Resource(s)
  -------------------------------------------------------------------    -------------------
                         (clock clk_2 rise edge)      0.000     0.000 r  
    U18                                               0.000     0.000 r  clk125_p (IN)
                         net (fo=0)                   0.000     0.000    clk125_p
    U18                  IBUFDS (Prop_ibufds_I_O)     0.370     0.370 r  IBUFGDS/O
                         net (fo=1, routed)           0.674     1.044    clk_adci
    BUFGCTRL_X0Y17       BUFG (Prop_bufg_I_O)         0.027     1.071 r  BUFG/O
                         net (fo=1, routed)           0.602     1.673    clk_adcb
    PLLE2_ADV_X1Y0       PLLE2_ADV (Prop_plle2_adv_CLKIN1_CLKOUT2)
                                                     -1.169     0.503 r  PLLE2_BASE/CLKOUT2
                         net (fo=1, routed)           0.544     1.047    clk_2
    BUFGCTRL_X0Y0        BUFG (Prop_bufg_I_O)         0.026     1.073 r  BUFG_4/O
                         net (fo=11300, routed)       0.576     1.649    sys_clk
    SLICE_X55Y88         FDRE                                         r  linienmodule_csrstorage0_storage_full0_reg[0]/C
  -------------------------------------------------------------------    -------------------
    SLICE_X55Y88         FDRE (Prop_fdre_C_Q)         0.141     1.790 r  linienmodule_csrstorage0_storage_full0_reg[0]/Q
                         net (fo=3, routed)           0.517     2.307    linienmodule_csrstorage0_storage_full0_reg_n_0_[0]
    SLICE_X54Y88         LUT2 (Prop_lut2_I0_O)        0.045     2.352 r  linienmodule_deltasigma1_sigma[3]_i_5/O
                         net (fo=1, routed)           0.000     2.352    linienmodule_deltasigma1_sigma[3]_i_5_n_0
    SLICE_X54Y88         CARRY4 (Prop_carry4_S[0]_O[0])
                                                      0.070     2.422 r  linienmodule_deltasigma1_sigma_reg[3]_i_1/O[0]
                         net (fo=1, routed)           0.000     2.422    linienmodule_deltasigma1_sigma_reg[3]_i_1_n_7
    SLICE_X54Y88         FDRE                                         r  linienmodule_deltasigma1_sigma_reg[0]/D
  -------------------------------------------------------------------    -------------------

                         (clock clk_1 rise edge)      0.000     0.000 r  
    U18                                               0.000     0.000 r  clk125_p (IN)
                         net (fo=0)                   0.000     0.000    clk125_p
    U18                  IBUFDS (Prop_ibufds_I_O)     0.401     0.401 r  IBUFGDS/O
                         net (fo=1, routed)           0.731     1.132    clk_adci
    BUFGCTRL_X0Y17       BUFG (Prop_bufg_I_O)         0.030     1.162 r  BUFG/O
                         net (fo=1, routed)           0.869     2.031    clk_adcb
    PLLE2_ADV_X1Y0       PLLE2_ADV (Prop_plle2_adv_CLKIN1_CLKOUT1)
                                                     -1.488     0.543 r  PLLE2_BASE/CLKOUT1
                         net (fo=1, routed)           0.592     1.135    clk_1
    BUFGCTRL_X0Y1        BUFG (Prop_bufg_I_O)         0.029     1.164 r  BUFG_3/O
                         net (fo=82, routed)          0.845     2.009    sys_double_clk
    SLICE_X54Y88         FDRE                                         r  linienmodule_deltasigma1_sigma_reg[0]/C
                         clock pessimism             -0.040     1.969    
                         clock uncertainty            0.189     2.158    
    SLICE_X54Y88         FDRE (Hold_fdre_C_D)         0.134     2.292    linienmodule_deltasigma1_sigma_reg[0]
  -------------------------------------------------------------------
                         required time                         -2.292    
                         arrival time                           2.422    
  -------------------------------------------------------------------
                         slack                                  0.130    

Slack (MET) :             0.134ns  (arrival time - required time)
  Source:                 linienmodule_csrstorage0_storage_full0_reg[9]/C
                            (rising edge-triggered cell FDRE clocked by clk_2  {rise@0.000ns fall@4.000ns period=8.000ns})
  Destination:            linienmodule_deltasigma1_sigma_reg[9]/D
                            (rising edge-triggered cell FDRE clocked by clk_1  {rise@0.000ns fall@2.000ns period=4.000ns})
  Path Group:             clk_1
  Path Type:              Hold (Min at Fast Process Corner)
  Requirement:            0.000ns  (clk_1 rise@0.000ns - clk_2 rise@0.000ns)
  Data Path Delay:        0.777ns  (logic 0.292ns (37.584%)  route 0.485ns (62.416%))
  Logic Levels:           2  (CARRY4=1 LUT2=1)
  Clock Path Skew:        0.320ns (DCD - SCD - CPR)
    Destination Clock Delay (DCD):    2.010ns
    Source Clock Delay      (SCD):    1.650ns
    Clock Pessimism Removal (CPR):    0.040ns
  Clock Uncertainty:      0.189ns  ((TSJ^2 + DJ^2)^1/2) / 2 + PE
    Total System Jitter     (TSJ):    0.071ns
    Discrete Jitter          (DJ):    0.118ns
    Phase Error              (PE):    0.120ns

    Location             Delay type                Incr(ns)  Path(ns)    Netlist Resource(s)
  -------------------------------------------------------------------    -------------------
                         (clock clk_2 rise edge)      0.000     0.000 r  
    U18                                               0.000     0.000 r  clk125_p (IN)
                         net (fo=0)                   0.000     0.000    clk125_p
    U18                  IBUFDS (Prop_ibufds_I_O)     0.370     0.370 r  IBUFGDS/O
                         net (fo=1, routed)           0.674     1.044    clk_adci
    BUFGCTRL_X0Y17       BUFG (Prop_bufg_I_O)         0.027     1.071 r  BUFG/O
                         net (fo=1, routed)           0.602     1.673    clk_adcb
    PLLE2_ADV_X1Y0       PLLE2_ADV (Prop_plle2_adv_CLKIN1_CLKOUT2)
                                                     -1.169     0.503 r  PLLE2_BASE/CLKOUT2
                         net (fo=1, routed)           0.544     1.047    clk_2
    BUFGCTRL_X0Y0        BUFG (Prop_bufg_I_O)         0.026     1.073 r  BUFG_4/O
                         net (fo=11300, routed)       0.577     1.650    sys_clk
    SLICE_X55Y90         FDRE                                         r  linienmodule_csrstorage0_storage_full0_reg[9]/C
  -------------------------------------------------------------------    -------------------
    SLICE_X55Y90         FDRE (Prop_fdre_C_Q)         0.128     1.778 r  linienmodule_csrstorage0_storage_full0_reg[9]/Q
                         net (fo=3, routed)           0.485     2.263    linienmodule_csrbank5_analog_out_11_w[1]
    SLICE_X54Y90         LUT2 (Prop_lut2_I0_O)        0.098     2.361 r  linienmodule_deltasigma1_sigma[11]_i_4/O
                         net (fo=1, routed)           0.000     2.361    linienmodule_deltasigma1_sigma[11]_i_4_n_0
    SLICE_X54Y90         CARRY4 (Prop_carry4_S[1]_O[1])
                                                      0.066     2.427 r  linienmodule_deltasigma1_sigma_reg[11]_i_1/O[1]
                         net (fo=1, routed)           0.000     2.427    linienmodule_deltasigma1_sigma_reg[11]_i_1_n_6
    SLICE_X54Y90         FDRE                                         r  linienmodule_deltasigma1_sigma_reg[9]/D
  -------------------------------------------------------------------    -------------------

                         (clock clk_1 rise edge)      0.000     0.000 r  
    U18                                               0.000     0.000 r  clk125_p (IN)
                         net (fo=0)                   0.000     0.000    clk125_p
    U18                  IBUFDS (Prop_ibufds_I_O)     0.401     0.401 r  IBUFGDS/O
                         net (fo=1, routed)           0.731     1.132    clk_adci
    BUFGCTRL_X0Y17       BUFG (Prop_bufg_I_O)         0.030     1.162 r  BUFG/O
                         net (fo=1, routed)           0.869     2.031    clk_adcb
    PLLE2_ADV_X1Y0       PLLE2_ADV (Prop_plle2_adv_CLKIN1_CLKOUT1)
                                                     -1.488     0.543 r  PLLE2_BASE/CLKOUT1
                         net (fo=1, routed)           0.592     1.135    clk_1
    BUFGCTRL_X0Y1        BUFG (Prop_bufg_I_O)         0.029     1.164 r  BUFG_3/O
                         net (fo=82, routed)          0.846     2.010    sys_double_clk
    SLICE_X54Y90         FDRE                                         r  linienmodule_deltasigma1_sigma_reg[9]/C
                         clock pessimism             -0.040     1.970    
                         clock uncertainty            0.189     2.159    
    SLICE_X54Y90         FDRE (Hold_fdre_C_D)         0.134     2.293    linienmodule_deltasigma1_sigma_reg[9]
  -------------------------------------------------------------------
                         required time                         -2.293    
                         arrival time                           2.427    
  -------------------------------------------------------------------
                         slack                                  0.134    

Slack (MET) :             0.140ns  (arrival time - required time)
  Source:                 linienmodule_slow_out_shifted_reg[8]/C
                            (rising edge-triggered cell FDRE clocked by clk_2  {rise@0.000ns fall@4.000ns period=8.000ns})
  Destination:            linienmodule_deltasigma0_sigma_reg[8]/D
                            (rising edge-triggered cell FDRE clocked by clk_1  {rise@0.000ns fall@2.000ns period=4.000ns})
  Path Group:             clk_1
  Path Type:              Hold (Min at Fast Process Corner)
  Requirement:            0.000ns  (clk_1 rise@0.000ns - clk_2 rise@0.000ns)
  Data Path Delay:        0.757ns  (logic 0.249ns (32.882%)  route 0.508ns (67.118%))
  Logic Levels:           2  (CARRY4=1 LUT2=1)
  Clock Path Skew:        0.323ns (DCD - SCD - CPR)
    Destination Clock Delay (DCD):    2.104ns
    Source Clock Delay      (SCD):    1.741ns
    Clock Pessimism Removal (CPR):    0.040ns
  Clock Uncertainty:      0.189ns  ((TSJ^2 + DJ^2)^1/2) / 2 + PE
    Total System Jitter     (TSJ):    0.071ns
    Discrete Jitter          (DJ):    0.118ns
    Phase Error              (PE):    0.120ns

    Location             Delay type                Incr(ns)  Path(ns)    Netlist Resource(s)
  -------------------------------------------------------------------    -------------------
                         (clock clk_2 rise edge)      0.000     0.000 r  
    U18                                               0.000     0.000 r  clk125_p (IN)
                         net (fo=0)                   0.000     0.000    clk125_p
    U18                  IBUFDS (Prop_ibufds_I_O)     0.370     0.370 r  IBUFGDS/O
                         net (fo=1, routed)           0.674     1.044    clk_adci
    BUFGCTRL_X0Y17       BUFG (Prop_bufg_I_O)         0.027     1.071 r  BUFG/O
                         net (fo=1, routed)           0.602     1.673    clk_adcb
    PLLE2_ADV_X1Y0       PLLE2_ADV (Prop_plle2_adv_CLKIN1_CLKOUT2)
                                                     -1.169     0.503 r  PLLE2_BASE/CLKOUT2
                         net (fo=1, routed)           0.544     1.047    clk_2
    BUFGCTRL_X0Y0        BUFG (Prop_bufg_I_O)         0.026     1.073 r  BUFG_4/O
                         net (fo=11300, routed)       0.668     1.741    sys_clk
    SLICE_X84Y101        FDRE                                         r  linienmodule_slow_out_shifted_reg[8]/C
  -------------------------------------------------------------------    -------------------
    SLICE_X84Y101        FDRE (Prop_fdre_C_Q)         0.141     1.882 r  linienmodule_slow_out_shifted_reg[8]/Q
                         net (fo=2, routed)           0.508     2.390    linienmodule_slow_out_shifted[8]
    SLICE_X83Y103        LUT2 (Prop_lut2_I0_O)        0.045     2.435 r  linienmodule_deltasigma0_sigma[8]_i_2/O
                         net (fo=1, routed)           0.000     2.435    linienmodule_deltasigma0_sigma[8]_i_2_n_0
    SLICE_X83Y103        CARRY4 (Prop_carry4_S[3]_O[3])
                                                      0.063     2.498 r  linienmodule_deltasigma0_sigma_reg[8]_i_1/O[3]
                         net (fo=1, routed)           0.000     2.498    linienmodule_deltasigma0_sigma_reg[8]_i_1_n_4
    SLICE_X83Y103        FDRE                                         r  linienmodule_deltasigma0_sigma_reg[8]/D
  -------------------------------------------------------------------    -------------------

                         (clock clk_1 rise edge)      0.000     0.000 r  
    U18                                               0.000     0.000 r  clk125_p (IN)
                         net (fo=0)                   0.000     0.000    clk125_p
    U18                  IBUFDS (Prop_ibufds_I_O)     0.401     0.401 r  IBUFGDS/O
                         net (fo=1, routed)           0.731     1.132    clk_adci
    BUFGCTRL_X0Y17       BUFG (Prop_bufg_I_O)         0.030     1.162 r  BUFG/O
                         net (fo=1, routed)           0.869     2.031    clk_adcb
    PLLE2_ADV_X1Y0       PLLE2_ADV (Prop_plle2_adv_CLKIN1_CLKOUT1)
                                                     -1.488     0.543 r  PLLE2_BASE/CLKOUT1
                         net (fo=1, routed)           0.592     1.135    clk_1
    BUFGCTRL_X0Y1        BUFG (Prop_bufg_I_O)         0.029     1.164 r  BUFG_3/O
                         net (fo=82, routed)          0.940     2.104    sys_double_clk
    SLICE_X83Y103        FDRE                                         r  linienmodule_deltasigma0_sigma_reg[8]/C
                         clock pessimism             -0.040     2.064    
                         clock uncertainty            0.189     2.253    
    SLICE_X83Y103        FDRE (Hold_fdre_C_D)         0.105     2.358    linienmodule_deltasigma0_sigma_reg[8]
  -------------------------------------------------------------------
                         required time                         -2.358    
                         arrival time                           2.498    
  -------------------------------------------------------------------
                         slack                                  0.140    

Slack (MET) :             0.148ns  (arrival time - required time)
  Source:                 linienmodule_slow_out_shifted_reg[7]/C
                            (rising edge-triggered cell FDRE clocked by clk_2  {rise@0.000ns fall@4.000ns period=8.000ns})
  Destination:            linienmodule_deltasigma0_sigma_reg[7]/D
                            (rising edge-triggered cell FDRE clocked by clk_1  {rise@0.000ns fall@2.000ns period=4.000ns})
  Path Group:             clk_1
  Path Type:              Hold (Min at Fast Process Corner)
  Requirement:            0.000ns  (clk_1 rise@0.000ns - clk_2 rise@0.000ns)
  Data Path Delay:        0.766ns  (logic 0.252ns (32.889%)  route 0.514ns (67.111%))
  Logic Levels:           2  (CARRY4=1 LUT2=1)
  Clock Path Skew:        0.324ns (DCD - SCD - CPR)
    Destination Clock Delay (DCD):    2.104ns
    Source Clock Delay      (SCD):    1.740ns
    Clock Pessimism Removal (CPR):    0.040ns
  Clock Uncertainty:      0.189ns  ((TSJ^2 + DJ^2)^1/2) / 2 + PE
    Total System Jitter     (TSJ):    0.071ns
    Discrete Jitter          (DJ):    0.118ns
    Phase Error              (PE):    0.120ns

    Location             Delay type                Incr(ns)  Path(ns)    Netlist Resource(s)
  -------------------------------------------------------------------    -------------------
                         (clock clk_2 rise edge)      0.000     0.000 r  
    U18                                               0.000     0.000 r  clk125_p (IN)
                         net (fo=0)                   0.000     0.000    clk125_p
    U18                  IBUFDS (Prop_ibufds_I_O)     0.370     0.370 r  IBUFGDS/O
                         net (fo=1, routed)           0.674     1.044    clk_adci
    BUFGCTRL_X0Y17       BUFG (Prop_bufg_I_O)         0.027     1.071 r  BUFG/O
                         net (fo=1, routed)           0.602     1.673    clk_adcb
    PLLE2_ADV_X1Y0       PLLE2_ADV (Prop_plle2_adv_CLKIN1_CLKOUT2)
                                                     -1.169     0.503 r  PLLE2_BASE/CLKOUT2
                         net (fo=1, routed)           0.544     1.047    clk_2
    BUFGCTRL_X0Y0        BUFG (Prop_bufg_I_O)         0.026     1.073 r  BUFG_4/O
                         net (fo=11300, routed)       0.667     1.740    sys_clk
    SLICE_X85Y106        FDRE                                         r  linienmodule_slow_out_shifted_reg[7]/C
  -------------------------------------------------------------------    -------------------
    SLICE_X85Y106        FDRE (Prop_fdre_C_Q)         0.141     1.881 r  linienmodule_slow_out_shifted_reg[7]/Q
                         net (fo=2, routed)           0.514     2.395    linienmodule_slow_out_shifted[7]
    SLICE_X83Y103        LUT2 (Prop_lut2_I0_O)        0.045     2.440 r  linienmodule_deltasigma0_sigma[8]_i_3/O
                         net (fo=1, routed)           0.000     2.440    linienmodule_deltasigma0_sigma[8]_i_3_n_0
    SLICE_X83Y103        CARRY4 (Prop_carry4_S[2]_O[2])
                                                      0.066     2.506 r  linienmodule_deltasigma0_sigma_reg[8]_i_1/O[2]
                         net (fo=1, routed)           0.000     2.506    linienmodule_deltasigma0_sigma_reg[8]_i_1_n_5
    SLICE_X83Y103        FDRE                                         r  linienmodule_deltasigma0_sigma_reg[7]/D
  -------------------------------------------------------------------    -------------------

                         (clock clk_1 rise edge)      0.000     0.000 r  
    U18                                               0.000     0.000 r  clk125_p (IN)
                         net (fo=0)                   0.000     0.000    clk125_p
    U18                  IBUFDS (Prop_ibufds_I_O)     0.401     0.401 r  IBUFGDS/O
                         net (fo=1, routed)           0.731     1.132    clk_adci
    BUFGCTRL_X0Y17       BUFG (Prop_bufg_I_O)         0.030     1.162 r  BUFG/O
                         net (fo=1, routed)           0.869     2.031    clk_adcb
    PLLE2_ADV_X1Y0       PLLE2_ADV (Prop_plle2_adv_CLKIN1_CLKOUT1)
                                                     -1.488     0.543 r  PLLE2_BASE/CLKOUT1
                         net (fo=1, routed)           0.592     1.135    clk_1
    BUFGCTRL_X0Y1        BUFG (Prop_bufg_I_O)         0.029     1.164 r  BUFG_3/O
                         net (fo=82, routed)          0.940     2.104    sys_double_clk
    SLICE_X83Y103        FDRE                                         r  linienmodule_deltasigma0_sigma_reg[7]/C
                         clock pessimism             -0.040     2.064    
                         clock uncertainty            0.189     2.253    
    SLICE_X83Y103        FDRE (Hold_fdre_C_D)         0.105     2.358    linienmodule_deltasigma0_sigma_reg[7]
  -------------------------------------------------------------------
                         required time                         -2.358    
                         arrival time                           2.506    
  -------------------------------------------------------------------
                         slack                                  0.148    

Slack (MET) :             0.149ns  (arrival time - required time)
  Source:                 linienmodule_slow_out_shifted_reg[1]/C
                            (rising edge-triggered cell FDRE clocked by clk_2  {rise@0.000ns fall@4.000ns period=8.000ns})
  Destination:            linienmodule_deltasigma0_sigma_reg[1]/D
                            (rising edge-triggered cell FDRE clocked by clk_1  {rise@0.000ns fall@2.000ns period=4.000ns})
  Path Group:             clk_1
  Path Type:              Hold (Min at Fast Process Corner)
  Requirement:            0.000ns  (clk_1 rise@0.000ns - clk_2 rise@0.000ns)
  Data Path Delay:        0.769ns  (logic 0.256ns (33.292%)  route 0.513ns (66.708%))
  Logic Levels:           2  (CARRY4=1 LUT2=1)
  Clock Path Skew:        0.326ns (DCD - SCD - CPR)
    Destination Clock Delay (DCD):    2.105ns
    Source Clock Delay      (SCD):    1.739ns
    Clock Pessimism Removal (CPR):    0.040ns
  Clock Uncertainty:      0.189ns  ((TSJ^2 + DJ^2)^1/2) / 2 + PE
    Total System Jitter     (TSJ):    0.071ns
    Discrete Jitter          (DJ):    0.118ns
    Phase Error              (PE):    0.120ns

    Location             Delay type                Incr(ns)  Path(ns)    Netlist Resource(s)
  -------------------------------------------------------------------    -------------------
                         (clock clk_2 rise edge)      0.000     0.000 r  
    U18                                               0.000     0.000 r  clk125_p (IN)
                         net (fo=0)                   0.000     0.000    clk125_p
    U18                  IBUFDS (Prop_ibufds_I_O)     0.370     0.370 r  IBUFGDS/O
                         net (fo=1, routed)           0.674     1.044    clk_adci
    BUFGCTRL_X0Y17       BUFG (Prop_bufg_I_O)         0.027     1.071 r  BUFG/O
                         net (fo=1, routed)           0.602     1.673    clk_adcb
    PLLE2_ADV_X1Y0       PLLE2_ADV (Prop_plle2_adv_CLKIN1_CLKOUT2)
                                                     -1.169     0.503 r  PLLE2_BASE/CLKOUT2
                         net (fo=1, routed)           0.544     1.047    clk_2
    BUFGCTRL_X0Y0        BUFG (Prop_bufg_I_O)         0.026     1.073 r  BUFG_4/O
                         net (fo=11300, routed)       0.666     1.739    sys_clk
    SLICE_X84Y107        FDRE                                         r  linienmodule_slow_out_shifted_reg[1]/C
  -------------------------------------------------------------------    -------------------
    SLICE_X84Y107        FDRE (Prop_fdre_C_Q)         0.141     1.880 r  linienmodule_slow_out_shifted_reg[1]/Q
                         net (fo=2, routed)           0.513     2.393    linienmodule_slow_out_shifted[1]
    SLICE_X83Y102        LUT2 (Prop_lut2_I0_O)        0.045     2.438 r  linienmodule_deltasigma0_sigma[4]_i_5/O
                         net (fo=1, routed)           0.000     2.438    linienmodule_deltasigma0_sigma[4]_i_5_n_0
    SLICE_X83Y102        CARRY4 (Prop_carry4_S[0]_O[0])
                                                      0.070     2.508 r  linienmodule_deltasigma0_sigma_reg[4]_i_1/O[0]
                         net (fo=1, routed)           0.000     2.508    linienmodule_deltasigma0_sigma_reg[4]_i_1_n_7
    SLICE_X83Y102        FDRE                                         r  linienmodule_deltasigma0_sigma_reg[1]/D
  -------------------------------------------------------------------    -------------------

                         (clock clk_1 rise edge)      0.000     0.000 r  
    U18                                               0.000     0.000 r  clk125_p (IN)
                         net (fo=0)                   0.000     0.000    clk125_p
    U18                  IBUFDS (Prop_ibufds_I_O)     0.401     0.401 r  IBUFGDS/O
                         net (fo=1, routed)           0.731     1.132    clk_adci
    BUFGCTRL_X0Y17       BUFG (Prop_bufg_I_O)         0.030     1.162 r  BUFG/O
                         net (fo=1, routed)           0.869     2.031    clk_adcb
    PLLE2_ADV_X1Y0       PLLE2_ADV (Prop_plle2_adv_CLKIN1_CLKOUT1)
                                                     -1.488     0.543 r  PLLE2_BASE/CLKOUT1
                         net (fo=1, routed)           0.592     1.135    clk_1
    BUFGCTRL_X0Y1        BUFG (Prop_bufg_I_O)         0.029     1.164 r  BUFG_3/O
                         net (fo=82, routed)          0.941     2.105    sys_double_clk
    SLICE_X83Y102        FDRE                                         r  linienmodule_deltasigma0_sigma_reg[1]/C
                         clock pessimism             -0.040     2.065    
                         clock uncertainty            0.189     2.254    
    SLICE_X83Y102        FDRE (Hold_fdre_C_D)         0.105     2.359    linienmodule_deltasigma0_sigma_reg[1]
  -------------------------------------------------------------------
                         required time                         -2.359    
                         arrival time                           2.508    
  -------------------------------------------------------------------
                         slack                                  0.149    

Slack (MET) :             0.153ns  (arrival time - required time)
  Source:                 linienmodule_csrstorage0_storage_full0_reg[11]/C
                            (rising edge-triggered cell FDRE clocked by clk_2  {rise@0.000ns fall@4.000ns period=8.000ns})
  Destination:            linienmodule_deltasigma1_sigma_reg[11]/D
                            (rising edge-triggered cell FDRE clocked by clk_1  {rise@0.000ns fall@2.000ns period=4.000ns})
  Path Group:             clk_1
  Path Type:              Hold (Min at Fast Process Corner)
  Requirement:            0.000ns  (clk_1 rise@0.000ns - clk_2 rise@0.000ns)
  Data Path Delay:        0.796ns  (logic 0.250ns (31.412%)  route 0.546ns (68.588%))
  Logic Levels:           2  (CARRY4=1 LUT2=1)
  Clock Path Skew:        0.320ns (DCD - SCD - CPR)
    Destination Clock Delay (DCD):    2.010ns
    Source Clock Delay      (SCD):    1.650ns
    Clock Pessimism Removal (CPR):    0.040ns
  Clock Uncertainty:      0.189ns  ((TSJ^2 + DJ^2)^1/2) / 2 + PE
    Total System Jitter     (TSJ):    0.071ns
    Discrete Jitter          (DJ):    0.118ns
    Phase Error              (PE):    0.120ns

    Location             Delay type                Incr(ns)  Path(ns)    Netlist Resource(s)
  -------------------------------------------------------------------    -------------------
                         (clock clk_2 rise edge)      0.000     0.000 r  
    U18                                               0.000     0.000 r  clk125_p (IN)
                         net (fo=0)                   0.000     0.000    clk125_p
    U18                  IBUFDS (Prop_ibufds_I_O)     0.370     0.370 r  IBUFGDS/O
                         net (fo=1, routed)           0.674     1.044    clk_adci
    BUFGCTRL_X0Y17       BUFG (Prop_bufg_I_O)         0.027     1.071 r  BUFG/O
                         net (fo=1, routed)           0.602     1.673    clk_adcb
    PLLE2_ADV_X1Y0       PLLE2_ADV (Prop_plle2_adv_CLKIN1_CLKOUT2)
                                                     -1.169     0.503 r  PLLE2_BASE/CLKOUT2
                         net (fo=1, routed)           0.544     1.047    clk_2
    BUFGCTRL_X0Y0        BUFG (Prop_bufg_I_O)         0.026     1.073 r  BUFG_4/O
                         net (fo=11300, routed)       0.577     1.650    sys_clk
    SLICE_X55Y90         FDRE                                         r  linienmodule_csrstorage0_storage_full0_reg[11]/C
  -------------------------------------------------------------------    -------------------
    SLICE_X55Y90         FDRE (Prop_fdre_C_Q)         0.141     1.791 r  linienmodule_csrstorage0_storage_full0_reg[11]/Q
                         net (fo=3, routed)           0.546     2.337    linienmodule_csrbank5_analog_out_11_w[3]
    SLICE_X54Y90         LUT2 (Prop_lut2_I0_O)        0.045     2.382 r  linienmodule_deltasigma1_sigma[11]_i_2/O
                         net (fo=1, routed)           0.000     2.382    linienmodule_deltasigma1_sigma[11]_i_2_n_0
    SLICE_X54Y90         CARRY4 (Prop_carry4_S[3]_O[3])
                                                      0.064     2.446 r  linienmodule_deltasigma1_sigma_reg[11]_i_1/O[3]
                         net (fo=1, routed)           0.000     2.446    linienmodule_deltasigma1_sigma_reg[11]_i_1_n_4
    SLICE_X54Y90         FDRE                                         r  linienmodule_deltasigma1_sigma_reg[11]/D
  -------------------------------------------------------------------    -------------------

                         (clock clk_1 rise edge)      0.000     0.000 r  
    U18                                               0.000     0.000 r  clk125_p (IN)
                         net (fo=0)                   0.000     0.000    clk125_p
    U18                  IBUFDS (Prop_ibufds_I_O)     0.401     0.401 r  IBUFGDS/O
                         net (fo=1, routed)           0.731     1.132    clk_adci
    BUFGCTRL_X0Y17       BUFG (Prop_bufg_I_O)         0.030     1.162 r  BUFG/O
                         net (fo=1, routed)           0.869     2.031    clk_adcb
    PLLE2_ADV_X1Y0       PLLE2_ADV (Prop_plle2_adv_CLKIN1_CLKOUT1)
                                                     -1.488     0.543 r  PLLE2_BASE/CLKOUT1
                         net (fo=1, routed)           0.592     1.135    clk_1
    BUFGCTRL_X0Y1        BUFG (Prop_bufg_I_O)         0.029     1.164 r  BUFG_3/O
                         net (fo=82, routed)          0.846     2.010    sys_double_clk
    SLICE_X54Y90         FDRE                                         r  linienmodule_deltasigma1_sigma_reg[11]/C
                         clock pessimism             -0.040     1.970    
                         clock uncertainty            0.189     2.159    
    SLICE_X54Y90         FDRE (Hold_fdre_C_D)         0.134     2.293    linienmodule_deltasigma1_sigma_reg[11]
  -------------------------------------------------------------------
                         required time                         -2.293    
                         arrival time                           2.446    
  -------------------------------------------------------------------
                         slack                                  0.153    

Slack (MET) :             0.153ns  (arrival time - required time)
  Source:                 linienmodule_csrstorage2_storage_full0_reg[2]/C
                            (rising edge-triggered cell FDRE clocked by clk_2  {rise@0.000ns fall@4.000ns period=8.000ns})
  Destination:            linienmodule_deltasigma3_sigma_reg[2]/D
                            (rising edge-triggered cell FDRE clocked by clk_1  {rise@0.000ns fall@2.000ns period=4.000ns})
  Path Group:             clk_1
  Path Type:              Hold (Min at Fast Process Corner)
  Requirement:            0.000ns  (clk_1 rise@0.000ns - clk_2 rise@0.000ns)
  Data Path Delay:        0.767ns  (logic 0.252ns (32.872%)  route 0.515ns (67.128%))
  Logic Levels:           2  (CARRY4=1 LUT2=1)
  Clock Path Skew:        0.319ns (DCD - SCD - CPR)
    Destination Clock Delay (DCD):    2.009ns
    Source Clock Delay      (SCD):    1.650ns
    Clock Pessimism Removal (CPR):    0.040ns
  Clock Uncertainty:      0.189ns  ((TSJ^2 + DJ^2)^1/2) / 2 + PE
    Total System Jitter     (TSJ):    0.071ns
    Discrete Jitter          (DJ):    0.118ns
    Phase Error              (PE):    0.120ns

    Location             Delay type                Incr(ns)  Path(ns)    Netlist Resource(s)
  -------------------------------------------------------------------    -------------------
                         (clock clk_2 rise edge)      0.000     0.000 r  
    U18                                               0.000     0.000 r  clk125_p (IN)
                         net (fo=0)                   0.000     0.000    clk125_p
    U18                  IBUFDS (Prop_ibufds_I_O)     0.370     0.370 r  IBUFGDS/O
                         net (fo=1, routed)           0.674     1.044    clk_adci
    BUFGCTRL_X0Y17       BUFG (Prop_bufg_I_O)         0.027     1.071 r  BUFG/O
                         net (fo=1, routed)           0.602     1.673    clk_adcb
    PLLE2_ADV_X1Y0       PLLE2_ADV (Prop_plle2_adv_CLKIN1_CLKOUT2)
                                                     -1.169     0.503 r  PLLE2_BASE/CLKOUT2
                         net (fo=1, routed)           0.544     1.047    clk_2
    BUFGCTRL_X0Y0        BUFG (Prop_bufg_I_O)         0.026     1.073 r  BUFG_4/O
                         net (fo=11300, routed)       0.577     1.650    sys_clk
    SLICE_X60Y84         FDRE                                         r  linienmodule_csrstorage2_storage_full0_reg[2]/C
  -------------------------------------------------------------------    -------------------
    SLICE_X60Y84         FDRE (Prop_fdre_C_Q)         0.141     1.791 r  linienmodule_csrstorage2_storage_full0_reg[2]/Q
                         net (fo=3, routed)           0.515     2.305    linienmodule_csrstorage2_storage_full0[2]
    SLICE_X60Y85         LUT2 (Prop_lut2_I0_O)        0.045     2.350 r  linienmodule_deltasigma3_sigma[3]_i_3/O
                         net (fo=1, routed)           0.000     2.350    linienmodule_deltasigma3_sigma[3]_i_3_n_0
    SLICE_X60Y85         CARRY4 (Prop_carry4_S[2]_O[2])
                                                      0.066     2.416 r  linienmodule_deltasigma3_sigma_reg[3]_i_1/O[2]
                         net (fo=1, routed)           0.000     2.416    linienmodule_deltasigma3_sigma_reg[3]_i_1_n_5
    SLICE_X60Y85         FDRE                                         r  linienmodule_deltasigma3_sigma_reg[2]/D
  -------------------------------------------------------------------    -------------------

                         (clock clk_1 rise edge)      0.000     0.000 r  
    U18                                               0.000     0.000 r  clk125_p (IN)
                         net (fo=0)                   0.000     0.000    clk125_p
    U18                  IBUFDS (Prop_ibufds_I_O)     0.401     0.401 r  IBUFGDS/O
                         net (fo=1, routed)           0.731     1.132    clk_adci
    BUFGCTRL_X0Y17       BUFG (Prop_bufg_I_O)         0.030     1.162 r  BUFG/O
                         net (fo=1, routed)           0.869     2.031    clk_adcb
    PLLE2_ADV_X1Y0       PLLE2_ADV (Prop_plle2_adv_CLKIN1_CLKOUT1)
                                                     -1.488     0.543 r  PLLE2_BASE/CLKOUT1
                         net (fo=1, routed)           0.592     1.135    clk_1
    BUFGCTRL_X0Y1        BUFG (Prop_bufg_I_O)         0.029     1.164 r  BUFG_3/O
                         net (fo=82, routed)          0.845     2.009    sys_double_clk
    SLICE_X60Y85         FDRE                                         r  linienmodule_deltasigma3_sigma_reg[2]/C
                         clock pessimism             -0.040     1.969    
                         clock uncertainty            0.189     2.158    
    SLICE_X60Y85         FDRE (Hold_fdre_C_D)         0.105     2.263    linienmodule_deltasigma3_sigma_reg[2]
  -------------------------------------------------------------------
                         required time                         -2.263    
                         arrival time                           2.416    
  -------------------------------------------------------------------
                         slack                                  0.153    

Slack (MET) :             0.161ns  (arrival time - required time)
  Source:                 linienmodule_slow_out_shifted_reg[6]/C
                            (rising edge-triggered cell FDRE clocked by clk_2  {rise@0.000ns fall@4.000ns period=8.000ns})
  Destination:            linienmodule_deltasigma0_sigma_reg[6]/D
                            (rising edge-triggered cell FDRE clocked by clk_1  {rise@0.000ns fall@2.000ns period=4.000ns})
  Path Group:             clk_1
  Path Type:              Hold (Min at Fast Process Corner)
  Requirement:            0.000ns  (clk_1 rise@0.000ns - clk_2 rise@0.000ns)
  Data Path Delay:        0.779ns  (logic 0.251ns (32.213%)  route 0.528ns (67.787%))
  Logic Levels:           2  (CARRY4=1 LUT2=1)
  Clock Path Skew:        0.324ns (DCD - SCD - CPR)
    Destination Clock Delay (DCD):    2.104ns
    Source Clock Delay      (SCD):    1.740ns
    Clock Pessimism Removal (CPR):    0.040ns
  Clock Uncertainty:      0.189ns  ((TSJ^2 + DJ^2)^1/2) / 2 + PE
    Total System Jitter     (TSJ):    0.071ns
    Discrete Jitter          (DJ):    0.118ns
    Phase Error              (PE):    0.120ns

    Location             Delay type                Incr(ns)  Path(ns)    Netlist Resource(s)
  -------------------------------------------------------------------    -------------------
                         (clock clk_2 rise edge)      0.000     0.000 r  
    U18                                               0.000     0.000 r  clk125_p (IN)
                         net (fo=0)                   0.000     0.000    clk125_p
    U18                  IBUFDS (Prop_ibufds_I_O)     0.370     0.370 r  IBUFGDS/O
                         net (fo=1, routed)           0.674     1.044    clk_adci
    BUFGCTRL_X0Y17       BUFG (Prop_bufg_I_O)         0.027     1.071 r  BUFG/O
                         net (fo=1, routed)           0.602     1.673    clk_adcb
    PLLE2_ADV_X1Y0       PLLE2_ADV (Prop_plle2_adv_CLKIN1_CLKOUT2)
                                                     -1.169     0.503 r  PLLE2_BASE/CLKOUT2
                         net (fo=1, routed)           0.544     1.047    clk_2
    BUFGCTRL_X0Y0        BUFG (Prop_bufg_I_O)         0.026     1.073 r  BUFG_4/O
                         net (fo=11300, routed)       0.667     1.740    sys_clk
    SLICE_X85Y105        FDRE                                         r  linienmodule_slow_out_shifted_reg[6]/C
  -------------------------------------------------------------------    -------------------
    SLICE_X85Y105        FDRE (Prop_fdre_C_Q)         0.141     1.881 r  linienmodule_slow_out_shifted_reg[6]/Q
                         net (fo=2, routed)           0.528     2.409    linienmodule_slow_out_shifted[6]
    SLICE_X83Y103        LUT2 (Prop_lut2_I0_O)        0.045     2.454 r  linienmodule_deltasigma0_sigma[8]_i_4/O
                         net (fo=1, routed)           0.000     2.454    linienmodule_deltasigma0_sigma[8]_i_4_n_0
    SLICE_X83Y103        CARRY4 (Prop_carry4_S[1]_O[1])
                                                      0.065     2.519 r  linienmodule_deltasigma0_sigma_reg[8]_i_1/O[1]
                         net (fo=1, routed)           0.000     2.519    linienmodule_deltasigma0_sigma_reg[8]_i_1_n_6
    SLICE_X83Y103        FDRE                                         r  linienmodule_deltasigma0_sigma_reg[6]/D
  -------------------------------------------------------------------    -------------------

                         (clock clk_1 rise edge)      0.000     0.000 r  
    U18                                               0.000     0.000 r  clk125_p (IN)
                         net (fo=0)                   0.000     0.000    clk125_p
    U18                  IBUFDS (Prop_ibufds_I_O)     0.401     0.401 r  IBUFGDS/O
                         net (fo=1, routed)           0.731     1.132    clk_adci
    BUFGCTRL_X0Y17       BUFG (Prop_bufg_I_O)         0.030     1.162 r  BUFG/O
                         net (fo=1, routed)           0.869     2.031    clk_adcb
    PLLE2_ADV_X1Y0       PLLE2_ADV (Prop_plle2_adv_CLKIN1_CLKOUT1)
                                                     -1.488     0.543 r  PLLE2_BASE/CLKOUT1
                         net (fo=1, routed)           0.592     1.135    clk_1
    BUFGCTRL_X0Y1        BUFG (Prop_bufg_I_O)         0.029     1.164 r  BUFG_3/O
                         net (fo=82, routed)          0.940     2.104    sys_double_clk
    SLICE_X83Y103        FDRE                                         r  linienmodule_deltasigma0_sigma_reg[6]/C
                         clock pessimism             -0.040     2.064    
                         clock uncertainty            0.189     2.253    
    SLICE_X83Y103        FDRE (Hold_fdre_C_D)         0.105     2.358    linienmodule_deltasigma0_sigma_reg[6]
  -------------------------------------------------------------------
                         required time                         -2.358    
                         arrival time                           2.519    
  -------------------------------------------------------------------
                         slack                                  0.161    

Slack (MET) :             0.162ns  (arrival time - required time)
  Source:                 linienmodule_slow_out_shifted_reg[11]/C
                            (rising edge-triggered cell FDRE clocked by clk_2  {rise@0.000ns fall@4.000ns period=8.000ns})
  Destination:            linienmodule_deltasigma0_sigma_reg[11]/D
                            (rising edge-triggered cell FDRE clocked by clk_1  {rise@0.000ns fall@2.000ns period=4.000ns})
  Path Group:             clk_1
  Path Type:              Hold (Min at Fast Process Corner)
  Requirement:            0.000ns  (clk_1 rise@0.000ns - clk_2 rise@0.000ns)
  Data Path Delay:        0.780ns  (logic 0.275ns (35.262%)  route 0.505ns (64.738%))
  Logic Levels:           2  (CARRY4=1 LUT2=1)
  Clock Path Skew:        0.324ns (DCD - SCD - CPR)
    Destination Clock Delay (DCD):    2.104ns
    Source Clock Delay      (SCD):    1.740ns
    Clock Pessimism Removal (CPR):    0.040ns
  Clock Uncertainty:      0.189ns  ((TSJ^2 + DJ^2)^1/2) / 2 + PE
    Total System Jitter     (TSJ):    0.071ns
    Discrete Jitter          (DJ):    0.118ns
    Phase Error              (PE):    0.120ns

    Location             Delay type                Incr(ns)  Path(ns)    Netlist Resource(s)
  -------------------------------------------------------------------    -------------------
                         (clock clk_2 rise edge)      0.000     0.000 r  
    U18                                               0.000     0.000 r  clk125_p (IN)
                         net (fo=0)                   0.000     0.000    clk125_p
    U18                  IBUFDS (Prop_ibufds_I_O)     0.370     0.370 r  IBUFGDS/O
                         net (fo=1, routed)           0.674     1.044    clk_adci
    BUFGCTRL_X0Y17       BUFG (Prop_bufg_I_O)         0.027     1.071 r  BUFG/O
                         net (fo=1, routed)           0.602     1.673    clk_adcb
    PLLE2_ADV_X1Y0       PLLE2_ADV (Prop_plle2_adv_CLKIN1_CLKOUT2)
                                                     -1.169     0.503 r  PLLE2_BASE/CLKOUT2
                         net (fo=1, routed)           0.544     1.047    clk_2
    BUFGCTRL_X0Y0        BUFG (Prop_bufg_I_O)         0.026     1.073 r  BUFG_4/O
                         net (fo=11300, routed)       0.667     1.740    sys_clk
    SLICE_X82Y106        FDRE                                         r  linienmodule_slow_out_shifted_reg[11]/C
  -------------------------------------------------------------------    -------------------
    SLICE_X82Y106        FDRE (Prop_fdre_C_Q)         0.164     1.904 r  linienmodule_slow_out_shifted_reg[11]/Q
                         net (fo=2, routed)           0.505     2.409    linienmodule_slow_out_shifted[11]
    SLICE_X83Y104        LUT2 (Prop_lut2_I0_O)        0.045     2.454 r  linienmodule_deltasigma0_sigma[12]_i_3/O
                         net (fo=1, routed)           0.000     2.454    linienmodule_deltasigma0_sigma[12]_i_3_n_0
    SLICE_X83Y104        CARRY4 (Prop_carry4_S[2]_O[2])
                                                      0.066     2.520 r  linienmodule_deltasigma0_sigma_reg[12]_i_1/O[2]
                         net (fo=1, routed)           0.000     2.520    linienmodule_deltasigma0_sigma_reg[12]_i_1_n_5
    SLICE_X83Y104        FDRE                                         r  linienmodule_deltasigma0_sigma_reg[11]/D
  -------------------------------------------------------------------    -------------------

                         (clock clk_1 rise edge)      0.000     0.000 r  
    U18                                               0.000     0.000 r  clk125_p (IN)
                         net (fo=0)                   0.000     0.000    clk125_p
    U18                  IBUFDS (Prop_ibufds_I_O)     0.401     0.401 r  IBUFGDS/O
                         net (fo=1, routed)           0.731     1.132    clk_adci
    BUFGCTRL_X0Y17       BUFG (Prop_bufg_I_O)         0.030     1.162 r  BUFG/O
                         net (fo=1, routed)           0.869     2.031    clk_adcb
    PLLE2_ADV_X1Y0       PLLE2_ADV (Prop_plle2_adv_CLKIN1_CLKOUT1)
                                                     -1.488     0.543 r  PLLE2_BASE/CLKOUT1
                         net (fo=1, routed)           0.592     1.135    clk_1
    BUFGCTRL_X0Y1        BUFG (Prop_bufg_I_O)         0.029     1.164 r  BUFG_3/O
                         net (fo=82, routed)          0.940     2.104    sys_double_clk
    SLICE_X83Y104        FDRE                                         r  linienmodule_deltasigma0_sigma_reg[11]/C
                         clock pessimism             -0.040     2.064    
                         clock uncertainty            0.189     2.253    
    SLICE_X83Y104        FDRE (Hold_fdre_C_D)         0.105     2.358    linienmodule_deltasigma0_sigma_reg[11]
  -------------------------------------------------------------------
                         required time                         -2.358    
                         arrival time                           2.520    
  -------------------------------------------------------------------
                         slack                                  0.162    





---------------------------------------------------------------------------------------------------
From Clock:  clk_fpga_0
  To Clock:  clk_2

Setup :          119  Failing Endpoints,  Worst Slack       -1.063ns,  Total Violation      -44.986ns
Hold  :            0  Failing Endpoints,  Worst Slack        0.082ns,  Total Violation        0.000ns
---------------------------------------------------------------------------------------------------


Max Delay Paths
--------------------------------------------------------------------------------------
Slack (VIOLATED) :        -1.063ns  (required time - arrival time)
  Source:                 red_pitaya_scope/i_bridge/addr_o_reg[17]/C
                            (rising edge-triggered cell FDRE clocked by clk_fpga_0  {rise@0.000ns fall@4.000ns period=8.000ns})
  Destination:            red_pitaya_scope/set_dec_reg[20]/CE
                            (rising edge-triggered cell FDRE clocked by clk_2  {rise@0.000ns fall@4.000ns period=8.000ns})
  Path Group:             clk_2
  Path Type:              Setup (Max at Slow Process Corner)
  Requirement:            8.000ns  (clk_2 rise@8.000ns - clk_fpga_0 rise@0.000ns)
  Data Path Delay:        10.089ns  (logic 1.210ns (11.993%)  route 8.879ns (88.007%))
  Logic Levels:           4  (LUT2=1 LUT5=2 LUT6=1)
  Clock Path Skew:        1.669ns (DCD - SCD + CPR)
    Destination Clock Delay (DCD):    4.660ns = ( 12.660 - 8.000 ) 
    Source Clock Delay      (SCD):    2.991ns
    Clock Pessimism Removal (CPR):    0.000ns
  Clock Uncertainty:      0.235ns  ((TSJ^2 + TIJ^2 + DJ^2)^1/2) / 2 + PE
    Total System Jitter     (TSJ):    0.071ns
    Total Input Jitter      (TIJ):    0.240ns
    Discrete Jitter          (DJ):    0.118ns
    Phase Error              (PE):    0.097ns
  Clock Domain Crossing:  Inter clock paths are considered valid unless explicitly excluded by timing constraints such as set_clock_groups or set_false_path.

    Location             Delay type                Incr(ns)  Path(ns)    Netlist Resource(s)
  -------------------------------------------------------------------    -------------------
                         (clock clk_fpga_0 rise edge)
                                                      0.000     0.000 r  
    PS7_X0Y0             PS7                          0.000     0.000 r  system_processing_system7_0_0/inst/PS7_i/FCLKCLK[0]
                         net (fo=1, routed)           1.193     1.193    system_processing_system7_0_0/inst/FCLK_CLK_unbuffered[0]
    BUFGCTRL_X0Y16       BUFG (Prop_bufg_I_O)         0.101     1.294 r  system_processing_system7_0_0/inst/buffer_fclk_clk_0.FCLK_CLK_0_BUFG/O
                         net (fo=244, routed)         1.697     2.991    red_pitaya_scope/i_bridge/FCLK_CLK0
    SLICE_X28Y90         FDRE                                         r  red_pitaya_scope/i_bridge/addr_o_reg[17]/C
  -------------------------------------------------------------------    -------------------
    SLICE_X28Y90         FDRE (Prop_fdre_C_Q)         0.456     3.447 f  red_pitaya_scope/i_bridge/addr_o_reg[17]/Q
                         net (fo=48, routed)          2.658     6.105    red_pitaya_scope/i_bridge/addr[17]
    SLICE_X28Y94         LUT6 (Prop_lut6_I3_O)        0.124     6.229 f  red_pitaya_scope/i_bridge/set_b_hyst[13]_i_5/O
                         net (fo=1, routed)           1.204     7.432    red_pitaya_scope/i_bridge/set_b_hyst[13]_i_5_n_0
    SLICE_X28Y98         LUT5 (Prop_lut5_I4_O)        0.152     7.584 r  red_pitaya_scope/i_bridge/set_b_hyst[13]_i_3/O
                         net (fo=8, routed)           1.307     8.892    red_pitaya_scope/i_bridge/set_b_hyst[13]_i_3_n_0
    SLICE_X28Y101        LUT2 (Prop_lut2_I0_O)        0.326     9.218 r  red_pitaya_scope/i_bridge/set_dec[31]_i_2/O
                         net (fo=3, routed)           1.391    10.609    red_pitaya_scope/i_bridge/set_dec[31]_i_2_n_0
    SLICE_X28Y102        LUT5 (Prop_lut5_I0_O)        0.152    10.761 r  red_pitaya_scope/i_bridge/set_dec[31]_i_1/O
                         net (fo=32, routed)          2.319    13.080    red_pitaya_scope/i_bridge_n_93
    SLICE_X33Y115        FDRE                                         r  red_pitaya_scope/set_dec_reg[20]/CE
  -------------------------------------------------------------------    -------------------

                         (clock clk_2 rise edge)      8.000     8.000 r  
    U18                                               0.000     8.000 r  clk125_p (IN)
                         net (fo=0)                   0.000     8.000    clk125_p
    U18                  IBUFDS (Prop_ibufds_I_O)     0.909     8.909 r  IBUFGDS/O
                         net (fo=1, routed)           2.006    10.915    clk_adci
    BUFGCTRL_X0Y17       BUFG (Prop_bufg_I_O)         0.092    11.007 r  BUFG/O
                         net (fo=1, routed)           1.634    12.641    clk_adcb
    PLLE2_ADV_X1Y0       PLLE2_ADV (Prop_plle2_adv_CLKIN1_CLKOUT2)
                                                     -3.442     9.199 r  PLLE2_BASE/CLKOUT2
                         net (fo=1, routed)           1.720    10.919    clk_2
    BUFGCTRL_X0Y0        BUFG (Prop_bufg_I_O)         0.091    11.010 r  BUFG_4/O
                         net (fo=11300, routed)       1.650    12.660    red_pitaya_scope/sys_clk
    SLICE_X33Y115        FDRE                                         r  red_pitaya_scope/set_dec_reg[20]/C
                         clock pessimism              0.000    12.660    
                         clock uncertainty           -0.235    12.424    
    SLICE_X33Y115        FDRE (Setup_fdre_C_CE)      -0.407    12.017    red_pitaya_scope/set_dec_reg[20]
  -------------------------------------------------------------------
                         required time                         12.017    
                         arrival time                         -13.080    
  -------------------------------------------------------------------
                         slack                                 -1.063    

Slack (VIOLATED) :        -1.063ns  (required time - arrival time)
  Source:                 red_pitaya_scope/i_bridge/addr_o_reg[17]/C
                            (rising edge-triggered cell FDRE clocked by clk_fpga_0  {rise@0.000ns fall@4.000ns period=8.000ns})
  Destination:            red_pitaya_scope/set_dec_reg[22]/CE
                            (rising edge-triggered cell FDRE clocked by clk_2  {rise@0.000ns fall@4.000ns period=8.000ns})
  Path Group:             clk_2
  Path Type:              Setup (Max at Slow Process Corner)
  Requirement:            8.000ns  (clk_2 rise@8.000ns - clk_fpga_0 rise@0.000ns)
  Data Path Delay:        10.089ns  (logic 1.210ns (11.993%)  route 8.879ns (88.007%))
  Logic Levels:           4  (LUT2=1 LUT5=2 LUT6=1)
  Clock Path Skew:        1.669ns (DCD - SCD + CPR)
    Destination Clock Delay (DCD):    4.660ns = ( 12.660 - 8.000 ) 
    Source Clock Delay      (SCD):    2.991ns
    Clock Pessimism Removal (CPR):    0.000ns
  Clock Uncertainty:      0.235ns  ((TSJ^2 + TIJ^2 + DJ^2)^1/2) / 2 + PE
    Total System Jitter     (TSJ):    0.071ns
    Total Input Jitter      (TIJ):    0.240ns
    Discrete Jitter          (DJ):    0.118ns
    Phase Error              (PE):    0.097ns
  Clock Domain Crossing:  Inter clock paths are considered valid unless explicitly excluded by timing constraints such as set_clock_groups or set_false_path.

    Location             Delay type                Incr(ns)  Path(ns)    Netlist Resource(s)
  -------------------------------------------------------------------    -------------------
                         (clock clk_fpga_0 rise edge)
                                                      0.000     0.000 r  
    PS7_X0Y0             PS7                          0.000     0.000 r  system_processing_system7_0_0/inst/PS7_i/FCLKCLK[0]
                         net (fo=1, routed)           1.193     1.193    system_processing_system7_0_0/inst/FCLK_CLK_unbuffered[0]
    BUFGCTRL_X0Y16       BUFG (Prop_bufg_I_O)         0.101     1.294 r  system_processing_system7_0_0/inst/buffer_fclk_clk_0.FCLK_CLK_0_BUFG/O
                         net (fo=244, routed)         1.697     2.991    red_pitaya_scope/i_bridge/FCLK_CLK0
    SLICE_X28Y90         FDRE                                         r  red_pitaya_scope/i_bridge/addr_o_reg[17]/C
  -------------------------------------------------------------------    -------------------
    SLICE_X28Y90         FDRE (Prop_fdre_C_Q)         0.456     3.447 f  red_pitaya_scope/i_bridge/addr_o_reg[17]/Q
                         net (fo=48, routed)          2.658     6.105    red_pitaya_scope/i_bridge/addr[17]
    SLICE_X28Y94         LUT6 (Prop_lut6_I3_O)        0.124     6.229 f  red_pitaya_scope/i_bridge/set_b_hyst[13]_i_5/O
                         net (fo=1, routed)           1.204     7.432    red_pitaya_scope/i_bridge/set_b_hyst[13]_i_5_n_0
    SLICE_X28Y98         LUT5 (Prop_lut5_I4_O)        0.152     7.584 r  red_pitaya_scope/i_bridge/set_b_hyst[13]_i_3/O
                         net (fo=8, routed)           1.307     8.892    red_pitaya_scope/i_bridge/set_b_hyst[13]_i_3_n_0
    SLICE_X28Y101        LUT2 (Prop_lut2_I0_O)        0.326     9.218 r  red_pitaya_scope/i_bridge/set_dec[31]_i_2/O
                         net (fo=3, routed)           1.391    10.609    red_pitaya_scope/i_bridge/set_dec[31]_i_2_n_0
    SLICE_X28Y102        LUT5 (Prop_lut5_I0_O)        0.152    10.761 r  red_pitaya_scope/i_bridge/set_dec[31]_i_1/O
                         net (fo=32, routed)          2.319    13.080    red_pitaya_scope/i_bridge_n_93
    SLICE_X33Y115        FDRE                                         r  red_pitaya_scope/set_dec_reg[22]/CE
  -------------------------------------------------------------------    -------------------

                         (clock clk_2 rise edge)      8.000     8.000 r  
    U18                                               0.000     8.000 r  clk125_p (IN)
                         net (fo=0)                   0.000     8.000    clk125_p
    U18                  IBUFDS (Prop_ibufds_I_O)     0.909     8.909 r  IBUFGDS/O
                         net (fo=1, routed)           2.006    10.915    clk_adci
    BUFGCTRL_X0Y17       BUFG (Prop_bufg_I_O)         0.092    11.007 r  BUFG/O
                         net (fo=1, routed)           1.634    12.641    clk_adcb
    PLLE2_ADV_X1Y0       PLLE2_ADV (Prop_plle2_adv_CLKIN1_CLKOUT2)
                                                     -3.442     9.199 r  PLLE2_BASE/CLKOUT2
                         net (fo=1, routed)           1.720    10.919    clk_2
    BUFGCTRL_X0Y0        BUFG (Prop_bufg_I_O)         0.091    11.010 r  BUFG_4/O
                         net (fo=11300, routed)       1.650    12.660    red_pitaya_scope/sys_clk
    SLICE_X33Y115        FDRE                                         r  red_pitaya_scope/set_dec_reg[22]/C
                         clock pessimism              0.000    12.660    
                         clock uncertainty           -0.235    12.424    
    SLICE_X33Y115        FDRE (Setup_fdre_C_CE)      -0.407    12.017    red_pitaya_scope/set_dec_reg[22]
  -------------------------------------------------------------------
                         required time                         12.017    
                         arrival time                         -13.080    
  -------------------------------------------------------------------
                         slack                                 -1.063    

Slack (VIOLATED) :        -1.057ns  (required time - arrival time)
  Source:                 red_pitaya_scope/i_bridge/addr_o_reg[17]/C
                            (rising edge-triggered cell FDRE clocked by clk_fpga_0  {rise@0.000ns fall@4.000ns period=8.000ns})
  Destination:            red_pitaya_scope/set_dec_reg[7]/CE
                            (rising edge-triggered cell FDRE clocked by clk_2  {rise@0.000ns fall@4.000ns period=8.000ns})
  Path Group:             clk_2
  Path Type:              Setup (Max at Slow Process Corner)
  Requirement:            8.000ns  (clk_2 rise@8.000ns - clk_fpga_0 rise@0.000ns)
  Data Path Delay:        10.087ns  (logic 1.210ns (11.996%)  route 8.877ns (88.004%))
  Logic Levels:           4  (LUT2=1 LUT5=2 LUT6=1)
  Clock Path Skew:        1.672ns (DCD - SCD + CPR)
    Destination Clock Delay (DCD):    4.663ns = ( 12.663 - 8.000 ) 
    Source Clock Delay      (SCD):    2.991ns
    Clock Pessimism Removal (CPR):    0.000ns
  Clock Uncertainty:      0.235ns  ((TSJ^2 + TIJ^2 + DJ^2)^1/2) / 2 + PE
    Total System Jitter     (TSJ):    0.071ns
    Total Input Jitter      (TIJ):    0.240ns
    Discrete Jitter          (DJ):    0.118ns
    Phase Error              (PE):    0.097ns
  Clock Domain Crossing:  Inter clock paths are considered valid unless explicitly excluded by timing constraints such as set_clock_groups or set_false_path.

    Location             Delay type                Incr(ns)  Path(ns)    Netlist Resource(s)
  -------------------------------------------------------------------    -------------------
                         (clock clk_fpga_0 rise edge)
                                                      0.000     0.000 r  
    PS7_X0Y0             PS7                          0.000     0.000 r  system_processing_system7_0_0/inst/PS7_i/FCLKCLK[0]
                         net (fo=1, routed)           1.193     1.193    system_processing_system7_0_0/inst/FCLK_CLK_unbuffered[0]
    BUFGCTRL_X0Y16       BUFG (Prop_bufg_I_O)         0.101     1.294 r  system_processing_system7_0_0/inst/buffer_fclk_clk_0.FCLK_CLK_0_BUFG/O
                         net (fo=244, routed)         1.697     2.991    red_pitaya_scope/i_bridge/FCLK_CLK0
    SLICE_X28Y90         FDRE                                         r  red_pitaya_scope/i_bridge/addr_o_reg[17]/C
  -------------------------------------------------------------------    -------------------
    SLICE_X28Y90         FDRE (Prop_fdre_C_Q)         0.456     3.447 f  red_pitaya_scope/i_bridge/addr_o_reg[17]/Q
                         net (fo=48, routed)          2.658     6.105    red_pitaya_scope/i_bridge/addr[17]
    SLICE_X28Y94         LUT6 (Prop_lut6_I3_O)        0.124     6.229 f  red_pitaya_scope/i_bridge/set_b_hyst[13]_i_5/O
                         net (fo=1, routed)           1.204     7.432    red_pitaya_scope/i_bridge/set_b_hyst[13]_i_5_n_0
    SLICE_X28Y98         LUT5 (Prop_lut5_I4_O)        0.152     7.584 r  red_pitaya_scope/i_bridge/set_b_hyst[13]_i_3/O
                         net (fo=8, routed)           1.307     8.892    red_pitaya_scope/i_bridge/set_b_hyst[13]_i_3_n_0
    SLICE_X28Y101        LUT2 (Prop_lut2_I0_O)        0.326     9.218 r  red_pitaya_scope/i_bridge/set_dec[31]_i_2/O
                         net (fo=3, routed)           1.391    10.609    red_pitaya_scope/i_bridge/set_dec[31]_i_2_n_0
    SLICE_X28Y102        LUT5 (Prop_lut5_I0_O)        0.152    10.761 r  red_pitaya_scope/i_bridge/set_dec[31]_i_1/O
                         net (fo=32, routed)          2.317    13.078    red_pitaya_scope/i_bridge_n_93
    SLICE_X37Y111        FDRE                                         r  red_pitaya_scope/set_dec_reg[7]/CE
  -------------------------------------------------------------------    -------------------

                         (clock clk_2 rise edge)      8.000     8.000 r  
    U18                                               0.000     8.000 r  clk125_p (IN)
                         net (fo=0)                   0.000     8.000    clk125_p
    U18                  IBUFDS (Prop_ibufds_I_O)     0.909     8.909 r  IBUFGDS/O
                         net (fo=1, routed)           2.006    10.915    clk_adci
    BUFGCTRL_X0Y17       BUFG (Prop_bufg_I_O)         0.092    11.007 r  BUFG/O
                         net (fo=1, routed)           1.634    12.641    clk_adcb
    PLLE2_ADV_X1Y0       PLLE2_ADV (Prop_plle2_adv_CLKIN1_CLKOUT2)
                                                     -3.442     9.199 r  PLLE2_BASE/CLKOUT2
                         net (fo=1, routed)           1.720    10.919    clk_2
    BUFGCTRL_X0Y0        BUFG (Prop_bufg_I_O)         0.091    11.010 r  BUFG_4/O
                         net (fo=11300, routed)       1.653    12.663    red_pitaya_scope/sys_clk
    SLICE_X37Y111        FDRE                                         r  red_pitaya_scope/set_dec_reg[7]/C
                         clock pessimism              0.000    12.663    
                         clock uncertainty           -0.235    12.427    
    SLICE_X37Y111        FDRE (Setup_fdre_C_CE)      -0.407    12.020    red_pitaya_scope/set_dec_reg[7]
  -------------------------------------------------------------------
                         required time                         12.020    
                         arrival time                         -13.078    
  -------------------------------------------------------------------
                         slack                                 -1.057    

Slack (VIOLATED) :        -1.002ns  (required time - arrival time)
  Source:                 red_pitaya_scope/i_bridge/addr_o_reg[8]/C
                            (rising edge-triggered cell FDRE clocked by clk_fpga_0  {rise@0.000ns fall@4.000ns period=8.000ns})
  Destination:            red_pitaya_scope/set_a_filt_kk_reg[19]/CE
                            (rising edge-triggered cell FDSE clocked by clk_2  {rise@0.000ns fall@4.000ns period=8.000ns})
  Path Group:             clk_2
  Path Type:              Setup (Max at Slow Process Corner)
  Requirement:            8.000ns  (clk_2 rise@8.000ns - clk_fpga_0 rise@0.000ns)
  Data Path Delay:        10.063ns  (logic 1.142ns (11.348%)  route 8.921ns (88.652%))
  Logic Levels:           4  (LUT4=1 LUT5=1 LUT6=2)
  Clock Path Skew:        1.668ns (DCD - SCD + CPR)
    Destination Clock Delay (DCD):    4.661ns = ( 12.661 - 8.000 ) 
    Source Clock Delay      (SCD):    2.993ns
    Clock Pessimism Removal (CPR):    0.000ns
  Clock Uncertainty:      0.235ns  ((TSJ^2 + TIJ^2 + DJ^2)^1/2) / 2 + PE
    Total System Jitter     (TSJ):    0.071ns
    Total Input Jitter      (TIJ):    0.240ns
    Discrete Jitter          (DJ):    0.118ns
    Phase Error              (PE):    0.097ns
  Clock Domain Crossing:  Inter clock paths are considered valid unless explicitly excluded by timing constraints such as set_clock_groups or set_false_path.

    Location             Delay type                Incr(ns)  Path(ns)    Netlist Resource(s)
  -------------------------------------------------------------------    -------------------
                         (clock clk_fpga_0 rise edge)
                                                      0.000     0.000 r  
    PS7_X0Y0             PS7                          0.000     0.000 r  system_processing_system7_0_0/inst/PS7_i/FCLKCLK[0]
                         net (fo=1, routed)           1.193     1.193    system_processing_system7_0_0/inst/FCLK_CLK_unbuffered[0]
    BUFGCTRL_X0Y16       BUFG (Prop_bufg_I_O)         0.101     1.294 r  system_processing_system7_0_0/inst/buffer_fclk_clk_0.FCLK_CLK_0_BUFG/O
                         net (fo=244, routed)         1.699     2.993    red_pitaya_scope/i_bridge/FCLK_CLK0
    SLICE_X28Y94         FDRE                                         r  red_pitaya_scope/i_bridge/addr_o_reg[8]/C
  -------------------------------------------------------------------    -------------------
    SLICE_X28Y94         FDRE (Prop_fdre_C_Q)         0.456     3.449 f  red_pitaya_scope/i_bridge/addr_o_reg[8]/Q
                         net (fo=5, routed)           2.460     5.909    red_pitaya_scope/i_bridge/addr_o_reg[15]_0[6]
    SLICE_X29Y96         LUT6 (Prop_lut6_I0_O)        0.124     6.033 r  red_pitaya_scope/i_bridge/set_b_hyst[13]_i_4/O
                         net (fo=1, routed)           1.334     7.367    red_pitaya_scope/i_bridge/set_b_hyst[13]_i_4_n_0
    SLICE_X28Y96         LUT4 (Prop_lut4_I3_O)        0.118     7.485 f  red_pitaya_scope/i_bridge/set_b_hyst[13]_i_2/O
                         net (fo=7, routed)           1.252     8.737    red_pitaya_scope/i_bridge/set_b_hyst[13]_i_2_n_0
    SLICE_X27Y103        LUT6 (Prop_lut6_I5_O)        0.326     9.063 r  red_pitaya_scope/i_bridge/set_a_filt_aa[17]_i_2/O
                         net (fo=2, routed)           1.409    10.473    red_pitaya_scope/i_bridge/set_a_filt_aa[17]_i_2_n_0
    SLICE_X27Y103        LUT5 (Prop_lut5_I0_O)        0.118    10.591 r  red_pitaya_scope/i_bridge/set_a_filt_kk[24]_i_1/O
                         net (fo=25, routed)          2.466    13.056    red_pitaya_scope/i_bridge_n_97
    SLICE_X32Y114        FDSE                                         r  red_pitaya_scope/set_a_filt_kk_reg[19]/CE
  -------------------------------------------------------------------    -------------------

                         (clock clk_2 rise edge)      8.000     8.000 r  
    U18                                               0.000     8.000 r  clk125_p (IN)
                         net (fo=0)                   0.000     8.000    clk125_p
    U18                  IBUFDS (Prop_ibufds_I_O)     0.909     8.909 r  IBUFGDS/O
                         net (fo=1, routed)           2.006    10.915    clk_adci
    BUFGCTRL_X0Y17       BUFG (Prop_bufg_I_O)         0.092    11.007 r  BUFG/O
                         net (fo=1, routed)           1.634    12.641    clk_adcb
    PLLE2_ADV_X1Y0       PLLE2_ADV (Prop_plle2_adv_CLKIN1_CLKOUT2)
                                                     -3.442     9.199 r  PLLE2_BASE/CLKOUT2
                         net (fo=1, routed)           1.720    10.919    clk_2
    BUFGCTRL_X0Y0        BUFG (Prop_bufg_I_O)         0.091    11.010 r  BUFG_4/O
                         net (fo=11300, routed)       1.651    12.661    red_pitaya_scope/sys_clk
    SLICE_X32Y114        FDSE                                         r  red_pitaya_scope/set_a_filt_kk_reg[19]/C
                         clock pessimism              0.000    12.661    
                         clock uncertainty           -0.235    12.425    
    SLICE_X32Y114        FDSE (Setup_fdse_C_CE)      -0.371    12.054    red_pitaya_scope/set_a_filt_kk_reg[19]
  -------------------------------------------------------------------
                         required time                         12.054    
                         arrival time                         -13.056    
  -------------------------------------------------------------------
                         slack                                 -1.002    

Slack (VIOLATED) :        -1.002ns  (required time - arrival time)
  Source:                 red_pitaya_scope/i_bridge/addr_o_reg[8]/C
                            (rising edge-triggered cell FDRE clocked by clk_fpga_0  {rise@0.000ns fall@4.000ns period=8.000ns})
  Destination:            red_pitaya_scope/set_a_filt_kk_reg[20]/CE
                            (rising edge-triggered cell FDSE clocked by clk_2  {rise@0.000ns fall@4.000ns period=8.000ns})
  Path Group:             clk_2
  Path Type:              Setup (Max at Slow Process Corner)
  Requirement:            8.000ns  (clk_2 rise@8.000ns - clk_fpga_0 rise@0.000ns)
  Data Path Delay:        10.063ns  (logic 1.142ns (11.348%)  route 8.921ns (88.652%))
  Logic Levels:           4  (LUT4=1 LUT5=1 LUT6=2)
  Clock Path Skew:        1.668ns (DCD - SCD + CPR)
    Destination Clock Delay (DCD):    4.661ns = ( 12.661 - 8.000 ) 
    Source Clock Delay      (SCD):    2.993ns
    Clock Pessimism Removal (CPR):    0.000ns
  Clock Uncertainty:      0.235ns  ((TSJ^2 + TIJ^2 + DJ^2)^1/2) / 2 + PE
    Total System Jitter     (TSJ):    0.071ns
    Total Input Jitter      (TIJ):    0.240ns
    Discrete Jitter          (DJ):    0.118ns
    Phase Error              (PE):    0.097ns
  Clock Domain Crossing:  Inter clock paths are considered valid unless explicitly excluded by timing constraints such as set_clock_groups or set_false_path.

    Location             Delay type                Incr(ns)  Path(ns)    Netlist Resource(s)
  -------------------------------------------------------------------    -------------------
                         (clock clk_fpga_0 rise edge)
                                                      0.000     0.000 r  
    PS7_X0Y0             PS7                          0.000     0.000 r  system_processing_system7_0_0/inst/PS7_i/FCLKCLK[0]
                         net (fo=1, routed)           1.193     1.193    system_processing_system7_0_0/inst/FCLK_CLK_unbuffered[0]
    BUFGCTRL_X0Y16       BUFG (Prop_bufg_I_O)         0.101     1.294 r  system_processing_system7_0_0/inst/buffer_fclk_clk_0.FCLK_CLK_0_BUFG/O
                         net (fo=244, routed)         1.699     2.993    red_pitaya_scope/i_bridge/FCLK_CLK0
    SLICE_X28Y94         FDRE                                         r  red_pitaya_scope/i_bridge/addr_o_reg[8]/C
  -------------------------------------------------------------------    -------------------
    SLICE_X28Y94         FDRE (Prop_fdre_C_Q)         0.456     3.449 f  red_pitaya_scope/i_bridge/addr_o_reg[8]/Q
                         net (fo=5, routed)           2.460     5.909    red_pitaya_scope/i_bridge/addr_o_reg[15]_0[6]
    SLICE_X29Y96         LUT6 (Prop_lut6_I0_O)        0.124     6.033 r  red_pitaya_scope/i_bridge/set_b_hyst[13]_i_4/O
                         net (fo=1, routed)           1.334     7.367    red_pitaya_scope/i_bridge/set_b_hyst[13]_i_4_n_0
    SLICE_X28Y96         LUT4 (Prop_lut4_I3_O)        0.118     7.485 f  red_pitaya_scope/i_bridge/set_b_hyst[13]_i_2/O
                         net (fo=7, routed)           1.252     8.737    red_pitaya_scope/i_bridge/set_b_hyst[13]_i_2_n_0
    SLICE_X27Y103        LUT6 (Prop_lut6_I5_O)        0.326     9.063 r  red_pitaya_scope/i_bridge/set_a_filt_aa[17]_i_2/O
                         net (fo=2, routed)           1.409    10.473    red_pitaya_scope/i_bridge/set_a_filt_aa[17]_i_2_n_0
    SLICE_X27Y103        LUT5 (Prop_lut5_I0_O)        0.118    10.591 r  red_pitaya_scope/i_bridge/set_a_filt_kk[24]_i_1/O
                         net (fo=25, routed)          2.466    13.056    red_pitaya_scope/i_bridge_n_97
    SLICE_X32Y114        FDSE                                         r  red_pitaya_scope/set_a_filt_kk_reg[20]/CE
  -------------------------------------------------------------------    -------------------

                         (clock clk_2 rise edge)      8.000     8.000 r  
    U18                                               0.000     8.000 r  clk125_p (IN)
                         net (fo=0)                   0.000     8.000    clk125_p
    U18                  IBUFDS (Prop_ibufds_I_O)     0.909     8.909 r  IBUFGDS/O
                         net (fo=1, routed)           2.006    10.915    clk_adci
    BUFGCTRL_X0Y17       BUFG (Prop_bufg_I_O)         0.092    11.007 r  BUFG/O
                         net (fo=1, routed)           1.634    12.641    clk_adcb
    PLLE2_ADV_X1Y0       PLLE2_ADV (Prop_plle2_adv_CLKIN1_CLKOUT2)
                                                     -3.442     9.199 r  PLLE2_BASE/CLKOUT2
                         net (fo=1, routed)           1.720    10.919    clk_2
    BUFGCTRL_X0Y0        BUFG (Prop_bufg_I_O)         0.091    11.010 r  BUFG_4/O
                         net (fo=11300, routed)       1.651    12.661    red_pitaya_scope/sys_clk
    SLICE_X32Y114        FDSE                                         r  red_pitaya_scope/set_a_filt_kk_reg[20]/C
                         clock pessimism              0.000    12.661    
                         clock uncertainty           -0.235    12.425    
    SLICE_X32Y114        FDSE (Setup_fdse_C_CE)      -0.371    12.054    red_pitaya_scope/set_a_filt_kk_reg[20]
  -------------------------------------------------------------------
                         required time                         12.054    
                         arrival time                         -13.056    
  -------------------------------------------------------------------
                         slack                                 -1.002    

Slack (VIOLATED) :        -1.002ns  (required time - arrival time)
  Source:                 red_pitaya_scope/i_bridge/addr_o_reg[8]/C
                            (rising edge-triggered cell FDRE clocked by clk_fpga_0  {rise@0.000ns fall@4.000ns period=8.000ns})
  Destination:            red_pitaya_scope/set_a_filt_kk_reg[22]/CE
                            (rising edge-triggered cell FDSE clocked by clk_2  {rise@0.000ns fall@4.000ns period=8.000ns})
  Path Group:             clk_2
  Path Type:              Setup (Max at Slow Process Corner)
  Requirement:            8.000ns  (clk_2 rise@8.000ns - clk_fpga_0 rise@0.000ns)
  Data Path Delay:        10.063ns  (logic 1.142ns (11.348%)  route 8.921ns (88.652%))
  Logic Levels:           4  (LUT4=1 LUT5=1 LUT6=2)
  Clock Path Skew:        1.668ns (DCD - SCD + CPR)
    Destination Clock Delay (DCD):    4.661ns = ( 12.661 - 8.000 ) 
    Source Clock Delay      (SCD):    2.993ns
    Clock Pessimism Removal (CPR):    0.000ns
  Clock Uncertainty:      0.235ns  ((TSJ^2 + TIJ^2 + DJ^2)^1/2) / 2 + PE
    Total System Jitter     (TSJ):    0.071ns
    Total Input Jitter      (TIJ):    0.240ns
    Discrete Jitter          (DJ):    0.118ns
    Phase Error              (PE):    0.097ns
  Clock Domain Crossing:  Inter clock paths are considered valid unless explicitly excluded by timing constraints such as set_clock_groups or set_false_path.

    Location             Delay type                Incr(ns)  Path(ns)    Netlist Resource(s)
  -------------------------------------------------------------------    -------------------
                         (clock clk_fpga_0 rise edge)
                                                      0.000     0.000 r  
    PS7_X0Y0             PS7                          0.000     0.000 r  system_processing_system7_0_0/inst/PS7_i/FCLKCLK[0]
                         net (fo=1, routed)           1.193     1.193    system_processing_system7_0_0/inst/FCLK_CLK_unbuffered[0]
    BUFGCTRL_X0Y16       BUFG (Prop_bufg_I_O)         0.101     1.294 r  system_processing_system7_0_0/inst/buffer_fclk_clk_0.FCLK_CLK_0_BUFG/O
                         net (fo=244, routed)         1.699     2.993    red_pitaya_scope/i_bridge/FCLK_CLK0
    SLICE_X28Y94         FDRE                                         r  red_pitaya_scope/i_bridge/addr_o_reg[8]/C
  -------------------------------------------------------------------    -------------------
    SLICE_X28Y94         FDRE (Prop_fdre_C_Q)         0.456     3.449 f  red_pitaya_scope/i_bridge/addr_o_reg[8]/Q
                         net (fo=5, routed)           2.460     5.909    red_pitaya_scope/i_bridge/addr_o_reg[15]_0[6]
    SLICE_X29Y96         LUT6 (Prop_lut6_I0_O)        0.124     6.033 r  red_pitaya_scope/i_bridge/set_b_hyst[13]_i_4/O
                         net (fo=1, routed)           1.334     7.367    red_pitaya_scope/i_bridge/set_b_hyst[13]_i_4_n_0
    SLICE_X28Y96         LUT4 (Prop_lut4_I3_O)        0.118     7.485 f  red_pitaya_scope/i_bridge/set_b_hyst[13]_i_2/O
                         net (fo=7, routed)           1.252     8.737    red_pitaya_scope/i_bridge/set_b_hyst[13]_i_2_n_0
    SLICE_X27Y103        LUT6 (Prop_lut6_I5_O)        0.326     9.063 r  red_pitaya_scope/i_bridge/set_a_filt_aa[17]_i_2/O
                         net (fo=2, routed)           1.409    10.473    red_pitaya_scope/i_bridge/set_a_filt_aa[17]_i_2_n_0
    SLICE_X27Y103        LUT5 (Prop_lut5_I0_O)        0.118    10.591 r  red_pitaya_scope/i_bridge/set_a_filt_kk[24]_i_1/O
                         net (fo=25, routed)          2.466    13.056    red_pitaya_scope/i_bridge_n_97
    SLICE_X32Y114        FDSE                                         r  red_pitaya_scope/set_a_filt_kk_reg[22]/CE
  -------------------------------------------------------------------    -------------------

                         (clock clk_2 rise edge)      8.000     8.000 r  
    U18                                               0.000     8.000 r  clk125_p (IN)
                         net (fo=0)                   0.000     8.000    clk125_p
    U18                  IBUFDS (Prop_ibufds_I_O)     0.909     8.909 r  IBUFGDS/O
                         net (fo=1, routed)           2.006    10.915    clk_adci
    BUFGCTRL_X0Y17       BUFG (Prop_bufg_I_O)         0.092    11.007 r  BUFG/O
                         net (fo=1, routed)           1.634    12.641    clk_adcb
    PLLE2_ADV_X1Y0       PLLE2_ADV (Prop_plle2_adv_CLKIN1_CLKOUT2)
                                                     -3.442     9.199 r  PLLE2_BASE/CLKOUT2
                         net (fo=1, routed)           1.720    10.919    clk_2
    BUFGCTRL_X0Y0        BUFG (Prop_bufg_I_O)         0.091    11.010 r  BUFG_4/O
                         net (fo=11300, routed)       1.651    12.661    red_pitaya_scope/sys_clk
    SLICE_X32Y114        FDSE                                         r  red_pitaya_scope/set_a_filt_kk_reg[22]/C
                         clock pessimism              0.000    12.661    
                         clock uncertainty           -0.235    12.425    
    SLICE_X32Y114        FDSE (Setup_fdse_C_CE)      -0.371    12.054    red_pitaya_scope/set_a_filt_kk_reg[22]
  -------------------------------------------------------------------
                         required time                         12.054    
                         arrival time                         -13.056    
  -------------------------------------------------------------------
                         slack                                 -1.002    

Slack (VIOLATED) :        -1.002ns  (required time - arrival time)
  Source:                 red_pitaya_scope/i_bridge/addr_o_reg[8]/C
                            (rising edge-triggered cell FDRE clocked by clk_fpga_0  {rise@0.000ns fall@4.000ns period=8.000ns})
  Destination:            red_pitaya_scope/set_a_filt_kk_reg[23]/CE
                            (rising edge-triggered cell FDSE clocked by clk_2  {rise@0.000ns fall@4.000ns period=8.000ns})
  Path Group:             clk_2
  Path Type:              Setup (Max at Slow Process Corner)
  Requirement:            8.000ns  (clk_2 rise@8.000ns - clk_fpga_0 rise@0.000ns)
  Data Path Delay:        10.063ns  (logic 1.142ns (11.348%)  route 8.921ns (88.652%))
  Logic Levels:           4  (LUT4=1 LUT5=1 LUT6=2)
  Clock Path Skew:        1.668ns (DCD - SCD + CPR)
    Destination Clock Delay (DCD):    4.661ns = ( 12.661 - 8.000 ) 
    Source Clock Delay      (SCD):    2.993ns
    Clock Pessimism Removal (CPR):    0.000ns
  Clock Uncertainty:      0.235ns  ((TSJ^2 + TIJ^2 + DJ^2)^1/2) / 2 + PE
    Total System Jitter     (TSJ):    0.071ns
    Total Input Jitter      (TIJ):    0.240ns
    Discrete Jitter          (DJ):    0.118ns
    Phase Error              (PE):    0.097ns
  Clock Domain Crossing:  Inter clock paths are considered valid unless explicitly excluded by timing constraints such as set_clock_groups or set_false_path.

    Location             Delay type                Incr(ns)  Path(ns)    Netlist Resource(s)
  -------------------------------------------------------------------    -------------------
                         (clock clk_fpga_0 rise edge)
                                                      0.000     0.000 r  
    PS7_X0Y0             PS7                          0.000     0.000 r  system_processing_system7_0_0/inst/PS7_i/FCLKCLK[0]
                         net (fo=1, routed)           1.193     1.193    system_processing_system7_0_0/inst/FCLK_CLK_unbuffered[0]
    BUFGCTRL_X0Y16       BUFG (Prop_bufg_I_O)         0.101     1.294 r  system_processing_system7_0_0/inst/buffer_fclk_clk_0.FCLK_CLK_0_BUFG/O
                         net (fo=244, routed)         1.699     2.993    red_pitaya_scope/i_bridge/FCLK_CLK0
    SLICE_X28Y94         FDRE                                         r  red_pitaya_scope/i_bridge/addr_o_reg[8]/C
  -------------------------------------------------------------------    -------------------
    SLICE_X28Y94         FDRE (Prop_fdre_C_Q)         0.456     3.449 f  red_pitaya_scope/i_bridge/addr_o_reg[8]/Q
                         net (fo=5, routed)           2.460     5.909    red_pitaya_scope/i_bridge/addr_o_reg[15]_0[6]
    SLICE_X29Y96         LUT6 (Prop_lut6_I0_O)        0.124     6.033 r  red_pitaya_scope/i_bridge/set_b_hyst[13]_i_4/O
                         net (fo=1, routed)           1.334     7.367    red_pitaya_scope/i_bridge/set_b_hyst[13]_i_4_n_0
    SLICE_X28Y96         LUT4 (Prop_lut4_I3_O)        0.118     7.485 f  red_pitaya_scope/i_bridge/set_b_hyst[13]_i_2/O
                         net (fo=7, routed)           1.252     8.737    red_pitaya_scope/i_bridge/set_b_hyst[13]_i_2_n_0
    SLICE_X27Y103        LUT6 (Prop_lut6_I5_O)        0.326     9.063 r  red_pitaya_scope/i_bridge/set_a_filt_aa[17]_i_2/O
                         net (fo=2, routed)           1.409    10.473    red_pitaya_scope/i_bridge/set_a_filt_aa[17]_i_2_n_0
    SLICE_X27Y103        LUT5 (Prop_lut5_I0_O)        0.118    10.591 r  red_pitaya_scope/i_bridge/set_a_filt_kk[24]_i_1/O
                         net (fo=25, routed)          2.466    13.056    red_pitaya_scope/i_bridge_n_97
    SLICE_X32Y114        FDSE                                         r  red_pitaya_scope/set_a_filt_kk_reg[23]/CE
  -------------------------------------------------------------------    -------------------

                         (clock clk_2 rise edge)      8.000     8.000 r  
    U18                                               0.000     8.000 r  clk125_p (IN)
                         net (fo=0)                   0.000     8.000    clk125_p
    U18                  IBUFDS (Prop_ibufds_I_O)     0.909     8.909 r  IBUFGDS/O
                         net (fo=1, routed)           2.006    10.915    clk_adci
    BUFGCTRL_X0Y17       BUFG (Prop_bufg_I_O)         0.092    11.007 r  BUFG/O
                         net (fo=1, routed)           1.634    12.641    clk_adcb
    PLLE2_ADV_X1Y0       PLLE2_ADV (Prop_plle2_adv_CLKIN1_CLKOUT2)
                                                     -3.442     9.199 r  PLLE2_BASE/CLKOUT2
                         net (fo=1, routed)           1.720    10.919    clk_2
    BUFGCTRL_X0Y0        BUFG (Prop_bufg_I_O)         0.091    11.010 r  BUFG_4/O
                         net (fo=11300, routed)       1.651    12.661    red_pitaya_scope/sys_clk
    SLICE_X32Y114        FDSE                                         r  red_pitaya_scope/set_a_filt_kk_reg[23]/C
                         clock pessimism              0.000    12.661    
                         clock uncertainty           -0.235    12.425    
    SLICE_X32Y114        FDSE (Setup_fdse_C_CE)      -0.371    12.054    red_pitaya_scope/set_a_filt_kk_reg[23]
  -------------------------------------------------------------------
                         required time                         12.054    
                         arrival time                         -13.056    
  -------------------------------------------------------------------
                         slack                                 -1.002    

Slack (VIOLATED) :        -1.002ns  (required time - arrival time)
  Source:                 red_pitaya_scope/i_bridge/addr_o_reg[8]/C
                            (rising edge-triggered cell FDRE clocked by clk_fpga_0  {rise@0.000ns fall@4.000ns period=8.000ns})
  Destination:            red_pitaya_scope/set_a_filt_kk_reg[24]/CE
                            (rising edge-triggered cell FDRE clocked by clk_2  {rise@0.000ns fall@4.000ns period=8.000ns})
  Path Group:             clk_2
  Path Type:              Setup (Max at Slow Process Corner)
  Requirement:            8.000ns  (clk_2 rise@8.000ns - clk_fpga_0 rise@0.000ns)
  Data Path Delay:        10.063ns  (logic 1.142ns (11.348%)  route 8.921ns (88.652%))
  Logic Levels:           4  (LUT4=1 LUT5=1 LUT6=2)
  Clock Path Skew:        1.668ns (DCD - SCD + CPR)
    Destination Clock Delay (DCD):    4.661ns = ( 12.661 - 8.000 ) 
    Source Clock Delay      (SCD):    2.993ns
    Clock Pessimism Removal (CPR):    0.000ns
  Clock Uncertainty:      0.235ns  ((TSJ^2 + TIJ^2 + DJ^2)^1/2) / 2 + PE
    Total System Jitter     (TSJ):    0.071ns
    Total Input Jitter      (TIJ):    0.240ns
    Discrete Jitter          (DJ):    0.118ns
    Phase Error              (PE):    0.097ns
  Clock Domain Crossing:  Inter clock paths are considered valid unless explicitly excluded by timing constraints such as set_clock_groups or set_false_path.

    Location             Delay type                Incr(ns)  Path(ns)    Netlist Resource(s)
  -------------------------------------------------------------------    -------------------
                         (clock clk_fpga_0 rise edge)
                                                      0.000     0.000 r  
    PS7_X0Y0             PS7                          0.000     0.000 r  system_processing_system7_0_0/inst/PS7_i/FCLKCLK[0]
                         net (fo=1, routed)           1.193     1.193    system_processing_system7_0_0/inst/FCLK_CLK_unbuffered[0]
    BUFGCTRL_X0Y16       BUFG (Prop_bufg_I_O)         0.101     1.294 r  system_processing_system7_0_0/inst/buffer_fclk_clk_0.FCLK_CLK_0_BUFG/O
                         net (fo=244, routed)         1.699     2.993    red_pitaya_scope/i_bridge/FCLK_CLK0
    SLICE_X28Y94         FDRE                                         r  red_pitaya_scope/i_bridge/addr_o_reg[8]/C
  -------------------------------------------------------------------    -------------------
    SLICE_X28Y94         FDRE (Prop_fdre_C_Q)         0.456     3.449 f  red_pitaya_scope/i_bridge/addr_o_reg[8]/Q
                         net (fo=5, routed)           2.460     5.909    red_pitaya_scope/i_bridge/addr_o_reg[15]_0[6]
    SLICE_X29Y96         LUT6 (Prop_lut6_I0_O)        0.124     6.033 r  red_pitaya_scope/i_bridge/set_b_hyst[13]_i_4/O
                         net (fo=1, routed)           1.334     7.367    red_pitaya_scope/i_bridge/set_b_hyst[13]_i_4_n_0
    SLICE_X28Y96         LUT4 (Prop_lut4_I3_O)        0.118     7.485 f  red_pitaya_scope/i_bridge/set_b_hyst[13]_i_2/O
                         net (fo=7, routed)           1.252     8.737    red_pitaya_scope/i_bridge/set_b_hyst[13]_i_2_n_0
    SLICE_X27Y103        LUT6 (Prop_lut6_I5_O)        0.326     9.063 r  red_pitaya_scope/i_bridge/set_a_filt_aa[17]_i_2/O
                         net (fo=2, routed)           1.409    10.473    red_pitaya_scope/i_bridge/set_a_filt_aa[17]_i_2_n_0
    SLICE_X27Y103        LUT5 (Prop_lut5_I0_O)        0.118    10.591 r  red_pitaya_scope/i_bridge/set_a_filt_kk[24]_i_1/O
                         net (fo=25, routed)          2.466    13.056    red_pitaya_scope/i_bridge_n_97
    SLICE_X32Y114        FDRE                                         r  red_pitaya_scope/set_a_filt_kk_reg[24]/CE
  -------------------------------------------------------------------    -------------------

                         (clock clk_2 rise edge)      8.000     8.000 r  
    U18                                               0.000     8.000 r  clk125_p (IN)
                         net (fo=0)                   0.000     8.000    clk125_p
    U18                  IBUFDS (Prop_ibufds_I_O)     0.909     8.909 r  IBUFGDS/O
                         net (fo=1, routed)           2.006    10.915    clk_adci
    BUFGCTRL_X0Y17       BUFG (Prop_bufg_I_O)         0.092    11.007 r  BUFG/O
                         net (fo=1, routed)           1.634    12.641    clk_adcb
    PLLE2_ADV_X1Y0       PLLE2_ADV (Prop_plle2_adv_CLKIN1_CLKOUT2)
                                                     -3.442     9.199 r  PLLE2_BASE/CLKOUT2
                         net (fo=1, routed)           1.720    10.919    clk_2
    BUFGCTRL_X0Y0        BUFG (Prop_bufg_I_O)         0.091    11.010 r  BUFG_4/O
                         net (fo=11300, routed)       1.651    12.661    red_pitaya_scope/sys_clk
    SLICE_X32Y114        FDRE                                         r  red_pitaya_scope/set_a_filt_kk_reg[24]/C
                         clock pessimism              0.000    12.661    
                         clock uncertainty           -0.235    12.425    
    SLICE_X32Y114        FDRE (Setup_fdre_C_CE)      -0.371    12.054    red_pitaya_scope/set_a_filt_kk_reg[24]
  -------------------------------------------------------------------
                         required time                         12.054    
                         arrival time                         -13.056    
  -------------------------------------------------------------------
                         slack                                 -1.002    

Slack (VIOLATED) :        -0.978ns  (required time - arrival time)
  Source:                 red_pitaya_scope/i_bridge/addr_o_reg[17]/C
                            (rising edge-triggered cell FDRE clocked by clk_fpga_0  {rise@0.000ns fall@4.000ns period=8.000ns})
  Destination:            red_pitaya_scope/set_dec_reg[8]/CE
                            (rising edge-triggered cell FDRE clocked by clk_2  {rise@0.000ns fall@4.000ns period=8.000ns})
  Path Group:             clk_2
  Path Type:              Setup (Max at Slow Process Corner)
  Requirement:            8.000ns  (clk_2 rise@8.000ns - clk_fpga_0 rise@0.000ns)
  Data Path Delay:        10.044ns  (logic 1.210ns (12.047%)  route 8.834ns (87.953%))
  Logic Levels:           4  (LUT2=1 LUT5=2 LUT6=1)
  Clock Path Skew:        1.673ns (DCD - SCD + CPR)
    Destination Clock Delay (DCD):    4.664ns = ( 12.664 - 8.000 ) 
    Source Clock Delay      (SCD):    2.991ns
    Clock Pessimism Removal (CPR):    0.000ns
  Clock Uncertainty:      0.235ns  ((TSJ^2 + TIJ^2 + DJ^2)^1/2) / 2 + PE
    Total System Jitter     (TSJ):    0.071ns
    Total Input Jitter      (TIJ):    0.240ns
    Discrete Jitter          (DJ):    0.118ns
    Phase Error              (PE):    0.097ns
  Clock Domain Crossing:  Inter clock paths are considered valid unless explicitly excluded by timing constraints such as set_clock_groups or set_false_path.

    Location             Delay type                Incr(ns)  Path(ns)    Netlist Resource(s)
  -------------------------------------------------------------------    -------------------
                         (clock clk_fpga_0 rise edge)
                                                      0.000     0.000 r  
    PS7_X0Y0             PS7                          0.000     0.000 r  system_processing_system7_0_0/inst/PS7_i/FCLKCLK[0]
                         net (fo=1, routed)           1.193     1.193    system_processing_system7_0_0/inst/FCLK_CLK_unbuffered[0]
    BUFGCTRL_X0Y16       BUFG (Prop_bufg_I_O)         0.101     1.294 r  system_processing_system7_0_0/inst/buffer_fclk_clk_0.FCLK_CLK_0_BUFG/O
                         net (fo=244, routed)         1.697     2.991    red_pitaya_scope/i_bridge/FCLK_CLK0
    SLICE_X28Y90         FDRE                                         r  red_pitaya_scope/i_bridge/addr_o_reg[17]/C
  -------------------------------------------------------------------    -------------------
    SLICE_X28Y90         FDRE (Prop_fdre_C_Q)         0.456     3.447 f  red_pitaya_scope/i_bridge/addr_o_reg[17]/Q
                         net (fo=48, routed)          2.658     6.105    red_pitaya_scope/i_bridge/addr[17]
    SLICE_X28Y94         LUT6 (Prop_lut6_I3_O)        0.124     6.229 f  red_pitaya_scope/i_bridge/set_b_hyst[13]_i_5/O
                         net (fo=1, routed)           1.204     7.432    red_pitaya_scope/i_bridge/set_b_hyst[13]_i_5_n_0
    SLICE_X28Y98         LUT5 (Prop_lut5_I4_O)        0.152     7.584 r  red_pitaya_scope/i_bridge/set_b_hyst[13]_i_3/O
                         net (fo=8, routed)           1.307     8.892    red_pitaya_scope/i_bridge/set_b_hyst[13]_i_3_n_0
    SLICE_X28Y101        LUT2 (Prop_lut2_I0_O)        0.326     9.218 r  red_pitaya_scope/i_bridge/set_dec[31]_i_2/O
                         net (fo=3, routed)           1.391    10.609    red_pitaya_scope/i_bridge/set_dec[31]_i_2_n_0
    SLICE_X28Y102        LUT5 (Prop_lut5_I0_O)        0.152    10.761 r  red_pitaya_scope/i_bridge/set_dec[31]_i_1/O
                         net (fo=32, routed)          2.274    13.035    red_pitaya_scope/i_bridge_n_93
    SLICE_X38Y110        FDRE                                         r  red_pitaya_scope/set_dec_reg[8]/CE
  -------------------------------------------------------------------    -------------------

                         (clock clk_2 rise edge)      8.000     8.000 r  
    U18                                               0.000     8.000 r  clk125_p (IN)
                         net (fo=0)                   0.000     8.000    clk125_p
    U18                  IBUFDS (Prop_ibufds_I_O)     0.909     8.909 r  IBUFGDS/O
                         net (fo=1, routed)           2.006    10.915    clk_adci
    BUFGCTRL_X0Y17       BUFG (Prop_bufg_I_O)         0.092    11.007 r  BUFG/O
                         net (fo=1, routed)           1.634    12.641    clk_adcb
    PLLE2_ADV_X1Y0       PLLE2_ADV (Prop_plle2_adv_CLKIN1_CLKOUT2)
                                                     -3.442     9.199 r  PLLE2_BASE/CLKOUT2
                         net (fo=1, routed)           1.720    10.919    clk_2
    BUFGCTRL_X0Y0        BUFG (Prop_bufg_I_O)         0.091    11.010 r  BUFG_4/O
                         net (fo=11300, routed)       1.654    12.664    red_pitaya_scope/sys_clk
    SLICE_X38Y110        FDRE                                         r  red_pitaya_scope/set_dec_reg[8]/C
                         clock pessimism              0.000    12.664    
                         clock uncertainty           -0.235    12.428    
    SLICE_X38Y110        FDRE (Setup_fdre_C_CE)      -0.371    12.057    red_pitaya_scope/set_dec_reg[8]
  -------------------------------------------------------------------
                         required time                         12.057    
                         arrival time                         -13.035    
  -------------------------------------------------------------------
                         slack                                 -0.978    

Slack (VIOLATED) :        -0.880ns  (required time - arrival time)
  Source:                 red_pitaya_scope/i_bridge/addr_o_reg[17]/C
                            (rising edge-triggered cell FDRE clocked by clk_fpga_0  {rise@0.000ns fall@4.000ns period=8.000ns})
  Destination:            red_pitaya_scope/set_dec_reg[27]/CE
                            (rising edge-triggered cell FDRE clocked by clk_2  {rise@0.000ns fall@4.000ns period=8.000ns})
  Path Group:             clk_2
  Path Type:              Setup (Max at Slow Process Corner)
  Requirement:            8.000ns  (clk_2 rise@8.000ns - clk_fpga_0 rise@0.000ns)
  Data Path Delay:        9.910ns  (logic 1.210ns (12.210%)  route 8.700ns (87.790%))
  Logic Levels:           4  (LUT2=1 LUT5=2 LUT6=1)
  Clock Path Skew:        1.672ns (DCD - SCD + CPR)
    Destination Clock Delay (DCD):    4.663ns = ( 12.663 - 8.000 ) 
    Source Clock Delay      (SCD):    2.991ns
    Clock Pessimism Removal (CPR):    0.000ns
  Clock Uncertainty:      0.235ns  ((TSJ^2 + TIJ^2 + DJ^2)^1/2) / 2 + PE
    Total System Jitter     (TSJ):    0.071ns
    Total Input Jitter      (TIJ):    0.240ns
    Discrete Jitter          (DJ):    0.118ns
    Phase Error              (PE):    0.097ns
  Clock Domain Crossing:  Inter clock paths are considered valid unless explicitly excluded by timing constraints such as set_clock_groups or set_false_path.

    Location             Delay type                Incr(ns)  Path(ns)    Netlist Resource(s)
  -------------------------------------------------------------------    -------------------
                         (clock clk_fpga_0 rise edge)
                                                      0.000     0.000 r  
    PS7_X0Y0             PS7                          0.000     0.000 r  system_processing_system7_0_0/inst/PS7_i/FCLKCLK[0]
                         net (fo=1, routed)           1.193     1.193    system_processing_system7_0_0/inst/FCLK_CLK_unbuffered[0]
    BUFGCTRL_X0Y16       BUFG (Prop_bufg_I_O)         0.101     1.294 r  system_processing_system7_0_0/inst/buffer_fclk_clk_0.FCLK_CLK_0_BUFG/O
                         net (fo=244, routed)         1.697     2.991    red_pitaya_scope/i_bridge/FCLK_CLK0
    SLICE_X28Y90         FDRE                                         r  red_pitaya_scope/i_bridge/addr_o_reg[17]/C
  -------------------------------------------------------------------    -------------------
    SLICE_X28Y90         FDRE (Prop_fdre_C_Q)         0.456     3.447 f  red_pitaya_scope/i_bridge/addr_o_reg[17]/Q
                         net (fo=48, routed)          2.658     6.105    red_pitaya_scope/i_bridge/addr[17]
    SLICE_X28Y94         LUT6 (Prop_lut6_I3_O)        0.124     6.229 f  red_pitaya_scope/i_bridge/set_b_hyst[13]_i_5/O
                         net (fo=1, routed)           1.204     7.432    red_pitaya_scope/i_bridge/set_b_hyst[13]_i_5_n_0
    SLICE_X28Y98         LUT5 (Prop_lut5_I4_O)        0.152     7.584 r  red_pitaya_scope/i_bridge/set_b_hyst[13]_i_3/O
                         net (fo=8, routed)           1.307     8.892    red_pitaya_scope/i_bridge/set_b_hyst[13]_i_3_n_0
    SLICE_X28Y101        LUT2 (Prop_lut2_I0_O)        0.326     9.218 r  red_pitaya_scope/i_bridge/set_dec[31]_i_2/O
                         net (fo=3, routed)           1.391    10.609    red_pitaya_scope/i_bridge/set_dec[31]_i_2_n_0
    SLICE_X28Y102        LUT5 (Prop_lut5_I0_O)        0.152    10.761 r  red_pitaya_scope/i_bridge/set_dec[31]_i_1/O
                         net (fo=32, routed)          2.140    12.901    red_pitaya_scope/i_bridge_n_93
    SLICE_X35Y112        FDRE                                         r  red_pitaya_scope/set_dec_reg[27]/CE
  -------------------------------------------------------------------    -------------------

                         (clock clk_2 rise edge)      8.000     8.000 r  
    U18                                               0.000     8.000 r  clk125_p (IN)
                         net (fo=0)                   0.000     8.000    clk125_p
    U18                  IBUFDS (Prop_ibufds_I_O)     0.909     8.909 r  IBUFGDS/O
                         net (fo=1, routed)           2.006    10.915    clk_adci
    BUFGCTRL_X0Y17       BUFG (Prop_bufg_I_O)         0.092    11.007 r  BUFG/O
                         net (fo=1, routed)           1.634    12.641    clk_adcb
    PLLE2_ADV_X1Y0       PLLE2_ADV (Prop_plle2_adv_CLKIN1_CLKOUT2)
                                                     -3.442     9.199 r  PLLE2_BASE/CLKOUT2
                         net (fo=1, routed)           1.720    10.919    clk_2
    BUFGCTRL_X0Y0        BUFG (Prop_bufg_I_O)         0.091    11.010 r  BUFG_4/O
                         net (fo=11300, routed)       1.653    12.663    red_pitaya_scope/sys_clk
    SLICE_X35Y112        FDRE                                         r  red_pitaya_scope/set_dec_reg[27]/C
                         clock pessimism              0.000    12.663    
                         clock uncertainty           -0.235    12.427    
    SLICE_X35Y112        FDRE (Setup_fdre_C_CE)      -0.407    12.020    red_pitaya_scope/set_dec_reg[27]
  -------------------------------------------------------------------
                         required time                         12.020    
                         arrival time                         -12.901    
  -------------------------------------------------------------------
                         slack                                 -0.880    





Min Delay Paths
--------------------------------------------------------------------------------------
Slack (MET) :             0.082ns  (arrival time - required time)
  Source:                 red_pitaya_scope/i_bridge/sys_wr_reg/C
                            (rising edge-triggered cell FDRE clocked by clk_fpga_0  {rise@0.000ns fall@4.000ns period=8.000ns})
  Destination:            red_pitaya_scope/adc_rval_reg[0]/D
                            (rising edge-triggered cell FDRE clocked by clk_2  {rise@0.000ns fall@4.000ns period=8.000ns})
  Path Group:             clk_2
  Path Type:              Hold (Min at Fast Process Corner)
  Requirement:            0.000ns  (clk_2 rise@0.000ns - clk_fpga_0 rise@0.000ns)
  Data Path Delay:        1.510ns  (logic 0.186ns (12.321%)  route 1.324ns (87.679%))
  Logic Levels:           1  (LUT4=1)
  Clock Path Skew:        1.101ns (DCD - SCD - CPR)
    Destination Clock Delay (DCD):    2.010ns
    Source Clock Delay      (SCD):    0.909ns
    Clock Pessimism Removal (CPR):    -0.000ns
  Clock Uncertainty:      0.235ns  ((TSJ^2 + TIJ^2 + DJ^2)^1/2) / 2 + PE
    Total System Jitter     (TSJ):    0.071ns
    Total Input Jitter      (TIJ):    0.240ns
    Discrete Jitter          (DJ):    0.118ns
    Phase Error              (PE):    0.097ns
  Clock Domain Crossing:  Inter clock paths are considered valid unless explicitly excluded by timing constraints such as set_clock_groups or set_false_path.

    Location             Delay type                Incr(ns)  Path(ns)    Netlist Resource(s)
  -------------------------------------------------------------------    -------------------
                         (clock clk_fpga_0 rise edge)
                                                      0.000     0.000 r  
    PS7_X0Y0             PS7                          0.000     0.000 r  system_processing_system7_0_0/inst/PS7_i/FCLKCLK[0]
                         net (fo=1, routed)           0.310     0.310    system_processing_system7_0_0/inst/FCLK_CLK_unbuffered[0]
    BUFGCTRL_X0Y16       BUFG (Prop_bufg_I_O)         0.026     0.336 r  system_processing_system7_0_0/inst/buffer_fclk_clk_0.FCLK_CLK_0_BUFG/O
                         net (fo=244, routed)         0.573     0.909    red_pitaya_scope/i_bridge/FCLK_CLK0
    SLICE_X27Y95         FDRE                                         r  red_pitaya_scope/i_bridge/sys_wr_reg/C
  -------------------------------------------------------------------    -------------------
    SLICE_X27Y95         FDRE (Prop_fdre_C_Q)         0.141     1.050 r  red_pitaya_scope/i_bridge/sys_wr_reg/Q
                         net (fo=4, routed)           1.324     2.373    red_pitaya_scope/i_bridge/sys_wr
    SLICE_X28Y96         LUT4 (Prop_lut4_I3_O)        0.045     2.418 r  red_pitaya_scope/i_bridge/adc_rval[0]_i_1/O
                         net (fo=1, routed)           0.000     2.418    red_pitaya_scope/p_1_out[0]
    SLICE_X28Y96         FDRE                                         r  red_pitaya_scope/adc_rval_reg[0]/D
  -------------------------------------------------------------------    -------------------

                         (clock clk_2 rise edge)      0.000     0.000 r  
    U18                                               0.000     0.000 r  clk125_p (IN)
                         net (fo=0)                   0.000     0.000    clk125_p
    U18                  IBUFDS (Prop_ibufds_I_O)     0.401     0.401 r  IBUFGDS/O
                         net (fo=1, routed)           0.731     1.132    clk_adci
    BUFGCTRL_X0Y17       BUFG (Prop_bufg_I_O)         0.030     1.162 r  BUFG/O
                         net (fo=1, routed)           0.869     2.031    clk_adcb
    PLLE2_ADV_X1Y0       PLLE2_ADV (Prop_plle2_adv_CLKIN1_CLKOUT2)
                                                     -1.488     0.543 r  PLLE2_BASE/CLKOUT2
                         net (fo=1, routed)           0.592     1.135    clk_2
    BUFGCTRL_X0Y0        BUFG (Prop_bufg_I_O)         0.029     1.164 r  BUFG_4/O
                         net (fo=11300, routed)       0.846     2.010    red_pitaya_scope/sys_clk
    SLICE_X28Y96         FDRE                                         r  red_pitaya_scope/adc_rval_reg[0]/C
                         clock pessimism              0.000     2.010    
                         clock uncertainty            0.235     2.245    
    SLICE_X28Y96         FDRE (Hold_fdre_C_D)         0.091     2.336    red_pitaya_scope/adc_rval_reg[0]
  -------------------------------------------------------------------
                         required time                         -2.336    
                         arrival time                           2.418    
  -------------------------------------------------------------------
                         slack                                  0.082    

Slack (MET) :             0.153ns  (arrival time - required time)
  Source:                 red_pitaya_scope/i_bridge/wdata_o_reg[9]/C
                            (rising edge-triggered cell FDRE clocked by clk_fpga_0  {rise@0.000ns fall@4.000ns period=8.000ns})
  Destination:            red_pitaya_scope/set_a_tresh_reg[9]/D
                            (rising edge-triggered cell FDSE clocked by clk_2  {rise@0.000ns fall@4.000ns period=8.000ns})
  Path Group:             clk_2
  Path Type:              Hold (Min at Fast Process Corner)
  Requirement:            0.000ns  (clk_2 rise@0.000ns - clk_fpga_0 rise@0.000ns)
  Data Path Delay:        1.536ns  (logic 0.141ns (9.182%)  route 1.395ns (90.818%))
  Logic Levels:           0  
  Clock Path Skew:        1.086ns (DCD - SCD - CPR)
    Destination Clock Delay (DCD):    2.078ns
    Source Clock Delay      (SCD):    0.992ns
    Clock Pessimism Removal (CPR):    -0.000ns
  Clock Uncertainty:      0.235ns  ((TSJ^2 + TIJ^2 + DJ^2)^1/2) / 2 + PE
    Total System Jitter     (TSJ):    0.071ns
    Total Input Jitter      (TIJ):    0.240ns
    Discrete Jitter          (DJ):    0.118ns
    Phase Error              (PE):    0.097ns
  Clock Domain Crossing:  Inter clock paths are considered valid unless explicitly excluded by timing constraints such as set_clock_groups or set_false_path.

    Location             Delay type                Incr(ns)  Path(ns)    Netlist Resource(s)
  -------------------------------------------------------------------    -------------------
                         (clock clk_fpga_0 rise edge)
                                                      0.000     0.000 r  
    PS7_X0Y0             PS7                          0.000     0.000 r  system_processing_system7_0_0/inst/PS7_i/FCLKCLK[0]
                         net (fo=1, routed)           0.310     0.310    system_processing_system7_0_0/inst/FCLK_CLK_unbuffered[0]
    BUFGCTRL_X0Y16       BUFG (Prop_bufg_I_O)         0.026     0.336 r  system_processing_system7_0_0/inst/buffer_fclk_clk_0.FCLK_CLK_0_BUFG/O
                         net (fo=244, routed)         0.656     0.992    red_pitaya_scope/i_bridge/FCLK_CLK0
    SLICE_X27Y100        FDRE                                         r  red_pitaya_scope/i_bridge/wdata_o_reg[9]/C
  -------------------------------------------------------------------    -------------------
    SLICE_X27Y100        FDRE (Prop_fdre_C_Q)         0.141     1.133 r  red_pitaya_scope/i_bridge/wdata_o_reg[9]/Q
                         net (fo=14, routed)          1.395     2.528    red_pitaya_scope/i_bridge_n_40
    SLICE_X33Y100        FDSE                                         r  red_pitaya_scope/set_a_tresh_reg[9]/D
  -------------------------------------------------------------------    -------------------

                         (clock clk_2 rise edge)      0.000     0.000 r  
    U18                                               0.000     0.000 r  clk125_p (IN)
                         net (fo=0)                   0.000     0.000    clk125_p
    U18                  IBUFDS (Prop_ibufds_I_O)     0.401     0.401 r  IBUFGDS/O
                         net (fo=1, routed)           0.731     1.132    clk_adci
    BUFGCTRL_X0Y17       BUFG (Prop_bufg_I_O)         0.030     1.162 r  BUFG/O
                         net (fo=1, routed)           0.869     2.031    clk_adcb
    PLLE2_ADV_X1Y0       PLLE2_ADV (Prop_plle2_adv_CLKIN1_CLKOUT2)
                                                     -1.488     0.543 r  PLLE2_BASE/CLKOUT2
                         net (fo=1, routed)           0.592     1.135    clk_2
    BUFGCTRL_X0Y0        BUFG (Prop_bufg_I_O)         0.029     1.164 r  BUFG_4/O
                         net (fo=11300, routed)       0.914     2.078    red_pitaya_scope/sys_clk
    SLICE_X33Y100        FDSE                                         r  red_pitaya_scope/set_a_tresh_reg[9]/C
                         clock pessimism              0.000     2.078    
                         clock uncertainty            0.235     2.313    
    SLICE_X33Y100        FDSE (Hold_fdse_C_D)         0.061     2.374    red_pitaya_scope/set_a_tresh_reg[9]
  -------------------------------------------------------------------
                         required time                         -2.374    
                         arrival time                           2.528    
  -------------------------------------------------------------------
                         slack                                  0.153    

Slack (MET) :             0.161ns  (arrival time - required time)
  Source:                 red_pitaya_scope/i_bridge/wdata_o_reg[6]/C
                            (rising edge-triggered cell FDRE clocked by clk_fpga_0  {rise@0.000ns fall@4.000ns period=8.000ns})
  Destination:            red_pitaya_scope/set_a_tresh_reg[6]/D
                            (rising edge-triggered cell FDRE clocked by clk_2  {rise@0.000ns fall@4.000ns period=8.000ns})
  Path Group:             clk_2
  Path Type:              Hold (Min at Fast Process Corner)
  Requirement:            0.000ns  (clk_2 rise@0.000ns - clk_fpga_0 rise@0.000ns)
  Data Path Delay:        1.648ns  (logic 0.141ns (8.558%)  route 1.507ns (91.442%))
  Logic Levels:           0  
  Clock Path Skew:        1.165ns (DCD - SCD - CPR)
    Destination Clock Delay (DCD):    2.078ns
    Source Clock Delay      (SCD):    0.913ns
    Clock Pessimism Removal (CPR):    -0.000ns
  Clock Uncertainty:      0.235ns  ((TSJ^2 + TIJ^2 + DJ^2)^1/2) / 2 + PE
    Total System Jitter     (TSJ):    0.071ns
    Total Input Jitter      (TIJ):    0.240ns
    Discrete Jitter          (DJ):    0.118ns
    Phase Error              (PE):    0.097ns
  Clock Domain Crossing:  Inter clock paths are considered valid unless explicitly excluded by timing constraints such as set_clock_groups or set_false_path.

    Location             Delay type                Incr(ns)  Path(ns)    Netlist Resource(s)
  -------------------------------------------------------------------    -------------------
                         (clock clk_fpga_0 rise edge)
                                                      0.000     0.000 r  
    PS7_X0Y0             PS7                          0.000     0.000 r  system_processing_system7_0_0/inst/PS7_i/FCLKCLK[0]
                         net (fo=1, routed)           0.310     0.310    system_processing_system7_0_0/inst/FCLK_CLK_unbuffered[0]
    BUFGCTRL_X0Y16       BUFG (Prop_bufg_I_O)         0.026     0.336 r  system_processing_system7_0_0/inst/buffer_fclk_clk_0.FCLK_CLK_0_BUFG/O
                         net (fo=244, routed)         0.577     0.913    red_pitaya_scope/i_bridge/FCLK_CLK0
    SLICE_X28Y97         FDRE                                         r  red_pitaya_scope/i_bridge/wdata_o_reg[6]/C
  -------------------------------------------------------------------    -------------------
    SLICE_X28Y97         FDRE (Prop_fdre_C_Q)         0.141     1.054 r  red_pitaya_scope/i_bridge/wdata_o_reg[6]/Q
                         net (fo=14, routed)          1.507     2.560    red_pitaya_scope/i_bridge_n_43
    SLICE_X34Y100        FDRE                                         r  red_pitaya_scope/set_a_tresh_reg[6]/D
  -------------------------------------------------------------------    -------------------

                         (clock clk_2 rise edge)      0.000     0.000 r  
    U18                                               0.000     0.000 r  clk125_p (IN)
                         net (fo=0)                   0.000     0.000    clk125_p
    U18                  IBUFDS (Prop_ibufds_I_O)     0.401     0.401 r  IBUFGDS/O
                         net (fo=1, routed)           0.731     1.132    clk_adci
    BUFGCTRL_X0Y17       BUFG (Prop_bufg_I_O)         0.030     1.162 r  BUFG/O
                         net (fo=1, routed)           0.869     2.031    clk_adcb
    PLLE2_ADV_X1Y0       PLLE2_ADV (Prop_plle2_adv_CLKIN1_CLKOUT2)
                                                     -1.488     0.543 r  PLLE2_BASE/CLKOUT2
                         net (fo=1, routed)           0.592     1.135    clk_2
    BUFGCTRL_X0Y0        BUFG (Prop_bufg_I_O)         0.029     1.164 r  BUFG_4/O
                         net (fo=11300, routed)       0.914     2.078    red_pitaya_scope/sys_clk
    SLICE_X34Y100        FDRE                                         r  red_pitaya_scope/set_a_tresh_reg[6]/C
                         clock pessimism              0.000     2.078    
                         clock uncertainty            0.235     2.313    
    SLICE_X34Y100        FDRE (Hold_fdre_C_D)         0.086     2.399    red_pitaya_scope/set_a_tresh_reg[6]
  -------------------------------------------------------------------
                         required time                         -2.399    
                         arrival time                           2.560    
  -------------------------------------------------------------------
                         slack                                  0.161    

Slack (MET) :             0.172ns  (arrival time - required time)
  Source:                 bus_clk_bridge/addr_o_reg[13]/C
                            (rising edge-triggered cell FDRE clocked by clk_fpga_0  {rise@0.000ns fall@4.000ns period=8.000ns})
  Destination:            linienmodule_csr_adr_reg[11]/D
                            (rising edge-triggered cell FDRE clocked by clk_2  {rise@0.000ns fall@4.000ns period=8.000ns})
  Path Group:             clk_2
  Path Type:              Hold (Min at Fast Process Corner)
  Requirement:            0.000ns  (clk_2 rise@0.000ns - clk_fpga_0 rise@0.000ns)
  Data Path Delay:        1.575ns  (logic 0.141ns (8.951%)  route 1.434ns (91.049%))
  Logic Levels:           0  
  Clock Path Skew:        1.098ns (DCD - SCD - CPR)
    Destination Clock Delay (DCD):    1.990ns
    Source Clock Delay      (SCD):    0.892ns
    Clock Pessimism Removal (CPR):    -0.000ns
  Clock Uncertainty:      0.235ns  ((TSJ^2 + TIJ^2 + DJ^2)^1/2) / 2 + PE
    Total System Jitter     (TSJ):    0.071ns
    Total Input Jitter      (TIJ):    0.240ns
    Discrete Jitter          (DJ):    0.118ns
    Phase Error              (PE):    0.097ns
  Clock Domain Crossing:  Inter clock paths are considered valid unless explicitly excluded by timing constraints such as set_clock_groups or set_false_path.

    Location             Delay type                Incr(ns)  Path(ns)    Netlist Resource(s)
  -------------------------------------------------------------------    -------------------
                         (clock clk_fpga_0 rise edge)
                                                      0.000     0.000 r  
    PS7_X0Y0             PS7                          0.000     0.000 r  system_processing_system7_0_0/inst/PS7_i/FCLKCLK[0]
                         net (fo=1, routed)           0.310     0.310    system_processing_system7_0_0/inst/FCLK_CLK_unbuffered[0]
    BUFGCTRL_X0Y16       BUFG (Prop_bufg_I_O)         0.026     0.336 r  system_processing_system7_0_0/inst/buffer_fclk_clk_0.FCLK_CLK_0_BUFG/O
                         net (fo=244, routed)         0.556     0.892    bus_clk_bridge/CLK
    SLICE_X37Y94         FDRE                                         r  bus_clk_bridge/addr_o_reg[13]/C
  -------------------------------------------------------------------    -------------------
    SLICE_X37Y94         FDRE (Prop_fdre_C_Q)         0.141     1.033 r  bus_clk_bridge/addr_o_reg[13]/Q
                         net (fo=1, routed)           1.434     2.467    linienmodule_sys_addr[13]
    SLICE_X39Y94         FDRE                                         r  linienmodule_csr_adr_reg[11]/D
  -------------------------------------------------------------------    -------------------

                         (clock clk_2 rise edge)      0.000     0.000 r  
    U18                                               0.000     0.000 r  clk125_p (IN)
                         net (fo=0)                   0.000     0.000    clk125_p
    U18                  IBUFDS (Prop_ibufds_I_O)     0.401     0.401 r  IBUFGDS/O
                         net (fo=1, routed)           0.731     1.132    clk_adci
    BUFGCTRL_X0Y17       BUFG (Prop_bufg_I_O)         0.030     1.162 r  BUFG/O
                         net (fo=1, routed)           0.869     2.031    clk_adcb
    PLLE2_ADV_X1Y0       PLLE2_ADV (Prop_plle2_adv_CLKIN1_CLKOUT2)
                                                     -1.488     0.543 r  PLLE2_BASE/CLKOUT2
                         net (fo=1, routed)           0.592     1.135    clk_2
    BUFGCTRL_X0Y0        BUFG (Prop_bufg_I_O)         0.029     1.164 r  BUFG_4/O
                         net (fo=11300, routed)       0.826     1.990    sys_clk
    SLICE_X39Y94         FDRE                                         r  linienmodule_csr_adr_reg[11]/C
                         clock pessimism              0.000     1.990    
                         clock uncertainty            0.235     2.225    
    SLICE_X39Y94         FDRE (Hold_fdre_C_D)         0.070     2.295    linienmodule_csr_adr_reg[11]
  -------------------------------------------------------------------
                         required time                         -2.295    
                         arrival time                           2.467    
  -------------------------------------------------------------------
                         slack                                  0.172    

Slack (MET) :             0.172ns  (arrival time - required time)
  Source:                 bus_clk_bridge/sys_rd_reg/C
                            (rising edge-triggered cell FDRE clocked by clk_fpga_0  {rise@0.000ns fall@4.000ns period=8.000ns})
  Destination:            linienmodule_stb_reg/D
                            (rising edge-triggered cell FDRE clocked by clk_2  {rise@0.000ns fall@4.000ns period=8.000ns})
  Path Group:             clk_2
  Path Type:              Hold (Min at Fast Process Corner)
  Requirement:            0.000ns  (clk_2 rise@0.000ns - clk_fpga_0 rise@0.000ns)
  Data Path Delay:        1.595ns  (logic 0.209ns (13.106%)  route 1.386ns (86.894%))
  Logic Levels:           1  (LUT4=1)
  Clock Path Skew:        1.080ns (DCD - SCD - CPR)
    Destination Clock Delay (DCD):    1.992ns
    Source Clock Delay      (SCD):    0.912ns
    Clock Pessimism Removal (CPR):    -0.000ns
  Clock Uncertainty:      0.235ns  ((TSJ^2 + TIJ^2 + DJ^2)^1/2) / 2 + PE
    Total System Jitter     (TSJ):    0.071ns
    Total Input Jitter      (TIJ):    0.240ns
    Discrete Jitter          (DJ):    0.118ns
    Phase Error              (PE):    0.097ns
  Clock Domain Crossing:  Inter clock paths are considered valid unless explicitly excluded by timing constraints such as set_clock_groups or set_false_path.

    Location             Delay type                Incr(ns)  Path(ns)    Netlist Resource(s)
  -------------------------------------------------------------------    -------------------
                         (clock clk_fpga_0 rise edge)
                                                      0.000     0.000 r  
    PS7_X0Y0             PS7                          0.000     0.000 r  system_processing_system7_0_0/inst/PS7_i/FCLKCLK[0]
                         net (fo=1, routed)           0.310     0.310    system_processing_system7_0_0/inst/FCLK_CLK_unbuffered[0]
    BUFGCTRL_X0Y16       BUFG (Prop_bufg_I_O)         0.026     0.336 r  system_processing_system7_0_0/inst/buffer_fclk_clk_0.FCLK_CLK_0_BUFG/O
                         net (fo=244, routed)         0.576     0.912    bus_clk_bridge/CLK
    SLICE_X30Y95         FDRE                                         r  bus_clk_bridge/sys_rd_reg/C
  -------------------------------------------------------------------    -------------------
    SLICE_X30Y95         FDRE (Prop_fdre_C_Q)         0.164     1.076 r  bus_clk_bridge/sys_rd_reg/Q
                         net (fo=2, routed)           1.386     2.461    bus_clk_bridge/sys_rd
    SLICE_X35Y98         LUT4 (Prop_lut4_I3_O)        0.045     2.506 r  bus_clk_bridge/linienmodule_stb_i_1/O
                         net (fo=1, routed)           0.000     2.506    linienmodule_stb0
    SLICE_X35Y98         FDRE                                         r  linienmodule_stb_reg/D
  -------------------------------------------------------------------    -------------------

                         (clock clk_2 rise edge)      0.000     0.000 r  
    U18                                               0.000     0.000 r  clk125_p (IN)
                         net (fo=0)                   0.000     0.000    clk125_p
    U18                  IBUFDS (Prop_ibufds_I_O)     0.401     0.401 r  IBUFGDS/O
                         net (fo=1, routed)           0.731     1.132    clk_adci
    BUFGCTRL_X0Y17       BUFG (Prop_bufg_I_O)         0.030     1.162 r  BUFG/O
                         net (fo=1, routed)           0.869     2.031    clk_adcb
    PLLE2_ADV_X1Y0       PLLE2_ADV (Prop_plle2_adv_CLKIN1_CLKOUT2)
                                                     -1.488     0.543 r  PLLE2_BASE/CLKOUT2
                         net (fo=1, routed)           0.592     1.135    clk_2
    BUFGCTRL_X0Y0        BUFG (Prop_bufg_I_O)         0.029     1.164 r  BUFG_4/O
                         net (fo=11300, routed)       0.828     1.992    sys_clk
    SLICE_X35Y98         FDRE                                         r  linienmodule_stb_reg/C
                         clock pessimism              0.000     1.992    
                         clock uncertainty            0.235     2.227    
    SLICE_X35Y98         FDRE (Hold_fdre_C_D)         0.107     2.334    linienmodule_stb_reg
  -------------------------------------------------------------------
                         required time                         -2.334    
                         arrival time                           2.506    
  -------------------------------------------------------------------
                         slack                                  0.172    

Slack (MET) :             0.178ns  (arrival time - required time)
  Source:                 red_pitaya_scope/i_bridge/wdata_o_reg[27]/C
                            (rising edge-triggered cell FDRE clocked by clk_fpga_0  {rise@0.000ns fall@4.000ns period=8.000ns})
  Destination:            red_pitaya_scope/set_dec_reg[27]/D
                            (rising edge-triggered cell FDRE clocked by clk_2  {rise@0.000ns fall@4.000ns period=8.000ns})
  Path Group:             clk_2
  Path Type:              Hold (Min at Fast Process Corner)
  Requirement:            0.000ns  (clk_2 rise@0.000ns - clk_fpga_0 rise@0.000ns)
  Data Path Delay:        1.565ns  (logic 0.141ns (9.009%)  route 1.424ns (90.991%))
  Logic Levels:           0  
  Clock Path Skew:        1.082ns (DCD - SCD - CPR)
    Destination Clock Delay (DCD):    2.073ns
    Source Clock Delay      (SCD):    0.991ns
    Clock Pessimism Removal (CPR):    -0.000ns
  Clock Uncertainty:      0.235ns  ((TSJ^2 + TIJ^2 + DJ^2)^1/2) / 2 + PE
    Total System Jitter     (TSJ):    0.071ns
    Total Input Jitter      (TIJ):    0.240ns
    Discrete Jitter          (DJ):    0.118ns
    Phase Error              (PE):    0.097ns
  Clock Domain Crossing:  Inter clock paths are considered valid unless explicitly excluded by timing constraints such as set_clock_groups or set_false_path.

    Location             Delay type                Incr(ns)  Path(ns)    Netlist Resource(s)
  -------------------------------------------------------------------    -------------------
                         (clock clk_fpga_0 rise edge)
                                                      0.000     0.000 r  
    PS7_X0Y0             PS7                          0.000     0.000 r  system_processing_system7_0_0/inst/PS7_i/FCLKCLK[0]
                         net (fo=1, routed)           0.310     0.310    system_processing_system7_0_0/inst/FCLK_CLK_unbuffered[0]
    BUFGCTRL_X0Y16       BUFG (Prop_bufg_I_O)         0.026     0.336 r  system_processing_system7_0_0/inst/buffer_fclk_clk_0.FCLK_CLK_0_BUFG/O
                         net (fo=244, routed)         0.655     0.991    red_pitaya_scope/i_bridge/FCLK_CLK0
    SLICE_X27Y104        FDRE                                         r  red_pitaya_scope/i_bridge/wdata_o_reg[27]/C
  -------------------------------------------------------------------    -------------------
    SLICE_X27Y104        FDRE (Prop_fdre_C_Q)         0.141     1.132 r  red_pitaya_scope/i_bridge/wdata_o_reg[27]/Q
                         net (fo=2, routed)           1.424     2.556    red_pitaya_scope/i_bridge_n_22
    SLICE_X35Y112        FDRE                                         r  red_pitaya_scope/set_dec_reg[27]/D
  -------------------------------------------------------------------    -------------------

                         (clock clk_2 rise edge)      0.000     0.000 r  
    U18                                               0.000     0.000 r  clk125_p (IN)
                         net (fo=0)                   0.000     0.000    clk125_p
    U18                  IBUFDS (Prop_ibufds_I_O)     0.401     0.401 r  IBUFGDS/O
                         net (fo=1, routed)           0.731     1.132    clk_adci
    BUFGCTRL_X0Y17       BUFG (Prop_bufg_I_O)         0.030     1.162 r  BUFG/O
                         net (fo=1, routed)           0.869     2.031    clk_adcb
    PLLE2_ADV_X1Y0       PLLE2_ADV (Prop_plle2_adv_CLKIN1_CLKOUT2)
                                                     -1.488     0.543 r  PLLE2_BASE/CLKOUT2
                         net (fo=1, routed)           0.592     1.135    clk_2
    BUFGCTRL_X0Y0        BUFG (Prop_bufg_I_O)         0.029     1.164 r  BUFG_4/O
                         net (fo=11300, routed)       0.909     2.073    red_pitaya_scope/sys_clk
    SLICE_X35Y112        FDRE                                         r  red_pitaya_scope/set_dec_reg[27]/C
                         clock pessimism              0.000     2.073    
                         clock uncertainty            0.235     2.308    
    SLICE_X35Y112        FDRE (Hold_fdre_C_D)         0.070     2.378    red_pitaya_scope/set_dec_reg[27]
  -------------------------------------------------------------------
                         required time                         -2.378    
                         arrival time                           2.556    
  -------------------------------------------------------------------
                         slack                                  0.178    

Slack (MET) :             0.180ns  (arrival time - required time)
  Source:                 bus_clk_bridge/wdata_o_reg[3]/C
                            (rising edge-triggered cell FDRE clocked by clk_fpga_0  {rise@0.000ns fall@4.000ns period=8.000ns})
  Destination:            linienmodule_csr_dat_w_reg[3]/D
                            (rising edge-triggered cell FDRE clocked by clk_2  {rise@0.000ns fall@4.000ns period=8.000ns})
  Path Group:             clk_2
  Path Type:              Hold (Min at Fast Process Corner)
  Requirement:            0.000ns  (clk_2 rise@0.000ns - clk_fpga_0 rise@0.000ns)
  Data Path Delay:        1.572ns  (logic 0.164ns (10.431%)  route 1.408ns (89.569%))
  Logic Levels:           0  
  Clock Path Skew:        1.097ns (DCD - SCD - CPR)
    Destination Clock Delay (DCD):    1.991ns
    Source Clock Delay      (SCD):    0.894ns
    Clock Pessimism Removal (CPR):    -0.000ns
  Clock Uncertainty:      0.235ns  ((TSJ^2 + TIJ^2 + DJ^2)^1/2) / 2 + PE
    Total System Jitter     (TSJ):    0.071ns
    Total Input Jitter      (TIJ):    0.240ns
    Discrete Jitter          (DJ):    0.118ns
    Phase Error              (PE):    0.097ns
  Clock Domain Crossing:  Inter clock paths are considered valid unless explicitly excluded by timing constraints such as set_clock_groups or set_false_path.

    Location             Delay type                Incr(ns)  Path(ns)    Netlist Resource(s)
  -------------------------------------------------------------------    -------------------
                         (clock clk_fpga_0 rise edge)
                                                      0.000     0.000 r  
    PS7_X0Y0             PS7                          0.000     0.000 r  system_processing_system7_0_0/inst/PS7_i/FCLKCLK[0]
                         net (fo=1, routed)           0.310     0.310    system_processing_system7_0_0/inst/FCLK_CLK_unbuffered[0]
    BUFGCTRL_X0Y16       BUFG (Prop_bufg_I_O)         0.026     0.336 r  system_processing_system7_0_0/inst/buffer_fclk_clk_0.FCLK_CLK_0_BUFG/O
                         net (fo=244, routed)         0.558     0.894    bus_clk_bridge/CLK
    SLICE_X32Y95         FDRE                                         r  bus_clk_bridge/wdata_o_reg[3]/C
  -------------------------------------------------------------------    -------------------
    SLICE_X32Y95         FDRE (Prop_fdre_C_Q)         0.164     1.058 r  bus_clk_bridge/wdata_o_reg[3]/Q
                         net (fo=1, routed)           1.408     2.466    wdata_o[3]
    SLICE_X32Y96         FDRE                                         r  linienmodule_csr_dat_w_reg[3]/D
  -------------------------------------------------------------------    -------------------

                         (clock clk_2 rise edge)      0.000     0.000 r  
    U18                                               0.000     0.000 r  clk125_p (IN)
                         net (fo=0)                   0.000     0.000    clk125_p
    U18                  IBUFDS (Prop_ibufds_I_O)     0.401     0.401 r  IBUFGDS/O
                         net (fo=1, routed)           0.731     1.132    clk_adci
    BUFGCTRL_X0Y17       BUFG (Prop_bufg_I_O)         0.030     1.162 r  BUFG/O
                         net (fo=1, routed)           0.869     2.031    clk_adcb
    PLLE2_ADV_X1Y0       PLLE2_ADV (Prop_plle2_adv_CLKIN1_CLKOUT2)
                                                     -1.488     0.543 r  PLLE2_BASE/CLKOUT2
                         net (fo=1, routed)           0.592     1.135    clk_2
    BUFGCTRL_X0Y0        BUFG (Prop_bufg_I_O)         0.029     1.164 r  BUFG_4/O
                         net (fo=11300, routed)       0.827     1.991    sys_clk
    SLICE_X32Y96         FDRE                                         r  linienmodule_csr_dat_w_reg[3]/C
                         clock pessimism              0.000     1.991    
                         clock uncertainty            0.235     2.226    
    SLICE_X32Y96         FDRE (Hold_fdre_C_D)         0.059     2.285    linienmodule_csr_dat_w_reg[3]
  -------------------------------------------------------------------
                         required time                         -2.285    
                         arrival time                           2.466    
  -------------------------------------------------------------------
                         slack                                  0.180    

Slack (MET) :             0.182ns  (arrival time - required time)
  Source:                 bus_clk_bridge/addr_o_reg[12]/C
                            (rising edge-triggered cell FDRE clocked by clk_fpga_0  {rise@0.000ns fall@4.000ns period=8.000ns})
  Destination:            linienmodule_csr_adr_reg[10]/D
                            (rising edge-triggered cell FDRE clocked by clk_2  {rise@0.000ns fall@4.000ns period=8.000ns})
  Path Group:             clk_2
  Path Type:              Hold (Min at Fast Process Corner)
  Requirement:            0.000ns  (clk_2 rise@0.000ns - clk_fpga_0 rise@0.000ns)
  Data Path Delay:        1.574ns  (logic 0.141ns (8.956%)  route 1.433ns (91.044%))
  Logic Levels:           0  
  Clock Path Skew:        1.098ns (DCD - SCD - CPR)
    Destination Clock Delay (DCD):    1.990ns
    Source Clock Delay      (SCD):    0.892ns
    Clock Pessimism Removal (CPR):    -0.000ns
  Clock Uncertainty:      0.235ns  ((TSJ^2 + TIJ^2 + DJ^2)^1/2) / 2 + PE
    Total System Jitter     (TSJ):    0.071ns
    Total Input Jitter      (TIJ):    0.240ns
    Discrete Jitter          (DJ):    0.118ns
    Phase Error              (PE):    0.097ns
  Clock Domain Crossing:  Inter clock paths are considered valid unless explicitly excluded by timing constraints such as set_clock_groups or set_false_path.

    Location             Delay type                Incr(ns)  Path(ns)    Netlist Resource(s)
  -------------------------------------------------------------------    -------------------
                         (clock clk_fpga_0 rise edge)
                                                      0.000     0.000 r  
    PS7_X0Y0             PS7                          0.000     0.000 r  system_processing_system7_0_0/inst/PS7_i/FCLKCLK[0]
                         net (fo=1, routed)           0.310     0.310    system_processing_system7_0_0/inst/FCLK_CLK_unbuffered[0]
    BUFGCTRL_X0Y16       BUFG (Prop_bufg_I_O)         0.026     0.336 r  system_processing_system7_0_0/inst/buffer_fclk_clk_0.FCLK_CLK_0_BUFG/O
                         net (fo=244, routed)         0.556     0.892    bus_clk_bridge/CLK
    SLICE_X37Y95         FDRE                                         r  bus_clk_bridge/addr_o_reg[12]/C
  -------------------------------------------------------------------    -------------------
    SLICE_X37Y95         FDRE (Prop_fdre_C_Q)         0.141     1.033 r  bus_clk_bridge/addr_o_reg[12]/Q
                         net (fo=1, routed)           1.433     2.466    linienmodule_sys_addr[12]
    SLICE_X38Y95         FDRE                                         r  linienmodule_csr_adr_reg[10]/D
  -------------------------------------------------------------------    -------------------

                         (clock clk_2 rise edge)      0.000     0.000 r  
    U18                                               0.000     0.000 r  clk125_p (IN)
                         net (fo=0)                   0.000     0.000    clk125_p
    U18                  IBUFDS (Prop_ibufds_I_O)     0.401     0.401 r  IBUFGDS/O
                         net (fo=1, routed)           0.731     1.132    clk_adci
    BUFGCTRL_X0Y17       BUFG (Prop_bufg_I_O)         0.030     1.162 r  BUFG/O
                         net (fo=1, routed)           0.869     2.031    clk_adcb
    PLLE2_ADV_X1Y0       PLLE2_ADV (Prop_plle2_adv_CLKIN1_CLKOUT2)
                                                     -1.488     0.543 r  PLLE2_BASE/CLKOUT2
                         net (fo=1, routed)           0.592     1.135    clk_2
    BUFGCTRL_X0Y0        BUFG (Prop_bufg_I_O)         0.029     1.164 r  BUFG_4/O
                         net (fo=11300, routed)       0.826     1.990    sys_clk
    SLICE_X38Y95         FDRE                                         r  linienmodule_csr_adr_reg[10]/C
                         clock pessimism              0.000     1.990    
                         clock uncertainty            0.235     2.225    
    SLICE_X38Y95         FDRE (Hold_fdre_C_D)         0.059     2.284    linienmodule_csr_adr_reg[10]
  -------------------------------------------------------------------
                         required time                         -2.284    
                         arrival time                           2.466    
  -------------------------------------------------------------------
                         slack                                  0.182    

Slack (MET) :             0.182ns  (arrival time - required time)
  Source:                 red_pitaya_scope/i_bridge/wdata_o_reg[28]/C
                            (rising edge-triggered cell FDRE clocked by clk_fpga_0  {rise@0.000ns fall@4.000ns period=8.000ns})
  Destination:            red_pitaya_scope/set_dec_reg[28]/D
                            (rising edge-triggered cell FDRE clocked by clk_2  {rise@0.000ns fall@4.000ns period=8.000ns})
  Path Group:             clk_2
  Path Type:              Hold (Min at Fast Process Corner)
  Requirement:            0.000ns  (clk_2 rise@0.000ns - clk_fpga_0 rise@0.000ns)
  Data Path Delay:        1.553ns  (logic 0.141ns (9.081%)  route 1.412ns (90.919%))
  Logic Levels:           0  
  Clock Path Skew:        1.083ns (DCD - SCD - CPR)
    Destination Clock Delay (DCD):    2.075ns
    Source Clock Delay      (SCD):    0.992ns
    Clock Pessimism Removal (CPR):    -0.000ns
  Clock Uncertainty:      0.235ns  ((TSJ^2 + TIJ^2 + DJ^2)^1/2) / 2 + PE
    Total System Jitter     (TSJ):    0.071ns
    Total Input Jitter      (TIJ):    0.240ns
    Discrete Jitter          (DJ):    0.118ns
    Phase Error              (PE):    0.097ns
  Clock Domain Crossing:  Inter clock paths are considered valid unless explicitly excluded by timing constraints such as set_clock_groups or set_false_path.

    Location             Delay type                Incr(ns)  Path(ns)    Netlist Resource(s)
  -------------------------------------------------------------------    -------------------
                         (clock clk_fpga_0 rise edge)
                                                      0.000     0.000 r  
    PS7_X0Y0             PS7                          0.000     0.000 r  system_processing_system7_0_0/inst/PS7_i/FCLKCLK[0]
                         net (fo=1, routed)           0.310     0.310    system_processing_system7_0_0/inst/FCLK_CLK_unbuffered[0]
    BUFGCTRL_X0Y16       BUFG (Prop_bufg_I_O)         0.026     0.336 r  system_processing_system7_0_0/inst/buffer_fclk_clk_0.FCLK_CLK_0_BUFG/O
                         net (fo=244, routed)         0.656     0.992    red_pitaya_scope/i_bridge/FCLK_CLK0
    SLICE_X27Y101        FDRE                                         r  red_pitaya_scope/i_bridge/wdata_o_reg[28]/C
  -------------------------------------------------------------------    -------------------
    SLICE_X27Y101        FDRE (Prop_fdre_C_Q)         0.141     1.133 r  red_pitaya_scope/i_bridge/wdata_o_reg[28]/Q
                         net (fo=2, routed)           1.412     2.545    red_pitaya_scope/i_bridge_n_21
    SLICE_X32Y111        FDRE                                         r  red_pitaya_scope/set_dec_reg[28]/D
  -------------------------------------------------------------------    -------------------

                         (clock clk_2 rise edge)      0.000     0.000 r  
    U18                                               0.000     0.000 r  clk125_p (IN)
                         net (fo=0)                   0.000     0.000    clk125_p
    U18                  IBUFDS (Prop_ibufds_I_O)     0.401     0.401 r  IBUFGDS/O
                         net (fo=1, routed)           0.731     1.132    clk_adci
    BUFGCTRL_X0Y17       BUFG (Prop_bufg_I_O)         0.030     1.162 r  BUFG/O
                         net (fo=1, routed)           0.869     2.031    clk_adcb
    PLLE2_ADV_X1Y0       PLLE2_ADV (Prop_plle2_adv_CLKIN1_CLKOUT2)
                                                     -1.488     0.543 r  PLLE2_BASE/CLKOUT2
                         net (fo=1, routed)           0.592     1.135    clk_2
    BUFGCTRL_X0Y0        BUFG (Prop_bufg_I_O)         0.029     1.164 r  BUFG_4/O
                         net (fo=11300, routed)       0.911     2.075    red_pitaya_scope/sys_clk
    SLICE_X32Y111        FDRE                                         r  red_pitaya_scope/set_dec_reg[28]/C
                         clock pessimism              0.000     2.075    
                         clock uncertainty            0.235     2.310    
    SLICE_X32Y111        FDRE (Hold_fdre_C_D)         0.052     2.362    red_pitaya_scope/set_dec_reg[28]
  -------------------------------------------------------------------
                         required time                         -2.362    
                         arrival time                           2.545    
  -------------------------------------------------------------------
                         slack                                  0.182    

Slack (MET) :             0.189ns  (arrival time - required time)
  Source:                 red_pitaya_scope/i_bridge/wdata_o_reg[25]/C
                            (rising edge-triggered cell FDRE clocked by clk_fpga_0  {rise@0.000ns fall@4.000ns period=8.000ns})
  Destination:            red_pitaya_scope/set_dec_reg[25]/D
                            (rising edge-triggered cell FDRE clocked by clk_2  {rise@0.000ns fall@4.000ns period=8.000ns})
  Path Group:             clk_2
  Path Type:              Hold (Min at Fast Process Corner)
  Requirement:            0.000ns  (clk_2 rise@0.000ns - clk_fpga_0 rise@0.000ns)
  Data Path Delay:        1.597ns  (logic 0.164ns (10.272%)  route 1.433ns (89.728%))
  Logic Levels:           0  
  Clock Path Skew:        1.102ns (DCD - SCD - CPR)
    Destination Clock Delay (DCD):    2.094ns
    Source Clock Delay      (SCD):    0.992ns
    Clock Pessimism Removal (CPR):    -0.000ns
  Clock Uncertainty:      0.235ns  ((TSJ^2 + TIJ^2 + DJ^2)^1/2) / 2 + PE
    Total System Jitter     (TSJ):    0.071ns
    Total Input Jitter      (TIJ):    0.240ns
    Discrete Jitter          (DJ):    0.118ns
    Phase Error              (PE):    0.097ns
  Clock Domain Crossing:  Inter clock paths are considered valid unless explicitly excluded by timing constraints such as set_clock_groups or set_false_path.

    Location             Delay type                Incr(ns)  Path(ns)    Netlist Resource(s)
  -------------------------------------------------------------------    -------------------
                         (clock clk_fpga_0 rise edge)
                                                      0.000     0.000 r  
    PS7_X0Y0             PS7                          0.000     0.000 r  system_processing_system7_0_0/inst/PS7_i/FCLKCLK[0]
                         net (fo=1, routed)           0.310     0.310    system_processing_system7_0_0/inst/FCLK_CLK_unbuffered[0]
    BUFGCTRL_X0Y16       BUFG (Prop_bufg_I_O)         0.026     0.336 r  system_processing_system7_0_0/inst/buffer_fclk_clk_0.FCLK_CLK_0_BUFG/O
                         net (fo=244, routed)         0.656     0.992    red_pitaya_scope/i_bridge/FCLK_CLK0
    SLICE_X26Y101        FDRE                                         r  red_pitaya_scope/i_bridge/wdata_o_reg[25]/C
  -------------------------------------------------------------------    -------------------
    SLICE_X26Y101        FDRE (Prop_fdre_C_Q)         0.164     1.156 r  red_pitaya_scope/i_bridge/wdata_o_reg[25]/Q
                         net (fo=2, routed)           1.433     2.589    red_pitaya_scope/i_bridge_n_24
    SLICE_X29Y110        FDRE                                         r  red_pitaya_scope/set_dec_reg[25]/D
  -------------------------------------------------------------------    -------------------

                         (clock clk_2 rise edge)      0.000     0.000 r  
    U18                                               0.000     0.000 r  clk125_p (IN)
                         net (fo=0)                   0.000     0.000    clk125_p
    U18                  IBUFDS (Prop_ibufds_I_O)     0.401     0.401 r  IBUFGDS/O
                         net (fo=1, routed)           0.731     1.132    clk_adci
    BUFGCTRL_X0Y17       BUFG (Prop_bufg_I_O)         0.030     1.162 r  BUFG/O
                         net (fo=1, routed)           0.869     2.031    clk_adcb
    PLLE2_ADV_X1Y0       PLLE2_ADV (Prop_plle2_adv_CLKIN1_CLKOUT2)
                                                     -1.488     0.543 r  PLLE2_BASE/CLKOUT2
                         net (fo=1, routed)           0.592     1.135    clk_2
    BUFGCTRL_X0Y0        BUFG (Prop_bufg_I_O)         0.029     1.164 r  BUFG_4/O
                         net (fo=11300, routed)       0.930     2.094    red_pitaya_scope/sys_clk
    SLICE_X29Y110        FDRE                                         r  red_pitaya_scope/set_dec_reg[25]/C
                         clock pessimism              0.000     2.094    
                         clock uncertainty            0.235     2.329    
    SLICE_X29Y110        FDRE (Hold_fdre_C_D)         0.070     2.399    red_pitaya_scope/set_dec_reg[25]
  -------------------------------------------------------------------
                         required time                         -2.399    
                         arrival time                           2.589    
  -------------------------------------------------------------------
                         slack                                  0.189    





---------------------------------------------------------------------------------------------------
From Clock:  clk_2
  To Clock:  clk_fpga_0

Setup :            0  Failing Endpoints,  Worst Slack        0.122ns,  Total Violation        0.000ns
Hold  :            0  Failing Endpoints,  Worst Slack        0.398ns,  Total Violation        0.000ns
---------------------------------------------------------------------------------------------------


Max Delay Paths
--------------------------------------------------------------------------------------
Slack (MET) :             0.122ns  (required time - arrival time)
  Source:                 red_pitaya_scope/adc_b_buf_reg_3/CLKBWRCLK
                            (rising edge-triggered cell RAMB36E1 clocked by clk_2  {rise@0.000ns fall@4.000ns period=8.000ns})
  Destination:            axi_slave/axi_rdata_o_reg[22]/D
                            (rising edge-triggered cell FDRE clocked by clk_fpga_0  {rise@0.000ns fall@4.000ns period=8.000ns})
  Path Group:             clk_fpga_0
  Path Type:              Setup (Max at Slow Process Corner)
  Requirement:            8.000ns  (clk_fpga_0 rise@8.000ns - clk_2 rise@0.000ns)
  Data Path Delay:        5.413ns  (logic 2.702ns (49.917%)  route 2.711ns (50.083%))
  Logic Levels:           2  (LUT6=2)
  Clock Path Skew:        -2.260ns (DCD - SCD + CPR)
    Destination Clock Delay (DCD):    2.752ns = ( 10.752 - 8.000 ) 
    Source Clock Delay      (SCD):    5.013ns
    Clock Pessimism Removal (CPR):    0.000ns
  Clock Uncertainty:      0.235ns  ((TSJ^2 + TIJ^2 + DJ^2)^1/2) / 2 + PE
    Total System Jitter     (TSJ):    0.071ns
    Total Input Jitter      (TIJ):    0.240ns
    Discrete Jitter          (DJ):    0.118ns
    Phase Error              (PE):    0.097ns
  Clock Domain Crossing:  Inter clock paths are considered valid unless explicitly excluded by timing constraints such as set_clock_groups or set_false_path.

    Location             Delay type                Incr(ns)  Path(ns)    Netlist Resource(s)
  -------------------------------------------------------------------    -------------------
                         (clock clk_2 rise edge)      0.000     0.000 r  
    U18                                               0.000     0.000 r  clk125_p (IN)
                         net (fo=0)                   0.000     0.000    clk125_p
    U18                  IBUFDS (Prop_ibufds_I_O)     0.951     0.951 r  IBUFGDS/O
                         net (fo=1, routed)           2.205     3.156    clk_adci
    BUFGCTRL_X0Y17       BUFG (Prop_bufg_I_O)         0.102     3.258 r  BUFG/O
                         net (fo=1, routed)           1.831     5.089    clk_adcb
    PLLE2_ADV_X1Y0       PLLE2_ADV (Prop_plle2_adv_CLKIN1_CLKOUT2)
                                                     -3.812     1.277 r  PLLE2_BASE/CLKOUT2
                         net (fo=1, routed)           1.883     3.160    clk_2
    BUFGCTRL_X0Y0        BUFG (Prop_bufg_I_O)         0.101     3.261 r  BUFG_4/O
                         net (fo=11300, routed)       1.751     5.013    red_pitaya_scope/sys_clk
    RAMB36_X3Y17         RAMB36E1                                     r  red_pitaya_scope/adc_b_buf_reg_3/CLKBWRCLK
  -------------------------------------------------------------------    -------------------
    RAMB36_X3Y17         RAMB36E1 (Prop_ramb36e1_CLKBWRCLK_DOBDO[0])
                                                      2.454     7.467 r  red_pitaya_scope/adc_b_buf_reg_3/DOBDO[0]
                         net (fo=1, routed)           2.277     9.744    red_pitaya_scope/i_bridge/p_2_in[20]
    SLICE_X24Y49         LUT6 (Prop_lut6_I4_O)        0.124     9.868 f  red_pitaya_scope/i_bridge/i_7_LOPT_REMAP_2/O
                         net (fo=1, routed)           0.434    10.302    red_pitaya_scope/i_bridge/i_7/O_n_2
    SLICE_X24Y49         LUT6 (Prop_lut6_I0_O)        0.124    10.426 r  red_pitaya_scope/i_bridge/i_0_LOPT_REMAP_6/O
                         net (fo=1, routed)           0.000    10.426    axi_slave/D[19]
    SLICE_X24Y49         FDRE                                         r  axi_slave/axi_rdata_o_reg[22]/D
  -------------------------------------------------------------------    -------------------

                         (clock clk_fpga_0 rise edge)
                                                      8.000     8.000 r  
    PS7_X0Y0             PS7                          0.000     8.000 r  system_processing_system7_0_0/inst/PS7_i/FCLKCLK[0]
                         net (fo=1, routed)           1.088     9.088    system_processing_system7_0_0/inst/FCLK_CLK_unbuffered[0]
    BUFGCTRL_X0Y16       BUFG (Prop_bufg_I_O)         0.091     9.179 r  system_processing_system7_0_0/inst/buffer_fclk_clk_0.FCLK_CLK_0_BUFG/O
                         net (fo=244, routed)         1.573    10.752    axi_slave/CLK
    SLICE_X24Y49         FDRE                                         r  axi_slave/axi_rdata_o_reg[22]/C
                         clock pessimism              0.000    10.752    
                         clock uncertainty           -0.235    10.517    
    SLICE_X24Y49         FDRE (Setup_fdre_C_D)        0.031    10.548    axi_slave/axi_rdata_o_reg[22]
  -------------------------------------------------------------------
                         required time                         10.548    
                         arrival time                         -10.426    
  -------------------------------------------------------------------
                         slack                                  0.122    

Slack (MET) :             0.162ns  (required time - arrival time)
  Source:                 red_pitaya_scope/set_a_filt_bb_reg[6]/C
                            (rising edge-triggered cell FDRE clocked by clk_2  {rise@0.000ns fall@4.000ns period=8.000ns})
  Destination:            axi_slave/axi_rdata_o_reg[6]/D
                            (rising edge-triggered cell FDRE clocked by clk_fpga_0  {rise@0.000ns fall@4.000ns period=8.000ns})
  Path Group:             clk_fpga_0
  Path Type:              Setup (Max at Slow Process Corner)
  Requirement:            8.000ns  (clk_fpga_0 rise@8.000ns - clk_2 rise@0.000ns)
  Data Path Delay:        5.232ns  (logic 1.528ns (29.208%)  route 3.704ns (70.792%))
  Logic Levels:           5  (LUT5=2 LUT6=2 MUXF7=1)
  Clock Path Skew:        -2.404ns (DCD - SCD + CPR)
    Destination Clock Delay (DCD):    2.704ns = ( 10.704 - 8.000 ) 
    Source Clock Delay      (SCD):    5.107ns
    Clock Pessimism Removal (CPR):    0.000ns
  Clock Uncertainty:      0.235ns  ((TSJ^2 + TIJ^2 + DJ^2)^1/2) / 2 + PE
    Total System Jitter     (TSJ):    0.071ns
    Total Input Jitter      (TIJ):    0.240ns
    Discrete Jitter          (DJ):    0.118ns
    Phase Error              (PE):    0.097ns
  Clock Domain Crossing:  Inter clock paths are considered valid unless explicitly excluded by timing constraints such as set_clock_groups or set_false_path.

    Location             Delay type                Incr(ns)  Path(ns)    Netlist Resource(s)
  -------------------------------------------------------------------    -------------------
                         (clock clk_2 rise edge)      0.000     0.000 r  
    U18                                               0.000     0.000 r  clk125_p (IN)
                         net (fo=0)                   0.000     0.000    clk125_p
    U18                  IBUFDS (Prop_ibufds_I_O)     0.951     0.951 r  IBUFGDS/O
                         net (fo=1, routed)           2.205     3.156    clk_adci
    BUFGCTRL_X0Y17       BUFG (Prop_bufg_I_O)         0.102     3.258 r  BUFG/O
                         net (fo=1, routed)           1.831     5.089    clk_adcb
    PLLE2_ADV_X1Y0       PLLE2_ADV (Prop_plle2_adv_CLKIN1_CLKOUT2)
                                                     -3.812     1.277 r  PLLE2_BASE/CLKOUT2
                         net (fo=1, routed)           1.883     3.160    clk_2
    BUFGCTRL_X0Y0        BUFG (Prop_bufg_I_O)         0.101     3.261 r  BUFG_4/O
                         net (fo=11300, routed)       1.846     5.107    red_pitaya_scope/sys_clk
    SLICE_X36Y108        FDRE                                         r  red_pitaya_scope/set_a_filt_bb_reg[6]/C
  -------------------------------------------------------------------    -------------------
    SLICE_X36Y108        FDRE (Prop_fdre_C_Q)         0.478     5.585 r  red_pitaya_scope/set_a_filt_bb_reg[6]/Q
                         net (fo=1, routed)           0.692     6.277    red_pitaya_scope/i_bridge/axi_rdata_o[24]_i_4_2[6]
    SLICE_X34Y108        LUT5 (Prop_lut5_I0_O)        0.296     6.573 r  red_pitaya_scope/i_bridge/axi_rdata_o[6]_i_8/O
                         net (fo=1, routed)           0.000     6.573    red_pitaya_scope/i_bridge/axi_rdata_o[6]_i_8_n_0
    SLICE_X34Y108        MUXF7 (Prop_muxf7_I0_O)      0.209     6.782 r  red_pitaya_scope/i_bridge/axi_rdata_o_reg[6]_i_6/O
                         net (fo=1, routed)           0.734     7.516    red_pitaya_scope/i_bridge/axi_rdata_o_reg[6]_i_6_n_0
    SLICE_X31Y101        LUT6 (Prop_lut6_I5_O)        0.297     7.813 f  red_pitaya_scope/i_bridge/axi_rdata_o[6]_i_4/O
                         net (fo=1, routed)           0.564     8.377    red_pitaya_scope/i_bridge/axi_rdata_o[6]_i_4_n_0
    SLICE_X29Y101        LUT6 (Prop_lut6_I0_O)        0.124     8.501 r  red_pitaya_scope/i_bridge/axi_rdata_o[6]_i_2/O
                         net (fo=1, routed)           1.714    10.215    red_pitaya_scope/i_bridge/axi_rdata_o[6]_i_2_n_0
    SLICE_X29Y56         LUT5 (Prop_lut5_I1_O)        0.124    10.339 r  red_pitaya_scope/i_bridge/axi_rdata_o[6]_i_1/O
                         net (fo=1, routed)           0.000    10.339    axi_slave/D[3]
    SLICE_X29Y56         FDRE                                         r  axi_slave/axi_rdata_o_reg[6]/D
  -------------------------------------------------------------------    -------------------

                         (clock clk_fpga_0 rise edge)
                                                      8.000     8.000 r  
    PS7_X0Y0             PS7                          0.000     8.000 r  system_processing_system7_0_0/inst/PS7_i/FCLKCLK[0]
                         net (fo=1, routed)           1.088     9.088    system_processing_system7_0_0/inst/FCLK_CLK_unbuffered[0]
    BUFGCTRL_X0Y16       BUFG (Prop_bufg_I_O)         0.091     9.179 r  system_processing_system7_0_0/inst/buffer_fclk_clk_0.FCLK_CLK_0_BUFG/O
                         net (fo=244, routed)         1.525    10.704    axi_slave/CLK
    SLICE_X29Y56         FDRE                                         r  axi_slave/axi_rdata_o_reg[6]/C
                         clock pessimism              0.000    10.704    
                         clock uncertainty           -0.235    10.468    
    SLICE_X29Y56         FDRE (Setup_fdre_C_D)        0.032    10.500    axi_slave/axi_rdata_o_reg[6]
  -------------------------------------------------------------------
                         required time                         10.500    
                         arrival time                         -10.339    
  -------------------------------------------------------------------
                         slack                                  0.162    

Slack (MET) :             0.321ns  (required time - arrival time)
  Source:                 red_pitaya_scope/adc_b_buf_reg_3/CLKBWRCLK
                            (rising edge-triggered cell RAMB36E1 clocked by clk_2  {rise@0.000ns fall@4.000ns period=8.000ns})
  Destination:            axi_slave/axi_rdata_o_reg[23]/D
                            (rising edge-triggered cell FDRE clocked by clk_fpga_0  {rise@0.000ns fall@4.000ns period=8.000ns})
  Path Group:             clk_fpga_0
  Path Type:              Setup (Max at Slow Process Corner)
  Requirement:            8.000ns  (clk_fpga_0 rise@8.000ns - clk_2 rise@0.000ns)
  Data Path Delay:        5.214ns  (logic 2.702ns (51.817%)  route 2.512ns (48.183%))
  Logic Levels:           2  (LUT6=2)
  Clock Path Skew:        -2.260ns (DCD - SCD + CPR)
    Destination Clock Delay (DCD):    2.752ns = ( 10.752 - 8.000 ) 
    Source Clock Delay      (SCD):    5.013ns
    Clock Pessimism Removal (CPR):    0.000ns
  Clock Uncertainty:      0.235ns  ((TSJ^2 + TIJ^2 + DJ^2)^1/2) / 2 + PE
    Total System Jitter     (TSJ):    0.071ns
    Total Input Jitter      (TIJ):    0.240ns
    Discrete Jitter          (DJ):    0.118ns
    Phase Error              (PE):    0.097ns
  Clock Domain Crossing:  Inter clock paths are considered valid unless explicitly excluded by timing constraints such as set_clock_groups or set_false_path.

    Location             Delay type                Incr(ns)  Path(ns)    Netlist Resource(s)
  -------------------------------------------------------------------    -------------------
                         (clock clk_2 rise edge)      0.000     0.000 r  
    U18                                               0.000     0.000 r  clk125_p (IN)
                         net (fo=0)                   0.000     0.000    clk125_p
    U18                  IBUFDS (Prop_ibufds_I_O)     0.951     0.951 r  IBUFGDS/O
                         net (fo=1, routed)           2.205     3.156    clk_adci
    BUFGCTRL_X0Y17       BUFG (Prop_bufg_I_O)         0.102     3.258 r  BUFG/O
                         net (fo=1, routed)           1.831     5.089    clk_adcb
    PLLE2_ADV_X1Y0       PLLE2_ADV (Prop_plle2_adv_CLKIN1_CLKOUT2)
                                                     -3.812     1.277 r  PLLE2_BASE/CLKOUT2
                         net (fo=1, routed)           1.883     3.160    clk_2
    BUFGCTRL_X0Y0        BUFG (Prop_bufg_I_O)         0.101     3.261 r  BUFG_4/O
                         net (fo=11300, routed)       1.751     5.013    red_pitaya_scope/sys_clk
    RAMB36_X3Y17         RAMB36E1                                     r  red_pitaya_scope/adc_b_buf_reg_3/CLKBWRCLK
  -------------------------------------------------------------------    -------------------
    RAMB36_X3Y17         RAMB36E1 (Prop_ramb36e1_CLKBWRCLK_DOBDO[1])
                                                      2.454     7.467 r  red_pitaya_scope/adc_b_buf_reg_3/DOBDO[1]
                         net (fo=1, routed)           2.085     9.552    red_pitaya_scope/i_bridge/p_2_in[21]
    SLICE_X27Y50         LUT6 (Prop_lut6_I5_O)        0.124     9.676 f  red_pitaya_scope/i_bridge/axi_rdata_o[23]_i_2/O
                         net (fo=1, routed)           0.428    10.103    red_pitaya_scope/i_bridge/axi_rdata_o[23]_i_2_n_0
    SLICE_X24Y49         LUT6 (Prop_lut6_I1_O)        0.124    10.227 r  red_pitaya_scope/i_bridge/axi_rdata_o[23]_i_1/O
                         net (fo=1, routed)           0.000    10.227    axi_slave/D[20]
    SLICE_X24Y49         FDRE                                         r  axi_slave/axi_rdata_o_reg[23]/D
  -------------------------------------------------------------------    -------------------

                         (clock clk_fpga_0 rise edge)
                                                      8.000     8.000 r  
    PS7_X0Y0             PS7                          0.000     8.000 r  system_processing_system7_0_0/inst/PS7_i/FCLKCLK[0]
                         net (fo=1, routed)           1.088     9.088    system_processing_system7_0_0/inst/FCLK_CLK_unbuffered[0]
    BUFGCTRL_X0Y16       BUFG (Prop_bufg_I_O)         0.091     9.179 r  system_processing_system7_0_0/inst/buffer_fclk_clk_0.FCLK_CLK_0_BUFG/O
                         net (fo=244, routed)         1.573    10.752    axi_slave/CLK
    SLICE_X24Y49         FDRE                                         r  axi_slave/axi_rdata_o_reg[23]/C
                         clock pessimism              0.000    10.752    
                         clock uncertainty           -0.235    10.517    
    SLICE_X24Y49         FDRE (Setup_fdre_C_D)        0.031    10.548    axi_slave/axi_rdata_o_reg[23]
  -------------------------------------------------------------------
                         required time                         10.548    
                         arrival time                         -10.227    
  -------------------------------------------------------------------
                         slack                                  0.321    

Slack (MET) :             0.334ns  (required time - arrival time)
  Source:                 red_pitaya_scope/adc_a_buf_reg_3/CLKBWRCLK
                            (rising edge-triggered cell RAMB36E1 clocked by clk_2  {rise@0.000ns fall@4.000ns period=8.000ns})
  Destination:            axi_slave/axi_rdata_o_reg[7]/D
                            (rising edge-triggered cell FDRE clocked by clk_fpga_0  {rise@0.000ns fall@4.000ns period=8.000ns})
  Path Group:             clk_fpga_0
  Path Type:              Setup (Max at Slow Process Corner)
  Requirement:            8.000ns  (clk_fpga_0 rise@8.000ns - clk_2 rise@0.000ns)
  Data Path Delay:        5.199ns  (logic 2.702ns (51.971%)  route 2.497ns (48.029%))
  Logic Levels:           2  (LUT5=1 LUT6=1)
  Clock Path Skew:        -2.261ns (DCD - SCD + CPR)
    Destination Clock Delay (DCD):    2.704ns = ( 10.704 - 8.000 ) 
    Source Clock Delay      (SCD):    4.965ns
    Clock Pessimism Removal (CPR):    0.000ns
  Clock Uncertainty:      0.235ns  ((TSJ^2 + TIJ^2 + DJ^2)^1/2) / 2 + PE
    Total System Jitter     (TSJ):    0.071ns
    Total Input Jitter      (TIJ):    0.240ns
    Discrete Jitter          (DJ):    0.118ns
    Phase Error              (PE):    0.097ns
  Clock Domain Crossing:  Inter clock paths are considered valid unless explicitly excluded by timing constraints such as set_clock_groups or set_false_path.

    Location             Delay type                Incr(ns)  Path(ns)    Netlist Resource(s)
  -------------------------------------------------------------------    -------------------
                         (clock clk_2 rise edge)      0.000     0.000 r  
    U18                                               0.000     0.000 r  clk125_p (IN)
                         net (fo=0)                   0.000     0.000    clk125_p
    U18                  IBUFDS (Prop_ibufds_I_O)     0.951     0.951 r  IBUFGDS/O
                         net (fo=1, routed)           2.205     3.156    clk_adci
    BUFGCTRL_X0Y17       BUFG (Prop_bufg_I_O)         0.102     3.258 r  BUFG/O
                         net (fo=1, routed)           1.831     5.089    clk_adcb
    PLLE2_ADV_X1Y0       PLLE2_ADV (Prop_plle2_adv_CLKIN1_CLKOUT2)
                                                     -3.812     1.277 r  PLLE2_BASE/CLKOUT2
                         net (fo=1, routed)           1.883     3.160    clk_2
    BUFGCTRL_X0Y0        BUFG (Prop_bufg_I_O)         0.101     3.261 r  BUFG_4/O
                         net (fo=11300, routed)       1.703     4.965    red_pitaya_scope/sys_clk
    RAMB36_X2Y7          RAMB36E1                                     r  red_pitaya_scope/adc_a_buf_reg_3/CLKBWRCLK
  -------------------------------------------------------------------    -------------------
    RAMB36_X2Y7          RAMB36E1 (Prop_ramb36e1_CLKBWRCLK_DOBDO[1])
                                                      2.454     7.419 r  red_pitaya_scope/adc_a_buf_reg_3/DOBDO[1]
                         net (fo=1, routed)           1.250     8.669    red_pitaya_scope/i_bridge/p_2_in[7]
    SLICE_X16Y42         LUT6 (Prop_lut6_I5_O)        0.124     8.793 f  red_pitaya_scope/i_bridge/axi_rdata_o[7]_i_3/O
                         net (fo=1, routed)           1.247    10.040    red_pitaya_scope/i_bridge/axi_rdata_o[7]_i_3_n_0
    SLICE_X29Y56         LUT5 (Prop_lut5_I2_O)        0.124    10.164 r  red_pitaya_scope/i_bridge/axi_rdata_o[7]_i_1/O
                         net (fo=1, routed)           0.000    10.164    axi_slave/D[4]
    SLICE_X29Y56         FDRE                                         r  axi_slave/axi_rdata_o_reg[7]/D
  -------------------------------------------------------------------    -------------------

                         (clock clk_fpga_0 rise edge)
                                                      8.000     8.000 r  
    PS7_X0Y0             PS7                          0.000     8.000 r  system_processing_system7_0_0/inst/PS7_i/FCLKCLK[0]
                         net (fo=1, routed)           1.088     9.088    system_processing_system7_0_0/inst/FCLK_CLK_unbuffered[0]
    BUFGCTRL_X0Y16       BUFG (Prop_bufg_I_O)         0.091     9.179 r  system_processing_system7_0_0/inst/buffer_fclk_clk_0.FCLK_CLK_0_BUFG/O
                         net (fo=244, routed)         1.525    10.704    axi_slave/CLK
    SLICE_X29Y56         FDRE                                         r  axi_slave/axi_rdata_o_reg[7]/C
                         clock pessimism              0.000    10.704    
                         clock uncertainty           -0.235    10.468    
    SLICE_X29Y56         FDRE (Setup_fdre_C_D)        0.029    10.497    axi_slave/axi_rdata_o_reg[7]
  -------------------------------------------------------------------
                         required time                         10.497    
                         arrival time                         -10.164    
  -------------------------------------------------------------------
                         slack                                  0.334    

Slack (MET) :             0.347ns  (required time - arrival time)
  Source:                 red_pitaya_scope/set_dec_reg[5]/C
                            (rising edge-triggered cell FDRE clocked by clk_2  {rise@0.000ns fall@4.000ns period=8.000ns})
  Destination:            axi_slave/axi_rdata_o_reg[5]/D
                            (rising edge-triggered cell FDRE clocked by clk_fpga_0  {rise@0.000ns fall@4.000ns period=8.000ns})
  Path Group:             clk_fpga_0
  Path Type:              Setup (Max at Slow Process Corner)
  Requirement:            8.000ns  (clk_fpga_0 rise@8.000ns - clk_2 rise@0.000ns)
  Data Path Delay:        5.085ns  (logic 1.367ns (26.882%)  route 3.718ns (73.117%))
  Logic Levels:           5  (LUT5=2 LUT6=2 MUXF7=1)
  Clock Path Skew:        -2.412ns (DCD - SCD + CPR)
    Destination Clock Delay (DCD):    2.695ns = ( 10.695 - 8.000 ) 
    Source Clock Delay      (SCD):    5.106ns
    Clock Pessimism Removal (CPR):    0.000ns
  Clock Uncertainty:      0.235ns  ((TSJ^2 + TIJ^2 + DJ^2)^1/2) / 2 + PE
    Total System Jitter     (TSJ):    0.071ns
    Total Input Jitter      (TIJ):    0.240ns
    Discrete Jitter          (DJ):    0.118ns
    Phase Error              (PE):    0.097ns
  Clock Domain Crossing:  Inter clock paths are considered valid unless explicitly excluded by timing constraints such as set_clock_groups or set_false_path.

    Location             Delay type                Incr(ns)  Path(ns)    Netlist Resource(s)
  -------------------------------------------------------------------    -------------------
                         (clock clk_2 rise edge)      0.000     0.000 r  
    U18                                               0.000     0.000 r  clk125_p (IN)
                         net (fo=0)                   0.000     0.000    clk125_p
    U18                  IBUFDS (Prop_ibufds_I_O)     0.951     0.951 r  IBUFGDS/O
                         net (fo=1, routed)           2.205     3.156    clk_adci
    BUFGCTRL_X0Y17       BUFG (Prop_bufg_I_O)         0.102     3.258 r  BUFG/O
                         net (fo=1, routed)           1.831     5.089    clk_adcb
    PLLE2_ADV_X1Y0       PLLE2_ADV (Prop_plle2_adv_CLKIN1_CLKOUT2)
                                                     -3.812     1.277 r  PLLE2_BASE/CLKOUT2
                         net (fo=1, routed)           1.883     3.160    clk_2
    BUFGCTRL_X0Y0        BUFG (Prop_bufg_I_O)         0.101     3.261 r  BUFG_4/O
                         net (fo=11300, routed)       1.845     5.106    red_pitaya_scope/sys_clk
    SLICE_X37Y109        FDRE                                         r  red_pitaya_scope/set_dec_reg[5]/C
  -------------------------------------------------------------------    -------------------
    SLICE_X37Y109        FDRE (Prop_fdre_C_Q)         0.456     5.562 r  red_pitaya_scope/set_dec_reg[5]/Q
                         net (fo=14, routed)          0.987     6.549    red_pitaya_scope/i_bridge/axi_rdata_o_reg[31]_0[5]
    SLICE_X36Y106        LUT5 (Prop_lut5_I1_O)        0.124     6.673 r  red_pitaya_scope/i_bridge/axi_rdata_o[5]_i_8/O
                         net (fo=1, routed)           0.000     6.673    red_pitaya_scope/i_bridge/axi_rdata_o[5]_i_8_n_0
    SLICE_X36Y106        MUXF7 (Prop_muxf7_I0_O)      0.241     6.914 r  red_pitaya_scope/i_bridge/axi_rdata_o_reg[5]_i_6/O
                         net (fo=1, routed)           0.522     7.436    red_pitaya_scope/i_bridge/axi_rdata_o_reg[5]_i_6_n_0
    SLICE_X34Y101        LUT6 (Prop_lut6_I5_O)        0.298     7.734 f  red_pitaya_scope/i_bridge/axi_rdata_o[5]_i_4/O
                         net (fo=1, routed)           0.579     8.312    red_pitaya_scope/i_bridge/axi_rdata_o[5]_i_4_n_0
    SLICE_X33Y101        LUT6 (Prop_lut6_I0_O)        0.124     8.436 r  red_pitaya_scope/i_bridge/axi_rdata_o[5]_i_2/O
                         net (fo=1, routed)           1.631    10.067    red_pitaya_scope/i_bridge/axi_rdata_o[5]_i_2_n_0
    SLICE_X26Y64         LUT5 (Prop_lut5_I1_O)        0.124    10.191 r  red_pitaya_scope/i_bridge/axi_rdata_o[5]_i_1/O
                         net (fo=1, routed)           0.000    10.191    axi_slave/D[2]
    SLICE_X26Y64         FDRE                                         r  axi_slave/axi_rdata_o_reg[5]/D
  -------------------------------------------------------------------    -------------------

                         (clock clk_fpga_0 rise edge)
                                                      8.000     8.000 r  
    PS7_X0Y0             PS7                          0.000     8.000 r  system_processing_system7_0_0/inst/PS7_i/FCLKCLK[0]
                         net (fo=1, routed)           1.088     9.088    system_processing_system7_0_0/inst/FCLK_CLK_unbuffered[0]
    BUFGCTRL_X0Y16       BUFG (Prop_bufg_I_O)         0.091     9.179 r  system_processing_system7_0_0/inst/buffer_fclk_clk_0.FCLK_CLK_0_BUFG/O
                         net (fo=244, routed)         1.516    10.695    axi_slave/CLK
    SLICE_X26Y64         FDRE                                         r  axi_slave/axi_rdata_o_reg[5]/C
                         clock pessimism              0.000    10.695    
                         clock uncertainty           -0.235    10.459    
    SLICE_X26Y64         FDRE (Setup_fdre_C_D)        0.079    10.538    axi_slave/axi_rdata_o_reg[5]
  -------------------------------------------------------------------
                         required time                         10.538    
                         arrival time                         -10.191    
  -------------------------------------------------------------------
                         slack                                  0.347    

Slack (MET) :             0.358ns  (required time - arrival time)
  Source:                 red_pitaya_scope/adc_wp_cur_reg[8]/C
                            (rising edge-triggered cell FDRE clocked by clk_2  {rise@0.000ns fall@4.000ns period=8.000ns})
  Destination:            axi_slave/axi_rdata_o_reg[8]/D
                            (rising edge-triggered cell FDRE clocked by clk_fpga_0  {rise@0.000ns fall@4.000ns period=8.000ns})
  Path Group:             clk_fpga_0
  Path Type:              Setup (Max at Slow Process Corner)
  Requirement:            8.000ns  (clk_fpga_0 rise@8.000ns - clk_2 rise@0.000ns)
  Data Path Delay:        5.083ns  (logic 1.443ns (28.389%)  route 3.640ns (71.611%))
  Logic Levels:           4  (LUT6=3 MUXF7=1)
  Clock Path Skew:        -2.355ns (DCD - SCD + CPR)
    Destination Clock Delay (DCD):    2.752ns = ( 10.752 - 8.000 ) 
    Source Clock Delay      (SCD):    5.107ns
    Clock Pessimism Removal (CPR):    0.000ns
  Clock Uncertainty:      0.235ns  ((TSJ^2 + TIJ^2 + DJ^2)^1/2) / 2 + PE
    Total System Jitter     (TSJ):    0.071ns
    Total Input Jitter      (TIJ):    0.240ns
    Discrete Jitter          (DJ):    0.118ns
    Phase Error              (PE):    0.097ns
  Clock Domain Crossing:  Inter clock paths are considered valid unless explicitly excluded by timing constraints such as set_clock_groups or set_false_path.

    Location             Delay type                Incr(ns)  Path(ns)    Netlist Resource(s)
  -------------------------------------------------------------------    -------------------
                         (clock clk_2 rise edge)      0.000     0.000 r  
    U18                                               0.000     0.000 r  clk125_p (IN)
                         net (fo=0)                   0.000     0.000    clk125_p
    U18                  IBUFDS (Prop_ibufds_I_O)     0.951     0.951 r  IBUFGDS/O
                         net (fo=1, routed)           2.205     3.156    clk_adci
    BUFGCTRL_X0Y17       BUFG (Prop_bufg_I_O)         0.102     3.258 r  BUFG/O
                         net (fo=1, routed)           1.831     5.089    clk_adcb
    PLLE2_ADV_X1Y0       PLLE2_ADV (Prop_plle2_adv_CLKIN1_CLKOUT2)
                                                     -3.812     1.277 r  PLLE2_BASE/CLKOUT2
                         net (fo=1, routed)           1.883     3.160    clk_2
    BUFGCTRL_X0Y0        BUFG (Prop_bufg_I_O)         0.101     3.261 r  BUFG_4/O
                         net (fo=11300, routed)       1.846     5.107    red_pitaya_scope/sys_clk
    SLICE_X32Y108        FDRE                                         r  red_pitaya_scope/adc_wp_cur_reg[8]/C
  -------------------------------------------------------------------    -------------------
    SLICE_X32Y108        FDRE (Prop_fdre_C_Q)         0.478     5.585 r  red_pitaya_scope/adc_wp_cur_reg[8]/Q
                         net (fo=2, routed)           0.643     6.228    red_pitaya_scope/i_bridge/axi_rdata_o_reg[13]_i_7_0[8]
    SLICE_X31Y108        LUT6 (Prop_lut6_I2_O)        0.298     6.526 r  red_pitaya_scope/i_bridge/axi_rdata_o[8]_i_10/O
                         net (fo=1, routed)           0.000     6.526    red_pitaya_scope/i_bridge/axi_rdata_o[8]_i_10_n_0
    SLICE_X31Y108        MUXF7 (Prop_muxf7_I1_O)      0.245     6.771 r  red_pitaya_scope/i_bridge/axi_rdata_o_reg[8]_i_6/O
                         net (fo=1, routed)           0.811     7.582    red_pitaya_scope/i_bridge/axi_rdata_o_reg[8]_i_6_n_0
    SLICE_X31Y103        LUT6 (Prop_lut6_I1_O)        0.298     7.880 r  red_pitaya_scope/i_bridge/axi_rdata_o[8]_i_4/O
                         net (fo=1, routed)           2.186    10.066    red_pitaya_scope/i_bridge/axi_rdata_o[8]_i_4_n_0
    SLICE_X25Y49         LUT6 (Prop_lut6_I4_O)        0.124    10.190 r  red_pitaya_scope/i_bridge/axi_rdata_o[8]_i_1/O
                         net (fo=1, routed)           0.000    10.190    axi_slave/D[5]
    SLICE_X25Y49         FDRE                                         r  axi_slave/axi_rdata_o_reg[8]/D
  -------------------------------------------------------------------    -------------------

                         (clock clk_fpga_0 rise edge)
                                                      8.000     8.000 r  
    PS7_X0Y0             PS7                          0.000     8.000 r  system_processing_system7_0_0/inst/PS7_i/FCLKCLK[0]
                         net (fo=1, routed)           1.088     9.088    system_processing_system7_0_0/inst/FCLK_CLK_unbuffered[0]
    BUFGCTRL_X0Y16       BUFG (Prop_bufg_I_O)         0.091     9.179 r  system_processing_system7_0_0/inst/buffer_fclk_clk_0.FCLK_CLK_0_BUFG/O
                         net (fo=244, routed)         1.573    10.752    axi_slave/CLK
    SLICE_X25Y49         FDRE                                         r  axi_slave/axi_rdata_o_reg[8]/C
                         clock pessimism              0.000    10.752    
                         clock uncertainty           -0.235    10.517    
    SLICE_X25Y49         FDRE (Setup_fdre_C_D)        0.031    10.548    axi_slave/axi_rdata_o_reg[8]
  -------------------------------------------------------------------
                         required time                         10.548    
                         arrival time                         -10.190    
  -------------------------------------------------------------------
                         slack                                  0.358    

Slack (MET) :             0.427ns  (required time - arrival time)
  Source:                 red_pitaya_scope/set_dly_reg[4]/C
                            (rising edge-triggered cell FDRE clocked by clk_2  {rise@0.000ns fall@4.000ns period=8.000ns})
  Destination:            axi_slave/axi_rdata_o_reg[4]/D
                            (rising edge-triggered cell FDRE clocked by clk_fpga_0  {rise@0.000ns fall@4.000ns period=8.000ns})
  Path Group:             clk_fpga_0
  Path Type:              Setup (Max at Slow Process Corner)
  Requirement:            8.000ns  (clk_fpga_0 rise@8.000ns - clk_2 rise@0.000ns)
  Data Path Delay:        4.908ns  (logic 1.538ns (31.340%)  route 3.370ns (68.660%))
  Logic Levels:           5  (LUT5=2 LUT6=2 MUXF7=1)
  Clock Path Skew:        -2.508ns (DCD - SCD + CPR)
    Destination Clock Delay (DCD):    2.647ns = ( 10.647 - 8.000 ) 
    Source Clock Delay      (SCD):    5.154ns
    Clock Pessimism Removal (CPR):    0.000ns
  Clock Uncertainty:      0.235ns  ((TSJ^2 + TIJ^2 + DJ^2)^1/2) / 2 + PE
    Total System Jitter     (TSJ):    0.071ns
    Total Input Jitter      (TIJ):    0.240ns
    Discrete Jitter          (DJ):    0.118ns
    Phase Error              (PE):    0.097ns
  Clock Domain Crossing:  Inter clock paths are considered valid unless explicitly excluded by timing constraints such as set_clock_groups or set_false_path.

    Location             Delay type                Incr(ns)  Path(ns)    Netlist Resource(s)
  -------------------------------------------------------------------    -------------------
                         (clock clk_2 rise edge)      0.000     0.000 r  
    U18                                               0.000     0.000 r  clk125_p (IN)
                         net (fo=0)                   0.000     0.000    clk125_p
    U18                  IBUFDS (Prop_ibufds_I_O)     0.951     0.951 r  IBUFGDS/O
                         net (fo=1, routed)           2.205     3.156    clk_adci
    BUFGCTRL_X0Y17       BUFG (Prop_bufg_I_O)         0.102     3.258 r  BUFG/O
                         net (fo=1, routed)           1.831     5.089    clk_adcb
    PLLE2_ADV_X1Y0       PLLE2_ADV (Prop_plle2_adv_CLKIN1_CLKOUT2)
                                                     -3.812     1.277 r  PLLE2_BASE/CLKOUT2
                         net (fo=1, routed)           1.883     3.160    clk_2
    BUFGCTRL_X0Y0        BUFG (Prop_bufg_I_O)         0.101     3.261 r  BUFG_4/O
                         net (fo=11300, routed)       1.893     5.154    red_pitaya_scope/sys_clk
    SLICE_X30Y107        FDRE                                         r  red_pitaya_scope/set_dly_reg[4]/C
  -------------------------------------------------------------------    -------------------
    SLICE_X30Y107        FDRE (Prop_fdre_C_Q)         0.478     5.632 r  red_pitaya_scope/set_dly_reg[4]/Q
                         net (fo=2, routed)           0.801     6.433    red_pitaya_scope/i_bridge/axi_rdata_o_reg[31][4]
    SLICE_X31Y104        LUT5 (Prop_lut5_I1_O)        0.301     6.734 r  red_pitaya_scope/i_bridge/axi_rdata_o[4]_i_10/O
                         net (fo=1, routed)           0.000     6.734    red_pitaya_scope/i_bridge/axi_rdata_o[4]_i_10_n_0
    SLICE_X31Y104        MUXF7 (Prop_muxf7_I0_O)      0.212     6.946 r  red_pitaya_scope/i_bridge/axi_rdata_o_reg[4]_i_7/O
                         net (fo=1, routed)           1.010     7.957    red_pitaya_scope/i_bridge/axi_rdata_o_reg[4]_i_7_n_0
    SLICE_X36Y91         LUT6 (Prop_lut6_I5_O)        0.299     8.256 f  red_pitaya_scope/i_bridge/axi_rdata_o[4]_i_5/O
                         net (fo=1, routed)           0.403     8.659    red_pitaya_scope/i_bridge/axi_rdata_o[4]_i_5_n_0
    SLICE_X37Y91         LUT6 (Prop_lut6_I2_O)        0.124     8.783 r  red_pitaya_scope/i_bridge/axi_rdata_o[4]_i_2/O
                         net (fo=1, routed)           1.155     9.938    red_pitaya_scope/i_bridge/axi_rdata_o[4]_i_2_n_0
    SLICE_X32Y70         LUT5 (Prop_lut5_I1_O)        0.124    10.062 r  red_pitaya_scope/i_bridge/axi_rdata_o[4]_i_1/O
                         net (fo=1, routed)           0.000    10.062    axi_slave/D[1]
    SLICE_X32Y70         FDRE                                         r  axi_slave/axi_rdata_o_reg[4]/D
  -------------------------------------------------------------------    -------------------

                         (clock clk_fpga_0 rise edge)
                                                      8.000     8.000 r  
    PS7_X0Y0             PS7                          0.000     8.000 r  system_processing_system7_0_0/inst/PS7_i/FCLKCLK[0]
                         net (fo=1, routed)           1.088     9.088    system_processing_system7_0_0/inst/FCLK_CLK_unbuffered[0]
    BUFGCTRL_X0Y16       BUFG (Prop_bufg_I_O)         0.091     9.179 r  system_processing_system7_0_0/inst/buffer_fclk_clk_0.FCLK_CLK_0_BUFG/O
                         net (fo=244, routed)         1.468    10.647    axi_slave/CLK
    SLICE_X32Y70         FDRE                                         r  axi_slave/axi_rdata_o_reg[4]/C
                         clock pessimism              0.000    10.647    
                         clock uncertainty           -0.235    10.411    
    SLICE_X32Y70         FDRE (Setup_fdre_C_D)        0.077    10.488    axi_slave/axi_rdata_o_reg[4]
  -------------------------------------------------------------------
                         required time                         10.488    
                         arrival time                         -10.062    
  -------------------------------------------------------------------
                         slack                                  0.427    

Slack (MET) :             0.428ns  (required time - arrival time)
  Source:                 red_pitaya_scope/adc_a_q_buf_reg_4/CLKBWRCLK
                            (rising edge-triggered cell RAMB36E1 clocked by clk_2  {rise@0.000ns fall@4.000ns period=8.000ns})
  Destination:            axi_slave/axi_rdata_o_reg[9]/D
                            (rising edge-triggered cell FDRE clocked by clk_fpga_0  {rise@0.000ns fall@4.000ns period=8.000ns})
  Path Group:             clk_fpga_0
  Path Type:              Setup (Max at Slow Process Corner)
  Requirement:            8.000ns  (clk_fpga_0 rise@8.000ns - clk_2 rise@0.000ns)
  Data Path Delay:        5.014ns  (logic 2.702ns (53.884%)  route 2.312ns (46.116%))
  Logic Levels:           2  (LUT6=2)
  Clock Path Skew:        -2.353ns (DCD - SCD + CPR)
    Destination Clock Delay (DCD):    2.700ns = ( 10.700 - 8.000 ) 
    Source Clock Delay      (SCD):    5.053ns
    Clock Pessimism Removal (CPR):    0.000ns
  Clock Uncertainty:      0.235ns  ((TSJ^2 + TIJ^2 + DJ^2)^1/2) / 2 + PE
    Total System Jitter     (TSJ):    0.071ns
    Total Input Jitter      (TIJ):    0.240ns
    Discrete Jitter          (DJ):    0.118ns
    Phase Error              (PE):    0.097ns
  Clock Domain Crossing:  Inter clock paths are considered valid unless explicitly excluded by timing constraints such as set_clock_groups or set_false_path.

    Location             Delay type                Incr(ns)  Path(ns)    Netlist Resource(s)
  -------------------------------------------------------------------    -------------------
                         (clock clk_2 rise edge)      0.000     0.000 r  
    U18                                               0.000     0.000 r  clk125_p (IN)
                         net (fo=0)                   0.000     0.000    clk125_p
    U18                  IBUFDS (Prop_ibufds_I_O)     0.951     0.951 r  IBUFGDS/O
                         net (fo=1, routed)           2.205     3.156    clk_adci
    BUFGCTRL_X0Y17       BUFG (Prop_bufg_I_O)         0.102     3.258 r  BUFG/O
                         net (fo=1, routed)           1.831     5.089    clk_adcb
    PLLE2_ADV_X1Y0       PLLE2_ADV (Prop_plle2_adv_CLKIN1_CLKOUT2)
                                                     -3.812     1.277 r  PLLE2_BASE/CLKOUT2
                         net (fo=1, routed)           1.883     3.160    clk_2
    BUFGCTRL_X0Y0        BUFG (Prop_bufg_I_O)         0.101     3.261 r  BUFG_4/O
                         net (fo=11300, routed)       1.791     5.053    red_pitaya_scope/sys_clk
    RAMB36_X1Y8          RAMB36E1                                     r  red_pitaya_scope/adc_a_q_buf_reg_4/CLKBWRCLK
  -------------------------------------------------------------------    -------------------
    RAMB36_X1Y8          RAMB36E1 (Prop_ramb36e1_CLKBWRCLK_DOBDO[1])
                                                      2.454     7.507 r  red_pitaya_scope/adc_a_q_buf_reg_4/DOBDO[1]
                         net (fo=1, routed)           1.074     8.580    red_pitaya_scope/i_bridge/adc_a_q_rd[9]
    SLICE_X24Y38         LUT6 (Prop_lut6_I3_O)        0.124     8.704 f  red_pitaya_scope/i_bridge/i_1_LOPT_REMAP/O
                         net (fo=1, routed)           1.239     9.943    red_pitaya_scope/i_bridge/i_1/O_n
    SLICE_X27Y55         LUT6 (Prop_lut6_I3_O)        0.124    10.067 r  red_pitaya_scope/i_bridge/i_0_LOPT_REMAP/O
                         net (fo=1, routed)           0.000    10.067    axi_slave/D[6]
    SLICE_X27Y55         FDRE                                         r  axi_slave/axi_rdata_o_reg[9]/D
  -------------------------------------------------------------------    -------------------

                         (clock clk_fpga_0 rise edge)
                                                      8.000     8.000 r  
    PS7_X0Y0             PS7                          0.000     8.000 r  system_processing_system7_0_0/inst/PS7_i/FCLKCLK[0]
                         net (fo=1, routed)           1.088     9.088    system_processing_system7_0_0/inst/FCLK_CLK_unbuffered[0]
    BUFGCTRL_X0Y16       BUFG (Prop_bufg_I_O)         0.091     9.179 r  system_processing_system7_0_0/inst/buffer_fclk_clk_0.FCLK_CLK_0_BUFG/O
                         net (fo=244, routed)         1.521    10.700    axi_slave/CLK
    SLICE_X27Y55         FDRE                                         r  axi_slave/axi_rdata_o_reg[9]/C
                         clock pessimism              0.000    10.700    
                         clock uncertainty           -0.235    10.464    
    SLICE_X27Y55         FDRE (Setup_fdre_C_D)        0.031    10.495    axi_slave/axi_rdata_o_reg[9]
  -------------------------------------------------------------------
                         required time                         10.495    
                         arrival time                         -10.067    
  -------------------------------------------------------------------
                         slack                                  0.428    

Slack (MET) :             0.439ns  (required time - arrival time)
  Source:                 red_pitaya_scope/adc_b_buf_reg_1/CLKBWRCLK
                            (rising edge-triggered cell RAMB36E1 clocked by clk_2  {rise@0.000ns fall@4.000ns period=8.000ns})
  Destination:            axi_slave/axi_rdata_o_reg[18]/D
                            (rising edge-triggered cell FDRE clocked by clk_fpga_0  {rise@0.000ns fall@4.000ns period=8.000ns})
  Path Group:             clk_fpga_0
  Path Type:              Setup (Max at Slow Process Corner)
  Requirement:            8.000ns  (clk_fpga_0 rise@8.000ns - clk_2 rise@0.000ns)
  Data Path Delay:        4.981ns  (logic 2.702ns (54.245%)  route 2.279ns (45.755%))
  Logic Levels:           2  (LUT6=2)
  Clock Path Skew:        -2.376ns (DCD - SCD + CPR)
    Destination Clock Delay (DCD):    2.641ns = ( 10.641 - 8.000 ) 
    Source Clock Delay      (SCD):    5.017ns
    Clock Pessimism Removal (CPR):    0.000ns
  Clock Uncertainty:      0.235ns  ((TSJ^2 + TIJ^2 + DJ^2)^1/2) / 2 + PE
    Total System Jitter     (TSJ):    0.071ns
    Total Input Jitter      (TIJ):    0.240ns
    Discrete Jitter          (DJ):    0.118ns
    Phase Error              (PE):    0.097ns
  Clock Domain Crossing:  Inter clock paths are considered valid unless explicitly excluded by timing constraints such as set_clock_groups or set_false_path.

    Location             Delay type                Incr(ns)  Path(ns)    Netlist Resource(s)
  -------------------------------------------------------------------    -------------------
                         (clock clk_2 rise edge)      0.000     0.000 r  
    U18                                               0.000     0.000 r  clk125_p (IN)
                         net (fo=0)                   0.000     0.000    clk125_p
    U18                  IBUFDS (Prop_ibufds_I_O)     0.951     0.951 r  IBUFGDS/O
                         net (fo=1, routed)           2.205     3.156    clk_adci
    BUFGCTRL_X0Y17       BUFG (Prop_bufg_I_O)         0.102     3.258 r  BUFG/O
                         net (fo=1, routed)           1.831     5.089    clk_adcb
    PLLE2_ADV_X1Y0       PLLE2_ADV (Prop_plle2_adv_CLKIN1_CLKOUT2)
                                                     -3.812     1.277 r  PLLE2_BASE/CLKOUT2
                         net (fo=1, routed)           1.883     3.160    clk_2
    BUFGCTRL_X0Y0        BUFG (Prop_bufg_I_O)         0.101     3.261 r  BUFG_4/O
                         net (fo=11300, routed)       1.755     5.017    red_pitaya_scope/sys_clk
    RAMB36_X3Y18         RAMB36E1                                     r  red_pitaya_scope/adc_b_buf_reg_1/CLKBWRCLK
  -------------------------------------------------------------------    -------------------
    RAMB36_X3Y18         RAMB36E1 (Prop_ramb36e1_CLKBWRCLK_DOBDO[0])
                                                      2.454     7.471 r  red_pitaya_scope/adc_b_buf_reg_1/DOBDO[0]
                         net (fo=1, routed)           1.614     9.085    red_pitaya_scope/i_bridge/p_2_in[16]
    SLICE_X33Y74         LUT6 (Prop_lut6_I5_O)        0.124     9.209 f  red_pitaya_scope/i_bridge/axi_rdata_o[18]_i_2/O
                         net (fo=1, routed)           0.665     9.874    red_pitaya_scope/i_bridge/axi_rdata_o[18]_i_2_n_0
    SLICE_X33Y74         LUT6 (Prop_lut6_I1_O)        0.124     9.998 r  red_pitaya_scope/i_bridge/axi_rdata_o[18]_i_1/O
                         net (fo=1, routed)           0.000     9.998    axi_slave/D[15]
    SLICE_X33Y74         FDRE                                         r  axi_slave/axi_rdata_o_reg[18]/D
  -------------------------------------------------------------------    -------------------

                         (clock clk_fpga_0 rise edge)
                                                      8.000     8.000 r  
    PS7_X0Y0             PS7                          0.000     8.000 r  system_processing_system7_0_0/inst/PS7_i/FCLKCLK[0]
                         net (fo=1, routed)           1.088     9.088    system_processing_system7_0_0/inst/FCLK_CLK_unbuffered[0]
    BUFGCTRL_X0Y16       BUFG (Prop_bufg_I_O)         0.091     9.179 r  system_processing_system7_0_0/inst/buffer_fclk_clk_0.FCLK_CLK_0_BUFG/O
                         net (fo=244, routed)         1.462    10.641    axi_slave/CLK
    SLICE_X33Y74         FDRE                                         r  axi_slave/axi_rdata_o_reg[18]/C
                         clock pessimism              0.000    10.641    
                         clock uncertainty           -0.235    10.405    
    SLICE_X33Y74         FDRE (Setup_fdre_C_D)        0.031    10.436    axi_slave/axi_rdata_o_reg[18]
  -------------------------------------------------------------------
                         required time                         10.436    
                         arrival time                          -9.998    
  -------------------------------------------------------------------
                         slack                                  0.439    

Slack (MET) :             0.496ns  (required time - arrival time)
  Source:                 red_pitaya_scope/adc_b_q_buf_reg_0/CLKBWRCLK
                            (rising edge-triggered cell RAMB36E1 clocked by clk_2  {rise@0.000ns fall@4.000ns period=8.000ns})
  Destination:            axi_slave/axi_rdata_o_reg[16]/D
                            (rising edge-triggered cell FDRE clocked by clk_fpga_0  {rise@0.000ns fall@4.000ns period=8.000ns})
  Path Group:             clk_fpga_0
  Path Type:              Setup (Max at Slow Process Corner)
  Requirement:            8.000ns  (clk_fpga_0 rise@8.000ns - clk_2 rise@0.000ns)
  Data Path Delay:        4.990ns  (logic 2.702ns (54.151%)  route 2.288ns (45.849%))
  Logic Levels:           2  (LUT6=2)
  Clock Path Skew:        -2.308ns (DCD - SCD + CPR)
    Destination Clock Delay (DCD):    2.699ns = ( 10.699 - 8.000 ) 
    Source Clock Delay      (SCD):    5.007ns
    Clock Pessimism Removal (CPR):    0.000ns
  Clock Uncertainty:      0.235ns  ((TSJ^2 + TIJ^2 + DJ^2)^1/2) / 2 + PE
    Total System Jitter     (TSJ):    0.071ns
    Total Input Jitter      (TIJ):    0.240ns
    Discrete Jitter          (DJ):    0.118ns
    Phase Error              (PE):    0.097ns
  Clock Domain Crossing:  Inter clock paths are considered valid unless explicitly excluded by timing constraints such as set_clock_groups or set_false_path.

    Location             Delay type                Incr(ns)  Path(ns)    Netlist Resource(s)
  -------------------------------------------------------------------    -------------------
                         (clock clk_2 rise edge)      0.000     0.000 r  
    U18                                               0.000     0.000 r  clk125_p (IN)
                         net (fo=0)                   0.000     0.000    clk125_p
    U18                  IBUFDS (Prop_ibufds_I_O)     0.951     0.951 r  IBUFGDS/O
                         net (fo=1, routed)           2.205     3.156    clk_adci
    BUFGCTRL_X0Y17       BUFG (Prop_bufg_I_O)         0.102     3.258 r  BUFG/O
                         net (fo=1, routed)           1.831     5.089    clk_adcb
    PLLE2_ADV_X1Y0       PLLE2_ADV (Prop_plle2_adv_CLKIN1_CLKOUT2)
                                                     -3.812     1.277 r  PLLE2_BASE/CLKOUT2
                         net (fo=1, routed)           1.883     3.160    clk_2
    BUFGCTRL_X0Y0        BUFG (Prop_bufg_I_O)         0.101     3.261 r  BUFG_4/O
                         net (fo=11300, routed)       1.745     5.007    red_pitaya_scope/sys_clk
    RAMB36_X3Y16         RAMB36E1                                     r  red_pitaya_scope/adc_b_q_buf_reg_0/CLKBWRCLK
  -------------------------------------------------------------------    -------------------
    RAMB36_X3Y16         RAMB36E1 (Prop_ramb36e1_CLKBWRCLK_DOBDO[0])
                                                      2.454     7.461 r  red_pitaya_scope/adc_b_q_buf_reg_0/DOBDO[0]
                         net (fo=1, routed)           1.475     8.936    red_pitaya_scope/i_bridge/adc_b_q_rd[0]
    SLICE_X32Y86         LUT6 (Prop_lut6_I3_O)        0.124     9.060 f  red_pitaya_scope/i_bridge/i_7_LOPT_REMAP_5/O
                         net (fo=1, routed)           0.813     9.873    red_pitaya_scope/i_bridge/i_7/O_n_5
    SLICE_X28Y86         LUT6 (Prop_lut6_I5_O)        0.124     9.997 r  red_pitaya_scope/i_bridge/i_0_LOPT_REMAP_9/O
                         net (fo=1, routed)           0.000     9.997    axi_slave/D[13]
    SLICE_X28Y86         FDRE                                         r  axi_slave/axi_rdata_o_reg[16]/D
  -------------------------------------------------------------------    -------------------

                         (clock clk_fpga_0 rise edge)
                                                      8.000     8.000 r  
    PS7_X0Y0             PS7                          0.000     8.000 r  system_processing_system7_0_0/inst/PS7_i/FCLKCLK[0]
                         net (fo=1, routed)           1.088     9.088    system_processing_system7_0_0/inst/FCLK_CLK_unbuffered[0]
    BUFGCTRL_X0Y16       BUFG (Prop_bufg_I_O)         0.091     9.179 r  system_processing_system7_0_0/inst/buffer_fclk_clk_0.FCLK_CLK_0_BUFG/O
                         net (fo=244, routed)         1.520    10.699    axi_slave/CLK
    SLICE_X28Y86         FDRE                                         r  axi_slave/axi_rdata_o_reg[16]/C
                         clock pessimism              0.000    10.699    
                         clock uncertainty           -0.235    10.463    
    SLICE_X28Y86         FDRE (Setup_fdre_C_D)        0.029    10.492    axi_slave/axi_rdata_o_reg[16]
  -------------------------------------------------------------------
                         required time                         10.492    
                         arrival time                          -9.997    
  -------------------------------------------------------------------
                         slack                                  0.496    





Min Delay Paths
--------------------------------------------------------------------------------------
Slack (MET) :             0.398ns  (arrival time - required time)
  Source:                 red_pitaya_scope/i_bridge/dst_done_reg/C
                            (rising edge-triggered cell FDRE clocked by clk_2  {rise@0.000ns fall@4.000ns period=8.000ns})
  Destination:            red_pitaya_scope/i_bridge/sys_sync_reg[0]/D
                            (rising edge-triggered cell FDRE clocked by clk_fpga_0  {rise@0.000ns fall@4.000ns period=8.000ns})
  Path Group:             clk_fpga_0
  Path Type:              Hold (Min at Fast Process Corner)
  Requirement:            0.000ns  (clk_fpga_0 rise@0.000ns - clk_2 rise@0.000ns)
  Data Path Delay:        0.268ns  (logic 0.141ns (52.622%)  route 0.127ns (47.378%))
  Logic Levels:           0  
  Clock Path Skew:        -0.438ns (DCD - SCD - CPR)
    Destination Clock Delay (DCD):    1.210ns
    Source Clock Delay      (SCD):    1.648ns
    Clock Pessimism Removal (CPR):    -0.000ns
  Clock Uncertainty:      0.235ns  ((TSJ^2 + TIJ^2 + DJ^2)^1/2) / 2 + PE
    Total System Jitter     (TSJ):    0.071ns
    Total Input Jitter      (TIJ):    0.240ns
    Discrete Jitter          (DJ):    0.118ns
    Phase Error              (PE):    0.097ns
  Clock Domain Crossing:  Inter clock paths are considered valid unless explicitly excluded by timing constraints such as set_clock_groups or set_false_path.

    Location             Delay type                Incr(ns)  Path(ns)    Netlist Resource(s)
  -------------------------------------------------------------------    -------------------
                         (clock clk_2 rise edge)      0.000     0.000 r  
    U18                                               0.000     0.000 r  clk125_p (IN)
                         net (fo=0)                   0.000     0.000    clk125_p
    U18                  IBUFDS (Prop_ibufds_I_O)     0.370     0.370 r  IBUFGDS/O
                         net (fo=1, routed)           0.674     1.044    clk_adci
    BUFGCTRL_X0Y17       BUFG (Prop_bufg_I_O)         0.027     1.071 r  BUFG/O
                         net (fo=1, routed)           0.602     1.673    clk_adcb
    PLLE2_ADV_X1Y0       PLLE2_ADV (Prop_plle2_adv_CLKIN1_CLKOUT2)
                                                     -1.169     0.503 r  PLLE2_BASE/CLKOUT2
                         net (fo=1, routed)           0.544     1.047    clk_2
    BUFGCTRL_X0Y0        BUFG (Prop_bufg_I_O)         0.026     1.073 r  BUFG_4/O
                         net (fo=11300, routed)       0.575     1.648    red_pitaya_scope/i_bridge/sys_clk
    SLICE_X27Y96         FDRE                                         r  red_pitaya_scope/i_bridge/dst_done_reg/C
  -------------------------------------------------------------------    -------------------
    SLICE_X27Y96         FDRE (Prop_fdre_C_Q)         0.141     1.789 r  red_pitaya_scope/i_bridge/dst_done_reg/Q
                         net (fo=2, routed)           0.127     1.916    red_pitaya_scope/i_bridge/dst_done
    SLICE_X28Y95         FDRE                                         r  red_pitaya_scope/i_bridge/sys_sync_reg[0]/D
  -------------------------------------------------------------------    -------------------

                         (clock clk_fpga_0 rise edge)
                                                      0.000     0.000 r  
    PS7_X0Y0             PS7                          0.000     0.000 r  system_processing_system7_0_0/inst/PS7_i/FCLKCLK[0]
                         net (fo=1, routed)           0.337     0.337    system_processing_system7_0_0/inst/FCLK_CLK_unbuffered[0]
    BUFGCTRL_X0Y16       BUFG (Prop_bufg_I_O)         0.029     0.366 r  system_processing_system7_0_0/inst/buffer_fclk_clk_0.FCLK_CLK_0_BUFG/O
                         net (fo=244, routed)         0.844     1.210    red_pitaya_scope/i_bridge/FCLK_CLK0
    SLICE_X28Y95         FDRE                                         r  red_pitaya_scope/i_bridge/sys_sync_reg[0]/C
                         clock pessimism              0.000     1.210    
                         clock uncertainty            0.235     1.445    
    SLICE_X28Y95         FDRE (Hold_fdre_C_D)         0.072     1.517    red_pitaya_scope/i_bridge/sys_sync_reg[0]
  -------------------------------------------------------------------
                         required time                         -1.517    
                         arrival time                           1.916    
  -------------------------------------------------------------------
                         slack                                  0.398    

Slack (MET) :             0.416ns  (arrival time - required time)
  Source:                 bus_clk_bridge/dst_done_reg/C
                            (rising edge-triggered cell FDRE clocked by clk_2  {rise@0.000ns fall@4.000ns period=8.000ns})
  Destination:            bus_clk_bridge/sys_sync_reg[0]/D
                            (rising edge-triggered cell FDRE clocked by clk_fpga_0  {rise@0.000ns fall@4.000ns period=8.000ns})
  Path Group:             clk_fpga_0
  Path Type:              Hold (Min at Fast Process Corner)
  Requirement:            0.000ns  (clk_fpga_0 rise@0.000ns - clk_2 rise@0.000ns)
  Data Path Delay:        0.269ns  (logic 0.141ns (52.492%)  route 0.128ns (47.508%))
  Logic Levels:           0  
  Clock Path Skew:        -0.442ns (DCD - SCD - CPR)
    Destination Clock Delay (DCD):    1.192ns
    Source Clock Delay      (SCD):    1.634ns
    Clock Pessimism Removal (CPR):    -0.000ns
  Clock Uncertainty:      0.235ns  ((TSJ^2 + TIJ^2 + DJ^2)^1/2) / 2 + PE
    Total System Jitter     (TSJ):    0.071ns
    Total Input Jitter      (TIJ):    0.240ns
    Discrete Jitter          (DJ):    0.118ns
    Phase Error              (PE):    0.097ns
  Clock Domain Crossing:  Inter clock paths are considered valid unless explicitly excluded by timing constraints such as set_clock_groups or set_false_path.

    Location             Delay type                Incr(ns)  Path(ns)    Netlist Resource(s)
  -------------------------------------------------------------------    -------------------
                         (clock clk_2 rise edge)      0.000     0.000 r  
    U18                                               0.000     0.000 r  clk125_p (IN)
                         net (fo=0)                   0.000     0.000    clk125_p
    U18                  IBUFDS (Prop_ibufds_I_O)     0.370     0.370 r  IBUFGDS/O
                         net (fo=1, routed)           0.674     1.044    clk_adci
    BUFGCTRL_X0Y17       BUFG (Prop_bufg_I_O)         0.027     1.071 r  BUFG/O
                         net (fo=1, routed)           0.602     1.673    clk_adcb
    PLLE2_ADV_X1Y0       PLLE2_ADV (Prop_plle2_adv_CLKIN1_CLKOUT2)
                                                     -1.169     0.503 r  PLLE2_BASE/CLKOUT2
                         net (fo=1, routed)           0.544     1.047    clk_2
    BUFGCTRL_X0Y0        BUFG (Prop_bufg_I_O)         0.026     1.073 r  BUFG_4/O
                         net (fo=11300, routed)       0.561     1.634    bus_clk_bridge/sys_clk
    SLICE_X35Y98         FDRE                                         r  bus_clk_bridge/dst_done_reg/C
  -------------------------------------------------------------------    -------------------
    SLICE_X35Y98         FDRE (Prop_fdre_C_Q)         0.141     1.775 r  bus_clk_bridge/dst_done_reg/Q
                         net (fo=2, routed)           0.128     1.902    bus_clk_bridge/dst_done
    SLICE_X32Y98         FDRE                                         r  bus_clk_bridge/sys_sync_reg[0]/D
  -------------------------------------------------------------------    -------------------

                         (clock clk_fpga_0 rise edge)
                                                      0.000     0.000 r  
    PS7_X0Y0             PS7                          0.000     0.000 r  system_processing_system7_0_0/inst/PS7_i/FCLKCLK[0]
                         net (fo=1, routed)           0.337     0.337    system_processing_system7_0_0/inst/FCLK_CLK_unbuffered[0]
    BUFGCTRL_X0Y16       BUFG (Prop_bufg_I_O)         0.029     0.366 r  system_processing_system7_0_0/inst/buffer_fclk_clk_0.FCLK_CLK_0_BUFG/O
                         net (fo=244, routed)         0.826     1.192    bus_clk_bridge/CLK
    SLICE_X32Y98         FDRE                                         r  bus_clk_bridge/sys_sync_reg[0]/C
                         clock pessimism              0.000     1.192    
                         clock uncertainty            0.235     1.427    
    SLICE_X32Y98         FDRE (Hold_fdre_C_D)         0.059     1.486    bus_clk_bridge/sys_sync_reg[0]
  -------------------------------------------------------------------
                         required time                         -1.486    
                         arrival time                           1.902    
  -------------------------------------------------------------------
                         slack                                  0.416    

Slack (MET) :             0.422ns  (arrival time - required time)
  Source:                 red_pitaya_scope/set_a_filt_pp_reg[14]/C
                            (rising edge-triggered cell FDRE clocked by clk_2  {rise@0.000ns fall@4.000ns period=8.000ns})
  Destination:            axi_slave/axi_rdata_o_reg[14]/D
                            (rising edge-triggered cell FDRE clocked by clk_fpga_0  {rise@0.000ns fall@4.000ns period=8.000ns})
  Path Group:             clk_fpga_0
  Path Type:              Hold (Min at Fast Process Corner)
  Requirement:            0.000ns  (clk_fpga_0 rise@0.000ns - clk_2 rise@0.000ns)
  Data Path Delay:        0.341ns  (logic 0.231ns (67.742%)  route 0.110ns (32.258%))
  Logic Levels:           2  (LUT5=1 LUT6=1)
  Clock Path Skew:        -0.436ns (DCD - SCD - CPR)
    Destination Clock Delay (DCD):    1.291ns
    Source Clock Delay      (SCD):    1.727ns
    Clock Pessimism Removal (CPR):    -0.000ns
  Clock Uncertainty:      0.235ns  ((TSJ^2 + TIJ^2 + DJ^2)^1/2) / 2 + PE
    Total System Jitter     (TSJ):    0.071ns
    Total Input Jitter      (TIJ):    0.240ns
    Discrete Jitter          (DJ):    0.118ns
    Phase Error              (PE):    0.097ns
  Clock Domain Crossing:  Inter clock paths are considered valid unless explicitly excluded by timing constraints such as set_clock_groups or set_false_path.

    Location             Delay type                Incr(ns)  Path(ns)    Netlist Resource(s)
  -------------------------------------------------------------------    -------------------
                         (clock clk_2 rise edge)      0.000     0.000 r  
    U18                                               0.000     0.000 r  clk125_p (IN)
                         net (fo=0)                   0.000     0.000    clk125_p
    U18                  IBUFDS (Prop_ibufds_I_O)     0.370     0.370 r  IBUFGDS/O
                         net (fo=1, routed)           0.674     1.044    clk_adci
    BUFGCTRL_X0Y17       BUFG (Prop_bufg_I_O)         0.027     1.071 r  BUFG/O
                         net (fo=1, routed)           0.602     1.673    clk_adcb
    PLLE2_ADV_X1Y0       PLLE2_ADV (Prop_plle2_adv_CLKIN1_CLKOUT2)
                                                     -1.169     0.503 r  PLLE2_BASE/CLKOUT2
                         net (fo=1, routed)           0.544     1.047    clk_2
    BUFGCTRL_X0Y0        BUFG (Prop_bufg_I_O)         0.026     1.073 r  BUFG_4/O
                         net (fo=11300, routed)       0.654     1.727    red_pitaya_scope/sys_clk
    SLICE_X27Y112        FDRE                                         r  red_pitaya_scope/set_a_filt_pp_reg[14]/C
  -------------------------------------------------------------------    -------------------
    SLICE_X27Y112        FDRE (Prop_fdre_C_Q)         0.141     1.868 r  red_pitaya_scope/set_a_filt_pp_reg[14]/Q
                         net (fo=1, routed)           0.054     1.922    red_pitaya_scope/i_bridge/axi_rdata_o_reg[24]_1[14]
    SLICE_X26Y112        LUT5 (Prop_lut5_I4_O)        0.045     1.967 r  red_pitaya_scope/i_bridge/i_4_LOPT_REMAP_2/O
                         net (fo=1, routed)           0.056     2.023    red_pitaya_scope/i_bridge/i_4/O_n_2
    SLICE_X26Y112        LUT6 (Prop_lut6_I2_O)        0.045     2.068 r  red_pitaya_scope/i_bridge/i_0_LOPT_REMAP_2/O
                         net (fo=1, routed)           0.000     2.068    axi_slave/D[11]
    SLICE_X26Y112        FDRE                                         r  axi_slave/axi_rdata_o_reg[14]/D
  -------------------------------------------------------------------    -------------------

                         (clock clk_fpga_0 rise edge)
                                                      0.000     0.000 r  
    PS7_X0Y0             PS7                          0.000     0.000 r  system_processing_system7_0_0/inst/PS7_i/FCLKCLK[0]
                         net (fo=1, routed)           0.337     0.337    system_processing_system7_0_0/inst/FCLK_CLK_unbuffered[0]
    BUFGCTRL_X0Y16       BUFG (Prop_bufg_I_O)         0.029     0.366 r  system_processing_system7_0_0/inst/buffer_fclk_clk_0.FCLK_CLK_0_BUFG/O
                         net (fo=244, routed)         0.925     1.291    axi_slave/CLK
    SLICE_X26Y112        FDRE                                         r  axi_slave/axi_rdata_o_reg[14]/C
                         clock pessimism              0.000     1.291    
                         clock uncertainty            0.235     1.526    
    SLICE_X26Y112        FDRE (Hold_fdre_C_D)         0.120     1.646    axi_slave/axi_rdata_o_reg[14]
  -------------------------------------------------------------------
                         required time                         -1.646    
                         arrival time                           2.068    
  -------------------------------------------------------------------
                         slack                                  0.422    

Slack (MET) :             0.568ns  (arrival time - required time)
  Source:                 red_pitaya_scope/set_dec_reg[29]/C
                            (rising edge-triggered cell FDRE clocked by clk_2  {rise@0.000ns fall@4.000ns period=8.000ns})
  Destination:            axi_slave/axi_rdata_o_reg[29]/D
                            (rising edge-triggered cell FDRE clocked by clk_fpga_0  {rise@0.000ns fall@4.000ns period=8.000ns})
  Path Group:             clk_fpga_0
  Path Type:              Hold (Min at Fast Process Corner)
  Requirement:            0.000ns  (clk_fpga_0 rise@0.000ns - clk_2 rise@0.000ns)
  Data Path Delay:        0.488ns  (logic 0.209ns (42.810%)  route 0.279ns (57.190%))
  Logic Levels:           1  (LUT6=1)
  Clock Path Skew:        -0.436ns (DCD - SCD - CPR)
    Destination Clock Delay (DCD):    1.277ns
    Source Clock Delay      (SCD):    1.713ns
    Clock Pessimism Removal (CPR):    -0.000ns
  Clock Uncertainty:      0.235ns  ((TSJ^2 + TIJ^2 + DJ^2)^1/2) / 2 + PE
    Total System Jitter     (TSJ):    0.071ns
    Total Input Jitter      (TIJ):    0.240ns
    Discrete Jitter          (DJ):    0.118ns
    Phase Error              (PE):    0.097ns
  Clock Domain Crossing:  Inter clock paths are considered valid unless explicitly excluded by timing constraints such as set_clock_groups or set_false_path.

    Location             Delay type                Incr(ns)  Path(ns)    Netlist Resource(s)
  -------------------------------------------------------------------    -------------------
                         (clock clk_2 rise edge)      0.000     0.000 r  
    U18                                               0.000     0.000 r  clk125_p (IN)
                         net (fo=0)                   0.000     0.000    clk125_p
    U18                  IBUFDS (Prop_ibufds_I_O)     0.370     0.370 r  IBUFGDS/O
                         net (fo=1, routed)           0.674     1.044    clk_adci
    BUFGCTRL_X0Y17       BUFG (Prop_bufg_I_O)         0.027     1.071 r  BUFG/O
                         net (fo=1, routed)           0.602     1.673    clk_adcb
    PLLE2_ADV_X1Y0       PLLE2_ADV (Prop_plle2_adv_CLKIN1_CLKOUT2)
                                                     -1.169     0.503 r  PLLE2_BASE/CLKOUT2
                         net (fo=1, routed)           0.544     1.047    clk_2
    BUFGCTRL_X0Y0        BUFG (Prop_bufg_I_O)         0.026     1.073 r  BUFG_4/O
                         net (fo=11300, routed)       0.640     1.713    red_pitaya_scope/sys_clk
    SLICE_X32Y111        FDRE                                         r  red_pitaya_scope/set_dec_reg[29]/C
  -------------------------------------------------------------------    -------------------
    SLICE_X32Y111        FDRE (Prop_fdre_C_Q)         0.164     1.877 r  red_pitaya_scope/set_dec_reg[29]/Q
                         net (fo=14, routed)          0.279     2.156    red_pitaya_scope/i_bridge/axi_rdata_o_reg[31]_0[29]
    SLICE_X32Y103        LUT6 (Prop_lut6_I3_O)        0.045     2.201 r  red_pitaya_scope/i_bridge/axi_rdata_o[29]_i_1/O
                         net (fo=1, routed)           0.000     2.201    axi_slave/D[26]
    SLICE_X32Y103        FDRE                                         r  axi_slave/axi_rdata_o_reg[29]/D
  -------------------------------------------------------------------    -------------------

                         (clock clk_fpga_0 rise edge)
                                                      0.000     0.000 r  
    PS7_X0Y0             PS7                          0.000     0.000 r  system_processing_system7_0_0/inst/PS7_i/FCLKCLK[0]
                         net (fo=1, routed)           0.337     0.337    system_processing_system7_0_0/inst/FCLK_CLK_unbuffered[0]
    BUFGCTRL_X0Y16       BUFG (Prop_bufg_I_O)         0.029     0.366 r  system_processing_system7_0_0/inst/buffer_fclk_clk_0.FCLK_CLK_0_BUFG/O
                         net (fo=244, routed)         0.911     1.277    axi_slave/CLK
    SLICE_X32Y103        FDRE                                         r  axi_slave/axi_rdata_o_reg[29]/C
                         clock pessimism              0.000     1.277    
                         clock uncertainty            0.235     1.512    
    SLICE_X32Y103        FDRE (Hold_fdre_C_D)         0.121     1.633    axi_slave/axi_rdata_o_reg[29]
  -------------------------------------------------------------------
                         required time                         -1.633    
                         arrival time                           2.201    
  -------------------------------------------------------------------
                         slack                                  0.568    

Slack (MET) :             0.674ns  (arrival time - required time)
  Source:                 red_pitaya_scope/set_dec_reg[30]/C
                            (rising edge-triggered cell FDRE clocked by clk_2  {rise@0.000ns fall@4.000ns period=8.000ns})
  Destination:            axi_slave/axi_rdata_o_reg[30]/D
                            (rising edge-triggered cell FDRE clocked by clk_fpga_0  {rise@0.000ns fall@4.000ns period=8.000ns})
  Path Group:             clk_fpga_0
  Path Type:              Hold (Min at Fast Process Corner)
  Requirement:            0.000ns  (clk_fpga_0 rise@0.000ns - clk_2 rise@0.000ns)
  Data Path Delay:        0.507ns  (logic 0.209ns (41.234%)  route 0.298ns (58.766%))
  Logic Levels:           1  (LUT6=1)
  Clock Path Skew:        -0.522ns (DCD - SCD - CPR)
    Destination Clock Delay (DCD):    1.211ns
    Source Clock Delay      (SCD):    1.733ns
    Clock Pessimism Removal (CPR):    -0.000ns
  Clock Uncertainty:      0.235ns  ((TSJ^2 + TIJ^2 + DJ^2)^1/2) / 2 + PE
    Total System Jitter     (TSJ):    0.071ns
    Total Input Jitter      (TIJ):    0.240ns
    Discrete Jitter          (DJ):    0.118ns
    Phase Error              (PE):    0.097ns
  Clock Domain Crossing:  Inter clock paths are considered valid unless explicitly excluded by timing constraints such as set_clock_groups or set_false_path.

    Location             Delay type                Incr(ns)  Path(ns)    Netlist Resource(s)
  -------------------------------------------------------------------    -------------------
                         (clock clk_2 rise edge)      0.000     0.000 r  
    U18                                               0.000     0.000 r  clk125_p (IN)
                         net (fo=0)                   0.000     0.000    clk125_p
    U18                  IBUFDS (Prop_ibufds_I_O)     0.370     0.370 r  IBUFGDS/O
                         net (fo=1, routed)           0.674     1.044    clk_adci
    BUFGCTRL_X0Y17       BUFG (Prop_bufg_I_O)         0.027     1.071 r  BUFG/O
                         net (fo=1, routed)           0.602     1.673    clk_adcb
    PLLE2_ADV_X1Y0       PLLE2_ADV (Prop_plle2_adv_CLKIN1_CLKOUT2)
                                                     -1.169     0.503 r  PLLE2_BASE/CLKOUT2
                         net (fo=1, routed)           0.544     1.047    clk_2
    BUFGCTRL_X0Y0        BUFG (Prop_bufg_I_O)         0.026     1.073 r  BUFG_4/O
                         net (fo=11300, routed)       0.660     1.733    red_pitaya_scope/sys_clk
    SLICE_X30Y105        FDRE                                         r  red_pitaya_scope/set_dec_reg[30]/C
  -------------------------------------------------------------------    -------------------
    SLICE_X30Y105        FDRE (Prop_fdre_C_Q)         0.164     1.897 r  red_pitaya_scope/set_dec_reg[30]/Q
                         net (fo=11, routed)          0.298     2.195    red_pitaya_scope/i_bridge/axi_rdata_o_reg[31]_0[30]
    SLICE_X30Y98         LUT6 (Prop_lut6_I3_O)        0.045     2.240 r  red_pitaya_scope/i_bridge/axi_rdata_o[30]_i_1/O
                         net (fo=1, routed)           0.000     2.240    axi_slave/D[27]
    SLICE_X30Y98         FDRE                                         r  axi_slave/axi_rdata_o_reg[30]/D
  -------------------------------------------------------------------    -------------------

                         (clock clk_fpga_0 rise edge)
                                                      0.000     0.000 r  
    PS7_X0Y0             PS7                          0.000     0.000 r  system_processing_system7_0_0/inst/PS7_i/FCLKCLK[0]
                         net (fo=1, routed)           0.337     0.337    system_processing_system7_0_0/inst/FCLK_CLK_unbuffered[0]
    BUFGCTRL_X0Y16       BUFG (Prop_bufg_I_O)         0.029     0.366 r  system_processing_system7_0_0/inst/buffer_fclk_clk_0.FCLK_CLK_0_BUFG/O
                         net (fo=244, routed)         0.845     1.211    axi_slave/CLK
    SLICE_X30Y98         FDRE                                         r  axi_slave/axi_rdata_o_reg[30]/C
                         clock pessimism              0.000     1.211    
                         clock uncertainty            0.235     1.446    
    SLICE_X30Y98         FDRE (Hold_fdre_C_D)         0.120     1.566    axi_slave/axi_rdata_o_reg[30]
  -------------------------------------------------------------------
                         required time                         -1.566    
                         arrival time                           2.240    
  -------------------------------------------------------------------
                         slack                                  0.674    

Slack (MET) :             0.719ns  (arrival time - required time)
  Source:                 linienmodule_sys_rdata_reg[7]/C
                            (rising edge-triggered cell FDRE clocked by clk_2  {rise@0.000ns fall@4.000ns period=8.000ns})
  Destination:            axi_slave/axi_rdata_o_reg[7]/D
                            (rising edge-triggered cell FDRE clocked by clk_fpga_0  {rise@0.000ns fall@4.000ns period=8.000ns})
  Path Group:             clk_fpga_0
  Path Type:              Hold (Min at Fast Process Corner)
  Requirement:            0.000ns  (clk_fpga_0 rise@0.000ns - clk_2 rise@0.000ns)
  Data Path Delay:        0.624ns  (logic 0.186ns (29.792%)  route 0.438ns (70.208%))
  Logic Levels:           1  (LUT5=1)
  Clock Path Skew:        -0.421ns (DCD - SCD - CPR)
    Destination Clock Delay (DCD):    1.210ns
    Source Clock Delay      (SCD):    1.631ns
    Clock Pessimism Removal (CPR):    -0.000ns
  Clock Uncertainty:      0.235ns  ((TSJ^2 + TIJ^2 + DJ^2)^1/2) / 2 + PE
    Total System Jitter     (TSJ):    0.071ns
    Total Input Jitter      (TIJ):    0.240ns
    Discrete Jitter          (DJ):    0.118ns
    Phase Error              (PE):    0.097ns
  Clock Domain Crossing:  Inter clock paths are considered valid unless explicitly excluded by timing constraints such as set_clock_groups or set_false_path.

    Location             Delay type                Incr(ns)  Path(ns)    Netlist Resource(s)
  -------------------------------------------------------------------    -------------------
                         (clock clk_2 rise edge)      0.000     0.000 r  
    U18                                               0.000     0.000 r  clk125_p (IN)
                         net (fo=0)                   0.000     0.000    clk125_p
    U18                  IBUFDS (Prop_ibufds_I_O)     0.370     0.370 r  IBUFGDS/O
                         net (fo=1, routed)           0.674     1.044    clk_adci
    BUFGCTRL_X0Y17       BUFG (Prop_bufg_I_O)         0.027     1.071 r  BUFG/O
                         net (fo=1, routed)           0.602     1.673    clk_adcb
    PLLE2_ADV_X1Y0       PLLE2_ADV (Prop_plle2_adv_CLKIN1_CLKOUT2)
                                                     -1.169     0.503 r  PLLE2_BASE/CLKOUT2
                         net (fo=1, routed)           0.544     1.047    clk_2
    BUFGCTRL_X0Y0        BUFG (Prop_bufg_I_O)         0.026     1.073 r  BUFG_4/O
                         net (fo=11300, routed)       0.558     1.631    sys_clk
    SLICE_X45Y56         FDRE                                         r  linienmodule_sys_rdata_reg[7]/C
  -------------------------------------------------------------------    -------------------
    SLICE_X45Y56         FDRE (Prop_fdre_C_Q)         0.141     1.772 r  linienmodule_sys_rdata_reg[7]/Q
                         net (fo=1, routed)           0.438     2.210    red_pitaya_scope/i_bridge/axi_rdata_o_reg[7][4]
    SLICE_X29Y56         LUT5 (Prop_lut5_I0_O)        0.045     2.255 r  red_pitaya_scope/i_bridge/axi_rdata_o[7]_i_1/O
                         net (fo=1, routed)           0.000     2.255    axi_slave/D[4]
    SLICE_X29Y56         FDRE                                         r  axi_slave/axi_rdata_o_reg[7]/D
  -------------------------------------------------------------------    -------------------

                         (clock clk_fpga_0 rise edge)
                                                      0.000     0.000 r  
    PS7_X0Y0             PS7                          0.000     0.000 r  system_processing_system7_0_0/inst/PS7_i/FCLKCLK[0]
                         net (fo=1, routed)           0.337     0.337    system_processing_system7_0_0/inst/FCLK_CLK_unbuffered[0]
    BUFGCTRL_X0Y16       BUFG (Prop_bufg_I_O)         0.029     0.366 r  system_processing_system7_0_0/inst/buffer_fclk_clk_0.FCLK_CLK_0_BUFG/O
                         net (fo=244, routed)         0.844     1.210    axi_slave/CLK
    SLICE_X29Y56         FDRE                                         r  axi_slave/axi_rdata_o_reg[7]/C
                         clock pessimism              0.000     1.210    
                         clock uncertainty            0.235     1.445    
    SLICE_X29Y56         FDRE (Hold_fdre_C_D)         0.091     1.536    axi_slave/axi_rdata_o_reg[7]
  -------------------------------------------------------------------
                         required time                         -1.536    
                         arrival time                           2.255    
  -------------------------------------------------------------------
                         slack                                  0.719    

Slack (MET) :             0.732ns  (arrival time - required time)
  Source:                 red_pitaya_scope/set_dly_reg[27]/C
                            (rising edge-triggered cell FDRE clocked by clk_2  {rise@0.000ns fall@4.000ns period=8.000ns})
  Destination:            axi_slave/axi_rdata_o_reg[27]/D
                            (rising edge-triggered cell FDRE clocked by clk_fpga_0  {rise@0.000ns fall@4.000ns period=8.000ns})
  Path Group:             clk_fpga_0
  Path Type:              Hold (Min at Fast Process Corner)
  Requirement:            0.000ns  (clk_fpga_0 rise@0.000ns - clk_2 rise@0.000ns)
  Data Path Delay:        0.652ns  (logic 0.209ns (32.037%)  route 0.443ns (67.963%))
  Logic Levels:           1  (LUT6=1)
  Clock Path Skew:        -0.435ns (DCD - SCD - CPR)
    Destination Clock Delay (DCD):    1.277ns
    Source Clock Delay      (SCD):    1.712ns
    Clock Pessimism Removal (CPR):    -0.000ns
  Clock Uncertainty:      0.235ns  ((TSJ^2 + TIJ^2 + DJ^2)^1/2) / 2 + PE
    Total System Jitter     (TSJ):    0.071ns
    Total Input Jitter      (TIJ):    0.240ns
    Discrete Jitter          (DJ):    0.118ns
    Phase Error              (PE):    0.097ns
  Clock Domain Crossing:  Inter clock paths are considered valid unless explicitly excluded by timing constraints such as set_clock_groups or set_false_path.

    Location             Delay type                Incr(ns)  Path(ns)    Netlist Resource(s)
  -------------------------------------------------------------------    -------------------
                         (clock clk_2 rise edge)      0.000     0.000 r  
    U18                                               0.000     0.000 r  clk125_p (IN)
                         net (fo=0)                   0.000     0.000    clk125_p
    U18                  IBUFDS (Prop_ibufds_I_O)     0.370     0.370 r  IBUFGDS/O
                         net (fo=1, routed)           0.674     1.044    clk_adci
    BUFGCTRL_X0Y17       BUFG (Prop_bufg_I_O)         0.027     1.071 r  BUFG/O
                         net (fo=1, routed)           0.602     1.673    clk_adcb
    PLLE2_ADV_X1Y0       PLLE2_ADV (Prop_plle2_adv_CLKIN1_CLKOUT2)
                                                     -1.169     0.503 r  PLLE2_BASE/CLKOUT2
                         net (fo=1, routed)           0.544     1.047    clk_2
    BUFGCTRL_X0Y0        BUFG (Prop_bufg_I_O)         0.026     1.073 r  BUFG_4/O
                         net (fo=11300, routed)       0.639     1.712    red_pitaya_scope/sys_clk
    SLICE_X32Y112        FDRE                                         r  red_pitaya_scope/set_dly_reg[27]/C
  -------------------------------------------------------------------    -------------------
    SLICE_X32Y112        FDRE (Prop_fdre_C_Q)         0.164     1.876 r  red_pitaya_scope/set_dly_reg[27]/Q
                         net (fo=2, routed)           0.443     2.320    red_pitaya_scope/i_bridge/axi_rdata_o_reg[31][27]
    SLICE_X32Y103        LUT6 (Prop_lut6_I1_O)        0.045     2.365 r  red_pitaya_scope/i_bridge/axi_rdata_o[27]_i_1/O
                         net (fo=1, routed)           0.000     2.365    axi_slave/D[24]
    SLICE_X32Y103        FDRE                                         r  axi_slave/axi_rdata_o_reg[27]/D
  -------------------------------------------------------------------    -------------------

                         (clock clk_fpga_0 rise edge)
                                                      0.000     0.000 r  
    PS7_X0Y0             PS7                          0.000     0.000 r  system_processing_system7_0_0/inst/PS7_i/FCLKCLK[0]
                         net (fo=1, routed)           0.337     0.337    system_processing_system7_0_0/inst/FCLK_CLK_unbuffered[0]
    BUFGCTRL_X0Y16       BUFG (Prop_bufg_I_O)         0.029     0.366 r  system_processing_system7_0_0/inst/buffer_fclk_clk_0.FCLK_CLK_0_BUFG/O
                         net (fo=244, routed)         0.911     1.277    axi_slave/CLK
    SLICE_X32Y103        FDRE                                         r  axi_slave/axi_rdata_o_reg[27]/C
                         clock pessimism              0.000     1.277    
                         clock uncertainty            0.235     1.512    
    SLICE_X32Y103        FDRE (Hold_fdre_C_D)         0.120     1.632    axi_slave/axi_rdata_o_reg[27]
  -------------------------------------------------------------------
                         required time                         -1.632    
                         arrival time                           2.365    
  -------------------------------------------------------------------
                         slack                                  0.732    

Slack (MET) :             0.741ns  (arrival time - required time)
  Source:                 red_pitaya_scope/set_a_filt_pp_reg[15]/C
                            (rising edge-triggered cell FDRE clocked by clk_2  {rise@0.000ns fall@4.000ns period=8.000ns})
  Destination:            axi_slave/axi_rdata_o_reg[15]/D
                            (rising edge-triggered cell FDRE clocked by clk_fpga_0  {rise@0.000ns fall@4.000ns period=8.000ns})
  Path Group:             clk_fpga_0
  Path Type:              Hold (Min at Fast Process Corner)
  Requirement:            0.000ns  (clk_fpga_0 rise@0.000ns - clk_2 rise@0.000ns)
  Data Path Delay:        0.633ns  (logic 0.231ns (36.510%)  route 0.402ns (63.490%))
  Logic Levels:           2  (LUT4=1 LUT5=1)
  Clock Path Skew:        -0.434ns (DCD - SCD - CPR)
    Destination Clock Delay (DCD):    1.293ns
    Source Clock Delay      (SCD):    1.727ns
    Clock Pessimism Removal (CPR):    -0.000ns
  Clock Uncertainty:      0.235ns  ((TSJ^2 + TIJ^2 + DJ^2)^1/2) / 2 + PE
    Total System Jitter     (TSJ):    0.071ns
    Total Input Jitter      (TIJ):    0.240ns
    Discrete Jitter          (DJ):    0.118ns
    Phase Error              (PE):    0.097ns
  Clock Domain Crossing:  Inter clock paths are considered valid unless explicitly excluded by timing constraints such as set_clock_groups or set_false_path.

    Location             Delay type                Incr(ns)  Path(ns)    Netlist Resource(s)
  -------------------------------------------------------------------    -------------------
                         (clock clk_2 rise edge)      0.000     0.000 r  
    U18                                               0.000     0.000 r  clk125_p (IN)
                         net (fo=0)                   0.000     0.000    clk125_p
    U18                  IBUFDS (Prop_ibufds_I_O)     0.370     0.370 r  IBUFGDS/O
                         net (fo=1, routed)           0.674     1.044    clk_adci
    BUFGCTRL_X0Y17       BUFG (Prop_bufg_I_O)         0.027     1.071 r  BUFG/O
                         net (fo=1, routed)           0.602     1.673    clk_adcb
    PLLE2_ADV_X1Y0       PLLE2_ADV (Prop_plle2_adv_CLKIN1_CLKOUT2)
                                                     -1.169     0.503 r  PLLE2_BASE/CLKOUT2
                         net (fo=1, routed)           0.544     1.047    clk_2
    BUFGCTRL_X0Y0        BUFG (Prop_bufg_I_O)         0.026     1.073 r  BUFG_4/O
                         net (fo=11300, routed)       0.654     1.727    red_pitaya_scope/sys_clk
    SLICE_X27Y112        FDRE                                         r  red_pitaya_scope/set_a_filt_pp_reg[15]/C
  -------------------------------------------------------------------    -------------------
    SLICE_X27Y112        FDRE (Prop_fdre_C_Q)         0.141     1.868 r  red_pitaya_scope/set_a_filt_pp_reg[15]/Q
                         net (fo=1, routed)           0.104     1.972    red_pitaya_scope/i_bridge/axi_rdata_o_reg[24]_1[15]
    SLICE_X27Y111        LUT4 (Prop_lut4_I0_O)        0.045     2.017 r  red_pitaya_scope/i_bridge/i_3_LOPT_REMAP_3/O
                         net (fo=1, routed)           0.298     2.315    red_pitaya_scope/i_bridge/i_3/O_n_3
    SLICE_X27Y111        LUT5 (Prop_lut5_I4_O)        0.045     2.360 r  red_pitaya_scope/i_bridge/i_0_LOPT_REMAP_3/O
                         net (fo=1, routed)           0.000     2.360    axi_slave/D[12]
    SLICE_X27Y111        FDRE                                         r  axi_slave/axi_rdata_o_reg[15]/D
  -------------------------------------------------------------------    -------------------

                         (clock clk_fpga_0 rise edge)
                                                      0.000     0.000 r  
    PS7_X0Y0             PS7                          0.000     0.000 r  system_processing_system7_0_0/inst/PS7_i/FCLKCLK[0]
                         net (fo=1, routed)           0.337     0.337    system_processing_system7_0_0/inst/FCLK_CLK_unbuffered[0]
    BUFGCTRL_X0Y16       BUFG (Prop_bufg_I_O)         0.029     0.366 r  system_processing_system7_0_0/inst/buffer_fclk_clk_0.FCLK_CLK_0_BUFG/O
                         net (fo=244, routed)         0.927     1.293    axi_slave/CLK
    SLICE_X27Y111        FDRE                                         r  axi_slave/axi_rdata_o_reg[15]/C
                         clock pessimism              0.000     1.293    
                         clock uncertainty            0.235     1.528    
    SLICE_X27Y111        FDRE (Hold_fdre_C_D)         0.091     1.619    axi_slave/axi_rdata_o_reg[15]
  -------------------------------------------------------------------
                         required time                         -1.619    
                         arrival time                           2.360    
  -------------------------------------------------------------------
                         slack                                  0.741    

Slack (MET) :             0.744ns  (arrival time - required time)
  Source:                 red_pitaya_scope/set_dec_reg[26]/C
                            (rising edge-triggered cell FDRE clocked by clk_2  {rise@0.000ns fall@4.000ns period=8.000ns})
  Destination:            axi_slave/axi_rdata_o_reg[26]/D
                            (rising edge-triggered cell FDRE clocked by clk_fpga_0  {rise@0.000ns fall@4.000ns period=8.000ns})
  Path Group:             clk_fpga_0
  Path Type:              Hold (Min at Fast Process Corner)
  Requirement:            0.000ns  (clk_fpga_0 rise@0.000ns - clk_2 rise@0.000ns)
  Data Path Delay:        0.654ns  (logic 0.209ns (31.951%)  route 0.445ns (68.049%))
  Logic Levels:           1  (LUT6=1)
  Clock Path Skew:        -0.417ns (DCD - SCD - CPR)
    Destination Clock Delay (DCD):    1.296ns
    Source Clock Delay      (SCD):    1.713ns
    Clock Pessimism Removal (CPR):    -0.000ns
  Clock Uncertainty:      0.235ns  ((TSJ^2 + TIJ^2 + DJ^2)^1/2) / 2 + PE
    Total System Jitter     (TSJ):    0.071ns
    Total Input Jitter      (TIJ):    0.240ns
    Discrete Jitter          (DJ):    0.118ns
    Phase Error              (PE):    0.097ns
  Clock Domain Crossing:  Inter clock paths are considered valid unless explicitly excluded by timing constraints such as set_clock_groups or set_false_path.

    Location             Delay type                Incr(ns)  Path(ns)    Netlist Resource(s)
  -------------------------------------------------------------------    -------------------
                         (clock clk_2 rise edge)      0.000     0.000 r  
    U18                                               0.000     0.000 r  clk125_p (IN)
                         net (fo=0)                   0.000     0.000    clk125_p
    U18                  IBUFDS (Prop_ibufds_I_O)     0.370     0.370 r  IBUFGDS/O
                         net (fo=1, routed)           0.674     1.044    clk_adci
    BUFGCTRL_X0Y17       BUFG (Prop_bufg_I_O)         0.027     1.071 r  BUFG/O
                         net (fo=1, routed)           0.602     1.673    clk_adcb
    PLLE2_ADV_X1Y0       PLLE2_ADV (Prop_plle2_adv_CLKIN1_CLKOUT2)
                                                     -1.169     0.503 r  PLLE2_BASE/CLKOUT2
                         net (fo=1, routed)           0.544     1.047    clk_2
    BUFGCTRL_X0Y0        BUFG (Prop_bufg_I_O)         0.026     1.073 r  BUFG_4/O
                         net (fo=11300, routed)       0.640     1.713    red_pitaya_scope/sys_clk
    SLICE_X32Y111        FDRE                                         r  red_pitaya_scope/set_dec_reg[26]/C
  -------------------------------------------------------------------    -------------------
    SLICE_X32Y111        FDRE (Prop_fdre_C_Q)         0.164     1.877 r  red_pitaya_scope/set_dec_reg[26]/Q
                         net (fo=12, routed)          0.445     2.322    red_pitaya_scope/i_bridge/axi_rdata_o_reg[31]_0[26]
    SLICE_X31Y104        LUT6 (Prop_lut6_I3_O)        0.045     2.367 r  red_pitaya_scope/i_bridge/axi_rdata_o[26]_i_1/O
                         net (fo=1, routed)           0.000     2.367    axi_slave/D[23]
    SLICE_X31Y104        FDRE                                         r  axi_slave/axi_rdata_o_reg[26]/D
  -------------------------------------------------------------------    -------------------

                         (clock clk_fpga_0 rise edge)
                                                      0.000     0.000 r  
    PS7_X0Y0             PS7                          0.000     0.000 r  system_processing_system7_0_0/inst/PS7_i/FCLKCLK[0]
                         net (fo=1, routed)           0.337     0.337    system_processing_system7_0_0/inst/FCLK_CLK_unbuffered[0]
    BUFGCTRL_X0Y16       BUFG (Prop_bufg_I_O)         0.029     0.366 r  system_processing_system7_0_0/inst/buffer_fclk_clk_0.FCLK_CLK_0_BUFG/O
                         net (fo=244, routed)         0.930     1.296    axi_slave/CLK
    SLICE_X31Y104        FDRE                                         r  axi_slave/axi_rdata_o_reg[26]/C
                         clock pessimism              0.000     1.296    
                         clock uncertainty            0.235     1.531    
    SLICE_X31Y104        FDRE (Hold_fdre_C_D)         0.092     1.623    axi_slave/axi_rdata_o_reg[26]
  -------------------------------------------------------------------
                         required time                         -1.623    
                         arrival time                           2.367    
  -------------------------------------------------------------------
                         slack                                  0.744    

Slack (MET) :             0.760ns  (arrival time - required time)
  Source:                 red_pitaya_scope/set_dly_reg[25]/C
                            (rising edge-triggered cell FDRE clocked by clk_2  {rise@0.000ns fall@4.000ns period=8.000ns})
  Destination:            axi_slave/axi_rdata_o_reg[25]/D
                            (rising edge-triggered cell FDRE clocked by clk_fpga_0  {rise@0.000ns fall@4.000ns period=8.000ns})
  Path Group:             clk_fpga_0
  Path Type:              Hold (Min at Fast Process Corner)
  Requirement:            0.000ns  (clk_fpga_0 rise@0.000ns - clk_2 rise@0.000ns)
  Data Path Delay:        0.565ns  (logic 0.186ns (32.932%)  route 0.379ns (67.068%))
  Logic Levels:           1  (LUT6=1)
  Clock Path Skew:        -0.521ns (DCD - SCD - CPR)
    Destination Clock Delay (DCD):    1.211ns
    Source Clock Delay      (SCD):    1.732ns
    Clock Pessimism Removal (CPR):    -0.000ns
  Clock Uncertainty:      0.235ns  ((TSJ^2 + TIJ^2 + DJ^2)^1/2) / 2 + PE
    Total System Jitter     (TSJ):    0.071ns
    Total Input Jitter      (TIJ):    0.240ns
    Discrete Jitter          (DJ):    0.118ns
    Phase Error              (PE):    0.097ns
  Clock Domain Crossing:  Inter clock paths are considered valid unless explicitly excluded by timing constraints such as set_clock_groups or set_false_path.

    Location             Delay type                Incr(ns)  Path(ns)    Netlist Resource(s)
  -------------------------------------------------------------------    -------------------
                         (clock clk_2 rise edge)      0.000     0.000 r  
    U18                                               0.000     0.000 r  clk125_p (IN)
                         net (fo=0)                   0.000     0.000    clk125_p
    U18                  IBUFDS (Prop_ibufds_I_O)     0.370     0.370 r  IBUFGDS/O
                         net (fo=1, routed)           0.674     1.044    clk_adci
    BUFGCTRL_X0Y17       BUFG (Prop_bufg_I_O)         0.027     1.071 r  BUFG/O
                         net (fo=1, routed)           0.602     1.673    clk_adcb
    PLLE2_ADV_X1Y0       PLLE2_ADV (Prop_plle2_adv_CLKIN1_CLKOUT2)
                                                     -1.169     0.503 r  PLLE2_BASE/CLKOUT2
                         net (fo=1, routed)           0.544     1.047    clk_2
    BUFGCTRL_X0Y0        BUFG (Prop_bufg_I_O)         0.026     1.073 r  BUFG_4/O
                         net (fo=11300, routed)       0.659     1.732    red_pitaya_scope/sys_clk
    SLICE_X31Y109        FDRE                                         r  red_pitaya_scope/set_dly_reg[25]/C
  -------------------------------------------------------------------    -------------------
    SLICE_X31Y109        FDRE (Prop_fdre_C_Q)         0.141     1.873 r  red_pitaya_scope/set_dly_reg[25]/Q
                         net (fo=2, routed)           0.379     2.252    red_pitaya_scope/i_bridge/axi_rdata_o_reg[31][25]
    SLICE_X31Y98         LUT6 (Prop_lut6_I1_O)        0.045     2.297 r  red_pitaya_scope/i_bridge/axi_rdata_o[25]_i_1/O
                         net (fo=1, routed)           0.000     2.297    axi_slave/D[22]
    SLICE_X31Y98         FDRE                                         r  axi_slave/axi_rdata_o_reg[25]/D
  -------------------------------------------------------------------    -------------------

                         (clock clk_fpga_0 rise edge)
                                                      0.000     0.000 r  
    PS7_X0Y0             PS7                          0.000     0.000 r  system_processing_system7_0_0/inst/PS7_i/FCLKCLK[0]
                         net (fo=1, routed)           0.337     0.337    system_processing_system7_0_0/inst/FCLK_CLK_unbuffered[0]
    BUFGCTRL_X0Y16       BUFG (Prop_bufg_I_O)         0.029     0.366 r  system_processing_system7_0_0/inst/buffer_fclk_clk_0.FCLK_CLK_0_BUFG/O
                         net (fo=244, routed)         0.845     1.211    axi_slave/CLK
    SLICE_X31Y98         FDRE                                         r  axi_slave/axi_rdata_o_reg[25]/C
                         clock pessimism              0.000     1.211    
                         clock uncertainty            0.235     1.446    
    SLICE_X31Y98         FDRE (Hold_fdre_C_D)         0.091     1.537    axi_slave/axi_rdata_o_reg[25]
  -------------------------------------------------------------------
                         required time                         -1.537    
                         arrival time                           2.297    
  -------------------------------------------------------------------
                         slack                                  0.760    





------------------------------------------------------------------------------------------------
| Data sheet
| ----------
------------------------------------------------------------------------------------------------

Input Ports Setup/Hold

----------+----------------+---------+-------+---------------+---------+---------------+---------+----------+
Reference | Input          | IO Reg  | Delay |     Setup(ns) | Process |      Hold(ns) | Process | Internal |
Clock     | Port           | Type    | Type  | to Clk (Edge) | Corner  | to Clk (Edge) | Corner  | Clock    |
----------+----------------+---------+-------+---------------+---------+---------------+---------+----------+
clk125_p  | adc_data_a[2]  | FDRE    | -     |    -0.023 (r) | FAST    |     2.573 (r) | SLOW    | clk_2    |
clk125_p  | adc_data_a[3]  | FDRE    | -     |    -0.291 (r) | FAST    |     3.062 (r) | SLOW    | clk_2    |
clk125_p  | adc_data_a[4]  | FDRE    | -     |     0.248 (r) | FAST    |     2.098 (r) | SLOW    | clk_2    |
clk125_p  | adc_data_a[5]  | FDRE    | -     |    -0.041 (r) | FAST    |     2.608 (r) | SLOW    | clk_2    |
clk125_p  | adc_data_a[6]  | FDRE    | -     |     0.170 (r) | FAST    |     2.323 (r) | SLOW    | clk_2    |
clk125_p  | adc_data_a[7]  | FDRE    | -     |    -0.114 (r) | FAST    |     2.734 (r) | SLOW    | clk_2    |
clk125_p  | adc_data_a[8]  | FDRE    | -     |     0.016 (r) | FAST    |     2.532 (r) | SLOW    | clk_2    |
clk125_p  | adc_data_a[9]  | FDRE    | -     |     0.008 (r) | FAST    |     2.568 (r) | SLOW    | clk_2    |
clk125_p  | adc_data_a[10] | FDRE    | -     |     0.135 (r) | FAST    |     2.441 (r) | SLOW    | clk_2    |
clk125_p  | adc_data_a[11] | FDRE    | -     |     0.022 (r) | FAST    |     2.505 (r) | SLOW    | clk_2    |
clk125_p  | adc_data_a[12] | FDRE    | -     |     0.003 (r) | FAST    |     2.513 (r) | SLOW    | clk_2    |
clk125_p  | adc_data_a[13] | FDRE    | -     |    -0.180 (r) | FAST    |     2.933 (r) | SLOW    | clk_2    |
clk125_p  | adc_data_a[14] | FDRE    | -     |    -0.114 (r) | FAST    |     2.844 (r) | SLOW    | clk_2    |
clk125_p  | adc_data_a[15] | FDRE    | -     |    -0.225 (r) | FAST    |     2.823 (r) | SLOW    | clk_2    |
clk125_p  | adc_data_b[2]  | FDRE    | -     |     0.439 (r) | FAST    |     1.816 (r) | SLOW    | clk_2    |
clk125_p  | adc_data_b[3]  | FDRE    | -     |     0.526 (r) | FAST    |     1.558 (r) | SLOW    | clk_2    |
clk125_p  | adc_data_b[4]  | FDRE    | -     |     0.418 (r) | FAST    |     1.814 (r) | SLOW    | clk_2    |
clk125_p  | adc_data_b[5]  | FDRE    | -     |     0.464 (r) | FAST    |     1.774 (r) | SLOW    | clk_2    |
clk125_p  | adc_data_b[6]  | FDRE    | -     |     0.649 (r) | FAST    |     1.440 (r) | SLOW    | clk_2    |
clk125_p  | adc_data_b[7]  | FDRE    | -     |     0.667 (r) | FAST    |     1.378 (r) | SLOW    | clk_2    |
clk125_p  | adc_data_b[8]  | FDRE    | -     |     0.584 (r) | FAST    |     1.654 (r) | SLOW    | clk_2    |
clk125_p  | adc_data_b[9]  | FDRE    | -     |     0.643 (r) | FAST    |     1.604 (r) | SLOW    | clk_2    |
clk125_p  | adc_data_b[10] | FDRE    | -     |     0.650 (r) | FAST    |     1.467 (r) | SLOW    | clk_2    |
clk125_p  | adc_data_b[11] | FDRE    | -     |     0.567 (r) | FAST    |     1.567 (r) | SLOW    | clk_2    |
clk125_p  | adc_data_b[12] | FDRE    | -     |     0.444 (r) | FAST    |     1.793 (r) | SLOW    | clk_2    |
clk125_p  | adc_data_b[13] | FDRE    | -     |     0.593 (r) | FAST    |     1.663 (r) | SLOW    | clk_2    |
clk125_p  | adc_data_b[14] | FDRE    | -     |     0.516 (r) | FAST    |     1.659 (r) | SLOW    | clk_2    |
clk125_p  | adc_data_b[15] | FDRE    | -     |     0.531 (r) | FAST    |     1.624 (r) | SLOW    | clk_2    |
clk125_p  | exp_n[0]       | FDRE    | -     |     0.123 (r) | FAST    |     1.867 (r) | SLOW    | clk_2    |
clk125_p  | exp_n[1]       | FDRE    | -     |     0.187 (r) | FAST    |     1.764 (r) | SLOW    | clk_2    |
clk125_p  | exp_n[2]       | FDRE    | -     |     0.178 (r) | FAST    |     1.825 (r) | SLOW    | clk_2    |
clk125_p  | exp_n[3]       | FDRE    | -     |     0.508 (r) | FAST    |     1.261 (r) | SLOW    | clk_2    |
clk125_p  | exp_n[4]       | FDRE    | -     |     0.101 (r) | FAST    |     1.959 (r) | SLOW    | clk_2    |
clk125_p  | exp_n[5]       | FDRE    | -     |     0.419 (r) | FAST    |     1.513 (r) | SLOW    | clk_2    |
clk125_p  | exp_n[6]       | FDRE    | -     |     0.187 (r) | FAST    |     1.723 (r) | SLOW    | clk_2    |
clk125_p  | exp_n[7]       | FDRE    | -     |     0.177 (r) | FAST    |     1.833 (r) | SLOW    | clk_2    |
clk125_p  | exp_p[0]       | FDRE    | -     |     0.235 (r) | FAST    |     1.697 (r) | SLOW    | clk_2    |
clk125_p  | exp_p[1]       | FDRE    | -     |     0.390 (r) | FAST    |     1.413 (r) | SLOW    | clk_2    |
clk125_p  | exp_p[2]       | FDRE    | -     |     0.232 (r) | FAST    |     1.698 (r) | SLOW    | clk_2    |
clk125_p  | exp_p[3]       | FDRE    | -     |     0.366 (r) | FAST    |     1.469 (r) | SLOW    | clk_2    |
clk125_p  | exp_p[4]       | FDRE    | -     |     0.179 (r) | FAST    |     1.775 (r) | SLOW    | clk_2    |
clk125_p  | exp_p[5]       | FDRE    | -     |     0.460 (r) | FAST    |     1.435 (r) | SLOW    | clk_2    |
clk125_p  | exp_p[6]       | FDRE    | -     |     0.047 (r) | FAST    |     2.035 (r) | SLOW    | clk_2    |
clk125_p  | exp_p[7]       | FDRE    | -     |     0.016 (r) | FAST    |     2.111 (r) | SLOW    | clk_2    |
----------+----------------+---------+-------+---------------+---------+---------------+---------+----------+


Output Ports Clock-to-out

----------+--------------+-----------+-------+----------------+---------+----------------+---------+----------+
Reference | Output       | IO Reg    | Delay | Max Clk (Edge) | Process | Min Clk (Edge) | Process | Internal |
Clock     | Port         | Type      | Type  |    to port(ns) | Corner  |    to port(ns) | Corner  | Clock    |
----------+--------------+-----------+-------+----------------+---------+----------------+---------+----------+
clk125_p  | dac_clk      | ODDR (IO) | -     |      9.219 (r) | SLOW    |      3.224 (r) | FAST    | clk_1    |
clk125_p  | dac_clk      | ODDR (IO) | -     |      9.219 (f) | SLOW    |      3.224 (f) | FAST    | clk_1    |
clk125_p  | dac_wrt      | ODDR (IO) | -     |      9.232 (r) | SLOW    |      3.237 (r) | FAST    | clk_1    |
clk125_p  | dac_wrt      | ODDR (IO) | -     |      9.232 (f) | SLOW    |      3.237 (f) | FAST    | clk_1    |
clk125_p  | pwm          | FDRE      | -     |     10.792 (r) | SLOW    |      3.595 (r) | FAST    | clk_1    |
clk125_p  | pwm_1        | FDRE      | -     |     10.737 (r) | SLOW    |      3.473 (r) | FAST    | clk_1    |
clk125_p  | pwm_2        | FDRE      | -     |     11.862 (r) | SLOW    |      4.069 (r) | FAST    | clk_1    |
clk125_p  | pwm_3        | FDRE      | -     |     10.900 (r) | SLOW    |      3.673 (r) | FAST    | clk_1    |
clk125_p  | dac_data[0]  | ODDR (IO) | -     |     10.277 (r) | SLOW    |      4.791 (r) | FAST    | clk_2    |
clk125_p  | dac_data[0]  | ODDR (IO) | -     |     10.277 (f) | SLOW    |      4.791 (f) | FAST    | clk_2    |
clk125_p  | dac_data[1]  | ODDR (IO) | -     |     10.287 (r) | SLOW    |      4.800 (r) | FAST    | clk_2    |
clk125_p  | dac_data[1]  | ODDR (IO) | -     |     10.287 (f) | SLOW    |      4.800 (f) | FAST    | clk_2    |
clk125_p  | dac_data[2]  | ODDR (IO) | -     |     10.248 (r) | SLOW    |      4.764 (r) | FAST    | clk_2    |
clk125_p  | dac_data[2]  | ODDR (IO) | -     |     10.248 (f) | SLOW    |      4.764 (f) | FAST    | clk_2    |
clk125_p  | dac_data[3]  | ODDR (IO) | -     |     10.254 (r) | SLOW    |      4.769 (r) | FAST    | clk_2    |
clk125_p  | dac_data[3]  | ODDR (IO) | -     |     10.254 (f) | SLOW    |      4.769 (f) | FAST    | clk_2    |
clk125_p  | dac_data[4]  | ODDR (IO) | -     |     10.247 (r) | SLOW    |      4.765 (r) | FAST    | clk_2    |
clk125_p  | dac_data[4]  | ODDR (IO) | -     |     10.247 (f) | SLOW    |      4.765 (f) | FAST    | clk_2    |
clk125_p  | dac_data[5]  | ODDR (IO) | -     |     10.246 (r) | SLOW    |      4.764 (r) | FAST    | clk_2    |
clk125_p  | dac_data[5]  | ODDR (IO) | -     |     10.246 (f) | SLOW    |      4.764 (f) | FAST    | clk_2    |
clk125_p  | dac_data[6]  | ODDR (IO) | -     |     10.216 (r) | SLOW    |      4.731 (r) | FAST    | clk_2    |
clk125_p  | dac_data[6]  | ODDR (IO) | -     |     10.216 (f) | SLOW    |      4.731 (f) | FAST    | clk_2    |
clk125_p  | dac_data[7]  | ODDR (IO) | -     |     10.213 (r) | SLOW    |      4.728 (r) | FAST    | clk_2    |
clk125_p  | dac_data[7]  | ODDR (IO) | -     |     10.213 (f) | SLOW    |      4.728 (f) | FAST    | clk_2    |
clk125_p  | dac_data[8]  | ODDR (IO) | -     |     10.197 (r) | SLOW    |      4.711 (r) | FAST    | clk_2    |
clk125_p  | dac_data[8]  | ODDR (IO) | -     |     10.197 (f) | SLOW    |      4.711 (f) | FAST    | clk_2    |
clk125_p  | dac_data[9]  | ODDR (IO) | -     |     10.197 (r) | SLOW    |      4.711 (r) | FAST    | clk_2    |
clk125_p  | dac_data[9]  | ODDR (IO) | -     |     10.197 (f) | SLOW    |      4.711 (f) | FAST    | clk_2    |
clk125_p  | dac_data[10] | ODDR (IO) | -     |     10.190 (r) | SLOW    |      4.708 (r) | FAST    | clk_2    |
clk125_p  | dac_data[10] | ODDR (IO) | -     |     10.190 (f) | SLOW    |      4.708 (f) | FAST    | clk_2    |
clk125_p  | dac_data[11] | ODDR (IO) | -     |     10.195 (r) | SLOW    |      4.713 (r) | FAST    | clk_2    |
clk125_p  | dac_data[11] | ODDR (IO) | -     |     10.195 (f) | SLOW    |      4.713 (f) | FAST    | clk_2    |
clk125_p  | dac_data[12] | ODDR (IO) | -     |     10.213 (r) | SLOW    |      4.725 (r) | FAST    | clk_2    |
clk125_p  | dac_data[12] | ODDR (IO) | -     |     10.213 (f) | SLOW    |      4.725 (f) | FAST    | clk_2    |
clk125_p  | dac_data[13] | ODDR (IO) | -     |     10.212 (r) | SLOW    |      4.724 (r) | FAST    | clk_2    |
clk125_p  | dac_data[13] | ODDR (IO) | -     |     10.212 (f) | SLOW    |      4.724 (f) | FAST    | clk_2    |
clk125_p  | dac_rst      | FDRE      | -     |     10.904 (r) | SLOW    |      3.518 (r) | FAST    | clk_2    |
clk125_p  | dac_sel      | ODDR (IO) | -     |      9.204 (r) | SLOW    |      3.193 (r) | FAST    | clk_2    |
clk125_p  | dac_sel      | ODDR (IO) | -     |      9.204 (f) | SLOW    |      3.193 (f) | FAST    | clk_2    |
clk125_p  | exp_n[0]     | FDRE      | -     |     13.215 (r) | SLOW    |      3.927 (r) | FAST    | clk_2    |
clk125_p  | exp_n[1]     | FDRE      | -     |     14.128 (r) | SLOW    |      4.035 (r) | FAST    | clk_2    |
clk125_p  | exp_n[2]     | FDRE      | -     |     13.394 (r) | SLOW    |      4.039 (r) | FAST    | clk_2    |
clk125_p  | exp_n[3]     | FDRE      | -     |     13.515 (r) | SLOW    |      4.112 (r) | FAST    | clk_2    |
clk125_p  | exp_n[4]     | FDRE      | -     |     13.107 (r) | SLOW    |      3.876 (r) | FAST    | clk_2    |
clk125_p  | exp_n[5]     | FDRE      | -     |     14.436 (r) | SLOW    |      4.054 (r) | FAST    | clk_2    |
clk125_p  | exp_n[6]     | FDRE      | -     |     13.468 (r) | SLOW    |      3.909 (r) | FAST    | clk_2    |
clk125_p  | exp_n[7]     | FDRE      | -     |     13.478 (r) | SLOW    |      3.726 (r) | FAST    | clk_2    |
clk125_p  | exp_p[0]     | FDSE      | -     |     12.788 (r) | SLOW    |      3.973 (r) | FAST    | clk_2    |
clk125_p  | exp_p[1]     | FDRE      | -     |     12.758 (r) | SLOW    |      3.862 (r) | FAST    | clk_2    |
clk125_p  | exp_p[2]     | FDSE      | -     |     13.075 (r) | SLOW    |      4.088 (r) | FAST    | clk_2    |
clk125_p  | exp_p[3]     | FDRE      | -     |     12.903 (r) | SLOW    |      3.942 (r) | FAST    | clk_2    |
clk125_p  | exp_p[4]     | FDSE      | -     |     12.879 (r) | SLOW    |      3.970 (r) | FAST    | clk_2    |
clk125_p  | exp_p[5]     | FDRE      | -     |     14.082 (r) | SLOW    |      4.205 (r) | FAST    | clk_2    |
clk125_p  | exp_p[6]     | FDSE      | -     |     12.723 (r) | SLOW    |      3.904 (r) | FAST    | clk_2    |
clk125_p  | exp_p[7]     | FDSE      | -     |     12.480 (r) | SLOW    |      3.823 (r) | FAST    | clk_2    |
clk125_p  | user_led     | FDRE      | -     |     16.172 (r) | SLOW    |      6.426 (r) | FAST    | clk_2    |
clk125_p  | user_led_1   | FDRE      | -     |     17.101 (r) | SLOW    |      6.694 (r) | FAST    | clk_2    |
clk125_p  | user_led_2   | FDRE      | -     |     15.285 (r) | SLOW    |      6.165 (r) | FAST    | clk_2    |
clk125_p  | user_led_3   | FDRE      | -     |     15.863 (r) | SLOW    |      6.020 (r) | FAST    | clk_2    |
clk125_p  | user_led_4   | FDRE      | -     |     16.212 (r) | SLOW    |      6.139 (r) | FAST    | clk_2    |
clk125_p  | user_led_5   | FDRE      | -     |     17.506 (r) | SLOW    |      6.636 (r) | FAST    | clk_2    |
----------+--------------+-----------+-------+----------------+---------+----------------+---------+----------+


Setup between Clocks

-----------+-------------+---------------+---------+---------------+---------+---------------+---------+---------------+---------+
Source     | Destination |  Src:Rise     | Process |  Src:Rise     | Process |  Src:Fall     | Process |  Src:Fall     | Process |
Clock      | Clock       | Dest:Rise(ns) | Corner  | Dest:Fall(ns) | Corner  | Dest:Rise(ns) | Corner  | Dest:Fall(ns) | Corner  |
-----------+-------------+---------------+---------+---------------+---------+---------------+---------+---------------+---------+
clk125_p   | clk125_p    |        13.681 | SLOW    |         3.940 | SLOW    |               |         |               |         |
clk_fpga_0 | clk125_p    |         9.063 | SLOW    |               |         |               |         |               |         |
clk125_p   | clk_fpga_0  |         7.878 | SLOW    |               |         |               |         |               |         |
clk_fpga_0 | clk_fpga_0  |         6.968 | SLOW    |               |         |               |         |               |         |
-----------+-------------+---------------+---------+---------------+---------+---------------+---------+---------------+---------+


Setup / Hold times for input bus
Clocked by: clk125_p
Worst Case Data Window: 3.309 ns
Ideal Clock Offset to Actual Clock: 1.407 ns
-------------------+------------+---------+-------------+---------+-----------+-----------+---------------+
                   |            | Process |             | Process | Setup     |  Hold     | Source Offset |
Source             |  Setup(ns) | Corner  |    Hold(ns) | Corner  | Slack(ns) | Slack(ns) | to Center(ns) |
-------------------+------------+---------+-------------+---------+-----------+-----------+---------------+
adc_data_a[0]      |          - | -       |           - | -       |       inf |       inf |             - |
adc_data_a[1]      |          - | -       |           - | -       |       inf |       inf |             - |
adc_data_a[2]      | -0.023 (r) | FAST    |   2.573 (r) | SLOW    |       inf |       inf |             - |
adc_data_a[3]      | -0.291 (r) | FAST    |   3.062 (r) | SLOW    |       inf |       inf |             - |
adc_data_a[4]      |  0.248 (r) | FAST    |   2.098 (r) | SLOW    |       inf |       inf |             - |
adc_data_a[5]      | -0.041 (r) | FAST    |   2.608 (r) | SLOW    |       inf |       inf |             - |
adc_data_a[6]      |  0.170 (r) | FAST    |   2.323 (r) | SLOW    |       inf |       inf |             - |
adc_data_a[7]      | -0.114 (r) | FAST    |   2.734 (r) | SLOW    |       inf |       inf |             - |
adc_data_a[8]      |  0.016 (r) | FAST    |   2.532 (r) | SLOW    |       inf |       inf |             - |
adc_data_a[9]      |  0.008 (r) | FAST    |   2.568 (r) | SLOW    |       inf |       inf |             - |
adc_data_a[10]     |  0.135 (r) | FAST    |   2.441 (r) | SLOW    |       inf |       inf |             - |
adc_data_a[11]     |  0.022 (r) | FAST    |   2.505 (r) | SLOW    |       inf |       inf |             - |
adc_data_a[12]     |  0.003 (r) | FAST    |   2.513 (r) | SLOW    |       inf |       inf |             - |
adc_data_a[13]     | -0.180 (r) | FAST    |   2.933 (r) | SLOW    |       inf |       inf |             - |
adc_data_a[14]     | -0.114 (r) | FAST    |   2.844 (r) | SLOW    |       inf |       inf |             - |
adc_data_a[15]     | -0.225 (r) | FAST    |   2.823 (r) | SLOW    |       inf |       inf |             - |
-------------------+------------+---------+-------------+---------+-----------+-----------+---------------+
Worst Case Summary |  0.248 (r) | FAST    |   3.062 (r) | SLOW    |       inf |       inf |             - |
-------------------+------------+---------+-------------+---------+-----------+-----------+---------------+



Setup / Hold times for input bus
Clocked by: clk125_p
Worst Case Data Window: 2.483 ns
Ideal Clock Offset to Actual Clock: 0.575 ns
-------------------+------------+---------+-------------+---------+-----------+-----------+---------------+
                   |            | Process |             | Process | Setup     |  Hold     | Source Offset |
Source             |  Setup(ns) | Corner  |    Hold(ns) | Corner  | Slack(ns) | Slack(ns) | to Center(ns) |
-------------------+------------+---------+-------------+---------+-----------+-----------+---------------+
adc_data_b[0]      |          - | -       |           - | -       |       inf |       inf |             - |
adc_data_b[1]      |          - | -       |           - | -       |       inf |       inf |             - |
adc_data_b[2]      |  0.439 (r) | FAST    |   1.816 (r) | SLOW    |       inf |       inf |             - |
adc_data_b[3]      |  0.526 (r) | FAST    |   1.558 (r) | SLOW    |       inf |       inf |             - |
adc_data_b[4]      |  0.418 (r) | FAST    |   1.814 (r) | SLOW    |       inf |       inf |             - |
adc_data_b[5]      |  0.464 (r) | FAST    |   1.774 (r) | SLOW    |       inf |       inf |             - |
adc_data_b[6]      |  0.649 (r) | FAST    |   1.440 (r) | SLOW    |       inf |       inf |             - |
adc_data_b[7]      |  0.667 (r) | FAST    |   1.378 (r) | SLOW    |       inf |       inf |             - |
adc_data_b[8]      |  0.584 (r) | FAST    |   1.654 (r) | SLOW    |       inf |       inf |             - |
adc_data_b[9]      |  0.643 (r) | FAST    |   1.604 (r) | SLOW    |       inf |       inf |             - |
adc_data_b[10]     |  0.650 (r) | FAST    |   1.467 (r) | SLOW    |       inf |       inf |             - |
adc_data_b[11]     |  0.567 (r) | FAST    |   1.567 (r) | SLOW    |       inf |       inf |             - |
adc_data_b[12]     |  0.444 (r) | FAST    |   1.793 (r) | SLOW    |       inf |       inf |             - |
adc_data_b[13]     |  0.593 (r) | FAST    |   1.663 (r) | SLOW    |       inf |       inf |             - |
adc_data_b[14]     |  0.516 (r) | FAST    |   1.659 (r) | SLOW    |       inf |       inf |             - |
adc_data_b[15]     |  0.531 (r) | FAST    |   1.624 (r) | SLOW    |       inf |       inf |             - |
-------------------+------------+---------+-------------+---------+-----------+-----------+---------------+
Worst Case Summary |  0.667 (r) | FAST    |   1.816 (r) | SLOW    |       inf |       inf |             - |
-------------------+------------+---------+-------------+---------+-----------+-----------+---------------+



Setup / Hold times for input bus
Clocked by: clk125_p
Worst Case Data Window: 2.467 ns
Ideal Clock Offset to Actual Clock: 0.726 ns
-------------------+------------+---------+-------------+---------+-----------+-----------+---------------+
                   |            | Process |             | Process | Setup     |  Hold     | Source Offset |
Source             |  Setup(ns) | Corner  |    Hold(ns) | Corner  | Slack(ns) | Slack(ns) | to Center(ns) |
-------------------+------------+---------+-------------+---------+-----------+-----------+---------------+
exp_n[0]           |  0.123 (r) | FAST    |   1.867 (r) | SLOW    |       inf |       inf |             - |
exp_n[1]           |  0.187 (r) | FAST    |   1.764 (r) | SLOW    |       inf |       inf |             - |
exp_n[2]           |  0.178 (r) | FAST    |   1.825 (r) | SLOW    |       inf |       inf |             - |
exp_n[3]           |  0.508 (r) | FAST    |   1.261 (r) | SLOW    |       inf |       inf |             - |
exp_n[4]           |  0.101 (r) | FAST    |   1.959 (r) | SLOW    |       inf |       inf |             - |
exp_n[5]           |  0.419 (r) | FAST    |   1.513 (r) | SLOW    |       inf |       inf |             - |
exp_n[6]           |  0.187 (r) | FAST    |   1.723 (r) | SLOW    |       inf |       inf |             - |
exp_n[7]           |  0.177 (r) | FAST    |   1.833 (r) | SLOW    |       inf |       inf |             - |
-------------------+------------+---------+-------------+---------+-----------+-----------+---------------+
Worst Case Summary |  0.508 (r) | FAST    |   1.959 (r) | SLOW    |       inf |       inf |             - |
-------------------+------------+---------+-------------+---------+-----------+-----------+---------------+



Setup / Hold times for input bus
Clocked by: clk125_p
Worst Case Data Window: 2.571 ns
Ideal Clock Offset to Actual Clock: 0.826 ns
-------------------+------------+---------+-------------+---------+-----------+-----------+---------------+
                   |            | Process |             | Process | Setup     |  Hold     | Source Offset |
Source             |  Setup(ns) | Corner  |    Hold(ns) | Corner  | Slack(ns) | Slack(ns) | to Center(ns) |
-------------------+------------+---------+-------------+---------+-----------+-----------+---------------+
exp_p[0]           |  0.235 (r) | FAST    |   1.697 (r) | SLOW    |       inf |       inf |             - |
exp_p[1]           |  0.390 (r) | FAST    |   1.413 (r) | SLOW    |       inf |       inf |             - |
exp_p[2]           |  0.232 (r) | FAST    |   1.698 (r) | SLOW    |       inf |       inf |             - |
exp_p[3]           |  0.366 (r) | FAST    |   1.469 (r) | SLOW    |       inf |       inf |             - |
exp_p[4]           |  0.179 (r) | FAST    |   1.775 (r) | SLOW    |       inf |       inf |             - |
exp_p[5]           |  0.460 (r) | FAST    |   1.435 (r) | SLOW    |       inf |       inf |             - |
exp_p[6]           |  0.047 (r) | FAST    |   2.035 (r) | SLOW    |       inf |       inf |             - |
exp_p[7]           |  0.016 (r) | FAST    |   2.111 (r) | SLOW    |       inf |       inf |             - |
-------------------+------------+---------+-------------+---------+-----------+-----------+---------------+
Worst Case Summary |  0.460 (r) | FAST    |   2.111 (r) | SLOW    |       inf |       inf |             - |
-------------------+------------+---------+-------------+---------+-----------+-----------+---------------+



Max / Min delays for output bus
Clocked by: clk125_p
Bus Skew: 0.097 ns
-------------------+--------------+---------+-------------+---------+----------+
                   |      Max     | Process |     Min     | Process | Edge     |
Pad                |    Delay(ns) | Corner  |   Delay(ns) | Corner  | Skew(ns) |
-------------------+--------------+---------+-------------+---------+----------+
dac_data[0]        |   10.277 (r) | SLOW    |   4.791 (r) | FAST    |    0.088 |
dac_data[0]        |   10.277 (f) | SLOW    |   4.791 (f) | FAST    |    0.088 |
dac_data[1]        |   10.287 (r) | SLOW    |   4.800 (r) | FAST    |    0.097 |
dac_data[1]        |   10.287 (f) | SLOW    |   4.800 (f) | FAST    |    0.097 |
dac_data[2]        |   10.248 (r) | SLOW    |   4.764 (r) | FAST    |    0.059 |
dac_data[2]        |   10.248 (f) | SLOW    |   4.764 (f) | FAST    |    0.059 |
dac_data[3]        |   10.254 (r) | SLOW    |   4.769 (r) | FAST    |    0.064 |
dac_data[3]        |   10.254 (f) | SLOW    |   4.769 (f) | FAST    |    0.064 |
dac_data[4]        |   10.247 (r) | SLOW    |   4.765 (r) | FAST    |    0.057 |
dac_data[4]        |   10.247 (f) | SLOW    |   4.765 (f) | FAST    |    0.057 |
dac_data[5]        |   10.246 (r) | SLOW    |   4.764 (r) | FAST    |    0.056 |
dac_data[5]        |   10.246 (f) | SLOW    |   4.764 (f) | FAST    |    0.056 |
dac_data[6]        |   10.216 (r) | SLOW    |   4.731 (r) | FAST    |    0.026 |
dac_data[6]        |   10.216 (f) | SLOW    |   4.731 (f) | FAST    |    0.026 |
dac_data[7]        |   10.213 (r) | SLOW    |   4.728 (r) | FAST    |    0.024 |
dac_data[7]        |   10.213 (f) | SLOW    |   4.728 (f) | FAST    |    0.024 |
dac_data[8]        |   10.197 (r) | SLOW    |   4.711 (r) | FAST    |    0.007 |
dac_data[8]        |   10.197 (f) | SLOW    |   4.711 (f) | FAST    |    0.007 |
dac_data[9]        |   10.197 (r) | SLOW    |   4.711 (r) | FAST    |    0.007 |
dac_data[9]        |   10.197 (f) | SLOW    |   4.711 (f) | FAST    |    0.007 |
dac_data[10]       |   10.190 (r) | SLOW    |   4.708 (r) | FAST    |    0.000 |
dac_data[10]       |   10.190 (f) | SLOW    |   4.708 (f) | FAST    |    0.000 |
dac_data[11]       |   10.195 (r) | SLOW    |   4.713 (r) | FAST    |    0.005 |
dac_data[11]       |   10.195 (f) | SLOW    |   4.713 (f) | FAST    |    0.005 |
dac_data[12]       |   10.213 (r) | SLOW    |   4.725 (r) | FAST    |    0.023 |
dac_data[12]       |   10.213 (f) | SLOW    |   4.725 (f) | FAST    |    0.023 |
dac_data[13]       |   10.212 (r) | SLOW    |   4.724 (r) | FAST    |    0.022 |
dac_data[13]       |   10.212 (f) | SLOW    |   4.724 (f) | FAST    |    0.022 |
-------------------+--------------+---------+-------------+---------+----------+
Worst Case Summary |   10.287 (r) | SLOW    |   4.708 (r) | FAST    |    0.097 |
-------------------+--------------+---------+-------------+---------+----------+



Max / Min delays for output bus
Clocked by: clk125_p
Bus Skew: 1.329 ns
-------------------+--------------+---------+-------------+---------+----------+
                   |      Max     | Process |     Min     | Process | Edge     |
Pad                |    Delay(ns) | Corner  |   Delay(ns) | Corner  | Skew(ns) |
-------------------+--------------+---------+-------------+---------+----------+
exp_n[0]           |   13.215 (r) | SLOW    |   3.927 (r) | FAST    |    0.201 |
exp_n[1]           |   14.128 (r) | SLOW    |   4.035 (r) | FAST    |    1.021 |
exp_n[2]           |   13.394 (r) | SLOW    |   4.039 (r) | FAST    |    0.312 |
exp_n[3]           |   13.515 (r) | SLOW    |   4.112 (r) | FAST    |    0.408 |
exp_n[4]           |   13.107 (r) | SLOW    |   3.876 (r) | FAST    |    0.149 |
exp_n[5]           |   14.436 (r) | SLOW    |   4.054 (r) | FAST    |    1.329 |
exp_n[6]           |   13.468 (r) | SLOW    |   3.909 (r) | FAST    |    0.362 |
exp_n[7]           |   13.478 (r) | SLOW    |   3.726 (r) | FAST    |    0.371 |
-------------------+--------------+---------+-------------+---------+----------+
Worst Case Summary |   14.436 (r) | SLOW    |   3.726 (r) | FAST    |    1.329 |
-------------------+--------------+---------+-------------+---------+----------+



Max / Min delays for output bus
Clocked by: clk125_p
Bus Skew: 1.602 ns
-------------------+--------------+---------+-------------+---------+----------+
                   |      Max     | Process |     Min     | Process | Edge     |
Pad                |    Delay(ns) | Corner  |   Delay(ns) | Corner  | Skew(ns) |
-------------------+--------------+---------+-------------+---------+----------+
exp_p[0]           |   12.788 (r) | SLOW    |   3.973 (r) | FAST    |    0.308 |
exp_p[1]           |   12.758 (r) | SLOW    |   3.862 (r) | FAST    |    0.278 |
exp_p[2]           |   13.075 (r) | SLOW    |   4.088 (r) | FAST    |    0.595 |
exp_p[3]           |   12.903 (r) | SLOW    |   3.942 (r) | FAST    |    0.423 |
exp_p[4]           |   12.879 (r) | SLOW    |   3.970 (r) | FAST    |    0.399 |
exp_p[5]           |   14.082 (r) | SLOW    |   4.205 (r) | FAST    |    1.602 |
exp_p[6]           |   12.723 (r) | SLOW    |   3.904 (r) | FAST    |    0.243 |
exp_p[7]           |   12.480 (r) | SLOW    |   3.823 (r) | FAST    |    0.000 |
-------------------+--------------+---------+-------------+---------+----------+
Worst Case Summary |   14.082 (r) | SLOW    |   3.823 (r) | FAST    |    1.602 |
-------------------+--------------+---------+-------------+---------+----------+




