Copyright 1986-2022 Xilinx, Inc. All Rights Reserved. Copyright 2022-2025 Advanced Micro Devices, Inc. All Rights Reserved.
---------------------------------------------------------------------------------------------------------------------------------------------
| Tool Version : Vivado v.2025.2 (win64) Build 6299465 Fri Nov 14 19:35:11 GMT 2025
| Date         : Mon Sep 28 17:33:01 2026
| Host         : TejaskumarBabel running 64-bit major release  (build 9200)
| Command      : report_control_sets -verbose -file top_control_sets.rpt
| Design       : top
| Device       : xc7z020
---------------------------------------------------------------------------------------------------------------------------------------------

Control Set Information

Table of Contents
-----------------
1. Summary
2. Histogram
3. Flip-Flop Distribution
4. Detailed Control Set Information

1. Summary
----------

+----------------------------------------------------------+-------+
|                          Status                          | Count |
+----------------------------------------------------------+-------+
| Total control sets                                       |   876 |
|    Minimum number of control sets                        |    63 |
|    Addition due to synthesis replication                 |     0 |
|    Addition due to physical synthesis replication        |   813 |
| Unused register locations in slices containing registers |  3360 |
+----------------------------------------------------------+-------+
* Control sets can be merged at opt_design using control_set_merge or merge_equivalent_drivers
** Run report_qor_suggestions for automated merging and remapping suggestions


2. Histogram
------------

+--------------------+-------+
|       Fanout       | Count |
+--------------------+-------+
| Total control sets |   876 |
| >= 0 to < 4        |   329 |
| >= 4 to < 6        |   150 |
| >= 6 to < 8        |   126 |
| >= 8 to < 10       |   108 |
| >= 10 to < 12      |    14 |
| >= 12 to < 14      |    19 |
| >= 14 to < 16      |    15 |
| >= 16              |   115 |
+--------------------+-------+
* Control sets can be remapped at either synth_design or opt_design


3. Flip-Flop Distribution
-------------------------

+--------------+-----------------------+------------------------+-----------------+--------------+
| Clock Enable | Synchronous Set/Reset | Asynchronous Set/Reset | Total Registers | Total Slices |
+--------------+-----------------------+------------------------+-----------------+--------------+
| No           | No                    | No                     |             333 |          155 |
| No           | No                    | Yes                    |               0 |            0 |
| No           | Yes                   | No                     |            6497 |         2048 |
| Yes          | No                    | No                     |             345 |          151 |
| Yes          | No                    | Yes                    |               0 |            0 |
| Yes          | Yes                   | No                     |            4449 |         1628 |
+--------------+-----------------------+------------------------+-----------------+--------------+


4. Detailed Control Set Information
-----------------------------------

+-----------------------------------------------+--------------------------------------------------------------------------+------------------------------------------------------------------------------------+------------------+----------------+--------------+
|                  Clock Signal                 |                               Enable Signal                              |                                  Set/Reset Signal                                  | Slice Load Count | Bel Load Count | Bels / Slice |
+-----------------------------------------------+--------------------------------------------------------------------------+------------------------------------------------------------------------------------+------------------+----------------+--------------+
|  sys_clk                                      | linienmodule_fast_b_iir1_storage_full1[15]_i_1_n_0                       | dac_rst_OBUF_repN_10                                                               |                1 |              1 |         1.00 |
|  sys_clk                                      | linienmodule_fast_a_iir0_storage_full0[15]_i_1_n_0                       | dac_rst_OBUF_repN_33                                                               |                1 |              1 |         1.00 |
|  sys_clk                                      | linienmodule_fast_b_iir0_storage_full1[7]_i_1_n_0                        | dac_rst_OBUF_repN_5                                                                |                1 |              1 |         1.00 |
|  sys_clk                                      | red_pitaya_scope/i_bridge/addr_o_reg[5]_3[0]                             | dac_rst_OBUF_repN_53                                                               |                1 |              1 |         1.00 |
|  sys_clk                                      | linienmodule_fast_a_iir0_csrstorage0_storage_full0[15]_i_1_n_0           | dac_rst_OBUF_repN_33                                                               |                1 |              1 |         1.00 |
|  sys_clk                                      | linienmodule_fast_a_iir0_csrstorage2_storage_full0[23]_i_1_n_0           | dac_rst_OBUF_repN_56                                                               |                1 |              1 |         1.00 |
|  sys_clk                                      | linienmodule_fast_b_iir1_csrstorage6_storage_full[15]_i_1_n_0            | dac_rst_OBUF_repN_10                                                               |                1 |              1 |         1.00 |
|  sys_clk                                      | linienmodule_raw_acquisition_iir_csrstorage4_storage_full[23]_i_1_n_0    | dac_rst_OBUF_repN_31                                                               |                1 |              1 |         1.00 |
|  sys_clk                                      | linienmodule_fast_a_iir0_csrstorage0_storage_full0[7]_i_1_n_0            | dac_rst_OBUF_repN_35                                                               |                1 |              1 |         1.00 |
|  sys_clk                                      | linienmodule_fast_a_iir0_csrstorage0_storage_full0[7]_i_1_n_0            | dac_rst_OBUF_repN_33                                                               |                1 |              1 |         1.00 |
|  sys_clk                                      | red_pitaya_scope/i_bridge/addr_o_reg[2]_0[0]                             | dac_rst_OBUF_repN_52                                                               |                1 |              1 |         1.00 |
|  sys_clk                                      | linienmodule_fast_b_iir0_csrstorage2_storage_full1[23]_i_1_n_0           | dac_rst_OBUF_repN_7                                                                |                1 |              1 |         1.00 |
|  sys_clk                                      | linienmodule_min_status31[0]                                             | dac_rst_OBUF_repN_24                                                               |                1 |              1 |         1.00 |
|  sys_clk                                      | linienmodule_raw_acquisition_iir_csrstorage9_storage_full[7]_i_1_n_0     | dac_rst_OBUF_repN_59                                                               |                1 |              1 |         1.00 |
|  sys_clk                                      | linienmodule_fast_a_iir1_csrstorage6_storage_full[15]_i_1_n_0            | dac_rst_OBUF_repN_23                                                               |                1 |              1 |         1.00 |
|  sys_clk                                      | red_pitaya_scope/i_bridge/addr_o_reg[2]_1[0]                             | dac_rst_OBUF_repN_15                                                               |                1 |              1 |         1.00 |
|  sys_clk                                      | linienmodule_fast_a_iir0_csrstorage0_storage_full0[23]_i_1_n_0           | dac_rst_OBUF_repN_33                                                               |                1 |              1 |         1.00 |
|  sys_clk                                      | linienmodule_fast_a_iir1_csrstorage6_storage_full[23]_i_1_n_0            | dac_rst_OBUF_repN_23                                                               |                1 |              1 |         1.00 |
|  sys_clk                                      | red_pitaya_scope/i_bridge/addr_o_reg[4]_4[0]                             | dac_rst_OBUF_repN_51                                                               |                1 |              1 |         1.00 |
|  sys_clk                                      | linienmodule_fast_b_iir0_csrstorage3_storage_full[7]_i_1_n_0             | dac_rst_OBUF_repN_13                                                               |                1 |              1 |         1.00 |
|  sys_clk                                      | linienmodule_fast_b_iir0_csrstorage3_storage_full[7]_i_1_n_0             | dac_rst_OBUF_repN_11                                                               |                1 |              1 |         1.00 |
|  sys_clk                                      | linienmodule_fast_b_limitcsr0_min_storage_full0[7]_i_1_n_0               | dac_rst_OBUF_repN_12                                                               |                1 |              1 |         1.00 |
|  sys_clk                                      | linienmodule_limit_error_signal_max_storage_full[7]_i_1_n_0              | dac_rst_OBUF_repN_55                                                               |                1 |              1 |         1.00 |
|  sys_clk                                      | linienmodule_fast_b_limitcsr0_min_storage_full0[7]_i_1_n_0               | dac_rst_OBUF_repN_13                                                               |                1 |              1 |         1.00 |
|  sys_clk                                      | linienmodule_fast_b_limitcsr0_min_storage_full0[7]_i_1_n_0               | dac_rst_OBUF_repN_19                                                               |                1 |              1 |         1.00 |
|  sys_clk                                      | linienmodule_raw_acquisition_iir_storage_full[7]_i_1_n_0                 | dac_rst_OBUF_repN_55                                                               |                1 |              1 |         1.00 |
|  sys_clk                                      | red_pitaya_scope/i_bridge/addr_o_reg[5]_1[0]                             | dac_rst_OBUF_repN_52                                                               |                1 |              1 |         1.00 |
|  sys_clk                                      | linienmodule_chain_a_offset_storage_full[13]_i_1_n_0                     | dac_rst_OBUF_repN_45                                                               |                1 |              1 |         1.00 |
|  sys_clk                                      | red_pitaya_scope/i_bridge/addr_o_reg[5]_0[0]                             | dac_rst_OBUF_repN_52                                                               |                1 |              1 |         1.00 |
|  sys_clk                                      | red_pitaya_scope/i_bridge/addr_o_reg[5]_0[0]                             | dac_rst_OBUF_repN_14                                                               |                1 |              1 |         1.00 |
|  sys_clk                                      | red_pitaya_scope/i_bridge/E[0]                                           | dac_rst_OBUF_repN_52                                                               |                1 |              1 |         1.00 |
|  sys_clk                                      | linienmodule_raw_acquisition_iir_storage_full[7]_i_1_n_0                 | dac_rst_OBUF_repN_54                                                               |                1 |              1 |         1.00 |
|  sys_clk                                      | linienmodule_pid_kp_storage_full[13]_i_1_n_0                             | dac_rst_OBUF_repN_60                                                               |                1 |              1 |         1.00 |
|  sys_clk                                      | linienmodule_combined_offset_storage_full[7]_i_1_n_0                     | dac_rst_OBUF_repN_38                                                               |                1 |              1 |         1.00 |
|  sys_clk                                      | linienmodule_combined_offset_storage_full[7]_i_1_n_0                     | dac_rst_OBUF_repN_50                                                               |                1 |              1 |         1.00 |
|  sys_clk                                      | linienmodule_min_status111[0]                                            | dac_rst_OBUF_repN                                                                  |                1 |              1 |         1.00 |
|  sys_clk                                      | linienmodule_csrbank1_demod_multiplier0_re                               | dac_rst_OBUF_repN_27                                                               |                1 |              1 |         1.00 |
|  sys_clk                                      | linienmodule_max_status41[0]                                             | dac_rst_OBUF_repN_31                                                               |                1 |              1 |         1.00 |
|  sys_clk                                      |                                                                          | dac_rst_OBUF_repN_49                                                               |                1 |              1 |         1.00 |
|  sys_clk                                      | linienmodule_fast_b_iir0_storage_full0[23]_i_1_n_0                       | dac_rst_OBUF_repN_11                                                               |                1 |              1 |         1.00 |
|  sys_clk                                      | linienmodule_chain_a_offset_storage_full[7]_i_1_n_0                      | dac_rst_OBUF_repN_39                                                               |                1 |              1 |         1.00 |
|  sys_clk                                      | linienmodule_raw_acquisition_iir_csrstorage1_storage_full[15]_i_1_n_0    | dac_rst_OBUF_repN_51                                                               |                1 |              1 |         1.00 |
|  sys_clk                                      | linienmodule_chain_a_offset_storage_full[7]_i_1_n_0                      | dac_rst_OBUF_repN_54                                                               |                1 |              1 |         1.00 |
|  sys_clk                                      | linienmodule_raw_acquisition_iir_csrstorage2_storage_full[23]_i_1_n_0    | dac_rst_OBUF_repN_31                                                               |                1 |              1 |         1.00 |
|  sys_clk                                      | linienmodule_fast_b_iir0_csrstorage4_storage_full[15]_i_1_n_0            | dac_rst_OBUF_repN_11                                                               |                1 |              1 |         1.00 |
|  sys_clk                                      | linienmodule_fast_a_limitcsr1_min_storage_full0[23]_i_1_n_0              | dac_rst_OBUF_repN_35                                                               |                1 |              1 |         1.00 |
|  sys_clk                                      | linienmodule_fast_b_iir0_csrstorage3_storage_full[23]_i_1_n_0            | dac_rst_OBUF_repN_11                                                               |                1 |              1 |         1.00 |
|  sys_clk                                      | linienmodule_fast_b_iir0_csrstorage3_storage_full[23]_i_1_n_0            | dac_rst_OBUF_repN_7                                                                |                1 |              1 |         1.00 |
|  sys_clk                                      | linienmodule_fast_a_limitcsr1_min_storage_full0[23]_i_1_n_0              | dac_rst_OBUF_repN_46                                                               |                1 |              1 |         1.00 |
|  sys_clk                                      | linienmodule_raw_acquisition_iir_csrstorage1_storage_full[15]_i_1_n_0    | dac_rst_OBUF_repN_44                                                               |                1 |              1 |         1.00 |
|  sys_clk                                      | linienmodule_fast_b_iir1_storage_full0[7]_i_1_n_0                        | dac_rst_OBUF_repN_10                                                               |                1 |              1 |         1.00 |
|  sys_clk                                      | linienmodule_raw_acquisition_iir_csrstorage0_storage_full[15]_i_1_n_0    | dac_rst_OBUF_repN_40                                                               |                1 |              1 |         1.00 |
|  sys_clk                                      | linienmodule_fast_b_iir0_csrstorage4_storage_full[23]_i_1_n_0            | dac_rst_OBUF_repN_11                                                               |                1 |              1 |         1.00 |
|  sys_clk                                      | linienmodule_raw_acquisition_iir_csrstorage2_storage_full[23]_i_1_n_0    | dac_rst_OBUF_repN_43                                                               |                1 |              1 |         1.00 |
|  sys_clk                                      | linienmodule_fast_b_iir0_csrstorage0_storage_full0[7]_i_1_n_0            | dac_rst_OBUF_repN_11                                                               |                1 |              1 |         1.00 |
|  sys_clk                                      | linienmodule_mod_freq_storage_full[23]_i_1_n_0                           | dac_rst_OBUF_repN_47                                                               |                1 |              1 |         1.00 |
|  sys_clk                                      | linienmodule_fast_b_limitcsr0_max_storage_full0[7]_i_1_n_0               | dac_rst_OBUF_repN_13                                                               |                1 |              1 |         1.00 |
|  sys_clk                                      | linienmodule_min_status21[0]                                             | dac_rst_OBUF_repN_45                                                               |                1 |              1 |         1.00 |
|  sys_clk                                      | linienmodule_fast_b_iir1_csrstorage7_storage_full[23]_i_1_n_0            | dac_rst_OBUF_repN_7                                                                |                1 |              1 |         1.00 |
|  sys_clk                                      | linienmodule_min_status51[0]                                             | dac_rst_OBUF_repN_31                                                               |                1 |              1 |         1.00 |
|  sys_clk                                      | linienmodule_min_status51[0]                                             | dac_rst_OBUF_repN_21                                                               |                1 |              1 |         1.00 |
|  sys_clk                                      | linienmodule_raw_acquisition_iir_csrstorage1_storage_full[23]_i_1_n_0    | dac_rst_OBUF_repN_28                                                               |                1 |              1 |         1.00 |
|  sys_clk                                      | linienmodule_mod_freq_storage_full[31]_i_1_n_0                           | dac_rst_OBUF_repN_47                                                               |                1 |              1 |         1.00 |
|  sys_clk                                      | linienmodule_csrbank5_sequence_sinusoid_reg_addr0_re                     | dac_rst_OBUF_repN_8                                                                |                1 |              1 |         1.00 |
|  sys_clk                                      | linienmodule_mod_freq_storage_full[31]_i_1_n_0                           | dac_rst_OBUF_repN_16                                                               |                1 |              1 |         1.00 |
|  sys_clk                                      | linienmodule_min_status21[0]                                             | dac_rst_OBUF_repN_47                                                               |                1 |              1 |         1.00 |
|  sys_clk                                      | linienmodule_combined_offset_storage_full[13]_i_1_n_0                    | dac_rst_OBUF_repN_39                                                               |                1 |              1 |         1.00 |
|  sys_clk                                      | linienmodule_fast_b_iir1_storage_full0[23]_i_1_n_0                       | dac_rst_OBUF_repN_12                                                               |                1 |              1 |         1.00 |
|  sys_clk                                      | linienmodule_min_status01[0]                                             | dac_rst_OBUF_repN_38                                                               |                1 |              1 |         1.00 |
|  sys_clk                                      | linienmodule_fast_b_iir0_csrstorage0_storage_full0[15]_i_1_n_0           | dac_rst_OBUF_repN_11                                                               |                1 |              1 |         1.00 |
|  sys_clk                                      | linienmodule_csrbank2_dx_sel0_re                                         | dac_rst_OBUF_repN_47                                                               |                1 |              1 |         1.00 |
|  sys_clk                                      | linienmodule_raw_acquisition_iir_csrstorage7_storage_full[23]_i_1_n_0    | dac_rst_OBUF_repN_54                                                               |                1 |              1 |         1.00 |
|  sys_clk                                      | linienmodule_slowchain_max_storage_full[13]_i_1_n_0                      | dac_rst_OBUF_repN_62                                                               |                1 |              1 |         1.00 |
|  sys_clk                                      | linienmodule_fast_a_limitcsr0_max_storage_full1[23]_i_1_n_0              | dac_rst_OBUF_repN_36                                                               |                1 |              1 |         1.00 |
|  sys_clk                                      | linienmodule_fast_b_iir1_csrstorage3_storage_full[15]_i_1_n_0            | dac_rst_OBUF_repN_10                                                               |                1 |              1 |         1.00 |
|  sys_clk                                      | linienmodule_fast_b_iir1_csrstorage3_storage_full[15]_i_1_n_0            | dac_rst_OBUF_repN_7                                                                |                1 |              1 |         1.00 |
|  sys_clk                                      | linienmodule_fast_a_iir0_csrstorage2_storage_full1[15]_i_1_n_0           | dac_rst_OBUF_repN_22                                                               |                1 |              1 |         1.00 |
|  sys_clk                                      | linienmodule_fast_b_iir1_csrstorage3_storage_full[7]_i_1_n_0             | dac_rst_OBUF_repN_13                                                               |                1 |              1 |         1.00 |
|  sys_clk                                      | linienmodule_fast_a_limitcsr1_min_storage_full1[23]_i_1_n_0              | dac_rst_OBUF_repN_39                                                               |                1 |              1 |         1.00 |
|  sys_clk                                      | linienmodule_slowchain_max_storage_full[7]_i_1_n_0                       | dac_rst_OBUF_repN_34                                                               |                1 |              1 |         1.00 |
|  sys_clk                                      | linienmodule_fast_a_limitcsr1_min_storage_full1[23]_i_1_n_0              | dac_rst_OBUF_repN_54                                                               |                1 |              1 |         1.00 |
|  sys_clk                                      | linienmodule_fast_b_limitcsr1_min_storage_full1[23]_i_1_n_0              | dac_rst_OBUF_repN_29                                                               |                1 |              1 |         1.00 |
|  sys_clk                                      | linienmodule_raw_acquisition_iir_csrstorage0_storage_full[23]_i_1_n_0    | dac_rst_OBUF_repN_44                                                               |                1 |              1 |         1.00 |
|  sys_clk                                      | linienmodule_raw_acquisition_iir_csrstorage0_storage_full[23]_i_1_n_0    | dac_rst_OBUF_repN_51                                                               |                1 |              1 |         1.00 |
|  sys_clk                                      | linienmodule_max_status31[0]                                             | dac_rst_OBUF_repN_37                                                               |                1 |              1 |         1.00 |
|  sys_clk                                      | linienmodule_raw_acquisition_iir_csrstorage0_storage_full[23]_i_1_n_0    | dac_rst_OBUF_repN                                                                  |                1 |              1 |         1.00 |
|  sys_clk                                      | linienmodule_fast_b_iir1_storage_full1[23]_i_1_n_0                       | dac_rst_OBUF_repN_13                                                               |                1 |              1 |         1.00 |
|  sys_clk                                      | linienmodule_fast_a_limitcsr1_max_storage_full1[7]_i_1_n_0               | dac_rst_OBUF_repN_55                                                               |                1 |              1 |         1.00 |
|  sys_clk                                      | linienmodule_chain_b_offset_storage_full[7]_i_1_n_0                      | dac_rst_OBUF_repN_38                                                               |                1 |              1 |         1.00 |
|  sys_clk                                      | linienmodule_fast_a_limitcsr1_max_storage_full1[7]_i_1_n_0               | dac_rst_OBUF_repN_54                                                               |                1 |              1 |         1.00 |
|  sys_clk                                      | linienmodule_fast_b_iir1_csrstorage5_storage_full1[15]_i_1_n_0           | dac_rst_OBUF_repN_13                                                               |                1 |              1 |         1.00 |
|  sys_clk                                      | linienmodule_fast_a_limitcsr1_max_storage_full0[23]_i_1_n_0              | dac_rst_OBUF_repN_46                                                               |                1 |              1 |         1.00 |
|  sys_clk                                      | linienmodule_fast_b_iir1_csrstorage5_storage_full0[23]_i_1_n_0           | dac_rst_OBUF_repN_20                                                               |                1 |              1 |         1.00 |
|  sys_clk                                      | linienmodule_fast_a_limitcsr1_max_storage_full1[15]_i_1_n_0              | dac_rst_OBUF_repN_45                                                               |                1 |              1 |         1.00 |
|  sys_clk                                      | linienmodule_fast_b_iir1_csrstorage5_storage_full0[23]_i_1_n_0           | dac_rst_OBUF_repN_12                                                               |                1 |              1 |         1.00 |
|  sys_clk                                      | linienmodule_fast_a_limitcsr1_max_storage_full1[15]_i_1_n_0              | dac_rst_OBUF_repN_59                                                               |                1 |              1 |         1.00 |
|  sys_clk                                      | linienmodule_fast_a_limitcsr1_max_storage_full1[15]_i_1_n_0              | dac_rst_OBUF_repN_50                                                               |                1 |              1 |         1.00 |
|  sys_clk                                      | linienmodule_fast_b_iir0_csrstorage2_storage_full1[15]_i_1_n_0           | dac_rst_OBUF_repN_1                                                                |                1 |              1 |         1.00 |
|  sys_clk                                      | linienmodule_slowchain_setpoint_storage_full[7]_i_1_n_0                  | dac_rst_OBUF_repN_34                                                               |                1 |              1 |         1.00 |
|  sys_clk                                      | linienmodule_fast_b_limitcsr1_max_storage_full1[15]_i_1_n_0              | dac_rst_OBUF_repN_29                                                               |                1 |              1 |         1.00 |
|  sys_clk                                      | linienmodule_fast_b_limitcsr0_min_storage_full1[7]_i_1_n_0               | dac_rst_OBUF_repN_19                                                               |                1 |              1 |         1.00 |
|  sys_clk                                      | linienmodule_max_status31[0]                                             | dac_rst_OBUF_repN_30                                                               |                1 |              1 |         1.00 |
|  sys_clk                                      | linienmodule_fast_b_limitcsr1_min_storage_full1[15]_i_1_n_0              | dac_rst_OBUF_repN_29                                                               |                1 |              1 |         1.00 |
|  sys_clk                                      | linienmodule_fast_b_limitcsr1_min_storage_full1[15]_i_1_n_0              | dac_rst_OBUF_repN_24                                                               |                1 |              1 |         1.00 |
|  sys_clk                                      | linienmodule_fast_b_limitcsr0_max_storage_full1[15]_i_1_n_0              | dac_rst_OBUF_repN_19                                                               |                1 |              1 |         1.00 |
|  sys_clk                                      | linienmodule_fast_a_limitcsr1_min_storage_full1[15]_i_1_n_0              | dac_rst_OBUF_repN_45                                                               |                1 |              1 |         1.00 |
|  sys_clk                                      | linienmodule_fast_b_limitcsr0_min_storage_full1[15]_i_1_n_0              | dac_rst_OBUF_repN_19                                                               |                1 |              1 |         1.00 |
|  sys_clk                                      | linienmodule_sequenceexecutor_init_v_storage_full[7]_i_1_n_0             | dac_rst_OBUF_repN_2                                                                |                1 |              1 |         1.00 |
|  sys_clk                                      | linienmodule_fast_a_limitcsr1_min_storage_full1[15]_i_1_n_0              | dac_rst_OBUF_repN_59                                                               |                1 |              1 |         1.00 |
|  sys_clk                                      | linienmodule_fast_a_limitcsr1_max_storage_full1[23]_i_1_n_0              | dac_rst_OBUF_repN_39                                                               |                1 |              1 |         1.00 |
|  sys_clk                                      | linienmodule_fast_b_iir0_csrstorage0_storage_full1[15]_i_1_n_0           | dac_rst_OBUF_repN_7                                                                |                1 |              1 |         1.00 |
|  sys_clk                                      | linienmodule_sequenceexecutor_init_v_storage_full[13]_i_1_n_0            | dac_rst_OBUF_repN_2                                                                |                1 |              1 |         1.00 |
|  sys_clk                                      | linienmodule_fast_a_limitcsr1_max_storage_full1[23]_i_1_n_0              | dac_rst_OBUF_repN_50                                                               |                1 |              1 |         1.00 |
|  sys_clk                                      | linienmodule_fast_a_iir0_csrstorage1_storage_full1[15]_i_1_n_0           | dac_rst_OBUF_repN_22                                                               |                1 |              1 |         1.00 |
|  sys_clk                                      | linienmodule_raw_acquisition_iir_csrstorage8_storage_full[15]_i_1_n_0    | dac_rst_OBUF_repN_59                                                               |                1 |              1 |         1.00 |
|  sys_clk                                      | linienmodule_fast_b_iir0_csrstorage0_storage_full1[23]_i_1_n_0           | dac_rst_OBUF_repN_7                                                                |                1 |              1 |         1.00 |
|  sys_clk                                      | linienmodule_fast_b_limitcsr1_max_storage_full1[23]_i_1_n_0              | dac_rst_OBUF_repN_29                                                               |                1 |              1 |         1.00 |
|  sys_clk                                      | linienmodule_out_offset_storage_full[7]_i_1_n_0                          | dac_rst_OBUF_repN_16                                                               |                1 |              1 |         1.00 |
|  sys_clk                                      | linienmodule_sequenceexecutor_fsm_reg_data_storage_full[23]_i_1_n_0      | dac_rst_OBUF_repN_34                                                               |                1 |              1 |         1.00 |
|  sys_clk                                      | linienmodule_fast_a_iir0_csrstorage3_storage_full[23]_i_1_n_0            | dac_rst_OBUF_repN_33                                                               |                1 |              1 |         1.00 |
|  sys_clk                                      | linienmodule_fast_a_iir1_csrstorage3_storage_full[23]_i_1_n_0            | dac_rst_OBUF_repN_41                                                               |                1 |              1 |         1.00 |
|  sys_clk                                      | linienmodule_limit_fast2_max_storage_full[7]_i_1_n_0                     | dac_rst_OBUF_repN_34                                                               |                1 |              1 |         1.00 |
|  sys_clk                                      | linienmodule_fast_a_iir0_csrstorage1_storage_full1[23]_i_1_n_0           | dac_rst_OBUF_repN_22                                                               |                1 |              1 |         1.00 |
|  sys_clk                                      | linienmodule_limit_fast2_max_storage_full[7]_i_1_n_0                     | dac_rst_OBUF_repN_61                                                               |                1 |              1 |         1.00 |
|  sys_clk                                      | linienmodule_fast_a_iir0_storage_full0[7]_i_1_n_0                        | dac_rst_OBUF_repN_42                                                               |                1 |              1 |         1.00 |
|  sys_clk                                      | linienmodule_fast_a_delay_storage_full[23]_i_1_n_0                       | dac_rst_OBUF_repN_19                                                               |                1 |              1 |         1.00 |
|  sys_clk                                      | linienmodule_fast_a_iir0_storage_full0[7]_i_1_n_0                        | dac_rst_OBUF_repN_33                                                               |                1 |              1 |         1.00 |
|  sys_clk                                      | linienmodule_fast_a_delay_storage_full[31]_i_1_n_0                       | dac_rst_OBUF_repN_19                                                               |                1 |              1 |         1.00 |
|  sys_clk                                      | linienmodule_fast_a_iir1_storage_full1[15]_i_1_n_0                       | dac_rst_OBUF_repN_35                                                               |                1 |              1 |         1.00 |
|  sys_clk                                      | linienmodule_fast_a_iir1_csrstorage7_storage_full[7]_i_1_n_0             | dac_rst_OBUF_repN_35                                                               |                1 |              1 |         1.00 |
|  sys_clk                                      | linienmodule_fast_a_iir0_storage_full0[15]_i_1_n_0                       | dac_rst_OBUF_repN_42                                                               |                1 |              1 |         1.00 |
|  sys_clk                                      | linienmodule_fast_a_iir0_csrstorage1_storage_full1[7]_i_1_n_0            | dac_rst_OBUF_repN_22                                                               |                1 |              1 |         1.00 |
|  sys_clk                                      | linienmodule_fast_b_delay_storage_full[15]_i_1_n_0                       | dac_rst_OBUF_repN_27                                                               |                1 |              1 |         1.00 |
|  sys_clk                                      | linienmodule_fast_a_iir1_csrstorage5_storage_full1[15]_i_1_n_0           | dac_rst_OBUF_repN_35                                                               |                1 |              1 |         1.00 |
|  sys_clk                                      | linienmodule_fast_a_limitcsr1_min_storage_full0[15]_i_1_n_0              | dac_rst_OBUF_repN_35                                                               |                1 |              1 |         1.00 |
|  sys_clk                                      | linienmodule_fast_b_limitcsr1_min_storage_full0[15]_i_1_n_0              | dac_rst_OBUF_repN_12                                                               |                1 |              1 |         1.00 |
|  sys_clk                                      | linienmodule_limit_fast1_max_storage_full[13]_i_1_n_0                    | dac_rst_OBUF_repN_34                                                               |                1 |              1 |         1.00 |
|  sys_clk                                      | linienmodule_fast_a_iir1_csrstorage5_storage_full1[7]_i_1_n_0            | dac_rst_OBUF_repN_35                                                               |                1 |              1 |         1.00 |
|  sys_clk                                      | linienmodule_limit_fast1_min_storage_full[7]_i_1_n_0                     | dac_rst_OBUF_repN_63                                                               |                1 |              1 |         1.00 |
|  sys_clk                                      | linienmodule_fast_a_iir1_csrstorage5_storage_full1[7]_i_1_n_0            | dac_rst_OBUF_repN_26                                                               |                1 |              1 |         1.00 |
|  sys_clk                                      | linienmodule_limit_fast1_min_storage_full[7]_i_1_n_0                     | dac_rst_OBUF_repN_60                                                               |                1 |              1 |         1.00 |
|  sys_clk                                      | linienmodule_fast_a_iir1_csrstorage8_storage_full[7]_i_1_n_0             | dac_rst_OBUF_repN_35                                                               |                1 |              1 |         1.00 |
|  sys_clk                                      | linienmodule_limit_fast2_min_storage_full[13]_i_1_n_0                    | dac_rst_OBUF_repN_63                                                               |                1 |              1 |         1.00 |
|  sys_clk                                      | linienmodule_limit_fast2_min_storage_full[13]_i_1_n_0                    | dac_rst_OBUF_repN_60                                                               |                1 |              1 |         1.00 |
|  sys_clk                                      | linienmodule_fast_b_iir0_csrstorage4_storage_full[7]_i_1_n_0             | dac_rst_OBUF_repN_11                                                               |                1 |              1 |         1.00 |
|  sys_clk                                      | linienmodule_csrstorage5_storage_full[7]_i_1_n_0                         | dac_rst_OBUF_repN_15                                                               |                1 |              1 |         1.00 |
|  sys_clk                                      | linienmodule_pid_ki_storage_full[7]_i_1_n_0                              | dac_rst_OBUF_repN_60                                                               |                1 |              1 |         1.00 |
|  sys_clk                                      | red_pitaya_scope/i_bridge/addr_o_reg[4]_5[0]                             | dac_rst_OBUF_repN_52                                                               |                1 |              1 |         1.00 |
|  sys_clk                                      | linienmodule_fast_b_iir0_storage_full1[23]_i_1_n_0                       | dac_rst_OBUF_repN_3                                                                |                1 |              2 |         2.00 |
|  sys_clk                                      | linienmodule_fast_b_iir1_csrstorage6_storage_full[15]_i_1_n_0            | dac_rst_OBUF_repN_4                                                                |                1 |              2 |         2.00 |
|  sys_clk                                      | linienmodule_fast_a_iir1_csrstorage4_storage_full[23]_i_1_n_0            | dac_rst_OBUF_repN_25                                                               |                2 |              2 |         1.00 |
|  sys_clk                                      | linienmodule_raw_acquisition_iir_csrstorage9_storage_full[7]_i_1_n_0     | dac_rst_OBUF_repN_54                                                               |                2 |              2 |         1.00 |
|  sys_clk                                      | linienmodule_csrbank1_dx_sel0_re                                         | dac_rst_OBUF_repN_43                                                               |                1 |              2 |         2.00 |
|  sys_clk                                      | linienmodule_sequenceexecutor_sinusoid_reg_data_storage_full[31]_i_1_n_0 | dac_rst_OBUF_repN_8                                                                |                2 |              2 |         1.00 |
|  sys_clk                                      | linienmodule_fast_b_iir1_csrstorage4_storage_full[15]_i_1_n_0            | dac_rst_OBUF_repN_7                                                                |                2 |              2 |         1.00 |
|  sys_clk                                      | linienmodule_fast_b_iir1_csrstorage4_storage_full[7]_i_1_n_0             | dac_rst_OBUF_repN_13                                                               |                1 |              2 |         2.00 |
|  sys_clk                                      | linienmodule_fast_b_limitcsr1_max_storage_full0[7]_i_1_n_0               | dac_rst_OBUF_repN_12                                                               |                2 |              2 |         1.00 |
|  sys_clk                                      | linienmodule_fast_b_limitcsr1_max_storage_full0[7]_i_1_n_0               | dac_rst_OBUF_repN_20                                                               |                1 |              2 |         2.00 |
|  sys_clk                                      | linienmodule_fast_a_limitcsr1_min_storage_full1[7]_i_1_n_0               | dac_rst_OBUF_repN_54                                                               |                1 |              2 |         2.00 |
|  sys_clk                                      | linienmodule_fast_a_limitcsr1_min_storage_full1[7]_i_1_n_0               | dac_rst_OBUF_repN_55                                                               |                1 |              2 |         2.00 |
|  sys_clk                                      | linienmodule_fast_a_limitcsr1_min_storage_full1[7]_i_1_n_0               | dac_rst_OBUF_repN_42                                                               |                2 |              2 |         1.00 |
|  sys_clk                                      | linienmodule_fast_a_limitcsr1_min_storage_full1[7]_i_1_n_0               | dac_rst_OBUF_repN_45                                                               |                1 |              2 |         2.00 |
|  sys_clk                                      | linienmodule_raw_acquisition_iir_csrstorage6_storage_full[7]_i_1_n_0     | dac_rst_OBUF_repN_54                                                               |                1 |              2 |         2.00 |
|  sys_clk                                      | linienmodule_sequenceexecutor_sinusoid_reg_data_storage_full[23]_i_1_n_0 | dac_rst_OBUF_repN_8                                                                |                2 |              2 |         1.00 |
|  sys_clk                                      | linienmodule_mod_freq_storage_full[15]_i_1_n_0                           | dac_rst_OBUF_repN_54                                                               |                1 |              2 |         2.00 |
|  sys_clk                                      | linienmodule_fast_b_iir0_storage_full0[23]_i_1_n_0                       | dac_rst_OBUF_repN_9                                                                |                1 |              2 |         2.00 |
|  sys_clk                                      | linienmodule_fast_a_limitcsr0_min_storage_full0[23]_i_1_n_0              | dac_rst_OBUF_repN_36                                                               |                1 |              2 |         2.00 |
|  sys_clk                                      | linienmodule_fast_b_iir0_csrstorage3_storage_full[23]_i_1_n_0            | dac_rst_OBUF_repN_9                                                                |                2 |              2 |         1.00 |
|  sys_clk                                      | linienmodule_fast_b_limitcsr0_max_storage_full0[7]_i_1_n_0               | dac_rst_OBUF_repN_19                                                               |                1 |              2 |         2.00 |
|  sys_clk                                      | linienmodule_min_status31[0]                                             | dac_rst_OBUF_repN_30                                                               |                1 |              2 |         2.00 |
|  sys_clk                                      | linienmodule_raw_acquisition_iir_csrstorage9_storage_full[23]_i_1_n_0    | dac_rst_OBUF_repN_54                                                               |                1 |              2 |         2.00 |
|  sys_clk                                      | linienmodule_limit_error_signal_max_storage_full[23]_i_1_n_0             | dac_rst_OBUF_repN_48                                                               |                1 |              2 |         2.00 |
|  sys_clk                                      | linienmodule_limit_error_signal_max_storage_full[23]_i_1_n_0             | dac_rst_OBUF_repN_59                                                               |                1 |              2 |         2.00 |
|  sys_clk                                      | linienmodule_fast_b_iir1_csrstorage7_storage_full[23]_i_1_n_0            | dac_rst_OBUF_repN_6                                                                |                1 |              2 |         2.00 |
|  sys_clk                                      | linienmodule_fast_a_iir1_csrstorage7_storage_full[23]_i_1_n_0            | dac_rst_OBUF_repN_35                                                               |                1 |              2 |         2.00 |
|  sys_clk                                      | linienmodule_fast_a_iir1_csrstorage7_storage_full[23]_i_1_n_0            | dac_rst_OBUF_repN_41                                                               |                1 |              2 |         2.00 |
|  sys_clk                                      | linienmodule_fast_a_iir0_csrstorage2_storage_full1[7]_i_1_n_0            | dac_rst_OBUF_repN_22                                                               |                1 |              2 |         2.00 |
|  sys_clk                                      | linienmodule_combined_offset_storage_full[13]_i_1_n_0                    | dac_rst_OBUF_repN_54                                                               |                1 |              2 |         2.00 |
|  sys_clk                                      | linienmodule_fast_a_iir0_csrstorage4_storage_full[15]_i_1_n_0            | dac_rst_OBUF_repN_22                                                               |                1 |              2 |         2.00 |
|  sys_clk                                      | linienmodule_fast_b_iir1_storage_full0[15]_i_1_n_0                       | dac_rst_OBUF_repN_12                                                               |                2 |              2 |         1.00 |
|  sys_clk                                      | linienmodule_fast_a_limitcsr0_max_storage_full0[7]_i_1_n_0               | dac_rst_OBUF_repN_36                                                               |                1 |              2 |         2.00 |
|  sys_clk                                      | linienmodule_fast_b_iir1_csrstorage3_storage_full[7]_i_1_n_0             | dac_rst_OBUF_repN_7                                                                |                1 |              2 |         2.00 |
|  sys_clk                                      | linienmodule_mod_amp_storage_full[7]_i_1_n_0                             | dac_rst_OBUF_repN_2                                                                |                2 |              2 |         1.00 |
|  sys_clk                                      | linienmodule_mod_amp_storage_full[7]_i_1_n_0                             | dac_rst_OBUF_repN_43                                                               |                1 |              2 |         2.00 |
|  sys_clk                                      | linienmodule_fast_b_iir1_csrstorage3_storage_full[7]_i_1_n_0             | dac_rst_OBUF_repN_12                                                               |                1 |              2 |         2.00 |
|  sys_clk                                      | linienmodule_fast_b_limitcsr1_max_storage_full0[15]_i_1_n_0              | dac_rst_OBUF_repN_12                                                               |                1 |              2 |         2.00 |
|  sys_clk                                      | linienmodule_fast_a_limitcsr1_max_storage_full0[15]_i_1_n_0              | dac_rst_OBUF_repN_35                                                               |                2 |              2 |         1.00 |
|  sys_clk                                      | linienmodule_chain_b_offset_storage_full[7]_i_1_n_0                      | dac_rst_OBUF_repN_50                                                               |                1 |              2 |         2.00 |
|  sys_clk                                      | linienmodule_fast_b_iir1_csrstorage8_storage_full[7]_i_1_n_0             | dac_rst_OBUF_repN_4                                                                |                1 |              2 |         2.00 |
|  sys_clk                                      | linienmodule_fast_b_iir1_csrstorage9_storage_full[7]_i_1_n_0             | dac_rst_OBUF_repN_7                                                                |                1 |              2 |         2.00 |
|  sys_clk                                      | linienmodule_raw_acquisition_iir_storage_full[23]_i_1_n_0                | dac_rst_OBUF_repN_55                                                               |                2 |              2 |         1.00 |
|  sys_clk                                      | linienmodule_fast_a_limitcsr1_max_storage_full1[15]_i_1_n_0              | dac_rst_OBUF_repN_42                                                               |                1 |              2 |         2.00 |
|  sys_clk                                      | linienmodule_fast_b_limitcsr1_max_storage_full1[15]_i_1_n_0              | dac_rst_OBUF_repN_24                                                               |                1 |              2 |         2.00 |
|  sys_clk                                      | linienmodule_fast_b_limitcsr0_max_storage_full0[15]_i_1_n_0              | dac_rst_OBUF_repN_20                                                               |                1 |              2 |         2.00 |
|  sys_clk                                      | linienmodule_sequenceexecutor_sinusoid_reg_data_storage_full[7]_i_1_n_0  | dac_rst_OBUF_repN_8                                                                |                2 |              2 |         1.00 |
|  sys_clk                                      | temp_sampler/delay_cnt[0]                                                | dac_rst_OBUF_repN_8                                                                |                1 |              2 |         2.00 |
|  sys_clk                                      | linienmodule_fast_a_iir0_csrstorage0_storage_full1[7]_i_1_n_0            | dac_rst_OBUF_repN_22                                                               |                2 |              2 |         1.00 |
|  sys_clk                                      | temp_sampler/acc[0]                                                      | dac_rst_OBUF_repN_17                                                               |                1 |              2 |         2.00 |
|  sys_clk                                      | linienmodule_raw_acquisition_iir_csrstorage7_storage_full[15]_i_1_n_0    | dac_rst_OBUF_repN_54                                                               |                1 |              2 |         2.00 |
|  sys_clk                                      | linienmodule_fast_a_iir0_csrstorage0_storage_full1[15]_i_1_n_0           | dac_rst_OBUF_repN_22                                                               |                2 |              2 |         1.00 |
|  sys_clk                                      | linienmodule_raw_acquisition_iir_csrstorage9_storage_full[15]_i_1_n_0    | dac_rst_OBUF_repN_54                                                               |                2 |              2 |         1.00 |
|  sys_clk                                      | linienmodule_raw_acquisition_iir_csrstorage0_storage_full[7]_i_1_n_0     | dac_rst_OBUF_repN                                                                  |                2 |              2 |         1.00 |
|  sys_clk                                      | linienmodule_raw_acquisition_iir_csrstorage0_storage_full[7]_i_1_n_0     | dac_rst_OBUF_repN_51                                                               |                1 |              2 |         2.00 |
|  sys_clk                                      | linienmodule_fast_a_iir0_csrstorage4_storage_full[7]_i_1_n_0             | dac_rst_OBUF_repN_22                                                               |                2 |              2 |         1.00 |
|  sys_clk                                      | linienmodule_limit_fast2_min_storage_full[7]_i_1_n_0                     | dac_rst_OBUF_repN_34                                                               |                1 |              2 |         2.00 |
|  sys_clk                                      | linienmodule_autolock_fast_storage_full[13]_i_1_n_0                      | dac_rst_OBUF_repN_16                                                               |                2 |              2 |         1.00 |
|  sys_clk                                      | linienmodule_max_status11[0]                                             | dac_rst_OBUF_repN_54                                                               |                1 |              2 |         2.00 |
|  sys_clk                                      | linienmodule_fast_a_delay_storage_full[15]_i_1_n_0                       | dac_rst_OBUF_repN_32                                                               |                1 |              2 |         2.00 |
|  sys_clk                                      | linienmodule_limit_fast2_max_storage_full[7]_i_1_n_0                     | dac_rst_OBUF_repN_59                                                               |                2 |              2 |         1.00 |
|  sys_clk                                      | linienmodule_fast_a_iir1_storage_full1[23]_i_1_n_0                       | dac_rst_OBUF_repN_26                                                               |                1 |              2 |         2.00 |
|  sys_clk                                      | linienmodule_sweep_min_storage_full[13]_i_1_n_0                          | dac_rst_OBUF_repN_16                                                               |                1 |              2 |         2.00 |
|  sys_clk                                      | linienmodule_fast_a_iir1_csrstorage5_storage_full1[23]_i_1_n_0           | dac_rst_OBUF_repN_35                                                               |                1 |              2 |         2.00 |
|  sys_clk                                      | linienmodule_fast_b_limitcsr1_min_storage_full0[7]_i_1_n_0               | dac_rst_OBUF_repN_12                                                               |                1 |              2 |         2.00 |
|  sys_clk                                      | linienmodule_fast_a_limitcsr1_max_storage_full1[7]_i_1_n_0               | dac_rst_OBUF_repN_39                                                               |                1 |              2 |         2.00 |
|  sys_clk                                      | linienmodule_csrbank1_dx_sel0_re                                         | dac_rst_OBUF_repN_47                                                               |                1 |              2 |         2.00 |
|  sys_clk                                      | red_pitaya_scope/i_bridge/addr_o_reg[6]_0[0]                             | dac_rst_OBUF_repN_53                                                               |                1 |              2 |         2.00 |
|  sys_clk                                      | linienmodule_fast_a_limitcsr1_max_storage_full1[7]_i_1_n_0               | dac_rst_OBUF_repN_45                                                               |                1 |              2 |         2.00 |
|  sys_clk                                      | linienmodule_fast_a_limitcsr1_max_storage_full1[7]_i_1_n_0               | dac_rst_OBUF_repN_42                                                               |                1 |              2 |         2.00 |
|  sys_clk                                      | linienmodule_csrbank6_adc_b_sel0_re                                      | dac_rst_OBUF_repN_51                                                               |                1 |              2 |         2.00 |
|  sys_clk                                      | linienmodule_max_status91[0]                                             | dac_rst_OBUF_repN_47                                                               |                2 |              2 |         1.00 |
|  sys_clk                                      | linienmodule_raw_acquisition_iir_storage_full[15]_i_1_n_0                | dac_rst_OBUF_repN_55                                                               |                2 |              2 |         1.00 |
|  sys_clk                                      | linienmodule_limit_fast2_min_storage_full[13]_i_1_n_0                    | dac_rst_OBUF_repN_34                                                               |                1 |              2 |         2.00 |
|  sys_clk                                      | linienmodule_raw_acquisition_iir_csrstorage2_storage_full[7]_i_1_n_0     | dac_rst_OBUF_repN_31                                                               |                2 |              2 |         1.00 |
|  sys_clk                                      | linienmodule_fast_b_delay_storage_full[7]_i_1_n_0                        | dac_rst_OBUF_repN_20                                                               |                1 |              2 |         2.00 |
|  sys_clk                                      | linienmodule_fast_b_delay_storage_full[15]_i_1_n_0                       | dac_rst_OBUF_repN_30                                                               |                1 |              2 |         2.00 |
|  sys_clk                                      | linienmodule_fast_b_limitcsr1_max_storage_full0[23]_i_1_n_0              | dac_rst_OBUF_repN_12                                                               |                1 |              2 |         2.00 |
|  sys_clk                                      | linienmodule_fast_a_iir0_csrstorage1_storage_full0[23]_i_1_n_0           | dac_rst_OBUF_repN_46                                                               |                1 |              2 |         2.00 |
|  sys_clk                                      | linienmodule_fast_a_limitcsr0_max_storage_full0[23]_i_1_n_0              | dac_rst_OBUF_repN_36                                                               |                1 |              2 |         2.00 |
|  sys_clk                                      | linienmodule_pid_kd_storage_full[13]_i_1_n_0                             | dac_rst_OBUF_repN_61                                                               |                1 |              2 |         2.00 |
|  sys_clk                                      | linienmodule_raw_acquisition_iir_csrstorage3_storage_full[7]_i_1_n_0     | dac_rst_OBUF_repN_28                                                               |                2 |              2 |         1.00 |
|  sys_clk                                      | linienmodule_fast_a_limitcsr0_min_storage_full0[15]_i_1_n_0              | dac_rst_OBUF_repN_42                                                               |                2 |              2 |         1.00 |
|  sys_clk                                      | linienmodule_mod_freq_storage_full[23]_i_1_n_0                           | dac_rst_OBUF_repN_2                                                                |                1 |              2 |         2.00 |
|  sys_clk                                      | linienmodule_raw_acquisition_iir_csrstorage1_storage_full[23]_i_1_n_0    | dac_rst_OBUF_repN_44                                                               |                2 |              2 |         1.00 |
|  sys_clk                                      | red_pitaya_scope/i_bridge/addr_o_reg[4]_0[0]                             | dac_rst_OBUF_repN_52                                                               |                2 |              2 |         1.00 |
|  sys_clk                                      | linienmodule_fast_a_limitcsr1_min_storage_full1[15]_i_1_n_0              | dac_rst_OBUF_repN_42                                                               |                2 |              2 |         1.00 |
|  sys_clk                                      | linienmodule_fast_a_limitcsr1_min_storage_full1[15]_i_1_n_0              | dac_rst_OBUF_repN_55                                                               |                2 |              2 |         1.00 |
|  sys_clk                                      | linienmodule_max_status31[0]                                             | dac_rst_OBUF_repN_24                                                               |                1 |              2 |         2.00 |
|  sys_clk                                      | linienmodule_limit_fast2_min_storage_full[13]_i_1_n_0                    | dac_rst_OBUF_repN_59                                                               |                1 |              2 |         2.00 |
|  sys_clk                                      | linienmodule_fast_a_limitcsr1_min_storage_full1[15]_i_1_n_0              | dac_rst_OBUF_repN_54                                                               |                1 |              2 |         2.00 |
|  sys_clk                                      | linienmodule_sequenceexecutor_awg_reg_data_storage_full[7]_i_1_n_0       | dac_rst_OBUF_repN_63                                                               |                1 |              2 |         2.00 |
|  sys_clk                                      | linienmodule_min_status41[0]                                             | dac_rst_OBUF_repN_37                                                               |                2 |              2 |         1.00 |
|  sys_clk                                      | linienmodule_pid_ki_storage_full[7]_i_1_n_0                              | dac_rst_OBUF_repN_61                                                               |                1 |              2 |         2.00 |
|  sys_clk                                      | linienmodule_raw_acquisition_iir_csrstorage1_storage_full[7]_i_1_n_0     | dac_rst_OBUF_repN_28                                                               |                1 |              2 |         2.00 |
|  sys_clk                                      | linienmodule_fast_a_limitcsr1_max_storage_full1[23]_i_1_n_0              | dac_rst_OBUF_repN_45                                                               |                2 |              2 |         1.00 |
|  sys_clk                                      | linienmodule_min_status31[0]                                             | dac_rst_OBUF_repN_37                                                               |                1 |              2 |         2.00 |
|  sys_clk                                      | linienmodule_fast_a_iir1_csrstorage5_storage_full1[23]_i_1_n_0           | dac_rst_OBUF_repN_26                                                               |                1 |              2 |         2.00 |
|  sys_clk                                      | linienmodule_sequenceexecutor_awg_reg_addr_storage_full[9]_i_1_n_0       | dac_rst_OBUF_repN_34                                                               |                1 |              2 |         2.00 |
|  sys_clk                                      | linienmodule_pid_ki_storage_full[13]_i_1_n_0                             | dac_rst_OBUF_repN_60                                                               |                2 |              2 |         1.00 |
|  sys_clk                                      | linienmodule_csrstorage1_storage_full0[14]_i_1_n_0                       | dac_rst_OBUF_repN_57                                                               |                1 |              2 |         2.00 |
|  sys_clk                                      | linienmodule_fast_a_limitcsr0_min_storage_full0[15]_i_1_n_0              | dac_rst_OBUF_repN_36                                                               |                1 |              2 |         2.00 |
|  sys_clk                                      | linienmodule_fast_a_iir0_csrstorage3_storage_full[23]_i_1_n_0            | dac_rst_OBUF_repN_36                                                               |                1 |              2 |         2.00 |
|  sys_clk                                      | linienmodule_fast_b_delay_storage_full[15]_i_1_n_0                       | dac_rst_OBUF_repN_20                                                               |                1 |              2 |         2.00 |
|  sys_clk                                      | linienmodule_csrbank4_outs0_re                                           | dac_rst_OBUF_repN_8                                                                |                2 |              2 |         1.00 |
|  sys_clk                                      | linienmodule_sequenceexecutor_sinusoid_reg_data_storage_full[15]_i_1_n_0 | dac_rst_OBUF_repN_8                                                                |                2 |              2 |         1.00 |
|  sys_clk                                      | linienmodule_sequenceexecutor_fsm_reg_data_storage_full[15]_i_1_n_0      | dac_rst_OBUF_repN_34                                                               |                1 |              2 |         2.00 |
|  sys_clk                                      | linienmodule_min_status01[0]                                             | dac_rst_OBUF_repN_47                                                               |                1 |              2 |         2.00 |
|  sys_clk                                      | linienmodule_fast_a_limitcsr1_min_storage_full1[23]_i_1_n_0              | dac_rst_OBUF_repN_45                                                               |                1 |              2 |         2.00 |
|  sys_clk                                      | linienmodule_fast_b_iir1_csrstorage7_storage_full[7]_i_1_n_0             | dac_rst_OBUF_repN_4                                                                |                2 |              2 |         1.00 |
|  sys_clk                                      | linienmodule_fast_a_iir0_storage_full0[23]_i_1_n_0                       | dac_rst_OBUF_repN_42                                                               |                2 |              2 |         1.00 |
|  sys_clk                                      | linienmodule_fast_a_iir0_csrstorage2_storage_full0[7]_i_1_n_0            | dac_rst_OBUF_repN_56                                                               |                1 |              2 |         2.00 |
|  sys_clk                                      | linienmodule_raw_acquisition_iir_csrstorage5_storage_full[23]_i_1_n_0    | dac_rst_OBUF_repN_47                                                               |                1 |              2 |         2.00 |
|  sys_clk                                      | linienmodule_fast_b_iir1_csrstorage7_storage_full[15]_i_1_n_0            | dac_rst_OBUF_repN_7                                                                |                1 |              2 |         2.00 |
|  sys_clk                                      | linienmodule_csrbank6_adc_b_sel0_re                                      | dac_rst_OBUF_repN_57                                                               |                1 |              2 |         2.00 |
|  sys_clk                                      | linienmodule_fast_b_iir0_csrstorage0_storage_full1[15]_i_1_n_0           | dac_rst_OBUF_repN_1                                                                |                1 |              3 |         3.00 |
|  sys_clk                                      | linienmodule_fast_a_limitcsr1_max_storage_full1[15]_i_1_n_0              | dac_rst_OBUF_repN_55                                                               |                1 |              3 |         3.00 |
|  sys_clk                                      | linienmodule_raw_acquisition_iir_csrstorage10_storage_full[7]_i_1_n_0    | dac_rst_OBUF_repN_54                                                               |                1 |              3 |         3.00 |
|  sys_clk                                      | linienmodule_fast_b_iir1_csrstorage3_storage_full[7]_i_1_n_0             | dac_rst_OBUF_repN_10                                                               |                2 |              3 |         1.50 |
|  sys_clk                                      | linienmodule_combined_offset_storage_full[13]_i_1_n_0                    | dac_rst_OBUF_repN_45                                                               |                1 |              3 |         3.00 |
|  sys_clk                                      | linienmodule_fast_a_iir0_csrstorage1_storage_full0[15]_i_1_n_0           | dac_rst_OBUF_repN_46                                                               |                1 |              3 |         3.00 |
|  sys_clk                                      | linienmodule_sequenceexecutor_fsm_reg_data_storage_full[31]_i_1_n_0      | dac_rst_OBUF_repN_34                                                               |                2 |              3 |         1.50 |
|  sys_clk                                      | linienmodule_mod_freq_storage_full[7]_i_1_n_0                            | dac_rst_OBUF_repN_54                                                               |                2 |              3 |         1.50 |
|  sys_clk                                      | linienmodule_raw_acquisition_iir_csrstorage0_storage_full[15]_i_1_n_0    | dac_rst_OBUF_repN_44                                                               |                2 |              3 |         1.50 |
|  sys_clk                                      | linienmodule_csrstorage2_storage_full0[14]_i_1_n_0                       | dac_rst_OBUF_repN_8                                                                |                1 |              3 |         3.00 |
|  sys_clk                                      | linienmodule_mod_freq_storage_full[15]_i_1_n_0                           | dac_rst_OBUF_repN_16                                                               |                1 |              3 |         3.00 |
|  sys_clk                                      | linienmodule_mod_freq_storage_full[15]_i_1_n_0                           | dac_rst_OBUF_repN_47                                                               |                1 |              3 |         3.00 |
|  sys_clk                                      | linienmodule_combined_offset_storage_full[7]_i_1_n_0                     | dac_rst_OBUF_repN_45                                                               |                2 |              3 |         1.50 |
|  sys_clk                                      | linienmodule_combined_offset_storage_full[7]_i_1_n_0                     | dac_rst_OBUF_repN_39                                                               |                1 |              3 |         3.00 |
|  sys_clk                                      | linienmodule_limit_error_signal_max_storage_full[7]_i_1_n_0              | dac_rst_OBUF_repN_48                                                               |                2 |              3 |         1.50 |
|  sys_clk                                      | linienmodule_fast_b_iir0_csrstorage3_storage_full[15]_i_1_n_0            | dac_rst_OBUF_repN_13                                                               |                2 |              3 |         1.50 |
|  sys_clk                                      | linienmodule_limit_error_signal_max_storage_full[15]_i_1_n_0             | dac_rst_OBUF_repN_55                                                               |                1 |              3 |         3.00 |
|  sys_clk                                      | linienmodule_fast_a_iir0_csrstorage3_storage_full[7]_i_1_n_0             | dac_rst_OBUF_repN_22                                                               |                1 |              3 |         3.00 |
|  sys_clk                                      | linienmodule_fast_a_iir0_csrstorage3_storage_full[15]_i_1_n_0            | dac_rst_OBUF_repN_36                                                               |                2 |              3 |         1.50 |
|  sys_clk                                      | linienmodule_fast_b_iir1_csrstorage4_storage_full[23]_i_1_n_0            | dac_rst_OBUF_repN_13                                                               |                1 |              3 |         3.00 |
|  sys_clk                                      | linienmodule_fast_a_limitcsr1_max_storage_full0[23]_i_1_n_0              | dac_rst_OBUF_repN_35                                                               |                1 |              3 |         3.00 |
|  sys_clk                                      | linienmodule_raw_acquisition_iir_csrstorage8_storage_full[23]_i_1_n_0    | dac_rst_OBUF_repN_54                                                               |                1 |              3 |         3.00 |
|  sys_clk                                      | linienmodule_raw_acquisition_iir_csrstorage3_storage_full[23]_i_1_n_0    | dac_rst_OBUF_repN_43                                                               |                1 |              3 |         3.00 |
|  sys_clk                                      | linienmodule_raw_acquisition_iir_csrstorage5_storage_full[7]_i_1_n_0     | dac_rst_OBUF_repN_47                                                               |                1 |              3 |         3.00 |
|  sys_clk                                      | linienmodule_raw_acquisition_iir_csrstorage3_storage_full[7]_i_1_n_0     | dac_rst_OBUF_repN_43                                                               |                1 |              3 |         3.00 |
|  sys_clk                                      | linienmodule_raw_acquisition_iir_csrstorage3_storage_full[7]_i_1_n_0     | dac_rst_OBUF_repN_31                                                               |                1 |              3 |         3.00 |
|  sys_clk                                      | linienmodule_raw_acquisition_iir_csrstorage7_storage_full[7]_i_1_n_0     | dac_rst_OBUF_repN_54                                                               |                1 |              3 |         3.00 |
|  sys_clk                                      |                                                                          | dac_rst_OBUF_repN_18                                                               |                2 |              3 |         1.50 |
|  sys_clk                                      | linienmodule_raw_acquisition_iir_csrstorage1_storage_full[7]_i_1_n_0     | dac_rst_OBUF_repN_40                                                               |                2 |              3 |         1.50 |
|  sys_clk                                      | linienmodule_raw_acquisition_iir_csrstorage1_storage_full[7]_i_1_n_0     | dac_rst_OBUF_repN_44                                                               |                1 |              3 |         3.00 |
|  sys_clk                                      | linienmodule_sequenceexecutor_fsm_reg_addr_storage_full[7]_i_1_n_0       | dac_rst_OBUF_repN_17                                                               |                1 |              3 |         3.00 |
|  sys_clk                                      | linienmodule_fast_b_iir1_storage_full1[23]_i_1_n_0                       | dac_rst_OBUF_repN_7                                                                |                3 |              3 |         1.00 |
|  sys_clk                                      | linienmodule_sequenceexecutor_awg_reg_addr_storage_full[7]_i_1_n_0       | dac_rst_OBUF_repN_63                                                               |                1 |              3 |         3.00 |
|  sys_clk                                      | linienmodule_fast_a_iir0_csrstorage2_storage_full0[15]_i_1_n_0           | dac_rst_OBUF_repN_56                                                               |                1 |              3 |         3.00 |
|  sys_clk                                      | linienmodule_fast_a_iir0_csrstorage0_storage_full0[23]_i_1_n_0           | dac_rst_OBUF_repN_35                                                               |                1 |              3 |         3.00 |
|  sys_clk                                      | linienmodule_fast_b_iir0_csrstorage4_storage_full[23]_i_1_n_0            | dac_rst_OBUF_repN_9                                                                |                1 |              3 |         3.00 |
|  sys_clk                                      | linienmodule_fast_b_iir1_csrstorage9_storage_full[23]_i_1_n_0            | dac_rst_OBUF_repN_7                                                                |                2 |              3 |         1.50 |
|  sys_clk                                      | linienmodule_fast_b_iir0_csrstorage1_storage_full0[7]_i_1_n_0            | dac_rst_OBUF_repN_11                                                               |                1 |              3 |         3.00 |
|  sys_clk                                      | linienmodule_fast_b_iir1_csrstorage6_storage_full[7]_i_1_n_0             | dac_rst_OBUF_repN_6                                                                |                2 |              3 |         1.50 |
|  sys_clk                                      | linienmodule_fast_a_iir0_csrstorage0_storage_full1[23]_i_1_n_0           | dac_rst_OBUF_repN_22                                                               |                1 |              3 |         3.00 |
|  sys_clk                                      | sequence_top/u_control/cur_type[0]                                       | sequence_top/u_sinusoid/SR[0]                                                      |                1 |              3 |         3.00 |
|  sys_clk                                      | linienmodule_fast_a_limitcsr0_min_storage_full1[23]_i_1_n_0              | dac_rst_OBUF_repN_36                                                               |                1 |              3 |         3.00 |
|  sys_clk                                      | linienmodule_fast_a_iir1_csrstorage5_storage_full1[15]_i_1_n_0           | dac_rst_OBUF_repN_25                                                               |                2 |              3 |         1.50 |
|  sys_clk                                      | linienmodule_dna_cnt_reg__0[7]                                           | dac_rst_OBUF_repN_61                                                               |                1 |              3 |         3.00 |
|  sys_clk                                      | linienmodule_raw_acquisition_iir_csrstorage10_storage_full[15]_i_1_n_0   | dac_rst_OBUF_repN_55                                                               |                1 |              3 |         3.00 |
|  sys_clk                                      | linienmodule_raw_acquisition_iir_csrstorage10_storage_full[23]_i_1_n_0   | dac_rst_OBUF_repN_54                                                               |                1 |              3 |         3.00 |
|  sys_clk                                      | linienmodule_max_status21[0]                                             | dac_rst_OBUF_repN_38                                                               |                2 |              3 |         1.50 |
|  sys_clk                                      | linienmodule_max_status11[0]                                             | dac_rst_OBUF_repN_38                                                               |                1 |              3 |         3.00 |
|  sys_clk                                      | linienmodule_sweep_max_storage_full[13]_i_1_n_0                          | dac_rst_OBUF_repN_2                                                                |                1 |              3 |         3.00 |
|  sys_clk                                      | linienmodule_csrbank2_dx_sel0_re                                         | dac_rst_OBUF_repN_43                                                               |                1 |              3 |         3.00 |
|  sys_clk                                      | linienmodule_fast_a_delay_storage_full[7]_i_1_n_0                        | dac_rst_OBUF_repN_32                                                               |                1 |              3 |         3.00 |
|  sys_clk                                      | linienmodule_csrbank5_sequence_sinusoid_reg_addr0_re                     | dac_rst_OBUF_repN_18                                                               |                1 |              3 |         3.00 |
|  sys_clk                                      | linienmodule_max_status101[0]                                            | dac_rst_OBUF_repN_54                                                               |                1 |              3 |         3.00 |
|  sys_clk                                      | linienmodule_csrbank1_demod_multiplier0_re                               | dac_rst_OBUF_repN_38                                                               |                2 |              3 |         1.50 |
|  sys_clk                                      |                                                                          | dac_rst_OBUF_repN_41                                                               |                2 |              3 |         1.50 |
|  sys_clk                                      | linienmodule_min_status111[0]                                            | dac_rst_OBUF_repN_31                                                               |                2 |              3 |         1.50 |
|  sys_clk                                      | red_pitaya_scope/i_bridge/E[0]                                           | dac_rst_OBUF_repN_53                                                               |                1 |              3 |         3.00 |
|  sys_clk                                      | linienmodule_fast_b_delay_storage_full[15]_i_1_n_0                       | dac_rst_OBUF_repN_19                                                               |                2 |              3 |         1.50 |
|  sys_clk                                      | red_pitaya_scope/i_bridge/addr_o_reg[4]_0[0]                             | dac_rst_OBUF_repN_14                                                               |                1 |              3 |         3.00 |
|  sys_clk                                      | red_pitaya_scope/i_bridge/addr_o_reg[4]_0[0]                             | dac_rst_OBUF_repN_53                                                               |                2 |              3 |         1.50 |
|  sys_clk                                      | red_pitaya_scope/i_bridge/addr_o_reg[4]_4[0]                             | dac_rst_OBUF_repN_14                                                               |                1 |              3 |         3.00 |
|  sys_clk                                      | red_pitaya_scope/i_bridge/addr_o_reg[4]_2[0]                             | dac_rst_OBUF_repN_14                                                               |                3 |              3 |         1.00 |
|  sys_clk                                      | linienmodule_sweep_max_storage_full[13]_i_1_n_0                          | dac_rst_OBUF_repN_57                                                               |                1 |              3 |         3.00 |
|  sys_clk                                      | linienmodule_limit_fast1_min_storage_full[7]_i_1_n_0                     | dac_rst_OBUF_repN_59                                                               |                3 |              3 |         1.00 |
|  sys_clk                                      | linienmodule_limit_fast1_min_storage_full[7]_i_1_n_0                     | dac_rst_OBUF_repN_34                                                               |                2 |              3 |         1.50 |
|  sys_clk                                      | linienmodule_sweep_min_storage_full[7]_i_1_n_0                           | dac_rst_OBUF_repN_57                                                               |                1 |              3 |         3.00 |
|  sys_clk                                      | linienmodule_fast_a_limitcsr0_min_storage_full0[7]_i_1_n_0               | dac_rst_OBUF_repN_36                                                               |                2 |              4 |         2.00 |
|  sys_clk                                      | linienmodule_temp_control_storage_full[11]_i_1_n_0                       | dac_rst_OBUF_repN_8                                                                |                1 |              4 |         4.00 |
|  sys_clk                                      | linienmodule_max_status01[0]                                             | dac_rst_OBUF_repN_47                                                               |                2 |              4 |         2.00 |
|  sys_clk                                      | linienmodule_slowchain_min_storage_full[7]_i_1_n_0                       | dac_rst_OBUF_repN_63                                                               |                3 |              4 |         1.33 |
|  sys_clk                                      | linienmodule_slowchain_min_storage_full[7]_i_1_n_0                       | dac_rst_OBUF_repN_34                                                               |                2 |              4 |         2.00 |
|  sys_clk                                      | linienmodule_fast_a_iir0_csrstorage4_storage_full[23]_i_1_n_0            | dac_rst_OBUF_repN_33                                                               |                1 |              4 |         4.00 |
|  sys_clk                                      | linienmodule_fast_a_limitcsr1_max_storage_full1[23]_i_1_n_0              | dac_rst_OBUF_repN_55                                                               |                2 |              4 |         2.00 |
|  sys_clk                                      | red_pitaya_scope/i_bridge/addr_o_reg[5]_0[0]                             | dac_rst_OBUF_repN_53                                                               |                2 |              4 |         2.00 |
|  sys_clk                                      | linienmodule_fast_a_iir0_csrstorage4_storage_full[23]_i_1_n_0            | dac_rst_OBUF_repN_22                                                               |                1 |              4 |         4.00 |
|  sys_clk                                      | linienmodule_max_status111[0]                                            | dac_rst_OBUF_repN_31                                                               |                1 |              4 |         4.00 |
|  sys_clk                                      | linienmodule_max_status111[0]                                            | dac_rst_OBUF_repN                                                                  |                2 |              4 |         2.00 |
|  sys_clk                                      | linienmodule_raw_acquisition_iir_csrstorage0_storage_full[7]_i_1_n_0     | dac_rst_OBUF_repN_40                                                               |                2 |              4 |         2.00 |
|  sys_clk                                      | linienmodule_sweep_min_storage_full[13]_i_1_n_0                          | dac_rst_OBUF_repN_2                                                                |                2 |              4 |         2.00 |
|  sys_clk                                      | linienmodule_fast_a_limitcsr0_min_storage_full0[7]_i_1_n_0               | dac_rst_OBUF_repN_32                                                               |                2 |              4 |         2.00 |
|  sys_clk                                      | linienmodule_fast_a_iir1_csrstorage7_storage_full[23]_i_1_n_0            | dac_rst_OBUF_repN_25                                                               |                1 |              4 |         4.00 |
|  sys_clk                                      | linienmodule_csrbank2_demod_multiplier0_re                               | dac_rst_OBUF_repN_27                                                               |                2 |              4 |         2.00 |
|  sys_clk                                      | linienmodule_raw_acquisition_iir_csrstorage3_storage_full[15]_i_1_n_0    | dac_rst_OBUF_repN_43                                                               |                3 |              4 |         1.33 |
|  sys_clk                                      | linienmodule_fast_a_iir1_csrstorage7_storage_full[15]_i_1_n_0            | dac_rst_OBUF_repN_25                                                               |                1 |              4 |         4.00 |
|  sys_clk                                      | linienmodule_fast_a_iir1_csrstorage7_storage_full[15]_i_1_n_0            | dac_rst_OBUF_repN_35                                                               |                2 |              4 |         2.00 |
|  sys_clk                                      | linienmodule_limit_error_signal_max_storage_full[23]_i_1_n_0             | dac_rst_OBUF_repN_55                                                               |                1 |              4 |         4.00 |
|  sys_clk                                      | linienmodule_raw_acquisition_iir_csrstorage3_storage_full[15]_i_1_n_0    | dac_rst_OBUF_repN_31                                                               |                2 |              4 |         2.00 |
|  sys_clk                                      | linienmodule_csrbank5_sequence_num_blocks_40_re                          | dac_rst_OBUF_repN_16                                                               |                1 |              4 |         4.00 |
|  sys_clk                                      | linienmodule_csrbank6_adc_b_q_sel0_re                                    | dac_rst_OBUF_repN_57                                                               |                1 |              4 |         4.00 |
|  sys_clk                                      | linienmodule_csrbank6_adc_a_q_sel0_re                                    | dac_rst_OBUF_repN_57                                                               |                1 |              4 |         4.00 |
|  sys_clk                                      | sequence_top/u_control/block_idx[0]                                      | sequence_top/u_sinusoid/SR[0]                                                      |                2 |              4 |         2.00 |
|  sys_clk                                      | linienmodule_raw_acquisition_iir_csrstorage2_storage_full[15]_i_1_n_0    | dac_rst_OBUF_repN_31                                                               |                1 |              4 |         4.00 |
|  sys_clk                                      | linienmodule_fast_b_iir1_csrstorage6_storage_full[23]_i_1_n_0            | dac_rst_OBUF_repN_4                                                                |                1 |              4 |         4.00 |
|  sys_clk                                      | linienmodule_fast_b_iir1_csrstorage6_storage_full[23]_i_1_n_0            | dac_rst_OBUF_repN_6                                                                |                2 |              4 |         2.00 |
|  sys_clk                                      | linienmodule_raw_acquisition_iir_csrstorage2_storage_full[15]_i_1_n_0    | dac_rst_OBUF_repN_28                                                               |                2 |              4 |         2.00 |
|  sys_clk                                      | linienmodule_csrstorage1_storage_full0[7]_i_1_n_0                        | dac_rst_OBUF_repN_16                                                               |                1 |              4 |         4.00 |
|  sys_clk                                      | linienmodule_csrbank5_sequence_num_blocks_20_re                          | dac_rst_OBUF_repN_8                                                                |                2 |              4 |         2.00 |
|  sys_clk                                      | linienmodule_csrstorage1_storage_full0[7]_i_1_n_0                        | dac_rst_OBUF_repN_2                                                                |                1 |              4 |         4.00 |
|  sys_clk                                      | linienmodule_fast_a_limitcsr1_min_storage_full1[23]_i_1_n_0              | dac_rst_OBUF_repN_55                                                               |                1 |              4 |         4.00 |
|  sys_clk                                      | linienmodule_min_status101[0]                                            | dac_rst_OBUF_repN_47                                                               |                2 |              4 |         2.00 |
|  sys_clk                                      | sequence_top/u_control/E[0]                                              | dac_rst_OBUF_repN_8                                                                |                1 |              4 |         4.00 |
|  sys_clk                                      | linienmodule_fast_b_iir1_csrstorage5_storage_full1[23]_i_1_n_0           | dac_rst_OBUF_repN_7                                                                |                1 |              4 |         4.00 |
|  sys_clk                                      | linienmodule_fast_a_iir0_csrstorage1_storage_full0[7]_i_1_n_0            | dac_rst_OBUF_repN_56                                                               |                3 |              4 |         1.33 |
|  sys_clk                                      | linienmodule_fast_a_limitcsr0_min_storage_full0[15]_i_1_n_0              | dac_rst_OBUF_repN_32                                                               |                1 |              4 |         4.00 |
|  sys_clk                                      | linienmodule_fast_a_iir0_csrstorage1_storage_full0[7]_i_1_n_0            | dac_rst_OBUF_repN_46                                                               |                1 |              4 |         4.00 |
|  sys_clk                                      | linienmodule_fast_a_iir1_csrstorage5_storage_full1[23]_i_1_n_0           | dac_rst_OBUF_repN_25                                                               |                1 |              4 |         4.00 |
|  sys_clk                                      | linienmodule_fast_b_iir1_csrstorage5_storage_full1[23]_i_1_n_0           | dac_rst_OBUF_repN_10                                                               |                1 |              4 |         4.00 |
|  sys_clk                                      | linienmodule_fast_a_iir0_csrstorage0_storage_full0[23]_i_1_n_0           | dac_rst_OBUF_repN_46                                                               |                1 |              4 |         4.00 |
|  sys_clk                                      | linienmodule_fast_b_iir1_storage_full1[23]_i_1_n_0                       | dac_rst_OBUF_repN_10                                                               |                2 |              4 |         2.00 |
|  sys_clk                                      | linienmodule_max_status41[0]                                             | dac_rst_OBUF_repN_28                                                               |                2 |              4 |         2.00 |
|  sys_clk                                      | linienmodule_fast_b_iir0_csrstorage2_storage_full0[23]_i_1_n_0           | dac_rst_OBUF_repN_11                                                               |                1 |              4 |         4.00 |
|  sys_clk                                      | linienmodule_fast_b_iir0_csrstorage0_storage_full1[15]_i_1_n_0           | dac_rst_OBUF_repN_3                                                                |                1 |              4 |         4.00 |
|  sys_clk                                      | linienmodule_pid_ki_storage_full[13]_i_1_n_0                             | dac_rst_OBUF_repN_61                                                               |                2 |              4 |         2.00 |
|  sys_clk                                      | linienmodule_max_status41[0]                                             | dac_rst_OBUF_repN_37                                                               |                2 |              4 |         2.00 |
|  sys_clk                                      | linienmodule_fast_b_limitcsr1_max_storage_full1[7]_i_1_n_0               | dac_rst_OBUF_repN_21                                                               |                1 |              4 |         4.00 |
|  sys_clk                                      | linienmodule_fast_b_iir0_csrstorage2_storage_full0[23]_i_1_n_0           | dac_rst_OBUF_repN_5                                                                |                1 |              4 |         4.00 |
|  sys_clk                                      | linienmodule_min_status21[0]                                             | dac_rst_OBUF_repN_38                                                               |                2 |              4 |         2.00 |
|  sys_clk                                      | linienmodule_fast_b_iir0_csrstorage1_storage_full0[15]_i_1_n_0           | dac_rst_OBUF_repN_11                                                               |                2 |              4 |         2.00 |
|  sys_clk                                      | linienmodule_limit_error_signal_max_storage_full[7]_i_1_n_0              | dac_rst_OBUF_repN_59                                                               |                2 |              4 |         2.00 |
|  sys_clk                                      | linienmodule_fast_a_limitcsr1_max_storage_full0[23]_i_1_n_0              | dac_rst_OBUF_repN_33                                                               |                2 |              4 |         2.00 |
|  sys_clk                                      | linienmodule_fast_b_iir1_csrstorage5_storage_full1[7]_i_1_n_0            | dac_rst_OBUF_repN_7                                                                |                1 |              4 |         4.00 |
|  sys_clk                                      | linienmodule_fast_b_limitcsr1_max_storage_full0[7]_i_1_n_0               | dac_rst_OBUF_repN_10                                                               |                1 |              4 |         4.00 |
|  sys_clk                                      | linienmodule_fast_b_iir1_csrstorage5_storage_full1[7]_i_1_n_0            | dac_rst_OBUF_repN_10                                                               |                1 |              4 |         4.00 |
|  sys_clk                                      | linienmodule_fast_b_iir0_csrstorage1_storage_full0[15]_i_1_n_0           | dac_rst_OBUF_repN_5                                                                |                2 |              4 |         2.00 |
|  sys_clk                                      | linienmodule_fast_b_limitcsr1_min_storage_full1[7]_i_1_n_0               | dac_rst_OBUF_repN_21                                                               |                1 |              4 |         4.00 |
|  sys_clk                                      | linienmodule_fast_b_limitcsr1_min_storage_full1[7]_i_1_n_0               | dac_rst_OBUF_repN_24                                                               |                2 |              4 |         2.00 |
|  sys_clk                                      | linienmodule_fast_b_iir0_csrstorage2_storage_full0[7]_i_1_n_0            | dac_rst_OBUF_repN_11                                                               |                1 |              4 |         4.00 |
|  sys_clk                                      | linienmodule_fast_b_iir0_storage_full0[15]_i_1_n_0                       | dac_rst_OBUF_repN_11                                                               |                3 |              4 |         1.33 |
|  sys_clk                                      | linienmodule_fast_b_iir0_csrstorage2_storage_full0[7]_i_1_n_0            | dac_rst_OBUF_repN_5                                                                |                2 |              4 |         2.00 |
|  sys_clk                                      | linienmodule_pid_kd_storage_full[13]_i_1_n_0                             | dac_rst_OBUF_repN_48                                                               |                1 |              4 |         4.00 |
|  sys_clk                                      | linienmodule_fast_b_iir0_storage_full0[15]_i_1_n_0                       | dac_rst_OBUF_repN_5                                                                |                1 |              4 |         4.00 |
|  sys_clk                                      | linienmodule_csrbank2_dy_sel0_re                                         | dac_rst_OBUF_repN_43                                                               |                1 |              4 |         4.00 |
|  sys_clk                                      | linienmodule_csrstorage2_storage_full0[14]_i_1_n_0                       | dac_rst_OBUF_repN_16                                                               |                2 |              4 |         2.00 |
|  sys_clk                                      | linienmodule_csrbank1_dy_sel0_re                                         | dac_rst_OBUF_repN_47                                                               |                1 |              4 |         4.00 |
|  sys_clk                                      | linienmodule_autolock_fast_storage_full[13]_i_1_n_0                      | dac_rst_OBUF_repN_55                                                               |                1 |              4 |         4.00 |
|  sys_clk                                      |                                                                          | sequence_top/u_sinusoid/mult_reg0__0                                               |                2 |              4 |         2.00 |
|  sys_clk                                      | linienmodule_limit_fast2_max_storage_full[7]_i_1_n_0                     | dac_rst_OBUF_repN_63                                                               |                3 |              4 |         1.33 |
|  sys_clk                                      | linienmodule_csrbank6_adc_a_sel0_re                                      | dac_rst_OBUF_repN_57                                                               |                1 |              4 |         4.00 |
|  sys_clk                                      | temp_sampler/delay_cnt[0]                                                | dac_rst_OBUF_repN_14                                                               |                1 |              4 |         4.00 |
|  sys_clk                                      | linienmodule_fast_b_limitcsr1_max_storage_full1[7]_i_1_n_0               | dac_rst_OBUF_repN_24                                                               |                2 |              4 |         2.00 |
|  sys_clk                                      | linienmodule_fast_b_iir0_csrstorage3_storage_full[23]_i_1_n_0            | dac_rst_OBUF_repN_13                                                               |                2 |              4 |         2.00 |
|  sys_clk                                      | linienmodule_fast_b_iir1_csrstorage9_storage_full[15]_i_1_n_0            | dac_rst_OBUF_repN_7                                                                |                2 |              4 |         2.00 |
|  sys_clk                                      | linienmodule_fast_a_limitcsr0_max_storage_full1[7]_i_1_n_0               | dac_rst_OBUF_repN_36                                                               |                1 |              4 |         4.00 |
|  sys_clk                                      | linienmodule_csrbank5_sequence_num_blocks_30_re                          | dac_rst_OBUF_repN_16                                                               |                2 |              4 |         2.00 |
|  sys_clk                                      | linienmodule_fast_b_iir1_csrstorage9_storage_full[15]_i_1_n_0            | dac_rst_OBUF_repN_4                                                                |                2 |              4 |         2.00 |
|  sys_clk                                      | linienmodule_raw_acquisition_iir_csrstorage0_storage_full[15]_i_1_n_0    | dac_rst_OBUF_repN_57                                                               |                2 |              4 |         2.00 |
|  sys_clk                                      | sequence_top/u_control/FSM_sequential_state[3]_i_2_n_0                   | sequence_top/u_sinusoid/SR[0]                                                      |                1 |              4 |         4.00 |
|  sys_clk                                      | red_pitaya_scope/i_bridge/addr_o_reg[2]_0[0]                             | dac_rst_OBUF_repN_53                                                               |                2 |              4 |         2.00 |
|  sys_clk                                      | linienmodule_fast_a_iir1_csrstorage5_storage_full1[15]_i_1_n_0           | dac_rst_OBUF_repN_26                                                               |                1 |              4 |         4.00 |
|  sys_clk                                      | linienmodule_fast_a_limitcsr0_max_storage_full0[15]_i_1_n_0              | dac_rst_OBUF_repN_32                                                               |                3 |              4 |         1.33 |
|  sys_clk                                      | linienmodule_fast_a_limitcsr0_max_storage_full0[15]_i_1_n_0              | dac_rst_OBUF_repN_36                                                               |                2 |              4 |         2.00 |
|  sys_clk                                      |                                                                          | linienmodule_interface6_bank_bus_dat_r[3]_i_1_n_0                                  |                3 |              4 |         1.33 |
|  sys_clk                                      | linienmodule_mod_amp_storage_full[7]_i_1_n_0                             | dac_rst_OBUF_repN_47                                                               |                1 |              4 |         4.00 |
|  sys_clk                                      | linienmodule_csrbank5_sequence_num_blocks_10_re                          | dac_rst_OBUF_repN_8                                                                |                1 |              4 |         4.00 |
|  sys_clk                                      | linienmodule_csrbank5_sequence_arm0_re                                   | dac_rst_OBUF_repN_8                                                                |                1 |              4 |         4.00 |
|  sys_clk                                      | linienmodule_temp_control_storage_full[7]_i_1_n_0                        | dac_rst_OBUF_repN_15                                                               |                1 |              4 |         4.00 |
|  sys_clk                                      | linienmodule_temp_control_storage_full[7]_i_1_n_0                        | dac_rst_OBUF_repN_8                                                                |                2 |              4 |         2.00 |
|  sys_clk                                      | linienmodule_fast_b_iir0_csrstorage4_storage_full[23]_i_1_n_0            | dac_rst_OBUF_repN_13                                                               |                1 |              4 |         4.00 |
|  sys_clk                                      | linienmodule_fast_a_limitcsr0_max_storage_full1[7]_i_1_n_0               | dac_rst_OBUF_repN_42                                                               |                1 |              4 |         4.00 |
|  sys_clk                                      | red_pitaya_scope/i_bridge/addr_o_reg[4]_1[0]                             | dac_rst_OBUF_repN_52                                                               |                2 |              4 |         2.00 |
|  sys_clk                                      | linienmodule_max_status51[0]                                             | dac_rst_OBUF_repN_29                                                               |                1 |              4 |         4.00 |
|  sys_clk                                      | red_pitaya_scope/i_bridge/addr_o_reg[4]_3[0]                             | dac_rst_OBUF_repN_53                                                               |                1 |              5 |         5.00 |
|  sys_clk                                      | linienmodule_chain_b_offset_storage_full[7]_i_1_n_0                      | dac_rst_OBUF_repN_39                                                               |                1 |              5 |         5.00 |
|  sys_clk                                      | red_pitaya_scope/i_bridge/addr_o_reg[3]_0[0]                             | dac_rst_OBUF_repN_14                                                               |                2 |              5 |         2.50 |
|  sys_clk                                      | linienmodule_fast_b_limitcsr1_max_storage_full1[15]_i_1_n_0              | dac_rst_OBUF_repN_21                                                               |                2 |              5 |         2.50 |
|  sys_clk                                      | linienmodule_sequenceexecutor_init_v_storage_full[13]_i_1_n_0            | dac_rst_OBUF_repN_16                                                               |                2 |              5 |         2.50 |
|  sys_clk                                      | linienmodule_sequenceexecutor_awg_reg_addr_storage_full[7]_i_1_n_0       | dac_rst_OBUF_repN_34                                                               |                2 |              5 |         2.50 |
|  sys_clk                                      | linienmodule_fast_a_limitcsr0_min_storage_full1[23]_i_1_n_0              | dac_rst_OBUF_repN_42                                                               |                1 |              5 |         5.00 |
|  sys_clk                                      | linienmodule_chain_a_offset_storage_full[13]_i_1_n_0                     | dac_rst_OBUF_repN_54                                                               |                2 |              5 |         2.50 |
|  system_processing_system7_0_0/inst/FCLK_CLK0 | axi_slave/ack_cnt[5]_i_2_n_0                                             | system_processing_system7_0_0/SR[0]                                                |                1 |              5 |         5.00 |
|  sys_clk                                      | linienmodule_fast_a_iir0_csrstorage3_storage_full[23]_i_1_n_0            | dac_rst_OBUF_repN_22                                                               |                1 |              5 |         5.00 |
|  sys_clk                                      | linienmodule_slowchain_max_storage_full[13]_i_1_n_0                      | dac_rst_OBUF_repN_34                                                               |                5 |              5 |         1.00 |
|  sys_clk                                      | linienmodule_min_status51[0]                                             | dac_rst_OBUF_repN_37                                                               |                1 |              5 |         5.00 |
|  sys_clk                                      | linienmodule_raw_acquisition_iir_csrstorage8_storage_full[23]_i_1_n_0    | dac_rst_OBUF_repN_55                                                               |                3 |              5 |         1.67 |
|  sys_clk                                      | linienmodule_sequenceexecutor_fsm_reg_addr_storage_full[7]_i_1_n_0       | dac_rst_OBUF_repN_34                                                               |                1 |              5 |         5.00 |
|  sys_clk                                      | linienmodule_csrstorage1_storage_full0[14]_i_1_n_0                       | dac_rst_OBUF_repN_2                                                                |                2 |              5 |         2.50 |
|  sys_clk                                      | linienmodule_raw_acquisition_iir_csrstorage7_storage_full[7]_i_1_n_0     | dac_rst_OBUF_repN_55                                                               |                2 |              5 |         2.50 |
|  sys_clk                                      | linienmodule_raw_acquisition_iir_csrstorage1_storage_full[23]_i_1_n_0    | dac_rst_OBUF_repN_40                                                               |                2 |              5 |         2.50 |
|  sys_clk                                      | linienmodule_mod_freq_storage_full[23]_i_1_n_0                           | dac_rst_OBUF_repN_16                                                               |                2 |              5 |         2.50 |
|  sys_clk                                      | linienmodule_raw_acquisition_iir_csrstorage5_storage_full[7]_i_1_n_0     | dac_rst_OBUF_repN_43                                                               |                1 |              5 |         5.00 |
|  sys_clk                                      | linienmodule_raw_acquisition_iir_csrstorage3_storage_full[23]_i_1_n_0    | dac_rst_OBUF_repN_31                                                               |                2 |              5 |         2.50 |
|  sys_clk                                      | linienmodule_fast_b_iir1_csrstorage6_storage_full[15]_i_1_n_0            | dac_rst_OBUF_repN_6                                                                |                1 |              5 |         5.00 |
|  sys_clk                                      | linienmodule_raw_acquisition_iir_csrstorage9_storage_full[7]_i_1_n_0     | dac_rst_OBUF_repN_55                                                               |                1 |              5 |         5.00 |
|  sys_clk                                      | linienmodule_fast_a_iir0_csrstorage2_storage_full0[15]_i_1_n_0           | dac_rst_OBUF_repN_46                                                               |                1 |              5 |         5.00 |
|  sys_clk                                      | linienmodule_fast_a_iir0_csrstorage3_storage_full[15]_i_1_n_0            | dac_rst_OBUF_repN_22                                                               |                2 |              5 |         2.50 |
|  sys_clk                                      | linienmodule_fast_a_iir0_csrstorage3_storage_full[7]_i_1_n_0             | dac_rst_OBUF_repN_33                                                               |                2 |              5 |         2.50 |
|  sys_clk                                      | linienmodule_min_status41[0]                                             | dac_rst_OBUF_repN_28                                                               |                1 |              5 |         5.00 |
|  sys_clk                                      | linienmodule_limit_error_signal_max_storage_full[15]_i_1_n_0             | dac_rst_OBUF_repN_59                                                               |                2 |              5 |         2.50 |
|  sys_clk                                      | linienmodule_fast_b_iir0_csrstorage3_storage_full[15]_i_1_n_0            | dac_rst_OBUF_repN_9                                                                |                2 |              5 |         2.50 |
|  sys_clk                                      | linienmodule_dna_cnt_reg__0[7]                                           | dac_rst_OBUF_repN_63                                                               |                2 |              5 |         2.50 |
|  sys_clk                                      | linienmodule_pid_kp_storage_full[13]_i_1_n_0                             | dac_rst_OBUF_repN_48                                                               |                2 |              5 |         2.50 |
|  sys_clk                                      | linienmodule_fast_b_iir0_storage_full0[23]_i_1_n_0                       | dac_rst_OBUF_repN_5                                                                |                4 |              5 |         1.25 |
|  sys_clk                                      | linienmodule_fast_b_limitcsr0_max_storage_full0[7]_i_1_n_0               | dac_rst_OBUF_repN_20                                                               |                1 |              5 |         5.00 |
|  sys_clk                                      | linienmodule_sweep_min_storage_full[7]_i_1_n_0                           | dac_rst_OBUF_repN_2                                                                |                1 |              5 |         5.00 |
|  sys_clk                                      | linienmodule_fast_b_iir1_csrstorage9_storage_full[23]_i_1_n_0            | dac_rst_OBUF_repN_4                                                                |                3 |              5 |         1.67 |
|  sys_clk                                      | linienmodule_raw_acquisition_iir_csrstorage10_storage_full[15]_i_1_n_0   | dac_rst_OBUF_repN_54                                                               |                1 |              5 |         5.00 |
|  sys_clk                                      | linienmodule_raw_acquisition_iir_csrstorage10_storage_full[23]_i_1_n_0   | dac_rst_OBUF_repN_55                                                               |                1 |              5 |         5.00 |
|  sys_clk                                      | linienmodule_mod_freq_storage_full[7]_i_1_n_0                            | dac_rst_OBUF_repN_47                                                               |                3 |              5 |         1.67 |
|  sys_clk                                      | linienmodule_fast_a_delay_storage_full[7]_i_1_n_0                        | dac_rst_OBUF_repN_19                                                               |                2 |              5 |         2.50 |
|  sys_clk                                      | linienmodule_raw_acquisition_iir_csrstorage10_storage_full[7]_i_1_n_0    | dac_rst_OBUF_repN_55                                                               |                2 |              5 |         2.50 |
|  sys_clk                                      | linienmodule_fast_a_iir0_csrstorage1_storage_full0[15]_i_1_n_0           | dac_rst_OBUF_repN_56                                                               |                2 |              5 |         2.50 |
|  sys_clk                                      | linienmodule_pid_ki_storage_full[7]_i_1_n_0                              | dac_rst_OBUF_repN_56                                                               |                1 |              5 |         5.00 |
|  sys_clk                                      | linienmodule_max_status21[0]                                             | dac_rst_OBUF_repN_50                                                               |                2 |              5 |         2.50 |
|  sys_clk                                      | linienmodule_fast_b_limitcsr0_min_storage_full0[7]_i_1_n_0               | dac_rst_OBUF_repN_20                                                               |                2 |              5 |         2.50 |
|  sys_clk                                      | linienmodule_fast_b_iir1_csrstorage4_storage_full[23]_i_1_n_0            | dac_rst_OBUF_repN_7                                                                |                2 |              5 |         2.50 |
|  sys_clk                                      | linienmodule_limit_fast1_max_storage_full[13]_i_1_n_0                    | dac_rst_OBUF_repN_63                                                               |                1 |              5 |         5.00 |
|  sys_clk                                      | linienmodule_fast_b_iir1_csrstorage7_storage_full[23]_i_1_n_0            | dac_rst_OBUF_repN_4                                                                |                1 |              5 |         5.00 |
|  sys_clk                                      | linienmodule_fast_b_iir0_csrstorage1_storage_full0[7]_i_1_n_0            | dac_rst_OBUF_repN_5                                                                |                1 |              5 |         5.00 |
|  sys_clk                                      | linienmodule_sequenceexecutor_fsm_reg_data_storage_full[31]_i_1_n_0      | dac_rst_OBUF_repN_17                                                               |                2 |              5 |         2.50 |
|  sys_clk                                      | linienmodule_fast_b_iir1_csrstorage6_storage_full[7]_i_1_n_0             | dac_rst_OBUF_repN_4                                                                |                2 |              5 |         2.50 |
|  sys_clk                                      | red_pitaya_scope/i_bridge/addr_o_reg[5]_1[0]                             | dac_rst_OBUF_repN_14                                                               |                2 |              5 |         2.50 |
|  sys_clk                                      | red_pitaya_scope/i_bridge/addr_o_reg[4]_1[0]                             | dac_rst_OBUF_repN_53                                                               |                3 |              5 |         1.67 |
|  sys_clk                                      | linienmodule_min_status21[0]                                             | dac_rst_OBUF_repN_54                                                               |                2 |              5 |         2.50 |
|  sys_clk                                      | linienmodule_csrbank5_slow_decimation0_re                                | dac_rst_OBUF_repN_15                                                               |                2 |              5 |         2.50 |
|  sys_clk                                      | linienmodule_raw_acquisition_iir_csrstorage0_storage_full[23]_i_1_n_0    | dac_rst_OBUF_repN_57                                                               |                3 |              5 |         1.67 |
|  sys_clk                                      | linienmodule_fast_a_iir0_csrstorage0_storage_full1[23]_i_1_n_0           | dac_rst_OBUF_repN_33                                                               |                1 |              5 |         5.00 |
|  sys_clk                                      | linienmodule_fast_b_iir1_csrstorage7_storage_full[15]_i_1_n_0            | dac_rst_OBUF_repN_4                                                                |                3 |              6 |         2.00 |
|  sys_clk                                      | linienmodule_fast_b_limitcsr1_min_storage_full0[7]_i_1_n_0               | dac_rst_OBUF_repN_10                                                               |                5 |              6 |         1.20 |
|  sys_clk                                      | linienmodule_sequenceexecutor_awg_reg_data_storage_full[7]_i_1_n_0       | dac_rst_OBUF_repN_34                                                               |                4 |              6 |         1.50 |
|  sys_clk                                      | linienmodule_sequenceexecutor_awg_reg_data_storage_full[13]_i_1_n_0      | dac_rst_OBUF_repN_34                                                               |                1 |              6 |         6.00 |
|  sys_clk                                      | linienmodule_fast_b_limitcsr1_max_storage_full0[15]_i_1_n_0              | dac_rst_OBUF_repN_10                                                               |                1 |              6 |         6.00 |
|  sys_clk                                      | linienmodule_fast_a_iir0_csrstorage2_storage_full1[7]_i_1_n_0            | dac_rst_OBUF_repN_33                                                               |                2 |              6 |         3.00 |
|  sys_clk                                      | linienmodule_fast_a_limitcsr1_max_storage_full0[15]_i_1_n_0              | dac_rst_OBUF_repN_33                                                               |                4 |              6 |         1.50 |
|  sys_clk                                      | linienmodule_fast_a_iir1_storage_full1[23]_i_1_n_0                       | dac_rst_OBUF_repN_35                                                               |                2 |              6 |         3.00 |
|  sys_clk                                      | linienmodule_sequenceexecutor_sinusoid_reg_data_storage_full[15]_i_1_n_0 | dac_rst_OBUF_repN_18                                                               |                1 |              6 |         6.00 |
|  sys_clk                                      | linienmodule_fast_a_iir0_storage_full0[7]_i_1_n_0                        | dac_rst_OBUF_repN_46                                                               |                1 |              6 |         6.00 |
|  sys_clk                                      | linienmodule_sequenceexecutor_fsm_reg_data_storage_full[15]_i_1_n_0      | dac_rst_OBUF_repN_17                                                               |                2 |              6 |         3.00 |
|  sys_clk                                      | linienmodule_fast_a_iir0_storage_full0[23]_i_1_n_0                       | dac_rst_OBUF_repN_46                                                               |                1 |              6 |         6.00 |
|  sys_clk                                      | linienmodule_fast_b_iir1_csrstorage7_storage_full[7]_i_1_n_0             | dac_rst_OBUF_repN_7                                                                |                3 |              6 |         2.00 |
|  sys_clk                                      | linienmodule_fast_b_limitcsr0_max_storage_full0[15]_i_1_n_0              | dac_rst_OBUF_repN_19                                                               |                2 |              6 |         3.00 |
|  sys_clk                                      | linienmodule_fast_a_iir0_csrstorage2_storage_full0[7]_i_1_n_0            | dac_rst_OBUF_repN_46                                                               |                3 |              6 |         2.00 |
|  sys_clk                                      | linienmodule_mod_amp_storage_full[13]_i_1_n_0                            | dac_rst_OBUF_repN_2                                                                |                1 |              6 |         6.00 |
|  sys_clk                                      | linienmodule_fast_a_iir0_csrstorage4_storage_full[15]_i_1_n_0            | dac_rst_OBUF_repN_33                                                               |                2 |              6 |         3.00 |
|  sys_clk                                      | linienmodule_sequenceexecutor_sinusoid_reg_data_storage_full[7]_i_1_n_0  | dac_rst_OBUF_repN_18                                                               |                2 |              6 |         3.00 |
|  sys_clk                                      | linienmodule_fast_a_limitcsr0_max_storage_full0[7]_i_1_n_0               | dac_rst_OBUF_repN_32                                                               |                1 |              6 |         6.00 |
|  sys_clk                                      | linienmodule_out_offset_storage_full[13]_i_1_n_0                         | dac_rst_OBUF_repN_8                                                                |                2 |              6 |         3.00 |
|  sys_clk                                      | linienmodule_raw_acquisition_iir_csrstorage9_storage_full[23]_i_1_n_0    | dac_rst_OBUF_repN_55                                                               |                2 |              6 |         3.00 |
|  sys_clk                                      | linienmodule_slowchain_setpoint_storage_full[13]_i_1_n_0                 | dac_rst_OBUF_repN_63                                                               |                3 |              6 |         2.00 |
|  sys_clk                                      | linienmodule_fast_b_iir1_csrstorage8_storage_full[7]_i_1_n_0             | dac_rst_OBUF_repN_7                                                                |                2 |              6 |         3.00 |
|  sys_clk                                      | linienmodule_slowchain_ki_storage_full[13]_i_1_n_0                       | dac_rst_OBUF_repN_63                                                               |                3 |              6 |         2.00 |
|  sys_clk                                      | linienmodule_fast_b_iir1_csrstorage3_storage_full[15]_i_1_n_0            | dac_rst_OBUF_repN_12                                                               |                1 |              6 |         6.00 |
|  sys_clk                                      | linienmodule_limit_fast2_min_storage_full[7]_i_1_n_0                     | dac_rst_OBUF_repN_59                                                               |                3 |              6 |         2.00 |
|  sys_clk                                      | linienmodule_slowchain_kp_storage_full[13]_i_1_n_0                       | dac_rst_OBUF_repN_63                                                               |                2 |              6 |         3.00 |
|  sys_clk                                      | red_pitaya_scope/i_bridge/addr_o_reg[4]_0[0]                             | dac_rst_OBUF_repN_15                                                               |                2 |              6 |         3.00 |
|  sys_clk                                      | linienmodule_fast_b_iir1_csrstorage9_storage_full[7]_i_1_n_0             | dac_rst_OBUF_repN_4                                                                |                1 |              6 |         6.00 |
|  sys_clk                                      | linienmodule_slowchain_min_storage_full[13]_i_1_n_0                      | dac_rst_OBUF_repN_34                                                               |                2 |              6 |         3.00 |
|  sys_clk                                      | linienmodule_chain_b_offset_storage_full[13]_i_1_n_0                     | dac_rst_OBUF_repN_38                                                               |                1 |              6 |         6.00 |
|  sys_clk                                      | linienmodule_raw_acquisition_iir_storage_full[23]_i_1_n_0                | dac_rst_OBUF_repN_16                                                               |                3 |              6 |         2.00 |
|  sys_clk                                      | linienmodule_fast_a_iir1_csrstorage5_storage_full1[7]_i_1_n_0            | dac_rst_OBUF_repN_25                                                               |                1 |              6 |         6.00 |
|  sys_clk                                      | linienmodule_fast_a_limitcsr1_min_storage_full0[23]_i_1_n_0              | dac_rst_OBUF_repN_33                                                               |                1 |              6 |         6.00 |
|  sys_clk                                      | temp_sampler/count_o[7]_i_1_n_0                                          | dac_rst_OBUF_repN_15                                                               |                3 |              6 |         2.00 |
|  sys_clk                                      | linienmodule_fast_a_iir0_csrstorage4_storage_full[7]_i_1_n_0             | dac_rst_OBUF_repN_33                                                               |                1 |              6 |         6.00 |
|  sys_clk                                      | linienmodule_csrbank4_outs0_re                                           | dac_rst_OBUF_repN_18                                                               |                2 |              6 |         3.00 |
|  sys_clk                                      | linienmodule_max_status21[0]                                             | dac_rst_OBUF_repN_45                                                               |                2 |              6 |         3.00 |
|  sys_clk                                      | linienmodule_sweep_step_storage_full[29]_i_1_n_0                         | dac_rst_OBUF_repN_2                                                                |                1 |              6 |         6.00 |
|  sys_clk                                      | linienmodule_fast_a_limitcsr0_min_storage_full0[23]_i_1_n_0              | dac_rst_OBUF_repN_32                                                               |                2 |              6 |         3.00 |
|  sys_clk                                      | linienmodule_limit_fast1_min_storage_full[13]_i_1_n_0                    | dac_rst_OBUF_repN_63                                                               |                2 |              6 |         3.00 |
|  sys_clk                                      | linienmodule_max_status51[0]                                             | dac_rst_OBUF_repN_21                                                               |                2 |              6 |         3.00 |
|  sys_clk                                      | linienmodule_chain_a_offset_storage_full[7]_i_1_n_0                      | dac_rst_OBUF_repN_45                                                               |                2 |              6 |         3.00 |
|  sys_clk                                      | linienmodule_fast_a_iir0_csrstorage0_storage_full1[7]_i_1_n_0            | dac_rst_OBUF_repN_33                                                               |                1 |              6 |         6.00 |
|  sys_clk                                      | linienmodule_fast_b_delay_storage_full[7]_i_1_n_0                        | dac_rst_OBUF_repN_19                                                               |                2 |              6 |         3.00 |
|  sys_clk                                      | linienmodule_fast_a_iir0_csrstorage0_storage_full1[15]_i_1_n_0           | dac_rst_OBUF_repN_33                                                               |                5 |              6 |         1.20 |
|  sys_clk                                      | linienmodule_fast_b_limitcsr1_min_storage_full1[15]_i_1_n_0              | dac_rst_OBUF_repN_21                                                               |                3 |              6 |         2.00 |
|  sys_clk                                      | linienmodule_fast_a_limitcsr0_max_storage_full0[23]_i_1_n_0              | dac_rst_OBUF_repN_32                                                               |                2 |              6 |         3.00 |
|  sys_clk                                      | linienmodule_fast_a_iir0_csrstorage1_storage_full0[23]_i_1_n_0           | dac_rst_OBUF_repN_56                                                               |                2 |              6 |         3.00 |
|  sys_clk                                      | linienmodule_sequenceexecutor_sinusoid_reg_data_storage_full[23]_i_1_n_0 | dac_rst_OBUF_repN_18                                                               |                2 |              6 |         3.00 |
|  sys_clk                                      | linienmodule_raw_acquisition_iir_csrstorage6_storage_full[7]_i_1_n_0     | dac_rst_OBUF_repN_55                                                               |                1 |              6 |         6.00 |
|  sys_clk                                      | linienmodule_fast_b_limitcsr1_max_storage_full0[23]_i_1_n_0              | dac_rst_OBUF_repN_10                                                               |                2 |              6 |         3.00 |
|  sys_clk                                      | linienmodule_raw_acquisition_iir_storage_full[7]_i_1_n_0                 | dac_rst_OBUF_repN_16                                                               |                4 |              6 |         1.50 |
|  sys_clk                                      | linienmodule_fast_b_iir1_csrstorage5_storage_full0[23]_i_1_n_0           | dac_rst_OBUF_repN_13                                                               |                2 |              6 |         3.00 |
|  sys_clk                                      | linienmodule_fast_b_iir1_csrstorage4_storage_full[7]_i_1_n_0             | dac_rst_OBUF_repN_7                                                                |                2 |              6 |         3.00 |
|  sys_clk                                      | linienmodule_raw_acquisition_iir_storage_full[15]_i_1_n_0                | dac_rst_OBUF_repN_16                                                               |                2 |              6 |         3.00 |
|  sys_clk                                      | linienmodule_fast_b_iir1_csrstorage4_storage_full[15]_i_1_n_0            | dac_rst_OBUF_repN_13                                                               |                1 |              6 |         6.00 |
|  sys_clk                                      | linienmodule_fast_b_iir0_csrstorage3_storage_full[7]_i_1_n_0             | dac_rst_OBUF_repN_9                                                                |                1 |              6 |         6.00 |
|  sys_clk                                      | linienmodule_sequenceexecutor_sinusoid_reg_data_storage_full[31]_i_1_n_0 | dac_rst_OBUF_repN_18                                                               |                2 |              6 |         3.00 |
|  sys_clk                                      | linienmodule_slowchain_kd_storage_full[13]_i_1_n_0                       | dac_rst_OBUF_repN_63                                                               |                2 |              6 |         3.00 |
|  sys_clk                                      | linienmodule_fast_a_iir1_csrstorage4_storage_full[23]_i_1_n_0            | dac_rst_OBUF_repN_26                                                               |                2 |              6 |         3.00 |
|  sys_clk                                      | linienmodule_fast_a_delay_storage_full[15]_i_1_n_0                       | dac_rst_OBUF_repN_19                                                               |                1 |              6 |         6.00 |
|  sys_clk                                      | linienmodule_fast_a_iir0_csrstorage0_storage_full0[7]_i_1_n_0            | dac_rst_OBUF_repN_46                                                               |                2 |              6 |         3.00 |
|  sys_clk                                      | linienmodule_mod_freq_storage_full[31]_i_1_n_0                           | dac_rst_OBUF_repN_2                                                                |                3 |              6 |         2.00 |
|  sys_clk                                      | linienmodule_limit_fast2_max_storage_full[13]_i_1_n_0                    | dac_rst_OBUF_repN_63                                                               |                3 |              6 |         2.00 |
|  sys_clk                                      | linienmodule_raw_acquisition_iir_csrstorage9_storage_full[15]_i_1_n_0    | dac_rst_OBUF_repN_55                                                               |                2 |              6 |         3.00 |
|  sys_clk                                      | linienmodule_raw_acquisition_iir_csrstorage2_storage_full[7]_i_1_n_0     | dac_rst_OBUF_repN_28                                                               |                2 |              6 |         3.00 |
|  sys_clk                                      | linienmodule_fast_b_iir0_storage_full1[23]_i_1_n_0                       | dac_rst_OBUF_repN_7                                                                |                2 |              6 |         3.00 |
|  sys_clk                                      | linienmodule_fast_b_iir1_storage_full0[15]_i_1_n_0                       | dac_rst_OBUF_repN_10                                                               |                2 |              6 |         3.00 |
|  sys_clk                                      | linienmodule_raw_acquisition_iir_csrstorage2_storage_full[23]_i_1_n_0    | dac_rst_OBUF_repN_28                                                               |                1 |              6 |         6.00 |
|  sys_clk                                      | linienmodule_raw_acquisition_iir_csrstorage1_storage_full[15]_i_1_n_0    | dac_rst_OBUF_repN_40                                                               |                2 |              6 |         3.00 |
|  sys_clk                                      | linienmodule_raw_acquisition_iir_csrstorage7_storage_full[15]_i_1_n_0    | dac_rst_OBUF_repN_55                                                               |                1 |              6 |         6.00 |
|  sys_clk                                      | linienmodule_raw_acquisition_iir_csrstorage5_storage_full[23]_i_1_n_0    | dac_rst_OBUF_repN_43                                                               |                1 |              6 |         6.00 |
|  sys_clk                                      | linienmodule_sequenceexecutor_o_saved_pid_out_next_value_ce1             | dac_rst_OBUF_repN_34                                                               |                2 |              6 |         3.00 |
|  sys_clk                                      | linienmodule_fast_a_iir0_storage_full0[15]_i_1_n_0                       | dac_rst_OBUF_repN_46                                                               |                3 |              6 |         2.00 |
|  sys_clk                                      | linienmodule_min_status11[0]                                             | dac_rst_OBUF_repN_38                                                               |                3 |              7 |         2.33 |
|  sys_clk                                      | linienmodule_fast_b_limitcsr0_min_storage_full1[7]_i_1_n_0               | dac_rst_OBUF_repN_11                                                               |                1 |              7 |         7.00 |
|  sys_clk                                      | linienmodule_fast_a_iir0_csrstorage2_storage_full1[15]_i_1_n_0           | dac_rst_OBUF_repN_33                                                               |                2 |              7 |         3.50 |
|  sys_clk                                      | red_pitaya_scope/ext_trig_debn[15]_i_1_n_0                               | dac_rst_OBUF_repN_14                                                               |                3 |              7 |         2.33 |
|  sys_clk                                      | linienmodule_fast_b_limitcsr0_min_storage_full1[15]_i_1_n_0              | dac_rst_OBUF_repN_11                                                               |                2 |              7 |         3.50 |
|  sys_clk                                      | linienmodule_slowchain_setpoint_storage_full[7]_i_1_n_0                  | dac_rst_OBUF_repN_63                                                               |                3 |              7 |         2.33 |
|  sys_clk                                      | linienmodule_out_offset_storage_full[7]_i_1_n_0                          | dac_rst_OBUF_repN_8                                                                |                2 |              7 |         3.50 |
|  sys_clk                                      | linienmodule_fast_b_iir0_csrstorage2_storage_full1[23]_i_1_n_0           | dac_rst_OBUF_repN_3                                                                |                1 |              7 |         7.00 |
|  sys_clk                                      | linienmodule_csrstorage0_storage_full0[14]_i_1_n_0                       | dac_rst_OBUF_repN_15                                                               |                1 |              7 |         7.00 |
|  sys_clk                                      | linienmodule_fast_b_iir0_csrstorage4_storage_full[7]_i_1_n_0             | dac_rst_OBUF_repN_9                                                                |                2 |              7 |         3.50 |
|  sys_clk                                      | linienmodule_fast_b_iir0_csrstorage0_storage_full1[23]_i_1_n_0           | dac_rst_OBUF_repN_3                                                                |                3 |              7 |         2.33 |
|  sys_clk                                      | linienmodule_fast_b_iir1_csrstorage5_storage_full1[15]_i_1_n_0           | dac_rst_OBUF_repN_10                                                               |                1 |              7 |         7.00 |
|  sys_clk                                      | linienmodule_min_status41[0]                                             | dac_rst_OBUF_repN_43                                                               |                2 |              7 |         3.50 |
|  sys_clk                                      | linienmodule_fast_a_iir1_csrstorage8_storage_full[7]_i_1_n_0             | dac_rst_OBUF_repN_25                                                               |                2 |              7 |         3.50 |
|  sys_clk                                      | linienmodule_fast_b_iir0_csrstorage2_storage_full1[15]_i_1_n_0           | dac_rst_OBUF_repN_3                                                                |                2 |              7 |         3.50 |
|  sys_clk                                      | linienmodule_fast_b_limitcsr1_min_storage_full0[15]_i_1_n_0              | dac_rst_OBUF_repN_10                                                               |                2 |              7 |         3.50 |
|  sys_clk                                      | linienmodule_fast_a_delay_storage_full[31]_i_1_n_0                       | dac_rst_OBUF_repN_32                                                               |                3 |              7 |         2.33 |
|  sys_clk                                      | linienmodule_fast_a_limitcsr1_min_storage_full0[15]_i_1_n_0              | dac_rst_OBUF_repN_33                                                               |                4 |              7 |         1.75 |
|  sys_clk                                      | linienmodule_fast_b_iir1_storage_full1[15]_i_1_n_0                       | dac_rst_OBUF_repN_7                                                                |                3 |              7 |         2.33 |
|  sys_clk                                      | linienmodule_fast_a_iir1_csrstorage6_storage_full[23]_i_1_n_0            | dac_rst_OBUF_repN_25                                                               |                2 |              7 |         3.50 |
|  sys_clk                                      | linienmodule_fast_b_iir1_storage_full0[7]_i_1_n_0                        | dac_rst_OBUF_repN_12                                                               |                3 |              7 |         2.33 |
|  sys_clk                                      | linienmodule_fast_a_iir1_csrstorage6_storage_full[15]_i_1_n_0            | dac_rst_OBUF_repN_25                                                               |                1 |              7 |         7.00 |
|  sys_clk                                      | red_pitaya_scope/i_bridge/addr_o_reg[4]_5[0]                             | dac_rst_OBUF_repN_53                                                               |                3 |              7 |         2.33 |
|  sys_clk                                      | linienmodule_raw_acquisition_iir_csrstorage4_storage_full[23]_i_1_n_0    | dac_rst_OBUF_repN_43                                                               |                2 |              7 |         3.50 |
|  sys_clk                                      | linienmodule_slowchain_max_storage_full[7]_i_1_n_0                       | dac_rst_OBUF_repN_63                                                               |                3 |              7 |         2.33 |
|  sys_clk                                      | linienmodule_fast_b_iir0_storage_full1[7]_i_1_n_0                        | dac_rst_OBUF_repN_3                                                                |                1 |              7 |         7.00 |
|  sys_clk                                      | linienmodule_fast_a_delay_storage_full[23]_i_1_n_0                       | dac_rst_OBUF_repN_32                                                               |                4 |              7 |         1.75 |
|  sys_clk                                      | linienmodule_fast_b_iir0_csrstorage4_storage_full[15]_i_1_n_0            | dac_rst_OBUF_repN_9                                                                |                2 |              7 |         3.50 |
|  sys_clk                                      | linienmodule_raw_acquisition_iir_csrstorage8_storage_full[15]_i_1_n_0    | dac_rst_OBUF_repN_55                                                               |                1 |              7 |         7.00 |
|  sys_clk                                      | linienmodule_raw_acquisition_iir_csrstorage7_storage_full[23]_i_1_n_0    | dac_rst_OBUF_repN_55                                                               |                2 |              7 |         3.50 |
|  sys_clk                                      | red_pitaya_scope/ext_trig_debp[15]_i_1_n_0                               | dac_rst_OBUF_repN_14                                                               |                3 |              7 |         2.33 |
|  sys_clk                                      | linienmodule_fast_a_iir0_csrstorage2_storage_full0[23]_i_1_n_0           | dac_rst_OBUF_repN_46                                                               |                2 |              7 |         3.50 |
|  sys_clk                                      | linienmodule_fast_a_iir1_storage_full1[15]_i_1_n_0                       | dac_rst_OBUF_repN_26                                                               |                5 |              7 |         1.40 |
|  sys_clk                                      | linienmodule_fast_b_iir0_csrstorage0_storage_full0[15]_i_1_n_0           | dac_rst_OBUF_repN_5                                                                |                1 |              7 |         7.00 |
|  sys_clk                                      | linienmodule_csrstorage5_storage_full[7]_i_1_n_0                         | dac_rst_OBUF_repN_14                                                               |                2 |              7 |         3.50 |
|  sys_clk                                      | linienmodule_fast_b_limitcsr1_min_storage_full1[23]_i_1_n_0              | dac_rst_OBUF_repN_21                                                               |                5 |              7 |         1.40 |
|  sys_clk                                      | linienmodule_sequenceexecutor_init_v_storage_full[7]_i_1_n_0             | dac_rst_OBUF_repN_16                                                               |                2 |              7 |         3.50 |
|  sys_clk                                      | linienmodule_max_status11[0]                                             | dac_rst_OBUF_repN_50                                                               |                4 |              7 |         1.75 |
|  sys_clk                                      | linienmodule_fast_a_iir0_csrstorage1_storage_full1[15]_i_1_n_0           | dac_rst_OBUF_repN_33                                                               |                2 |              7 |         3.50 |
|  sys_clk                                      | linienmodule_fast_b_limitcsr1_max_storage_full1[23]_i_1_n_0              | dac_rst_OBUF_repN_21                                                               |                3 |              7 |         2.33 |
|  sys_clk                                      | linienmodule_fast_b_iir0_csrstorage0_storage_full0[7]_i_1_n_0            | dac_rst_OBUF_repN_5                                                                |                1 |              7 |         7.00 |
|  sys_clk                                      | linienmodule_fast_a_iir0_csrstorage0_storage_full0[15]_i_1_n_0           | dac_rst_OBUF_repN_46                                                               |                1 |              7 |         7.00 |
|  sys_clk                                      | linienmodule_sequenceexecutor_fsm_reg_data_storage_full[23]_i_1_n_0      | dac_rst_OBUF_repN_17                                                               |                1 |              7 |         7.00 |
|  sys_clk                                      | linienmodule_fast_b_iir1_storage_full0[23]_i_1_n_0                       | dac_rst_OBUF_repN_10                                                               |                3 |              7 |         2.33 |
|  sys_clk                                      | linienmodule_fast_a_iir0_csrstorage1_storage_full1[23]_i_1_n_0           | dac_rst_OBUF_repN_33                                                               |                1 |              7 |         7.00 |
|  sys_clk                                      | linienmodule_fast_a_iir1_csrstorage3_storage_full[23]_i_1_n_0            | dac_rst_OBUF_repN_35                                                               |                2 |              7 |         3.50 |
|  sys_clk                                      | linienmodule_fast_a_iir1_csrstorage7_storage_full[7]_i_1_n_0             | dac_rst_OBUF_repN_25                                                               |                1 |              7 |         7.00 |
|  sys_clk                                      | linienmodule_fast_a_limitcsr0_max_storage_full1[23]_i_1_n_0              | dac_rst_OBUF_repN_42                                                               |                2 |              7 |         3.50 |
|  sys_clk                                      | linienmodule_fast_a_iir0_csrstorage1_storage_full1[7]_i_1_n_0            | dac_rst_OBUF_repN_33                                                               |                3 |              7 |         2.33 |
|  sys_clk                                      | linienmodule_fast_b_limitcsr0_max_storage_full1[15]_i_1_n_0              | dac_rst_OBUF_repN_11                                                               |                1 |              7 |         7.00 |
|  sys_clk                                      | red_pitaya_scope/i_bridge/addr_o_reg[5]_2[0]                             | dac_rst_OBUF_repN_14                                                               |                2 |              7 |         3.50 |
|  sys_clk                                      | linienmodule_pid_kd_storage_full[7]_i_1_n_0                              | dac_rst_OBUF_repN_48                                                               |                2 |              8 |         4.00 |
|  sys_clk                                      | linienmodule_fast_a_iir1_csrstorage5_storage_full0[15]_i_1_n_0           | dac_rst_OBUF_repN_26                                                               |                1 |              8 |         8.00 |
|  sys_clk                                      | linienmodule_fast_b_iir1_csrstorage8_storage_full[23]_i_1_n_0            | dac_rst_OBUF_repN_7                                                                |                3 |              8 |         2.67 |
|  sys_clk                                      | linienmodule_fast_b_iir1_csrstorage8_storage_full[15]_i_1_n_0            | dac_rst_OBUF_repN_7                                                                |                1 |              8 |         8.00 |
|  sys_clk                                      | linienmodule_fast_b_iir1_csrstorage5_storage_full0[15]_i_1_n_0           | dac_rst_OBUF_repN_13                                                               |                3 |              8 |         2.67 |
|  sys_clk                                      | linienmodule_csrstorage0_storage_full0[7]_i_1_n_0                        | dac_rst_OBUF_repN_2                                                                |                2 |              8 |         4.00 |
|  sys_clk                                      | linienmodule_fast_a_iir0_storage_full1[7]_i_1_n_0                        | dac_rst_OBUF_repN_22                                                               |                3 |              8 |         2.67 |
|  sys_clk                                      | linienmodule_limit_error_signal_min_storage_full[15]_i_1_n_0             | dac_rst_OBUF_repN_54                                                               |                3 |              8 |         2.67 |
|  sys_clk                                      | linienmodule_fast_a_iir0_storage_full1[15]_i_1_n_0                       | dac_rst_OBUF_repN_22                                                               |                3 |              8 |         2.67 |
|  sys_clk                                      | linienmodule_fast_a_iir1_csrstorage3_storage_full[15]_i_1_n_0            | dac_rst_OBUF_repN_35                                                               |                2 |              8 |         4.00 |
|  sys_clk                                      | linienmodule_fast_a_iir1_csrstorage3_storage_full[7]_i_1_n_0             | dac_rst_OBUF_repN_35                                                               |                1 |              8 |         8.00 |
|  sys_clk                                      | linienmodule_fast_a_limitcsr0_max_storage_full1[15]_i_1_n_0              | dac_rst_OBUF_repN_42                                                               |                3 |              8 |         2.67 |
|  sys_clk                                      | linienmodule_fast_a_iir1_storage_full0[15]_i_1_n_0                       | dac_rst_OBUF_repN_35                                                               |                5 |              8 |         1.60 |
|  sys_clk                                      | linienmodule_fast_b_iir0_csrstorage2_storage_full1[7]_i_1_n_0            | dac_rst_OBUF_repN_3                                                                |                4 |              8 |         2.00 |
|  sys_clk                                      | linienmodule_limit_error_signal_min_storage_full[7]_i_1_n_0              | dac_rst_OBUF_repN_54                                                               |                2 |              8 |         4.00 |
|  sys_clk                                      | linienmodule_sequenceexecutor_fsm_reg_data_storage_full[7]_i_1_n_0       | dac_rst_OBUF_repN_17                                                               |                2 |              8 |         4.00 |
|  sys_clk                                      | linienmodule_pid_kp_storage_full[7]_i_1_n_0                              | dac_rst_OBUF_repN_59                                                               |                3 |              8 |         2.67 |
|  sys_clk                                      | linienmodule_fast_a_iir1_storage_full0[7]_i_1_n_0                        | dac_rst_OBUF_repN_35                                                               |                3 |              8 |         2.67 |
|  sys_clk                                      | linienmodule_fast_b_limitcsr1_min_storage_full0[23]_i_1_n_0              | dac_rst_OBUF_repN_10                                                               |                3 |              8 |         2.67 |
|  sys_clk                                      | linienmodule_fast_b_iir0_csrstorage1_storage_full1[15]_i_1_n_0           | dac_rst_OBUF_repN_3                                                                |                3 |              8 |         2.67 |
|  sys_clk                                      | linienmodule_fast_b_limitcsr0_min_storage_full0[23]_i_1_n_0              | dac_rst_OBUF_repN_20                                                               |                2 |              8 |         4.00 |
|  sys_clk                                      | linienmodule_fast_a_iir0_storage_full1[23]_i_1_n_0                       | dac_rst_OBUF_repN_22                                                               |                4 |              8 |         2.00 |
|  sys_clk                                      | linienmodule_fast_b_iir0_csrstorage1_storage_full1[23]_i_1_n_0           | dac_rst_OBUF_repN_3                                                                |                1 |              8 |         8.00 |
|  sys_clk                                      | linienmodule_chain_a_factor_storage_full[7]_i_1_n_0                      | dac_rst_OBUF_repN_56                                                               |                2 |              8 |         4.00 |
|  sys_clk                                      | linienmodule_fast_b_iir0_storage_full0[7]_i_1_n_0                        | dac_rst_OBUF_repN_11                                                               |                2 |              8 |         4.00 |
|  sys_clk                                      | linienmodule_min_status11[0]                                             | dac_rst_OBUF_repN_50                                                               |                2 |              8 |         4.00 |
|  sys_clk                                      | linienmodule_pid_setpoint_storage_full[7]_i_1_n_0                        | dac_rst_OBUF_repN_56                                                               |                1 |              8 |         8.00 |
|  sys_clk                                      | linienmodule_fast_a_iir1_csrstorage5_storage_full0[7]_i_1_n_0            | dac_rst_OBUF_repN_26                                                               |                1 |              8 |         8.00 |
|  sys_clk                                      | linienmodule_raw_acquisition_iir_csrstorage6_storage_full[15]_i_1_n_0    | dac_rst_OBUF_repN_54                                                               |                1 |              8 |         8.00 |
|  sys_clk                                      | linienmodule_fast_a_limitcsr1_max_storage_full0[7]_i_1_n_0               | dac_rst_OBUF_repN_33                                                               |                1 |              8 |         8.00 |
|  sys_clk                                      | linienmodule_fast_a_iir1_csrstorage4_storage_full[7]_i_1_n_0             | dac_rst_OBUF_repN_26                                                               |                3 |              8 |         2.67 |
|  sys_clk                                      | linienmodule_pid_setpoint_storage_full[15]_i_1_n_0                       | dac_rst_OBUF_repN_61                                                               |                2 |              8 |         4.00 |
|  sys_clk                                      | linienmodule_pid_setpoint_storage_full[23]_i_1_n_0                       | dac_rst_OBUF_repN_61                                                               |                2 |              8 |         4.00 |
|  sys_clk                                      | linienmodule_fast_a_iir1_storage_full0[23]_i_1_n_0                       | dac_rst_OBUF_repN_35                                                               |                3 |              8 |         2.67 |
|  sys_clk                                      | linienmodule_fast_a_iir1_csrstorage9_storage_full[23]_i_1_n_0            | dac_rst_OBUF_repN_25                                                               |                2 |              8 |         4.00 |
|  sys_clk                                      | linienmodule_fast_a_iir1_csrstorage4_storage_full[15]_i_1_n_0            | dac_rst_OBUF_repN_26                                                               |                1 |              8 |         8.00 |
|  sys_clk                                      | linienmodule_fast_a_iir1_csrstorage9_storage_full[15]_i_1_n_0            | dac_rst_OBUF_repN_25                                                               |                3 |              8 |         2.67 |
|  sys_clk                                      | linienmodule_fast_a_iir1_csrstorage6_storage_full[7]_i_1_n_0             | dac_rst_OBUF_repN_25                                                               |                3 |              8 |         2.67 |
|  sys_clk                                      | linienmodule_fast_b_iir1_csrstorage5_storage_full0[7]_i_1_n_0            | dac_rst_OBUF_repN_13                                                               |                1 |              8 |         8.00 |
|  sys_clk                                      | linienmodule_fast_b_limitcsr0_min_storage_full1[23]_i_1_n_0              | dac_rst_OBUF_repN_19                                                               |                3 |              8 |         2.67 |
|  sys_clk                                      | linienmodule_fast_b_limitcsr0_max_storage_full1[7]_i_1_n_0               | dac_rst_OBUF_repN_11                                                               |                3 |              8 |         2.67 |
|  sys_clk                                      |                                                                          | linienmodule_interface8_bank_bus_dat_r[7]_i_1_n_0                                  |                4 |              8 |         2.00 |
|  sys_clk                                      |                                                                          | linienmodule_interface3_bank_bus_dat_r[7]_i_1_n_0                                  |                4 |              8 |         2.00 |
|  sys_clk                                      | linienmodule_fast_b_limitcsr0_max_storage_full1[23]_i_1_n_0              | dac_rst_OBUF_repN_19                                                               |                2 |              8 |         4.00 |
|  sys_clk                                      |                                                                          | linienmodule_interface7_bank_bus_dat_r[7]_i_1_n_0                                  |                5 |              8 |         1.60 |
|  sys_clk                                      |                                                                          | linienmodule_interface1_bank_bus_dat_r[7]_i_1_n_0                                  |                5 |              8 |         1.60 |
|  sys_clk                                      | linienmodule_csrstorage2_storage_full0[7]_i_1_n_0                        | dac_rst_OBUF_repN_16                                                               |                3 |              8 |         2.67 |
|  sys_clk                                      |                                                                          | linienmodule_interface2_bank_bus_dat_r[7]_i_1_n_0                                  |                3 |              8 |         2.67 |
|  sys_clk                                      | linienmodule_fast_b_iir0_csrstorage2_storage_full0[15]_i_1_n_0           | dac_rst_OBUF_repN_11                                                               |                3 |              8 |         2.67 |
|  sys_clk                                      |                                                                          | linienmodule_interface9_bank_bus_dat_r[7]_i_1_n_0                                  |                4 |              8 |         2.00 |
|  sys_clk                                      |                                                                          | linienmodule_interface5_bank_bus_dat_r[7]_i_1_n_0                                  |                8 |              8 |         1.00 |
|  sys_clk                                      |                                                                          | linienmodule_interface0_bank_bus_dat_r[7]_i_1_n_0                                  |                5 |              8 |         1.60 |
|  sys_clk                                      |                                                                          | linienmodule_interface4_bank_bus_dat_r[7]_i_1_n_0                                  |                5 |              8 |         1.60 |
|  sys_clk                                      | linienmodule_slowchain_ki_storage_full[7]_i_1_n_0                        | dac_rst_OBUF_repN_63                                                               |                3 |              8 |         2.67 |
|  sys_clk                                      | linienmodule_fast_a_iir1_csrstorage5_storage_full0[23]_i_1_n_0           | dac_rst_OBUF_repN_26                                                               |                4 |              8 |         2.00 |
|  sys_clk                                      | linienmodule_fast_b_limitcsr0_max_storage_full0[23]_i_1_n_0              | dac_rst_OBUF_repN_20                                                               |                1 |              8 |         8.00 |
|  sys_clk                                      | linienmodule_slowchain_kp_storage_full[7]_i_1_n_0                        | dac_rst_OBUF_repN_63                                                               |                5 |              8 |         1.60 |
|  sys_clk                                      | linienmodule_fast_b_delay_storage_full[31]_i_1_n_0                       | dac_rst_OBUF_repN_19                                                               |                4 |              8 |         2.00 |
|  sys_clk                                      | linienmodule_fast_b_delay_storage_full[23]_i_1_n_0                       | dac_rst_OBUF_repN_19                                                               |                2 |              8 |         4.00 |
|  sys_clk                                      | linienmodule_fast_b_limitcsr0_min_storage_full0[15]_i_1_n_0              | dac_rst_OBUF_repN_20                                                               |                2 |              8 |         4.00 |
|  sys_clk                                      | linienmodule_raw_acquisition_iir_csrstorage4_storage_full[15]_i_1_n_0    | dac_rst_OBUF_repN_43                                                               |                3 |              8 |         2.67 |
|  sys_clk                                      | linienmodule_chain_b_factor_storage_full[7]_i_1_n_0                      | dac_rst_OBUF_repN_58                                                               |                2 |              8 |         4.00 |
|  sys_clk                                      | linienmodule_fast_a_limitcsr1_min_storage_full0[7]_i_1_n_0               | dac_rst_OBUF_repN_33                                                               |                4 |              8 |         2.00 |
|  sys_clk                                      | linienmodule_fast_a_iir0_csrstorage2_storage_full1[23]_i_1_n_0           | dac_rst_OBUF_repN_33                                                               |                4 |              8 |         2.00 |
|  sys_clk                                      | linienmodule_fast_b_iir0_csrstorage1_storage_full1[7]_i_1_n_0            | dac_rst_OBUF_repN_3                                                                |                1 |              8 |         8.00 |
|  sys_clk                                      | linienmodule_limit_error_signal_min_storage_full[23]_i_1_n_0             | dac_rst_OBUF_repN_54                                                               |                2 |              8 |         4.00 |
|  sys_clk                                      | linienmodule_raw_acquisition_iir_csrstorage8_storage_full[7]_i_1_n_0     | dac_rst_OBUF_repN_54                                                               |                2 |              8 |         4.00 |
|  sys_clk                                      | linienmodule_raw_acquisition_iir_csrstorage5_storage_full[15]_i_1_n_0    | dac_rst_OBUF_repN_43                                                               |                2 |              8 |         4.00 |
|  sys_clk                                      | linienmodule_fast_b_iir1_storage_full1[7]_i_1_n_0                        | dac_rst_OBUF_repN_7                                                                |                2 |              8 |         4.00 |
|  sys_clk                                      | linienmodule_sequenceexecutor_o_saved_pid_out_next_value_ce1             | dac_rst_OBUF_repN_60                                                               |                2 |              8 |         4.00 |
|  sys_clk                                      | linienmodule_csrstorage3_storage_full[7]_i_1_n_0                         | dac_rst_OBUF_repN_14                                                               |                2 |              8 |         4.00 |
|  sys_clk                                      | linienmodule_csrbank3_oes0_re                                            | dac_rst_OBUF_repN_18                                                               |                3 |              8 |         2.67 |
|  sys_clk                                      | linienmodule_csrstorage1_storage_full1[7]_i_1_n_0                        | dac_rst_OBUF_repN_14                                                               |                2 |              8 |         4.00 |
|  sys_clk                                      | linienmodule_csrbank3_outs0_re                                           | dac_rst_OBUF_repN_14                                                               |                3 |              8 |         2.67 |
|  sys_clk                                      | red_pitaya_scope/i_bridge/addr_o_reg[5]_0[0]                             | dac_rst_OBUF_repN_15                                                               |                2 |              8 |         4.00 |
|  sys_clk                                      | linienmodule_raw_acquisition_iir_csrstorage6_storage_full[23]_i_1_n_0    | dac_rst_OBUF_repN_54                                                               |                1 |              8 |         8.00 |
|  sys_clk                                      | red_pitaya_scope/i_bridge/addr_o_reg[5]_1[0]                             | dac_rst_OBUF_repN_53                                                               |                4 |              8 |         2.00 |
|  sys_clk                                      | red_pitaya_scope/i_bridge/addr_o_reg[3]_0[0]                             | dac_rst_OBUF_repN_53                                                               |                4 |              8 |         2.00 |
|  sys_clk                                      | linienmodule_csrstorage6_storage_full[7]_i_1_n_0                         | dac_rst_OBUF_repN_14                                                               |                2 |              8 |         4.00 |
|  sys_clk                                      | linienmodule_csrstorage4_storage_full[7]_i_1_n_0                         | dac_rst_OBUF_repN_14                                                               |                2 |              8 |         4.00 |
|  sys_clk                                      | linienmodule_sweep_step_storage_full[15]_i_1_n_0                         | dac_rst_OBUF_repN_16                                                               |                2 |              8 |         4.00 |
|  sys_clk                                      | linienmodule_csrstorage2_storage_full1[7]_i_1_n_0                        | dac_rst_OBUF_repN_14                                                               |                2 |              8 |         4.00 |
|  sys_clk                                      | linienmodule_csrstorage0_storage_full1[7]_i_1_n_0                        | dac_rst_OBUF_repN_14                                                               |                1 |              8 |         8.00 |
|  sys_clk                                      | linienmodule_slowchain_kd_storage_full[7]_i_1_n_0                        | dac_rst_OBUF_repN_63                                                               |                1 |              8 |         8.00 |
|  sys_clk                                      | linienmodule_autolock_fast_storage_full[7]_i_1_n_0                       | dac_rst_OBUF_repN_55                                                               |                2 |              8 |         4.00 |
|  sys_clk                                      | linienmodule_fast_b_iir0_csrstorage0_storage_full0[23]_i_1_n_0           | dac_rst_OBUF_repN_5                                                                |                2 |              8 |         4.00 |
|  sys_clk                                      | linienmodule_fast_b_iir0_storage_full1[15]_i_1_n_0                       | dac_rst_OBUF_repN_3                                                                |                3 |              8 |         2.67 |
|  sys_clk                                      | linienmodule_fast_b_iir1_csrstorage3_storage_full[23]_i_1_n_0            | dac_rst_OBUF_repN_10                                                               |                3 |              8 |         2.67 |
|  sys_clk                                      | linienmodule_fast_a_iir1_csrstorage9_storage_full[7]_i_1_n_0             | dac_rst_OBUF_repN_25                                                               |                4 |              8 |         2.00 |
|  sys_clk                                      | linienmodule_csrstorage7_storage_full[7]_i_1_n_0                         | dac_rst_OBUF_repN_14                                                               |                2 |              8 |         4.00 |
|  sys_clk                                      | linienmodule_fast_a_iir1_csrstorage8_storage_full[15]_i_1_n_0            | dac_rst_OBUF_repN_25                                                               |                1 |              8 |         8.00 |
|  sys_clk                                      | linienmodule_raw_acquisition_iir_csrstorage4_storage_full[7]_i_1_n_0     | dac_rst_OBUF_repN_43                                                               |                2 |              8 |         4.00 |
|  sys_clk                                      | linienmodule_fast_a_iir1_csrstorage8_storage_full[23]_i_1_n_0            | dac_rst_OBUF_repN_25                                                               |                1 |              8 |         8.00 |
|  sys_clk                                      | linienmodule_csrbank4_oes0_re                                            | dac_rst_OBUF_repN_18                                                               |                4 |              8 |         2.00 |
|  sys_clk                                      | linienmodule_sweep_max_storage_full[7]_i_1_n_0                           | dac_rst_OBUF_repN_16                                                               |                2 |              8 |         4.00 |
|  sys_clk                                      | linienmodule_limit_fast1_max_storage_full[7]_i_1_n_0                     | dac_rst_OBUF_repN_34                                                               |                2 |              8 |         4.00 |
|  sys_clk                                      | linienmodule_fast_a_iir1_storage_full1[7]_i_1_n_0                        | dac_rst_OBUF_repN_26                                                               |                2 |              8 |         4.00 |
|  sys_clk                                      | linienmodule_sweep_step_storage_full[23]_i_1_n_0                         | dac_rst_OBUF_repN_2                                                                |                3 |              8 |         2.67 |
|  sys_clk                                      | linienmodule_sweep_step_storage_full[7]_i_1_n_0                          | dac_rst_OBUF_repN_16                                                               |                4 |              8 |         2.00 |
|  sys_clk                                      | linienmodule_min_status51[0]                                             | dac_rst_OBUF_repN_28                                                               |                2 |              8 |         4.00 |
|  sys_clk                                      | linienmodule_fast_a_limitcsr0_min_storage_full1[15]_i_1_n_0              | dac_rst_OBUF_repN_42                                                               |                3 |              8 |         2.67 |
|  sys_clk                                      | linienmodule_fast_a_limitcsr0_min_storage_full1[7]_i_1_n_0               | dac_rst_OBUF_repN_36                                                               |                1 |              8 |         8.00 |
|  sys_clk                                      | linienmodule_fast_b_iir0_csrstorage1_storage_full0[23]_i_1_n_0           | dac_rst_OBUF_repN_5                                                                |                2 |              8 |         4.00 |
|  sys_clk                                      | linienmodule_fast_b_iir0_csrstorage0_storage_full1[7]_i_1_n_0            | dac_rst_OBUF_repN_3                                                                |                3 |              8 |         2.67 |
|  sys_clk                                      | temp_sampler/acc[0]                                                      | dac_rst_OBUF_repN_59                                                               |                3 |              8 |         2.67 |
|  sys_clk                                      |                                                                          | dac_rst_OBUF_repN_53                                                               |                4 |              9 |         2.25 |
|  sys_clk                                      | linienmodule_min_status31[0]                                             | dac_rst_OBUF_repN_29                                                               |                4 |              9 |         2.25 |
|  sys_clk                                      |                                                                          | linienmodule_state_status[8]_i_1_n_0                                               |                6 |              9 |         1.50 |
|  sys_clk                                      | linienmodule_max_status01[0]                                             | dac_rst_OBUF_repN_54                                                               |                3 |             10 |         3.33 |
|  sys_clk                                      | linienmodule_min_status51[0]                                             | dac_rst_OBUF_repN_29                                                               |                3 |             10 |         3.33 |
|  sys_clk                                      | linienmodule_max_status31[0]                                             | dac_rst_OBUF_repN_29                                                               |                2 |             10 |         5.00 |
|  sys_clk                                      | linienmodule_sequenceexecutor_o_saved_pid_out_next_value_ce1             | dac_rst_OBUF_repN_63                                                               |                6 |             10 |         1.67 |
|  sys_clk                                      | sequence_top/u_arb_wave/div_counter0_carry__1_n_1                        | sequence_top/u_control/linienmodule_sequenceexecutor_reset_seq_storage_full_reg[0] |                2 |             10 |         5.00 |
|  sys_clk                                      | red_pitaya_scope/i_bridge/addr_o_reg[4]_4[0]                             | dac_rst_OBUF_repN_53                                                               |                8 |             10 |         1.25 |
|  sys_clk                                      | red_pitaya_scope/i_bridge/addr_o_reg[4]_2[0]                             | dac_rst_OBUF_repN_53                                                               |                3 |             10 |         3.33 |
|  sys_clk                                      | linienmodule_min_status11[0]                                             | dac_rst_OBUF_repN_27                                                               |                3 |             10 |         3.33 |
|  sys_clk                                      | red_pitaya_scope/i_bridge/addr_o_reg[5]_1[0]                             | dac_rst_OBUF_repN_49                                                               |                6 |             11 |         1.83 |
|  sys_clk                                      | linienmodule_min_status01[0]                                             | dac_rst_OBUF_repN_54                                                               |                3 |             11 |         3.67 |
|  sys_clk                                      | linienmodule_min_status41[0]                                             | dac_rst_OBUF_repN_31                                                               |                3 |             11 |         3.67 |
|  sys_clk                                      | red_pitaya_scope/i_bridge/addr_o_reg[4]_4[0]                             | dac_rst_OBUF_repN_49                                                               |                4 |             11 |         2.75 |
|  sys_clk                                      | linienmodule_max_status21[0]                                             | dac_rst_OBUF_repN_54                                                               |                4 |             11 |         2.75 |
|  sys_clk                                      |                                                                          | dac_rst_OBUF_repN_9                                                                |                3 |             11 |         3.67 |
|  sys_clk                                      | linienmodule_xadc_a_status[0]                                            | dac_rst_OBUF_repN_18                                                               |                3 |             12 |         4.00 |
|  sys_clk                                      | linienmodule_xadc_d_status[0]                                            | dac_rst_OBUF_repN_18                                                               |                2 |             12 |         6.00 |
|  sys_clk                                      | linienmodule_xadc_c_status[0]                                            | dac_rst_OBUF_repN_18                                                               |                6 |             12 |         2.00 |
|  sys_clk                                      | linienmodule_xadc_b_status[0]                                            | dac_rst_OBUF_repN_18                                                               |                3 |             12 |         4.00 |
|  sys_clk                                      | temp_sampler/delay_cnt[0]                                                | dac_rst_OBUF_repN_15                                                               |                4 |             12 |         3.00 |
|  sys_clk                                      | red_pitaya_scope/i_bridge/addr_o_reg[3]_0[0]                             | dac_rst_OBUF_repN_49                                                               |                2 |             12 |         6.00 |
|  sys_clk                                      | linienmodule_xadc_temp_status[0]                                         | dac_rst_OBUF_repN_18                                                               |                5 |             12 |         2.40 |
|  sys_clk                                      | linienmodule_xadc_v_status[0]                                            | dac_rst_OBUF_repN_18                                                               |                5 |             12 |         2.40 |
|  sys_clk                                      | red_pitaya_scope/i_bridge/addr_o_reg[5]_2[0]                             | dac_rst_OBUF_repN_53                                                               |                6 |             12 |         2.00 |
|  sys_clk                                      | red_pitaya_scope/i_bridge/addr_o_reg[4]_2[0]                             | dac_rst_OBUF_repN_49                                                               |                4 |             12 |         3.00 |
|  sys_clk                                      | linienmodule_max_status91[0]                                             | dac_rst_OBUF_repN_54                                                               |                4 |             12 |         3.00 |
|  sys_clk                                      | linienmodule_max_status11[0]                                             | dac_rst_OBUF_repN_27                                                               |                4 |             13 |         3.25 |
|  sys_clk                                      | red_pitaya_scope/i_bridge/addr_o_reg[4]_3[0]                             | dac_rst_OBUF_repN_49                                                               |                7 |             13 |         1.86 |
|  sys_clk                                      | red_pitaya_scope/i_bridge/addr_o_reg[2]_1[0]                             | dac_rst_OBUF_repN_52                                                               |                3 |             13 |         4.33 |
|  sys_clk                                      | red_pitaya_scope/i_bridge/addr_o_reg[5]_3[0]                             | dac_rst_OBUF_repN_52                                                               |                5 |             13 |         2.60 |
|  sys_clk                                      | red_pitaya_scope/ext_trig_debn[19]_i_2_n_0                               | red_pitaya_scope/ext_trig_debn[19]_i_1_n_0                                         |                6 |             13 |         2.17 |
|  sys_clk                                      | red_pitaya_scope/i_bridge/addr_o_reg[2]_0[0]                             | dac_rst_OBUF_repN_49                                                               |                4 |             13 |         3.25 |
|  sys_clk                                      | red_pitaya_scope/ext_trig_debp[19]_i_2_n_0                               | red_pitaya_scope/ext_trig_debp[19]_i_1_n_0                                         |                5 |             13 |         2.60 |
|  sys_clk                                      | red_pitaya_scope/i_bridge/addr_o_reg[5]_2[0]                             | dac_rst_OBUF_repN_49                                                               |                5 |             13 |         2.60 |
|  sys_clk                                      | linienmodule_min_status21[0]                                             | dac_rst_OBUF_repN_50                                                               |                4 |             14 |         3.50 |
|  sys_clk                                      |                                                                          | dac_rst_OBUF_repN_26                                                               |                5 |             14 |         2.80 |
|  sys_clk                                      | sequence_top/u_control/param_idx_reg[2]_3[0]                             | sequence_top/u_sinusoid/SR[0]                                                      |                5 |             14 |         2.80 |
|  sys_clk                                      | linienmodule_min_status91[0]                                             | dac_rst_OBUF_repN_54                                                               |                4 |             14 |         3.50 |
|  sys_clk                                      |                                                                          | linienmodule_sweep_y[13]_i_1_n_0                                                   |                5 |             14 |         2.80 |
|  sys_clk                                      | sequence_top/u_control/cur_type_reg[1]_1[0]                              | sequence_top/u_sinusoid/SR[0]                                                      |                4 |             14 |         3.50 |
|  sys_clk                                      | sequence_top/u_control/param_idx_reg[0]_2[0]                             | sequence_top/u_sinusoid/SR[0]                                                      |                5 |             14 |         2.80 |
|  sys_clk                                      | sequence_top/u_control/param_idx_reg[0]_1[0]                             | sequence_top/u_sinusoid/SR[0]                                                      |                5 |             14 |         2.80 |
|  sys_clk                                      | sequence_top/u_control/prev_v_drive[13]_i_1_n_0                          | sequence_top/u_sinusoid/SR[0]                                                      |               10 |             14 |         1.40 |
|  sys_clk                                      | sequence_top/u_linear_ramp/o_drive_ff[0]_i_1_n_0                         | sequence_top/u_sinusoid/SR[0]                                                      |                4 |             14 |         3.50 |
|  sys_clk                                      | red_pitaya_scope/adc_wp_trig0                                            | red_pitaya_scope/adc_wp_cur[0]                                                     |                3 |             14 |         4.67 |
|  linienmodule_decimate_output_BUFG            | linienmodule_min_status61[0]                                             |                                                                                    |                5 |             14 |         2.80 |
|  linienmodule_decimate_output_BUFG            | linienmodule_max_status61[0]                                             |                                                                                    |                4 |             14 |         3.50 |
|  sys_clk                                      | linienmodule_max_status51[0]                                             | dac_rst_OBUF_repN_28                                                               |                5 |             15 |         3.00 |
|  sys_clk                                      | temp_sampler/acc[0]                                                      | dac_rst_OBUF_repN_15                                                               |                4 |             15 |         3.75 |
|  sys_clk                                      | red_pitaya_scope/i_bridge/addr_o_reg[4]_1[0]                             | dac_rst_OBUF_repN_49                                                               |                8 |             16 |         2.00 |
|  sys_clk                                      | linienmodule_max_status41[0]                                             | dac_rst_OBUF_repN_43                                                               |                5 |             16 |         3.20 |
|  sys_clk                                      |                                                                          | dac_rst_OBUF_repN_62                                                               |                8 |             16 |         2.00 |
|  sys_clk                                      | red_pitaya_scope/i_bridge/addr_o_reg[4]_5[0]                             | dac_rst_OBUF_repN_49                                                               |                6 |             17 |         2.83 |
|  sys_clk                                      | linienmodule_max_status111[0]                                            | dac_rst_OBUF_repN_43                                                               |                6 |             17 |         2.83 |
|  sys_clk                                      | linienmodule_sequenceexecutor_o_saved_pid_out_next_value_ce1             | dac_rst_OBUF_repN_48                                                               |                4 |             19 |         4.75 |
|  sys_clk                                      |                                                                          | dac_rst_OBUF_repN_63                                                               |                6 |             19 |         3.17 |
|  sys_clk                                      | temp_sampler/count_o[7]_i_1_n_0                                          | dac_rst_OBUF_repN_8                                                                |                7 |             20 |         2.86 |
|  sys_clk                                      | linienmodule_min_status101[0]                                            | dac_rst_OBUF_repN_43                                                               |                6 |             21 |         3.50 |
|  sys_clk                                      | temp_sampler/acc[0]                                                      | dac_rst_OBUF_repN_34                                                               |                6 |             21 |         3.50 |
|  sys_clk                                      | linienmodule_min_status111[0]                                            | dac_rst_OBUF_repN_43                                                               |                7 |             21 |         3.00 |
|  system_processing_system7_0_0/inst/FCLK_CLK0 | axi_slave/PS7_i[0]                                                       |                                                                                    |                8 |             21 |         2.62 |
|  sys_clk                                      |                                                                          | sequence_top/u_sinusoid/SR[0]                                                      |               10 |             21 |         2.10 |
|  sys_clk                                      | linienmodule_max_status101[0]                                            | dac_rst_OBUF_repN_47                                                               |                7 |             22 |         3.14 |
|  sys_clk                                      | linienmodule_sequenceexecutor_o_saved_pid_out_next_value_ce1             | dac_rst_OBUF_repN_59                                                               |               11 |             24 |         2.18 |
|  sys_clk                                      | linienmodule_fast_a_iir0_z20_i_1_n_0                                     | dac_rst_OBUF_repN_56                                                               |                7 |             25 |         3.57 |
|  sys_clk                                      | linienmodule_fast_a_iir1_z20_i_1_n_0                                     | dac_rst_OBUF_repN_23                                                               |                7 |             25 |         3.57 |
|  sys_clk                                      | linienmodule_fast_a_iir0_z70_i_1_n_0                                     | dac_rst_OBUF_repN_56                                                               |                7 |             25 |         3.57 |
|  sys_clk                                      | linienmodule_raw_acquisition_iir_z100_i_1_n_0                            | dac_rst_OBUF_repN_44                                                               |                7 |             25 |         3.57 |
|  sys_clk                                      | CEB2__0                                                                  | dac_rst_OBUF_repN_9                                                                |                7 |             25 |         3.57 |
|  sys_clk                                      | CEB2                                                                     | dac_rst_OBUF_repN_6                                                                |                7 |             25 |         3.57 |
|  sys_clk                                      |                                                                          | dac_rst_OBUF_repN_14                                                               |               12 |             25 |         2.08 |
|  sys_clk                                      | linienmodule_fast_b_iir1_z50_i_1_n_0                                     | dac_rst_OBUF_repN_9                                                                |                7 |             25 |         3.57 |
|  sys_clk                                      | linienmodule_fast_a_iir1_z70_i_1_n_0                                     | dac_rst_OBUF_repN_23                                                               |                7 |             25 |         3.57 |
|  sys_clk                                      | linienmodule_fast_b_iir0_z70_i_1_n_0                                     | dac_rst_OBUF_repN_7                                                                |                7 |             25 |         3.57 |
|  sys_clk                                      |                                                                          | dac_rst_OBUF_repN_17                                                               |               11 |             26 |         2.36 |
|  sys_clk                                      | red_pitaya_scope/p_0_in18_out                                            | red_pitaya_scope/adc_wp_cur[0]                                                     |                6 |             28 |         4.67 |
|  sys_clk                                      |                                                                          | dac_rst_OBUF_repN_4                                                                |               10 |             28 |         2.80 |
|  sys_clk                                      | red_pitaya_scope/i_bridge/addr_o_reg[6]_0[0]                             | dac_rst_OBUF_repN_49                                                               |                7 |             30 |         4.29 |
|  sys_clk                                      |                                                                          | red_pitaya_scope/adc_dec_cnt[31]                                                   |                8 |             31 |         3.88 |
|  system_processing_system7_0_0/inst/FCLK_CLK0 | system_processing_system7_0_0/inst/FCLK_RESET0_N                         |                                                                                    |               27 |             32 |         1.19 |
|  sys_clk                                      | sequence_top/u_control/dur[31]_i_1_n_0                                   | sequence_top/u_sinusoid/SR[0]                                                      |                9 |             32 |         3.56 |
|  system_processing_system7_0_0/inst/FCLK_CLK0 | system_processing_system7_0_0/PS7_i_1[0]                                 |                                                                                    |                8 |             32 |         4.00 |
|  sys_clk                                      | sequence_top/u_control/param_idx_reg[2]_1[0]                             | sequence_top/u_sinusoid/SR[0]                                                      |                5 |             32 |         6.40 |
|  sys_clk                                      | sequence_top/u_control/param_idx_reg[0]_0[0]                             | sequence_top/u_sinusoid/SR[0]                                                      |                9 |             32 |         3.56 |
|  sys_clk                                      | sequence_top/u_sinusoid/phase_inc_r[0]                                   | sequence_top/u_sinusoid/SR[0]                                                      |                8 |             32 |         4.00 |
|  sys_clk                                      | sequence_top/u_control/param_idx_reg[2]_2[0]                             | sequence_top/u_sinusoid/SR[0]                                                      |               11 |             32 |         2.91 |
|  sys_clk                                      | sequence_top/u_control/count[0]                                          | sequence_top/u_sinusoid/SR[0]                                                      |                8 |             32 |         4.00 |
|  sys_clk                                      | sequence_top/u_control/param_idx_reg[2]_0[0]                             | sequence_top/u_sinusoid/SR[0]                                                      |                7 |             32 |         4.57 |
|  sys_clk                                      | sequence_top/u_control/cur_type_reg[1]_0[0]                              | sequence_top/u_sinusoid/SR[0]                                                      |               12 |             32 |         2.67 |
|  sys_clk                                      | sequence_top/u_sinusoid/v_amp_r[0]                                       | sequence_top/u_sinusoid/SR[0]                                                      |                7 |             32 |         4.57 |
|  sys_clk                                      |                                                                          | sequence_top/u_sinusoid/phase_accum[0]_i_1_n_0                                     |                8 |             32 |         4.00 |
|  sys_clk                                      | sequence_top/u_sinusoid/v_min_cut_r[0]                                   | sequence_top/u_sinusoid/SR[0]                                                      |               10 |             32 |         3.20 |
|  sys_clk                                      |                                                                          | sequence_top/u_linear_ramp/counter[0]_i_1_n_0                                      |                8 |             32 |         4.00 |
|  sys_clk                                      | sequence_top/u_sinusoid/v_max_cut_r[0]                                   | sequence_top/u_sinusoid/SR[0]                                                      |               10 |             32 |         3.20 |
|  linienmodule_decimate_output_BUFG            |                                                                          | linienmodule_slowchain_reset_storage                                               |                7 |             32 |         4.57 |
|  sys_clk                                      | sequence_top/u_sinusoid/v_mid_r[0]                                       | sequence_top/u_sinusoid/SR[0]                                                      |                9 |             32 |         3.56 |
|  sys_clk                                      |                                                                          | sequence_top/u_arb_wave/div_counter[0]_i_1_n_0                                     |                8 |             32 |         4.00 |
|  sys_clk                                      | red_pitaya_scope/adc_dly_cnt[0]_i_1_n_0                                  | dac_rst_OBUF_repN_49                                                               |                8 |             32 |         4.00 |
|  system_processing_system7_0_0/inst/FCLK_CLK0 |                                                                          | system_processing_system7_0_0/PS7_i_2[0]                                           |               11 |             33 |         3.00 |
|  system_processing_system7_0_0/inst/FCLK_CLK0 | system_processing_system7_0_0/PS7_i[0]                                   |                                                                                    |                8 |             34 |         4.25 |
|  system_processing_system7_0_0/inst/FCLK_CLK0 | system_processing_system7_0_0/PS7_i_0[0]                                 |                                                                                    |                6 |             34 |         5.67 |
|  sys_clk                                      | linienmodule_sweep_sweep_y[37]_i_2_n_0                                   | linienmodule_sweep_sweep_y[37]_i_1_n_0                                             |               11 |             38 |         3.45 |
|  sys_clk                                      |                                                                          | dac_rst_OBUF_repN_47                                                               |               22 |             39 |         1.77 |
|  sys_clk                                      |                                                                          | dac_rst_OBUF_repN_13                                                               |               11 |             40 |         3.64 |
|  sys_clk                                      |                                                                          | dac_rst_OBUF_repN_7                                                                |               11 |             42 |         3.82 |
|  sys_clk                                      | linienmodule_pid_int_reg[42]_i_2_n_0                                     | linienmodule_pid_int_reg[42]_i_1_n_0                                               |               11 |             43 |         3.91 |
|  sys_clk                                      |                                                                          | dac_rst_OBUF_repN_59                                                               |               22 |             46 |         2.09 |
|  sys_clk                                      |                                                                          | linienmodule_mod_z[0]_i_1_n_0                                                      |               12 |             46 |         3.83 |
|  sys_clk                                      |                                                                          | dac_rst_OBUF_repN_36                                                               |               23 |             51 |         2.22 |
|  system_processing_system7_0_0/inst/FCLK_CLK0 | axi_slave/E[0]                                                           |                                                                                    |               20 |             52 |         2.60 |
|  sys_clk                                      |                                                                          | dac_rst_OBUF_repN_11                                                               |               26 |             55 |         2.12 |
|  sys_clk                                      |                                                                          | dac_rst_OBUF_repN_16                                                               |               20 |             56 |         2.80 |
|  sys_clk                                      |                                                                          | dac_rst_OBUF_repN_48                                                               |               16 |             56 |         3.50 |
|  sys_clk                                      |                                                                          | dac_rst_OBUF_repN_28                                                               |               18 |             57 |         3.17 |
|  sys_clk                                      |                                                                          | dac_rst_OBUF_repN_37                                                               |               25 |             61 |         2.44 |
|  sys_clk                                      |                                                                          | dac_rst_OBUF_repN_29                                                               |               18 |             63 |         3.50 |
|  sys_clk                                      | linienmodule_dna_status[0]                                               | dac_rst_OBUF_repN_15                                                               |               14 |             64 |         4.57 |
|  sys_clk                                      | sequence_top/u_control/block_active[1]                                   | sequence_top/u_sinusoid/SR[0]                                                      |               16 |             64 |         4.00 |
|  sys_clk                                      |                                                                          | dac_rst_OBUF_repN_8                                                                |               21 |             64 |         3.05 |
|  sys_clk                                      |                                                                          | dac_rst_OBUF_repN_51                                                               |               21 |             65 |         3.10 |
|  sys_clk                                      |                                                                          | dac_rst_OBUF_repN_2                                                                |               30 |             65 |         2.17 |
|  sys_clk                                      |                                                                          | dac_rst_OBUF_repN_20                                                               |               20 |             68 |         3.40 |
|  sys_clk                                      |                                                                          | dac_rst_OBUF_repN_34                                                               |               19 |             72 |         3.79 |
|  sys_clk                                      |                                                                          | dac_rst_OBUF_repN_50                                                               |               24 |             75 |         3.12 |
|  sys_clk                                      |                                                                          | dac_rst_OBUF_repN_31                                                               |               25 |             75 |         3.00 |
|  sys_clk                                      |                                                                          | dac_rst_OBUF_repN_22                                                               |               25 |             76 |         3.04 |
|  sys_double_clk                               |                                                                          |                                                                                    |               21 |             80 |         3.81 |
|  sys_clk                                      |                                                                          | dac_rst_OBUF_repN_57                                                               |               39 |             83 |         2.13 |
|  sys_clk                                      |                                                                          | dac_rst_OBUF_repN_33                                                               |               30 |             84 |         2.80 |
|  sys_clk                                      |                                                                          | dac_rst_OBUF_repN_6                                                                |               20 |             84 |         4.20 |
|  sys_clk                                      |                                                                          | dac_rst_OBUF_repN_38                                                               |               26 |             87 |         3.35 |
|  sys_clk                                      |                                                                          | dac_rst_OBUF_repN_54                                                               |               34 |             87 |         2.56 |
|  sys_clk                                      |                                                                          | dac_rst_OBUF_repN_3                                                                |               21 |             88 |         4.19 |
|  sys_clk                                      |                                                                          | dac_rst_OBUF_repN_15                                                               |               35 |             88 |         2.51 |
|  sys_clk                                      |                                                                          | dac_rst_OBUF_repN_42                                                               |               37 |             91 |         2.46 |
|  sys_clk                                      |                                                                          | dac_rst_OBUF_repN_55                                                               |               26 |             93 |         3.58 |
|  sys_clk                                      |                                                                          | dac_rst_OBUF_repN_35                                                               |               28 |             97 |         3.46 |
|  sys_clk                                      |                                                                          | dac_rst_OBUF_repN_58                                                               |               42 |            104 |         2.48 |
|  linienmodule_decimate_output_BUFG            |                                                                          |                                                                                    |               36 |            110 |         3.06 |
|  sys_clk                                      | red_pitaya_scope/linienmodule_target_rstn                                |                                                                                    |               65 |            112 |         1.72 |
|  sys_clk                                      |                                                                          | dac_rst_OBUF_repN_21                                                               |               30 |            115 |         3.83 |
|  sys_clk                                      |                                                                          | dac_rst_OBUF_repN_32                                                               |               41 |            122 |         2.98 |
|  sys_clk                                      |                                                                          | dac_rst_OBUF_repN_12                                                               |               30 |            125 |         4.17 |
|  sys_clk                                      |                                                                          | dac_rst_OBUF_repN_5                                                                |               32 |            129 |         4.03 |
|  sys_clk                                      |                                                                          | dac_rst_OBUF_repN_43                                                               |               50 |            131 |         2.62 |
|  sys_clk                                      |                                                                          | dac_rst_OBUF_repN_24                                                               |               41 |            137 |         3.34 |
|  sys_clk                                      |                                                                          |                                                                                    |               98 |            143 |         1.46 |
|  sys_clk                                      |                                                                          | dac_rst_OBUF_repN_25                                                               |               42 |            145 |         3.45 |
|  sys_clk                                      |                                                                          | dac_rst_OBUF_repN_1                                                                |               40 |            148 |         3.70 |
|  sys_clk                                      |                                                                          | dac_rst_OBUF_repN_27                                                               |               56 |            148 |         2.64 |
|  sys_clk                                      |                                                                          | dac_rst_OBUF_repN_30                                                               |               48 |            152 |         3.17 |
|  sys_clk                                      |                                                                          | dac_rst_OBUF_repN_45                                                               |               40 |            156 |         3.90 |
|  sys_clk                                      |                                                                          | dac_rst_OBUF_repN_40                                                               |               51 |            161 |         3.16 |
|  sys_clk                                      |                                                                          | dac_rst_OBUF_repN_23                                                               |               40 |            169 |         4.22 |
|  sys_clk                                      |                                                                          | dac_rst_OBUF_repN_52                                                               |               46 |            176 |         3.83 |
|  sys_clk                                      |                                                                          | dac_rst_OBUF_repN_46                                                               |               52 |            186 |         3.58 |
|  sys_clk                                      |                                                                          | dac_rst_OBUF_repN_19                                                               |               62 |            187 |         3.02 |
|  sys_clk                                      |                                                                          | dac_rst_OBUF_repN_39                                                               |               59 |            187 |         3.17 |
|  sys_clk                                      |                                                                          | dac_rst_OBUF_repN_61                                                               |               52 |            194 |         3.73 |
|  sys_clk                                      |                                                                          | dac_rst_OBUF_repN                                                                  |               60 |            195 |         3.25 |
|  sys_clk                                      |                                                                          | dac_rst_OBUF_repN_44                                                               |               59 |            207 |         3.51 |
|  sys_clk                                      |                                                                          | dac_rst_OBUF_repN_60                                                               |               60 |            229 |         3.82 |
|  sys_clk                                      |                                                                          | dac_rst_OBUF_repN_56                                                               |               61 |            234 |         3.84 |
|  sys_clk                                      |                                                                          | dac_rst_OBUF_repN_10                                                               |               66 |            235 |         3.56 |
+-----------------------------------------------+--------------------------------------------------------------------------+------------------------------------------------------------------------------------+------------------+----------------+--------------+


