#-----------------------------------------------------------
# Vivado v2020.2 (64-bit)
# SW Build 3064766 on Wed Nov 18 09:12:47 MST 2020
# IP Build 3064653 on Wed Nov 18 14:17:31 MST 2020
# Start of session at: Sun Jun 21 01:22:09 2026
# Process ID: 12280
# Current directory: /home/vedaant/school_files/spring2026/ECE554/linien_554/gateware/build
# Command line: vivado -mode batch -source top.tcl
# Log file: /home/vedaant/school_files/spring2026/ECE554/linien_554/gateware/build/vivado.log
# Journal file: /home/vedaant/school_files/spring2026/ECE554/linien_554/gateware/build/vivado.jou
#-----------------------------------------------------------
source top.tcl
# source "top_route.tcl"
## create_project -force -name top -part xc7z010-clg400-1
## set_property XPM_LIBRARIES {XPM_CDC XPM_MEMORY} [current_project]
## add_files {imports/home/vedaant/school_files/spring2026/ECE554/linien_554/gateware/verilog/axi_slave.v}
## set_property library work [get_files {imports/home/vedaant/school_files/spring2026/ECE554/linien_554/gateware/verilog/axi_slave.v}]
## add_files {imports/home/vedaant/school_files/spring2026/ECE554/linien_554/gateware/verilog/bus_clk_bridge.v}
## set_property library work [get_files {imports/home/vedaant/school_files/spring2026/ECE554/linien_554/gateware/verilog/bus_clk_bridge.v}]
## add_files {imports/home/vedaant/school_files/spring2026/ECE554/linien_554/gateware/verilog/processing_system7_v5_4_processing_system7.v}
## set_property library work [get_files {imports/home/vedaant/school_files/spring2026/ECE554/linien_554/gateware/verilog/processing_system7_v5_4_processing_system7.v}]
## add_files {imports/home/vedaant/school_files/spring2026/ECE554/linien_554/gateware/verilog/red_pitaya_scope.v}
## set_property library work [get_files {imports/home/vedaant/school_files/spring2026/ECE554/linien_554/gateware/verilog/red_pitaya_scope.v}]
## add_files {imports/home/vedaant/school_files/spring2026/ECE554/linien_554/gateware/verilog/system_processing_system7_0_0.v}
## set_property library work [get_files {imports/home/vedaant/school_files/spring2026/ECE554/linien_554/gateware/verilog/system_processing_system7_0_0.v}]
## add_files {imports/home/vedaant/school_files/spring2026/ECE554/linien_554/src/ROM.sv}
## set_property library work [get_files {imports/home/vedaant/school_files/spring2026/ECE554/linien_554/src/ROM.sv}]
## add_files {imports/home/vedaant/school_files/spring2026/ECE554/linien_554/src/arb_wave.sv}
## set_property library work [get_files {imports/home/vedaant/school_files/spring2026/ECE554/linien_554/src/arb_wave.sv}]
## add_files {imports/home/vedaant/school_files/spring2026/ECE554/linien_554/src/bram.sv}
## set_property library work [get_files {imports/home/vedaant/school_files/spring2026/ECE554/linien_554/src/bram.sv}]
## add_files {imports/home/vedaant/school_files/spring2026/ECE554/linien_554/src/chirp_gen.sv}
## set_property library work [get_files {imports/home/vedaant/school_files/spring2026/ECE554/linien_554/src/chirp_gen.sv}]
## add_files {imports/home/vedaant/school_files/spring2026/ECE554/linien_554/src/chirp_gen_tb.sv}
## set_property library work [get_files {imports/home/vedaant/school_files/spring2026/ECE554/linien_554/src/chirp_gen_tb.sv}]
## add_files {imports/home/vedaant/school_files/spring2026/ECE554/linien_554/src/control.sv}
## set_property library work [get_files {imports/home/vedaant/school_files/spring2026/ECE554/linien_554/src/control.sv}]
## add_files {imports/home/vedaant/school_files/spring2026/ECE554/linien_554/src/delay.sv}
## set_property library work [get_files {imports/home/vedaant/school_files/spring2026/ECE554/linien_554/src/delay.sv}]
## add_files {imports/home/vedaant/school_files/spring2026/ECE554/linien_554/src/direct_jump.sv}
## set_property library work [get_files {imports/home/vedaant/school_files/spring2026/ECE554/linien_554/src/direct_jump.sv}]
## add_files {imports/home/vedaant/school_files/spring2026/ECE554/linien_554/src/linear_ramp.sv}
## set_property library work [get_files {imports/home/vedaant/school_files/spring2026/ECE554/linien_554/src/linear_ramp.sv}]
## add_files {imports/home/vedaant/school_files/spring2026/ECE554/linien_554/src/reg_file_adapter.v}
## set_property library work [get_files {imports/home/vedaant/school_files/spring2026/ECE554/linien_554/src/reg_file_adapter.v}]
## add_files {imports/home/vedaant/school_files/spring2026/ECE554/linien_554/src/sequence_top.sv}
## set_property library work [get_files {imports/home/vedaant/school_files/spring2026/ECE554/linien_554/src/sequence_top.sv}]
## add_files {imports/home/vedaant/school_files/spring2026/ECE554/linien_554/src/sinusoid.sv}
## set_property library work [get_files {imports/home/vedaant/school_files/spring2026/ECE554/linien_554/src/sinusoid.sv}]
## add_files {top.v}
## set_property library work [get_files {top.v}]
## read_xdc top.xdc
## read_xdc -ref processing_system7_v5_4_processing_system7 ../verilog/system_processing_system7_0_0.xdc
## synth_design -top top -part xc7z010-clg400-1
Command: synth_design -top top -part xc7z010-clg400-1
Starting synth_design
Attempting to get a license for feature 'Synthesis' and/or device 'xc7z010'
INFO: [Common 17-349] Got license for feature 'Synthesis' and/or device 'xc7z010'
INFO: [Device 21-403] Loading part xc7z010clg400-1
INFO: [Synth 8-7079] Multithreading enabled for synth_design using a maximum of 4 processes.
INFO: [Synth 8-7078] Launching helper process for spawning children vivado processes
INFO: [Synth 8-7075] Helper process launched with PID 12287
CRITICAL WARNING: [Synth 8-2490] overwriting previous definition of module top [/home/vedaant/school_files/spring2026/ECE554/linien_554/gateware/build/top.v:2]
---------------------------------------------------------------------------------
Starting RTL Elaboration : Time (s): cpu = 00:00:02 ; elapsed = 00:00:02 . Memory (MB): peak = 2342.105 ; gain = 0.000 ; free physical = 8479 ; free virtual = 31487
---------------------------------------------------------------------------------
INFO: [Synth 8-6157] synthesizing module 'top' from library 'work' [/home/vedaant/school_files/spring2026/ECE554/linien_554/gateware/build/top.v:2]
INFO: [Synth 8-155] case statement is not full and has no default [/home/vedaant/school_files/spring2026/ECE554/linien_554/gateware/build/top.v:7188]
INFO: [Synth 8-155] case statement is not full and has no default [/home/vedaant/school_files/spring2026/ECE554/linien_554/gateware/build/top.v:7588]
INFO: [Synth 8-155] case statement is not full and has no default [/home/vedaant/school_files/spring2026/ECE554/linien_554/gateware/build/top.v:8434]
INFO: [Synth 8-155] case statement is not full and has no default [/home/vedaant/school_files/spring2026/ECE554/linien_554/gateware/build/top.v:9280]
INFO: [Synth 8-155] case statement is not full and has no default [/home/vedaant/school_files/spring2026/ECE554/linien_554/gateware/build/top.v:9415]
INFO: [Synth 8-155] case statement is not full and has no default [/home/vedaant/school_files/spring2026/ECE554/linien_554/gateware/build/top.v:9437]
INFO: [Synth 8-155] case statement is not full and has no default [/home/vedaant/school_files/spring2026/ECE554/linien_554/gateware/build/top.v:10463]
INFO: [Synth 8-155] case statement is not full and has no default [/home/vedaant/school_files/spring2026/ECE554/linien_554/gateware/build/top.v:10557]
INFO: [Synth 8-155] case statement is not full and has no default [/home/vedaant/school_files/spring2026/ECE554/linien_554/gateware/build/top.v:10674]
INFO: [Synth 8-155] case statement is not full and has no default [/home/vedaant/school_files/spring2026/ECE554/linien_554/gateware/build/top.v:11441]
INFO: [Synth 8-6157] synthesizing module 'axi_slave' from library 'work' [/home/vedaant/school_files/spring2026/ECE554/linien_554/gateware/build/imports/home/vedaant/school_files/spring2026/ECE554/linien_554/gateware/verilog/axi_slave.v:52]
	Parameter AXI_DW bound to: 6'b100000 
	Parameter AXI_AW bound to: 6'b100000 
	Parameter AXI_IW bound to: 4'b1100 
	Parameter AXI_SW bound to: 6'b000100 
INFO: [Synth 8-6155] done synthesizing module 'axi_slave' from library 'work' (1#1) [/home/vedaant/school_files/spring2026/ECE554/linien_554/gateware/build/imports/home/vedaant/school_files/spring2026/ECE554/linien_554/gateware/verilog/axi_slave.v:52]
INFO: [Synth 8-6157] synthesizing module 'system_processing_system7_0_0' from library 'work' [/home/vedaant/school_files/spring2026/ECE554/linien_554/gateware/build/imports/home/vedaant/school_files/spring2026/ECE554/linien_554/gateware/verilog/system_processing_system7_0_0.v:57]
INFO: [Synth 8-6157] synthesizing module 'processing_system7_v5_4_processing_system7' from library 'work' [/home/vedaant/school_files/spring2026/ECE554/linien_554/gateware/build/imports/home/vedaant/school_files/spring2026/ECE554/linien_554/gateware/verilog/processing_system7_v5_4_processing_system7.v:153]
	Parameter C_USE_DEFAULT_ACP_USER_VAL bound to: 0 - type: integer 
	Parameter C_S_AXI_ACP_ARUSER_VAL bound to: 31 - type: integer 
	Parameter C_S_AXI_ACP_AWUSER_VAL bound to: 31 - type: integer 
	Parameter C_M_AXI_GP0_THREAD_ID_WIDTH bound to: 12 - type: integer 
	Parameter C_M_AXI_GP1_THREAD_ID_WIDTH bound to: 12 - type: integer 
	Parameter C_M_AXI_GP0_ENABLE_STATIC_REMAP bound to: 0 - type: integer 
	Parameter C_M_AXI_GP1_ENABLE_STATIC_REMAP bound to: 0 - type: integer 
	Parameter C_M_AXI_GP0_ID_WIDTH bound to: 12 - type: integer 
	Parameter C_M_AXI_GP1_ID_WIDTH bound to: 12 - type: integer 
	Parameter C_S_AXI_GP0_ID_WIDTH bound to: 6 - type: integer 
	Parameter C_S_AXI_GP1_ID_WIDTH bound to: 6 - type: integer 
	Parameter C_S_AXI_HP0_ID_WIDTH bound to: 6 - type: integer 
	Parameter C_S_AXI_HP1_ID_WIDTH bound to: 6 - type: integer 
	Parameter C_S_AXI_HP2_ID_WIDTH bound to: 6 - type: integer 
	Parameter C_S_AXI_HP3_ID_WIDTH bound to: 6 - type: integer 
	Parameter C_S_AXI_ACP_ID_WIDTH bound to: 3 - type: integer 
	Parameter C_S_AXI_HP0_DATA_WIDTH bound to: 64 - type: integer 
	Parameter C_S_AXI_HP1_DATA_WIDTH bound to: 64 - type: integer 
	Parameter C_S_AXI_HP2_DATA_WIDTH bound to: 64 - type: integer 
	Parameter C_S_AXI_HP3_DATA_WIDTH bound to: 64 - type: integer 
	Parameter C_INCLUDE_ACP_TRANS_CHECK bound to: 0 - type: integer 
	Parameter C_NUM_F2P_INTR_INPUTS bound to: 1 - type: integer 
	Parameter C_FCLK_CLK0_BUF bound to: true - type: string 
	Parameter C_FCLK_CLK1_BUF bound to: true - type: string 
	Parameter C_FCLK_CLK2_BUF bound to: true - type: string 
	Parameter C_FCLK_CLK3_BUF bound to: true - type: string 
	Parameter C_EMIO_GPIO_WIDTH bound to: 64 - type: integer 
	Parameter C_INCLUDE_TRACE_BUFFER bound to: 0 - type: integer 
	Parameter C_TRACE_BUFFER_FIFO_SIZE bound to: 128 - type: integer 
	Parameter C_TRACE_BUFFER_CLOCK_DELAY bound to: 12 - type: integer 
	Parameter USE_TRACE_DATA_EDGE_DETECTOR bound to: 0 - type: integer 
	Parameter C_TRACE_PIPELINE_WIDTH bound to: 8 - type: integer 
	Parameter C_PS7_SI_REV bound to: PRODUCTION - type: string 
	Parameter C_EN_EMIO_ENET0 bound to: 0 - type: integer 
	Parameter C_EN_EMIO_ENET1 bound to: 0 - type: integer 
	Parameter C_EN_EMIO_TRACE bound to: 0 - type: integer 
	Parameter C_DQ_WIDTH bound to: 32 - type: integer 
	Parameter C_DQS_WIDTH bound to: 4 - type: integer 
	Parameter C_DM_WIDTH bound to: 4 - type: integer 
	Parameter C_MIO_PRIMITIVE bound to: 54 - type: integer 
	Parameter C_PACKAGE_NAME bound to: clg400 - type: string 
	Parameter C_IRQ_F2P_MODE bound to: REVERSE - type: string 
INFO: [Synth 8-6157] synthesizing module 'BUFG' [/home/vedaant/Vivado/2020.2/scripts/rt/data/unisim_comp.v:1083]
INFO: [Synth 8-6155] done synthesizing module 'BUFG' (2#1) [/home/vedaant/Vivado/2020.2/scripts/rt/data/unisim_comp.v:1083]
INFO: [Synth 8-6157] synthesizing module 'BIBUF' [/home/vedaant/Vivado/2020.2/scripts/rt/data/unisim_comp.v:730]
INFO: [Synth 8-6155] done synthesizing module 'BIBUF' (3#1) [/home/vedaant/Vivado/2020.2/scripts/rt/data/unisim_comp.v:730]
INFO: [Synth 8-6157] synthesizing module 'PS7' [/home/vedaant/Vivado/2020.2/scripts/rt/data/unisim_comp.v:62034]
INFO: [Synth 8-6155] done synthesizing module 'PS7' (4#1) [/home/vedaant/Vivado/2020.2/scripts/rt/data/unisim_comp.v:62034]
INFO: [Synth 8-6155] done synthesizing module 'processing_system7_v5_4_processing_system7' from library 'work' (5#1) [/home/vedaant/school_files/spring2026/ECE554/linien_554/gateware/build/imports/home/vedaant/school_files/spring2026/ECE554/linien_554/gateware/verilog/processing_system7_v5_4_processing_system7.v:153]
WARNING: [Synth 8-7071] port 'M_AXI_GP0_ARESETN' of module 'processing_system7_v5_4_processing_system7' is unconnected for instance 'inst' [/home/vedaant/school_files/spring2026/ECE554/linien_554/gateware/build/imports/home/vedaant/school_files/spring2026/ECE554/linien_554/gateware/verilog/system_processing_system7_0_0.v:365]
WARNING: [Synth 8-7071] port 'M_AXI_GP1_ARESETN' of module 'processing_system7_v5_4_processing_system7' is unconnected for instance 'inst' [/home/vedaant/school_files/spring2026/ECE554/linien_554/gateware/build/imports/home/vedaant/school_files/spring2026/ECE554/linien_554/gateware/verilog/system_processing_system7_0_0.v:365]
WARNING: [Synth 8-7071] port 'S_AXI_GP0_ARESETN' of module 'processing_system7_v5_4_processing_system7' is unconnected for instance 'inst' [/home/vedaant/school_files/spring2026/ECE554/linien_554/gateware/build/imports/home/vedaant/school_files/spring2026/ECE554/linien_554/gateware/verilog/system_processing_system7_0_0.v:365]
WARNING: [Synth 8-7071] port 'S_AXI_GP1_ARESETN' of module 'processing_system7_v5_4_processing_system7' is unconnected for instance 'inst' [/home/vedaant/school_files/spring2026/ECE554/linien_554/gateware/build/imports/home/vedaant/school_files/spring2026/ECE554/linien_554/gateware/verilog/system_processing_system7_0_0.v:365]
WARNING: [Synth 8-7071] port 'S_AXI_ACP_ARESETN' of module 'processing_system7_v5_4_processing_system7' is unconnected for instance 'inst' [/home/vedaant/school_files/spring2026/ECE554/linien_554/gateware/build/imports/home/vedaant/school_files/spring2026/ECE554/linien_554/gateware/verilog/system_processing_system7_0_0.v:365]
WARNING: [Synth 8-7071] port 'S_AXI_HP0_ARESETN' of module 'processing_system7_v5_4_processing_system7' is unconnected for instance 'inst' [/home/vedaant/school_files/spring2026/ECE554/linien_554/gateware/build/imports/home/vedaant/school_files/spring2026/ECE554/linien_554/gateware/verilog/system_processing_system7_0_0.v:365]
WARNING: [Synth 8-7071] port 'S_AXI_HP1_ARESETN' of module 'processing_system7_v5_4_processing_system7' is unconnected for instance 'inst' [/home/vedaant/school_files/spring2026/ECE554/linien_554/gateware/build/imports/home/vedaant/school_files/spring2026/ECE554/linien_554/gateware/verilog/system_processing_system7_0_0.v:365]
WARNING: [Synth 8-7071] port 'S_AXI_HP2_ARESETN' of module 'processing_system7_v5_4_processing_system7' is unconnected for instance 'inst' [/home/vedaant/school_files/spring2026/ECE554/linien_554/gateware/build/imports/home/vedaant/school_files/spring2026/ECE554/linien_554/gateware/verilog/system_processing_system7_0_0.v:365]
WARNING: [Synth 8-7071] port 'S_AXI_HP3_ARESETN' of module 'processing_system7_v5_4_processing_system7' is unconnected for instance 'inst' [/home/vedaant/school_files/spring2026/ECE554/linien_554/gateware/build/imports/home/vedaant/school_files/spring2026/ECE554/linien_554/gateware/verilog/system_processing_system7_0_0.v:365]
WARNING: [Synth 8-7071] port 'DMA0_RSTN' of module 'processing_system7_v5_4_processing_system7' is unconnected for instance 'inst' [/home/vedaant/school_files/spring2026/ECE554/linien_554/gateware/build/imports/home/vedaant/school_files/spring2026/ECE554/linien_554/gateware/verilog/system_processing_system7_0_0.v:365]
WARNING: [Synth 8-7071] port 'DMA1_RSTN' of module 'processing_system7_v5_4_processing_system7' is unconnected for instance 'inst' [/home/vedaant/school_files/spring2026/ECE554/linien_554/gateware/build/imports/home/vedaant/school_files/spring2026/ECE554/linien_554/gateware/verilog/system_processing_system7_0_0.v:365]
WARNING: [Synth 8-7071] port 'DMA2_RSTN' of module 'processing_system7_v5_4_processing_system7' is unconnected for instance 'inst' [/home/vedaant/school_files/spring2026/ECE554/linien_554/gateware/build/imports/home/vedaant/school_files/spring2026/ECE554/linien_554/gateware/verilog/system_processing_system7_0_0.v:365]
WARNING: [Synth 8-7071] port 'DMA3_RSTN' of module 'processing_system7_v5_4_processing_system7' is unconnected for instance 'inst' [/home/vedaant/school_files/spring2026/ECE554/linien_554/gateware/build/imports/home/vedaant/school_files/spring2026/ECE554/linien_554/gateware/verilog/system_processing_system7_0_0.v:365]
WARNING: [Synth 8-7023] instance 'inst' of module 'processing_system7_v5_4_processing_system7' has 686 connections declared, but only 673 given [/home/vedaant/school_files/spring2026/ECE554/linien_554/gateware/build/imports/home/vedaant/school_files/spring2026/ECE554/linien_554/gateware/verilog/system_processing_system7_0_0.v:365]
INFO: [Synth 8-6155] done synthesizing module 'system_processing_system7_0_0' from library 'work' (6#1) [/home/vedaant/school_files/spring2026/ECE554/linien_554/gateware/build/imports/home/vedaant/school_files/spring2026/ECE554/linien_554/gateware/verilog/system_processing_system7_0_0.v:57]
WARNING: [Synth 8-7071] port 'SPI0_SCLK_O' of module 'system_processing_system7_0_0' is unconnected for instance 'system_processing_system7_0_0' [/home/vedaant/school_files/spring2026/ECE554/linien_554/gateware/build/top.v:11517]
WARNING: [Synth 8-7071] port 'SPI0_SCLK_T' of module 'system_processing_system7_0_0' is unconnected for instance 'system_processing_system7_0_0' [/home/vedaant/school_files/spring2026/ECE554/linien_554/gateware/build/top.v:11517]
WARNING: [Synth 8-7071] port 'SPI0_MOSI_O' of module 'system_processing_system7_0_0' is unconnected for instance 'system_processing_system7_0_0' [/home/vedaant/school_files/spring2026/ECE554/linien_554/gateware/build/top.v:11517]
WARNING: [Synth 8-7071] port 'SPI0_MOSI_T' of module 'system_processing_system7_0_0' is unconnected for instance 'system_processing_system7_0_0' [/home/vedaant/school_files/spring2026/ECE554/linien_554/gateware/build/top.v:11517]
WARNING: [Synth 8-7071] port 'SPI0_MISO_O' of module 'system_processing_system7_0_0' is unconnected for instance 'system_processing_system7_0_0' [/home/vedaant/school_files/spring2026/ECE554/linien_554/gateware/build/top.v:11517]
WARNING: [Synth 8-7071] port 'SPI0_MISO_T' of module 'system_processing_system7_0_0' is unconnected for instance 'system_processing_system7_0_0' [/home/vedaant/school_files/spring2026/ECE554/linien_554/gateware/build/top.v:11517]
WARNING: [Synth 8-7071] port 'SPI0_SS_O' of module 'system_processing_system7_0_0' is unconnected for instance 'system_processing_system7_0_0' [/home/vedaant/school_files/spring2026/ECE554/linien_554/gateware/build/top.v:11517]
WARNING: [Synth 8-7071] port 'SPI0_SS1_O' of module 'system_processing_system7_0_0' is unconnected for instance 'system_processing_system7_0_0' [/home/vedaant/school_files/spring2026/ECE554/linien_554/gateware/build/top.v:11517]
WARNING: [Synth 8-7071] port 'SPI0_SS2_O' of module 'system_processing_system7_0_0' is unconnected for instance 'system_processing_system7_0_0' [/home/vedaant/school_files/spring2026/ECE554/linien_554/gateware/build/top.v:11517]
WARNING: [Synth 8-7071] port 'SPI0_SS_T' of module 'system_processing_system7_0_0' is unconnected for instance 'system_processing_system7_0_0' [/home/vedaant/school_files/spring2026/ECE554/linien_554/gateware/build/top.v:11517]
WARNING: [Synth 8-7071] port 'TTC0_WAVE0_OUT' of module 'system_processing_system7_0_0' is unconnected for instance 'system_processing_system7_0_0' [/home/vedaant/school_files/spring2026/ECE554/linien_554/gateware/build/top.v:11517]
WARNING: [Synth 8-7071] port 'TTC0_WAVE1_OUT' of module 'system_processing_system7_0_0' is unconnected for instance 'system_processing_system7_0_0' [/home/vedaant/school_files/spring2026/ECE554/linien_554/gateware/build/top.v:11517]
WARNING: [Synth 8-7071] port 'TTC0_WAVE2_OUT' of module 'system_processing_system7_0_0' is unconnected for instance 'system_processing_system7_0_0' [/home/vedaant/school_files/spring2026/ECE554/linien_554/gateware/build/top.v:11517]
WARNING: [Synth 8-7071] port 'USB0_PORT_INDCTL' of module 'system_processing_system7_0_0' is unconnected for instance 'system_processing_system7_0_0' [/home/vedaant/school_files/spring2026/ECE554/linien_554/gateware/build/top.v:11517]
WARNING: [Synth 8-7071] port 'USB0_VBUS_PWRSELECT' of module 'system_processing_system7_0_0' is unconnected for instance 'system_processing_system7_0_0' [/home/vedaant/school_files/spring2026/ECE554/linien_554/gateware/build/top.v:11517]
WARNING: [Synth 8-7023] instance 'system_processing_system7_0_0' of module 'system_processing_system7_0_0' has 88 connections declared, but only 73 given [/home/vedaant/school_files/spring2026/ECE554/linien_554/gateware/build/top.v:11517]
INFO: [Synth 8-6157] synthesizing module 'IBUFGDS' [/home/vedaant/Vivado/2020.2/scripts/rt/data/unisim_comp.v:33462]
	Parameter CAPACITANCE bound to: DONT_CARE - type: string 
	Parameter DIFF_TERM bound to: FALSE - type: string 
	Parameter IBUF_DELAY_VALUE bound to: 0 - type: string 
	Parameter IBUF_LOW_PWR bound to: TRUE - type: string 
	Parameter IOSTANDARD bound to: DEFAULT - type: string 
INFO: [Synth 8-6155] done synthesizing module 'IBUFGDS' (7#1) [/home/vedaant/Vivado/2020.2/scripts/rt/data/unisim_comp.v:33462]
INFO: [Synth 8-6157] synthesizing module 'PLLE2_BASE' [/home/vedaant/Vivado/2020.2/scripts/rt/data/unisim_comp.v:61605]
	Parameter BANDWIDTH bound to: OPTIMIZED - type: string 
	Parameter CLKFBOUT_MULT bound to: 8 - type: integer 
	Parameter CLKFBOUT_PHASE bound to: 0.000000 - type: double 
	Parameter CLKIN1_PERIOD bound to: 8.000000 - type: double 
	Parameter CLKOUT0_DIVIDE bound to: 2 - type: integer 
	Parameter CLKOUT0_DUTY_CYCLE bound to: 0.500000 - type: double 
	Parameter CLKOUT0_PHASE bound to: 0.000000 - type: double 
	Parameter CLKOUT1_DIVIDE bound to: 4 - type: integer 
	Parameter CLKOUT1_DUTY_CYCLE bound to: 0.500000 - type: double 
	Parameter CLKOUT1_PHASE bound to: 0.000000 - type: double 
	Parameter CLKOUT2_DIVIDE bound to: 8 - type: integer 
	Parameter CLKOUT2_DUTY_CYCLE bound to: 0.500000 - type: double 
	Parameter CLKOUT2_PHASE bound to: 0.000000 - type: double 
	Parameter CLKOUT3_DIVIDE bound to: 120 - type: integer 
	Parameter CLKOUT3_DUTY_CYCLE bound to: 0.500000 - type: double 
	Parameter CLKOUT3_PHASE bound to: 0.000000 - type: double 
	Parameter CLKOUT4_DIVIDE bound to: 4 - type: integer 
	Parameter CLKOUT4_DUTY_CYCLE bound to: 0.500000 - type: double 
	Parameter CLKOUT4_PHASE bound to: 0.000000 - type: double 
	Parameter CLKOUT5_DIVIDE bound to: 4 - type: integer 
	Parameter CLKOUT5_DUTY_CYCLE bound to: 0.500000 - type: double 
	Parameter CLKOUT5_PHASE bound to: 0.000000 - type: double 
	Parameter DIVCLK_DIVIDE bound to: 1 - type: integer 
	Parameter REF_JITTER1 bound to: 0.010000 - type: double 
	Parameter STARTUP_WAIT bound to: FALSE - type: string 
INFO: [Synth 8-6155] done synthesizing module 'PLLE2_BASE' (8#1) [/home/vedaant/Vivado/2020.2/scripts/rt/data/unisim_comp.v:61605]
INFO: [Synth 8-6157] synthesizing module 'FD' [/home/vedaant/Vivado/2020.2/scripts/rt/data/unisim_comp.v:13483]
	Parameter INIT bound to: 1'b1 
INFO: [Synth 8-6155] done synthesizing module 'FD' (9#1) [/home/vedaant/Vivado/2020.2/scripts/rt/data/unisim_comp.v:13483]
INFO: [Synth 8-6157] synthesizing module 'sequence_top' from library 'work' [/home/vedaant/school_files/spring2026/ECE554/linien_554/gateware/build/imports/home/vedaant/school_files/spring2026/ECE554/linien_554/src/sequence_top.sv:3]
	Parameter MAX_BLOCKS bound to: 16 - type: integer 
	Parameter DATA_WIDTH bound to: 32 - type: integer 
	Parameter V_DATA_WIDTH bound to: 14 - type: integer 
	Parameter NUM_BLOCK_TYPES bound to: 6 - type: integer 
	Parameter FSM_REGFILE_ADDR_WIDTH bound to: 8 - type: integer 
	Parameter AWG_REGFILE_ADDR_WIDTH bound to: 10 - type: integer 
	Parameter BLOCK_IDX_WIDTH bound to: 32'sb00000000000000000000000000000100 
	Parameter BLOCK_TYPE_IDX_WIDTH bound to: 32'sb00000000000000000000000000000011 
INFO: [Synth 8-6157] synthesizing module 'bram' from library 'work' [/home/vedaant/school_files/spring2026/ECE554/linien_554/gateware/build/imports/home/vedaant/school_files/spring2026/ECE554/linien_554/src/bram.sv:28]
	Parameter ADDR_WIDTH bound to: 8 - type: integer 
	Parameter DATA_WIDTH bound to: 32 - type: integer 
	Parameter DEPTH bound to: 32'sb00000000000000000000000100000000 
INFO: [Synth 8-6155] done synthesizing module 'bram' from library 'work' (10#1) [/home/vedaant/school_files/spring2026/ECE554/linien_554/gateware/build/imports/home/vedaant/school_files/spring2026/ECE554/linien_554/src/bram.sv:28]
INFO: [Synth 8-6157] synthesizing module 'bram__parameterized0' from library 'work' [/home/vedaant/school_files/spring2026/ECE554/linien_554/gateware/build/imports/home/vedaant/school_files/spring2026/ECE554/linien_554/src/bram.sv:28]
	Parameter ADDR_WIDTH bound to: 10 - type: integer 
	Parameter DATA_WIDTH bound to: 14 - type: integer 
	Parameter DEPTH bound to: 32'sb00000000000000000000010000000000 
INFO: [Synth 8-6155] done synthesizing module 'bram__parameterized0' from library 'work' (10#1) [/home/vedaant/school_files/spring2026/ECE554/linien_554/gateware/build/imports/home/vedaant/school_files/spring2026/ECE554/linien_554/src/bram.sv:28]
INFO: [Synth 8-6157] synthesizing module 'control' from library 'work' [/home/vedaant/school_files/spring2026/ECE554/linien_554/gateware/build/imports/home/vedaant/school_files/spring2026/ECE554/linien_554/src/control.sv:30]
	Parameter MAX_BLOCKS bound to: 16 - type: integer 
	Parameter DATA_WIDTH bound to: 32 - type: integer 
	Parameter NUM_BLOCK_TYPES bound to: 6 - type: integer 
	Parameter MAX_BLOCK_PARAMS bound to: 7 - type: integer 
	Parameter REGFILE_ADDR_WIDTH bound to: 9 - type: integer 
	Parameter BLOCK_IDX_WIDTH bound to: 32'sb00000000000000000000000000000100 
	Parameter PARAM_IDX_WIDTH bound to: 32'sb00000000000000000000000000000011 
	Parameter BLOCK_TYPE_IDX_WIDTH bound to: 32'sb00000000000000000000000000000011 
INFO: [Synth 8-226] default block is never used [/home/vedaant/school_files/spring2026/ECE554/linien_554/gateware/build/imports/home/vedaant/school_files/spring2026/ECE554/linien_554/src/control.sv:176]
INFO: [Synth 8-226] default block is never used [/home/vedaant/school_files/spring2026/ECE554/linien_554/gateware/build/imports/home/vedaant/school_files/spring2026/ECE554/linien_554/src/control.sv:317]
INFO: [Synth 8-6155] done synthesizing module 'control' from library 'work' (11#1) [/home/vedaant/school_files/spring2026/ECE554/linien_554/gateware/build/imports/home/vedaant/school_files/spring2026/ECE554/linien_554/src/control.sv:30]
WARNING: [Synth 8-689] width (8) of port connection 'o_regfile_addr' does not match port width (9) of module 'control' [/home/vedaant/school_files/spring2026/ECE554/linien_554/gateware/build/imports/home/vedaant/school_files/spring2026/ECE554/linien_554/src/sequence_top.sv:119]
INFO: [Synth 8-6157] synthesizing module 'delay' from library 'work' [/home/vedaant/school_files/spring2026/ECE554/linien_554/gateware/build/imports/home/vedaant/school_files/spring2026/ECE554/linien_554/src/delay.sv:2]
	Parameter DATA_WIDTH bound to: 32 - type: integer 
INFO: [Synth 8-6155] done synthesizing module 'delay' from library 'work' (12#1) [/home/vedaant/school_files/spring2026/ECE554/linien_554/gateware/build/imports/home/vedaant/school_files/spring2026/ECE554/linien_554/src/delay.sv:2]
INFO: [Synth 8-6157] synthesizing module 'linear_ramp' from library 'work' [/home/vedaant/school_files/spring2026/ECE554/linien_554/gateware/build/imports/home/vedaant/school_files/spring2026/ECE554/linien_554/src/linear_ramp.sv:2]
	Parameter DATA_WIDTH bound to: 32 - type: integer 
INFO: [Synth 8-155] case statement is not full and has no default [/home/vedaant/school_files/spring2026/ECE554/linien_554/gateware/build/imports/home/vedaant/school_files/spring2026/ECE554/linien_554/src/linear_ramp.sv:27]
INFO: [Synth 8-6155] done synthesizing module 'linear_ramp' from library 'work' (13#1) [/home/vedaant/school_files/spring2026/ECE554/linien_554/gateware/build/imports/home/vedaant/school_files/spring2026/ECE554/linien_554/src/linear_ramp.sv:2]
INFO: [Synth 8-6157] synthesizing module 'direct_jump' from library 'work' [/home/vedaant/school_files/spring2026/ECE554/linien_554/gateware/build/imports/home/vedaant/school_files/spring2026/ECE554/linien_554/src/direct_jump.sv:3]
	Parameter DATA_WIDTH bound to: 32 - type: integer 
INFO: [Synth 8-6155] done synthesizing module 'direct_jump' from library 'work' (14#1) [/home/vedaant/school_files/spring2026/ECE554/linien_554/gateware/build/imports/home/vedaant/school_files/spring2026/ECE554/linien_554/src/direct_jump.sv:3]
INFO: [Synth 8-6157] synthesizing module 'chirp_gen' from library 'work' [/home/vedaant/school_files/spring2026/ECE554/linien_554/gateware/build/imports/home/vedaant/school_files/spring2026/ECE554/linien_554/src/chirp_gen.sv:7]
INFO: [Synth 8-6155] done synthesizing module 'chirp_gen' from library 'work' (15#1) [/home/vedaant/school_files/spring2026/ECE554/linien_554/gateware/build/imports/home/vedaant/school_files/spring2026/ECE554/linien_554/src/chirp_gen.sv:7]
INFO: [Synth 8-6157] synthesizing module 'sinusoid' from library 'work' [/home/vedaant/school_files/spring2026/ECE554/linien_554/gateware/build/imports/home/vedaant/school_files/spring2026/ECE554/linien_554/src/sinusoid.sv:14]
	Parameter DATA_WIDTH bound to: 32 - type: integer 
INFO: [Synth 8-155] case statement is not full and has no default [/home/vedaant/school_files/spring2026/ECE554/linien_554/gateware/build/imports/home/vedaant/school_files/spring2026/ECE554/linien_554/src/sinusoid.sv:51]
INFO: [Synth 8-6157] synthesizing module 'ROM' from library 'work' [/home/vedaant/school_files/spring2026/ECE554/linien_554/gateware/build/imports/home/vedaant/school_files/spring2026/ECE554/linien_554/src/ROM.sv:2]
	Parameter FILE bound to: sin_lut.memh - type: string 
	Parameter DATA_WIDTH bound to: 32'sb00000000000000000000000000001110 
	Parameter ADDR_WIDTH bound to: 32'sb00000000000000000000000000001001 
	Parameter DEPTH bound to: 32'sb00000000000000000000001000000000 
INFO: [Synth 8-3876] $readmem data file 'sin_lut.memh' is read successfully [/home/vedaant/school_files/spring2026/ECE554/linien_554/gateware/build/imports/home/vedaant/school_files/spring2026/ECE554/linien_554/src/ROM.sv:16]
INFO: [Synth 8-6155] done synthesizing module 'ROM' from library 'work' (16#1) [/home/vedaant/school_files/spring2026/ECE554/linien_554/gateware/build/imports/home/vedaant/school_files/spring2026/ECE554/linien_554/src/ROM.sv:2]
INFO: [Synth 8-6155] done synthesizing module 'sinusoid' from library 'work' (17#1) [/home/vedaant/school_files/spring2026/ECE554/linien_554/gateware/build/imports/home/vedaant/school_files/spring2026/ECE554/linien_554/src/sinusoid.sv:14]
INFO: [Synth 8-6157] synthesizing module 'arb_wave' from library 'work' [/home/vedaant/school_files/spring2026/ECE554/linien_554/gateware/build/imports/home/vedaant/school_files/spring2026/ECE554/linien_554/src/arb_wave.sv:4]
INFO: [Synth 8-155] case statement is not full and has no default [/home/vedaant/school_files/spring2026/ECE554/linien_554/gateware/build/imports/home/vedaant/school_files/spring2026/ECE554/linien_554/src/arb_wave.sv:26]
INFO: [Synth 8-6155] done synthesizing module 'arb_wave' from library 'work' (18#1) [/home/vedaant/school_files/spring2026/ECE554/linien_554/gateware/build/imports/home/vedaant/school_files/spring2026/ECE554/linien_554/src/arb_wave.sv:4]
INFO: [Synth 8-6155] done synthesizing module 'sequence_top' from library 'work' (19#1) [/home/vedaant/school_files/spring2026/ECE554/linien_554/gateware/build/imports/home/vedaant/school_files/spring2026/ECE554/linien_554/src/sequence_top.sv:3]
INFO: [Synth 8-6157] synthesizing module 'ODDR' [/home/vedaant/Vivado/2020.2/scripts/rt/data/unisim_comp.v:49791]
	Parameter DDR_CLK_EDGE bound to: OPPOSITE_EDGE - type: string 
	Parameter INIT bound to: 1'b0 
	Parameter IS_C_INVERTED bound to: 1'b0 
	Parameter IS_D1_INVERTED bound to: 1'b0 
	Parameter IS_D2_INVERTED bound to: 1'b0 
	Parameter SRTYPE bound to: SYNC - type: string 
INFO: [Synth 8-6155] done synthesizing module 'ODDR' (20#1) [/home/vedaant/Vivado/2020.2/scripts/rt/data/unisim_comp.v:49791]
INFO: [Synth 8-6157] synthesizing module 'XADC' [/home/vedaant/Vivado/2020.2/scripts/rt/data/unisim_comp.v:82182]
	Parameter INIT_40 bound to: 16'b0000000000000000 
	Parameter INIT_41 bound to: 16'b0010111100001111 
	Parameter INIT_42 bound to: 16'b0000010000000000 
	Parameter INIT_43 bound to: 16'b0000000000000000 
	Parameter INIT_44 bound to: 16'b0000000000000000 
	Parameter INIT_45 bound to: 16'b0000000000000000 
	Parameter INIT_46 bound to: 16'b0000000000000000 
	Parameter INIT_47 bound to: 16'b0000000000000000 
	Parameter INIT_48 bound to: 16'b0000100100000000 
	Parameter INIT_49 bound to: 16'b0000001100000011 
	Parameter INIT_4A bound to: 16'b0100011111100000 
	Parameter INIT_4B bound to: 16'b0000000000000000 
	Parameter INIT_4C bound to: 16'b0000100000000000 
	Parameter INIT_4D bound to: 16'b0000001100000011 
	Parameter INIT_4E bound to: 16'b0000000000000000 
	Parameter INIT_4F bound to: 16'b0000000000000000 
	Parameter INIT_50 bound to: 16'b1011010111101101 
	Parameter INIT_51 bound to: 16'b0101011111100100 
	Parameter INIT_52 bound to: 16'b1010000101000111 
	Parameter INIT_53 bound to: 16'b1100101000110011 
	Parameter INIT_54 bound to: 16'b1010100100111010 
	Parameter INIT_55 bound to: 16'b0101001011000110 
	Parameter INIT_56 bound to: 16'b1001010101010101 
	Parameter INIT_57 bound to: 16'b1010111001001110 
	Parameter INIT_58 bound to: 16'b0101100110011001 
	Parameter INIT_59 bound to: 16'b0101010101010101 
	Parameter INIT_5A bound to: 16'b1001100110011001 
	Parameter INIT_5B bound to: 16'b0110101010101010 
	Parameter INIT_5C bound to: 16'b0101000100010001 
	Parameter INIT_5D bound to: 16'b0101000100010001 
	Parameter INIT_5E bound to: 16'b1001000111101011 
	Parameter INIT_5F bound to: 16'b0110011001100110 
	Parameter IS_CONVSTCLK_INVERTED bound to: 1'b0 
	Parameter IS_DCLK_INVERTED bound to: 1'b0 
	Parameter SIM_DEVICE bound to: 7SERIES - type: string 
	Parameter SIM_MONITOR_FILE bound to: design.txt - type: string 
INFO: [Synth 8-6155] done synthesizing module 'XADC' (21#1) [/home/vedaant/Vivado/2020.2/scripts/rt/data/unisim_comp.v:82182]
WARNING: [Synth 8-689] width (7) of port connection 'CHANNEL' does not match port width (5) of module 'XADC' [/home/vedaant/school_files/spring2026/ECE554/linien_554/gateware/build/top.v:11916]
WARNING: [Synth 8-7071] port 'JTAGBUSY' of module 'XADC' is unconnected for instance 'XADC' [/home/vedaant/school_files/spring2026/ECE554/linien_554/gateware/build/top.v:11901]
WARNING: [Synth 8-7071] port 'JTAGLOCKED' of module 'XADC' is unconnected for instance 'XADC' [/home/vedaant/school_files/spring2026/ECE554/linien_554/gateware/build/top.v:11901]
WARNING: [Synth 8-7071] port 'JTAGMODIFIED' of module 'XADC' is unconnected for instance 'XADC' [/home/vedaant/school_files/spring2026/ECE554/linien_554/gateware/build/top.v:11901]
WARNING: [Synth 8-7071] port 'MUXADDR' of module 'XADC' is unconnected for instance 'XADC' [/home/vedaant/school_files/spring2026/ECE554/linien_554/gateware/build/top.v:11901]
WARNING: [Synth 8-7023] instance 'XADC' of module 'XADC' has 24 connections declared, but only 20 given [/home/vedaant/school_files/spring2026/ECE554/linien_554/gateware/build/top.v:11901]
INFO: [Synth 8-6157] synthesizing module 'DNA_PORT' [/home/vedaant/Vivado/2020.2/scripts/rt/data/unisim_comp.v:11984]
	Parameter SIM_DNA_VALUE bound to: 57'b000000000000000000000000000000000000000000000000000000000 
INFO: [Synth 8-6155] done synthesizing module 'DNA_PORT' (22#1) [/home/vedaant/Vivado/2020.2/scripts/rt/data/unisim_comp.v:11984]
INFO: [Synth 8-6157] synthesizing module 'red_pitaya_scope' from library 'work' [/home/vedaant/school_files/spring2026/ECE554/linien_554/gateware/build/imports/home/vedaant/school_files/spring2026/ECE554/linien_554/gateware/verilog/red_pitaya_scope.v:54]
	Parameter RSZ bound to: 14 - type: integer 
WARNING: [Synth 8-693] zero replication count - replication ignored [/home/vedaant/school_files/spring2026/ECE554/linien_554/gateware/build/imports/home/vedaant/school_files/spring2026/ECE554/linien_554/gateware/verilog/red_pitaya_scope.v:606]
INFO: [Synth 8-6157] synthesizing module 'bus_clk_bridge' from library 'work' [/home/vedaant/school_files/spring2026/ECE554/linien_554/gateware/build/imports/home/vedaant/school_files/spring2026/ECE554/linien_554/gateware/verilog/bus_clk_bridge.v:38]
INFO: [Synth 8-6155] done synthesizing module 'bus_clk_bridge' from library 'work' (23#1) [/home/vedaant/school_files/spring2026/ECE554/linien_554/gateware/build/imports/home/vedaant/school_files/spring2026/ECE554/linien_554/gateware/verilog/bus_clk_bridge.v:38]
INFO: [Synth 8-6155] done synthesizing module 'red_pitaya_scope' from library 'work' (24#1) [/home/vedaant/school_files/spring2026/ECE554/linien_554/gateware/build/imports/home/vedaant/school_files/spring2026/ECE554/linien_554/gateware/verilog/red_pitaya_scope.v:54]
WARNING: [Synth 8-689] width (25) of port connection 'adc_a_i' does not match port width (14) of module 'red_pitaya_scope' [/home/vedaant/school_files/spring2026/ECE554/linien_554/gateware/build/top.v:11981]
WARNING: [Synth 8-689] width (25) of port connection 'adc_a_q_i' does not match port width (14) of module 'red_pitaya_scope' [/home/vedaant/school_files/spring2026/ECE554/linien_554/gateware/build/top.v:11982]
WARNING: [Synth 8-689] width (25) of port connection 'adc_b_i' does not match port width (14) of module 'red_pitaya_scope' [/home/vedaant/school_files/spring2026/ECE554/linien_554/gateware/build/top.v:11983]
WARNING: [Synth 8-689] width (25) of port connection 'adc_b_q_i' does not match port width (14) of module 'red_pitaya_scope' [/home/vedaant/school_files/spring2026/ECE554/linien_554/gateware/build/top.v:11984]
INFO: [Synth 8-6155] done synthesizing module 'top' from library 'work' (25#1) [/home/vedaant/school_files/spring2026/ECE554/linien_554/gateware/build/top.v:2]
---------------------------------------------------------------------------------
Finished RTL Elaboration : Time (s): cpu = 00:00:04 ; elapsed = 00:00:04 . Memory (MB): peak = 2388.180 ; gain = 46.074 ; free physical = 9014 ; free virtual = 32045
---------------------------------------------------------------------------------
---------------------------------------------------------------------------------
Start Handling Custom Attributes
---------------------------------------------------------------------------------
---------------------------------------------------------------------------------
Finished Handling Custom Attributes : Time (s): cpu = 00:00:05 ; elapsed = 00:00:05 . Memory (MB): peak = 2397.086 ; gain = 54.980 ; free physical = 9041 ; free virtual = 32073
---------------------------------------------------------------------------------
---------------------------------------------------------------------------------
Finished RTL Optimization Phase 1 : Time (s): cpu = 00:00:05 ; elapsed = 00:00:05 . Memory (MB): peak = 2397.086 ; gain = 54.980 ; free physical = 9041 ; free virtual = 32073
---------------------------------------------------------------------------------
Netlist sorting complete. Time (s): cpu = 00:00:00.11 ; elapsed = 00:00:00.11 . Memory (MB): peak = 2404.023 ; gain = 0.000 ; free physical = 9027 ; free virtual = 32059
WARNING: [Netlist 29-345] The value of SIM_DEVICE on instance 'XADC' of type 'XADC' is '7SERIES'; it is being changed to match the current FPGA architecture, 'ZYNQ'. For functional simulation to match hardware behavior, the value of SIM_DEVICE should be changed in the source netlist. 
INFO: [Netlist 29-17] Analyzing 21 Unisim elements for replacement
INFO: [Netlist 29-28] Unisim Transformation completed in 0 CPU seconds
INFO: [Project 1-570] Preparing netlist for logic optimization

Processing XDC Constraints
Initializing timing engine
Parsing XDC File [/home/vedaant/school_files/spring2026/ECE554/linien_554/gateware/build/top.xdc]
WARNING: [Vivado 12-627] No clocks matched 'clk125_p'. [/home/vedaant/school_files/spring2026/ECE554/linien_554/gateware/build/top.xdc:368]
INFO: [Vivado 12-626] No clocks found. Please use 'create_clock' or 'create_generated_clock' command to create clocks. [/home/vedaant/school_files/spring2026/ECE554/linien_554/gateware/build/top.xdc:368]
WARNING: [Vivado 12-627] No clocks matched 'clk_fpga_0'. [/home/vedaant/school_files/spring2026/ECE554/linien_554/gateware/build/top.xdc:368]
INFO: [Vivado 12-626] No clocks found. Please use 'create_clock' or 'create_generated_clock' command to create clocks. [/home/vedaant/school_files/spring2026/ECE554/linien_554/gateware/build/top.xdc:368]
CRITICAL WARNING: [Vivado 12-4739] set_clock_groups:No valid object(s) found for '-group [get_clocks -include_generated_clocks clk125_p]'. [/home/vedaant/school_files/spring2026/ECE554/linien_554/gateware/build/top.xdc:368]
Resolution: Check if the specified object(s) exists in the current design. If it does, ensure that the correct design hierarchy was specified for the object. If you are working with clocks, make sure create_clock was used to create the clock object before it is referenced.
CRITICAL WARNING: [Vivado 12-4739] set_clock_groups:No valid object(s) found for '-group '. [/home/vedaant/school_files/spring2026/ECE554/linien_554/gateware/build/top.xdc:368]
Resolution: Check if the specified object(s) exists in the current design. If it does, ensure that the correct design hierarchy was specified for the object. If you are working with clocks, make sure create_clock was used to create the clock object before it is referenced.
CRITICAL WARNING: [Vivado 12-4739] set_clock_groups:No valid object(s) found for '-group [get_clocks -include_generated_clocks clk_fpga_0]'. [/home/vedaant/school_files/spring2026/ECE554/linien_554/gateware/build/top.xdc:368]
Resolution: Check if the specified object(s) exists in the current design. If it does, ensure that the correct design hierarchy was specified for the object. If you are working with clocks, make sure create_clock was used to create the clock object before it is referenced.
CRITICAL WARNING: [Vivado 12-4739] set_clock_groups:No valid object(s) found for '-group '. [/home/vedaant/school_files/spring2026/ECE554/linien_554/gateware/build/top.xdc:368]
Resolution: Check if the specified object(s) exists in the current design. If it does, ensure that the correct design hierarchy was specified for the object. If you are working with clocks, make sure create_clock was used to create the clock object before it is referenced.
CRITICAL WARNING: [Constraints 18-4644] set_clock_groups: All clock groups specified are empty. Please specify atleast one clock group which is not empty. [/home/vedaant/school_files/spring2026/ECE554/linien_554/gateware/build/top.xdc:368]
WARNING: [Vivado 12-180] No cells matched 'get_cells -filter {ars_ff1 == TRUE || ars_ff2 == TRUE}'. [/home/vedaant/school_files/spring2026/ECE554/linien_554/gateware/build/top.xdc:374]
WARNING: [Vivado 12-508] No pins matched 'get_pins -filter {REF_PIN_NAME == PRE} -of [get_cells -filter {ars_ff1 == TRUE || ars_ff2 == TRUE}]'. [/home/vedaant/school_files/spring2026/ECE554/linien_554/gateware/build/top.xdc:374]
WARNING: [Vivado 12-180] No cells matched 'get_cells -filter {ars_ff1 == TRUE}'. [/home/vedaant/school_files/spring2026/ECE554/linien_554/gateware/build/top.xdc:376]
WARNING: [Vivado 12-508] No pins matched 'get_pins -filter {REF_PIN_NAME == Q} -of [get_cells -filter {ars_ff1 == TRUE}]'. [/home/vedaant/school_files/spring2026/ECE554/linien_554/gateware/build/top.xdc:376]
WARNING: [Vivado 12-180] No cells matched 'get_cells -filter {ars_ff2 == TRUE}'. [/home/vedaant/school_files/spring2026/ECE554/linien_554/gateware/build/top.xdc:376]
WARNING: [Vivado 12-508] No pins matched 'get_pins -filter {REF_PIN_NAME == D} -of [get_cells -filter {ars_ff2 == TRUE}]'. [/home/vedaant/school_files/spring2026/ECE554/linien_554/gateware/build/top.xdc:376]
Finished Parsing XDC File [/home/vedaant/school_files/spring2026/ECE554/linien_554/gateware/build/top.xdc]
INFO: [Project 1-236] Implementation specific constraints were found while reading constraint file [/home/vedaant/school_files/spring2026/ECE554/linien_554/gateware/build/top.xdc]. These constraints will be ignored for synthesis but will be used in implementation. Impacted constraints are listed in the file [.Xil/top_propImpl.xdc].
Resolution: To avoid this warning, move constraints listed in [.Xil/top_propImpl.xdc] to another XDC file and exclude this new file from synthesis with the used_in_synthesis property (File Properties dialog in GUI) and re-run elaboration/synthesis.
Parsing XDC File [/home/vedaant/school_files/spring2026/ECE554/linien_554/gateware/verilog/system_processing_system7_0_0.xdc] for cell 'system_processing_system7_0_0/inst'
Finished Parsing XDC File [/home/vedaant/school_files/spring2026/ECE554/linien_554/gateware/verilog/system_processing_system7_0_0.xdc] for cell 'system_processing_system7_0_0/inst'
INFO: [Project 1-236] Implementation specific constraints were found while reading constraint file [/home/vedaant/school_files/spring2026/ECE554/linien_554/gateware/verilog/system_processing_system7_0_0.xdc]. These constraints will be ignored for synthesis but will be used in implementation. Impacted constraints are listed in the file [.Xil/top_propImpl.xdc].
Resolution: To avoid this warning, move constraints listed in [.Xil/top_propImpl.xdc] to another XDC file and exclude this new file from synthesis with the used_in_synthesis property (File Properties dialog in GUI) and re-run elaboration/synthesis.
INFO: [Timing 38-2] Deriving generated clocks
Completed Processing XDC Constraints

Netlist sorting complete. Time (s): cpu = 00:00:00 ; elapsed = 00:00:00 . Memory (MB): peak = 2573.742 ; gain = 0.000 ; free physical = 8930 ; free virtual = 31979
INFO: [Project 1-111] Unisim Transformation Summary:
  A total of 3 instances were transformed.
  FD => FDRE: 1 instance 
  IBUFGDS => IBUFDS: 1 instance 
  PLLE2_BASE => PLLE2_ADV: 1 instance 

Constraint Validation Runtime : Time (s): cpu = 00:00:00.03 ; elapsed = 00:00:00.03 . Memory (MB): peak = 2573.742 ; gain = 0.000 ; free physical = 8930 ; free virtual = 31979
---------------------------------------------------------------------------------
Finished Constraint Validation : Time (s): cpu = 00:00:10 ; elapsed = 00:00:10 . Memory (MB): peak = 2573.742 ; gain = 231.637 ; free physical = 9030 ; free virtual = 32068
---------------------------------------------------------------------------------
---------------------------------------------------------------------------------
Start Loading Part and Timing Information
---------------------------------------------------------------------------------
Loading part: xc7z010clg400-1
---------------------------------------------------------------------------------
Finished Loading Part and Timing Information : Time (s): cpu = 00:00:10 ; elapsed = 00:00:10 . Memory (MB): peak = 2573.742 ; gain = 231.637 ; free physical = 9030 ; free virtual = 32068
---------------------------------------------------------------------------------
---------------------------------------------------------------------------------
Start Applying 'set_property' XDC Constraints
---------------------------------------------------------------------------------
Applied set_property KEEP_HIERARCHY = SOFT for system_processing_system7_0_0/inst. (constraint file  auto generated constraint).
---------------------------------------------------------------------------------
Finished applying 'set_property' XDC Constraints : Time (s): cpu = 00:00:11 ; elapsed = 00:00:11 . Memory (MB): peak = 2573.742 ; gain = 231.637 ; free physical = 9047 ; free virtual = 32096
---------------------------------------------------------------------------------
INFO: [Synth 8-802] inferred FSM for state register 'state_reg' in module 'control'
INFO: [Synth 8-802] inferred FSM for state register 'state_reg' in module 'top'
---------------------------------------------------------------------------------------------------
                   State |                     New Encoding |                Previous Encoding 
---------------------------------------------------------------------------------------------------
                    IDLE |                              000 |                              000
              FETCH_TYPE |                              001 |                              001
               LOAD_INIT |                              010 |                              010
             LOAD_PARAMS |                              011 |                              011
             START_BLOCK |                              100 |                              100
               WAIT_DONE |                              101 |                              101
          CAPTURE_VDRIVE |                              110 |                              110
                    DONE |                              111 |                              111
---------------------------------------------------------------------------------------------------
INFO: [Synth 8-3354] encoded FSM with state register 'state_reg' using encoding 'sequential' in module 'control'
---------------------------------------------------------------------------------------------------
                   State |                     New Encoding |                Previous Encoding 
---------------------------------------------------------------------------------------------------
                  iSTATE |                             0001 |                               00
*
                 iSTATE0 |                             0010 |                               01
                 iSTATE1 |                             0100 |                               10
                 iSTATE2 |                             1000 |                               11
---------------------------------------------------------------------------------------------------
INFO: [Synth 8-3354] encoded FSM with state register 'state_reg' using encoding 'one-hot' in module 'top'
---------------------------------------------------------------------------------
Finished RTL Optimization Phase 2 : Time (s): cpu = 00:00:15 ; elapsed = 00:00:16 . Memory (MB): peak = 2573.742 ; gain = 231.637 ; free physical = 9059 ; free virtual = 32113
---------------------------------------------------------------------------------
---------------------------------------------------------------------------------
Start RTL Component Statistics 
---------------------------------------------------------------------------------
Detailed RTL Component Info : 
+---Adders : 
	   3 Input   84 Bit       Adders := 1     
	   3 Input   51 Bit       Adders := 1     
	   2 Input   50 Bit       Adders := 43    
	   2 Input   44 Bit       Adders := 1     
	   3 Input   37 Bit       Adders := 1     
	   3 Input   34 Bit       Adders := 1     
	   2 Input   33 Bit       Adders := 1     
	   2 Input   32 Bit       Adders := 6     
	   3 Input   28 Bit       Adders := 4     
	   2 Input   26 Bit       Adders := 4     
	   3 Input   26 Bit       Adders := 1     
	   3 Input   23 Bit       Adders := 1     
	   2 Input   20 Bit       Adders := 4     
	   5 Input   18 Bit       Adders := 2     
	   3 Input   17 Bit       Adders := 90    
	   2 Input   17 Bit       Adders := 42    
	   4 Input   16 Bit       Adders := 4     
	   2 Input   15 Bit       Adders := 6     
	   3 Input   15 Bit       Adders := 3     
	   3 Input   14 Bit       Adders := 2     
	   2 Input   14 Bit       Adders := 2     
	   2 Input   10 Bit       Adders := 1     
	   3 Input    9 Bit       Adders := 1     
	   2 Input    8 Bit       Adders := 1     
	   2 Input    6 Bit       Adders := 1     
	   2 Input    4 Bit       Adders := 1     
	   2 Input    3 Bit       Adders := 2     
+---XORs : 
	   2 Input      1 Bit         XORs := 7     
+---Registers : 
	               84 Bit    Registers := 1     
	               64 Bit    Registers := 1     
	               51 Bit    Registers := 1     
	               50 Bit    Registers := 52    
	               43 Bit    Registers := 1     
	               34 Bit    Registers := 3     
	               32 Bit    Registers := 32    
	               30 Bit    Registers := 1     
	               27 Bit    Registers := 9     
	               25 Bit    Registers := 139   
	               23 Bit    Registers := 3     
	               20 Bit    Registers := 4     
	               18 Bit    Registers := 47    
	               17 Bit    Registers := 133   
	               16 Bit    Registers := 6     
	               15 Bit    Registers := 4     
	               14 Bit    Registers := 73    
	               12 Bit    Registers := 8     
	               10 Bit    Registers := 2     
	                9 Bit    Registers := 11    
	                8 Bit    Registers := 65    
	                6 Bit    Registers := 1     
	                5 Bit    Registers := 1     
	                4 Bit    Registers := 23    
	                3 Bit    Registers := 4     
	                2 Bit    Registers := 19    
	                1 Bit    Registers := 64    
+---Multipliers : 
	              14x32  Multipliers := 1     
+---RAMs : 
	             224K Bit	(16384 X 14 bit)          RAMs := 4     
	              14K Bit	(1024 X 14 bit)          RAMs := 1     
	               8K Bit	(256 X 32 bit)          RAMs := 1     
+---ROMs : 
	                    ROMs := 1     
+---Muxes : 
	   2 Input   43 Bit        Muxes := 2     
	   2 Input   36 Bit        Muxes := 2     
	   2 Input   32 Bit        Muxes := 4     
	   8 Input   32 Bit        Muxes := 2     
	   3 Input   32 Bit        Muxes := 1     
	  21 Input   32 Bit        Muxes := 1     
	   2 Input   28 Bit        Muxes := 1     
	   2 Input   25 Bit        Muxes := 28    
	   4 Input   25 Bit        Muxes := 1     
	   3 Input   20 Bit        Muxes := 4     
	   2 Input   17 Bit        Muxes := 89    
	   2 Input   16 Bit        Muxes := 3     
	   2 Input   15 Bit        Muxes := 9     
	   2 Input   14 Bit        Muxes := 42    
	   8 Input   14 Bit        Muxes := 2     
	   4 Input   14 Bit        Muxes := 3     
	  33 Input   14 Bit        Muxes := 4     
	   2 Input   13 Bit        Muxes := 3     
	   2 Input   12 Bit        Muxes := 3     
	   2 Input   11 Bit        Muxes := 3     
	   2 Input   10 Bit        Muxes := 3     
	   4 Input    9 Bit        Muxes := 1     
	   2 Input    9 Bit        Muxes := 3     
	   2 Input    8 Bit        Muxes := 3     
	   4 Input    8 Bit        Muxes := 1     
	   2 Input    7 Bit        Muxes := 3     
	   2 Input    6 Bit        Muxes := 8     
	   8 Input    6 Bit        Muxes := 2     
	  34 Input    6 Bit        Muxes := 4     
	   4 Input    6 Bit        Muxes := 1     
	   2 Input    5 Bit        Muxes := 3     
	   8 Input    4 Bit        Muxes := 1     
	   2 Input    4 Bit        Muxes := 5     
	   4 Input    4 Bit        Muxes := 3     
	   5 Input    4 Bit        Muxes := 1     
	   7 Input    3 Bit        Muxes := 1     
	   2 Input    3 Bit        Muxes := 5     
	   8 Input    3 Bit        Muxes := 3     
	   6 Input    2 Bit        Muxes := 1     
	   2 Input    2 Bit        Muxes := 1     
	   8 Input    1 Bit        Muxes := 9     
	   2 Input    1 Bit        Muxes := 67    
	   4 Input    1 Bit        Muxes := 8     
	   6 Input    1 Bit        Muxes := 5     
	  21 Input    1 Bit        Muxes := 1     
	   7 Input    1 Bit        Muxes := 6     
---------------------------------------------------------------------------------
Finished RTL Component Statistics 
---------------------------------------------------------------------------------
---------------------------------------------------------------------------------
Start Part Resource Summary
---------------------------------------------------------------------------------
Part Resources:
DSPs: 80 (col length:40)
BRAMs: 120 (col length: RAMB18 40 RAMB36 20)
---------------------------------------------------------------------------------
Finished Part Resource Summary
---------------------------------------------------------------------------------
---------------------------------------------------------------------------------
Start Cross Boundary and Area Optimization
---------------------------------------------------------------------------------
DSP Report: Generating DSP mult_reg0, operation Mode is: A2*B2.
DSP Report: register lut_reg_reg is absorbed into DSP mult_reg0.
DSP Report: register mult_reg0 is absorbed into DSP mult_reg0.
DSP Report: operator mult_reg0 is absorbed into DSP mult_reg0.
DSP Report: operator mult_reg0 is absorbed into DSP mult_reg0.
DSP Report: Generating DSP mult_reg_reg, operation Mode is: (PCIN>>17)+A*B2.
DSP Report: register lut_reg_reg is absorbed into DSP mult_reg_reg.
DSP Report: register mult_reg_reg is absorbed into DSP mult_reg_reg.
DSP Report: operator mult_reg0 is absorbed into DSP mult_reg_reg.
DSP Report: operator mult_reg0 is absorbed into DSP mult_reg_reg.
DSP Report: Generating DSP linienmodule_mixed2, operation Mode is: (0 or C')+(A2*B or 0).
DSP Report: register linienmodule_fast_a_limitcsr0_limitcsr0_y1_reg is absorbed into DSP linienmodule_mixed2.
DSP Report: register linienmodule_mixed2 is absorbed into DSP linienmodule_mixed2.
DSP Report: operator linienmodule_mixed2 is absorbed into DSP linienmodule_mixed2.
DSP Report: Generating DSP linienmodule_mixed2, operation Mode is: (A2*B or 0).
DSP Report: register linienmodule_fast_b_limitcsr0_limitcsr0_y1_reg is absorbed into DSP linienmodule_mixed2.
DSP Report: operator linienmodule_mixed2 is absorbed into DSP linienmodule_mixed2.
DSP Report: Generating DSP linienmodule_limit_error_signal_x0, operation Mode is: PCIN+A2:B+C.
DSP Report: register linienmodule_limit_error_signal_x0 is absorbed into DSP linienmodule_limit_error_signal_x0.
DSP Report: operator linienmodule_limit_error_signal_x0 is absorbed into DSP linienmodule_limit_error_signal_x0.
DSP Report: Generating DSP linienmodule_fast_a_iir0_z20, operation Mode is: A2*B2.
DSP Report: register linienmodule_fast_a_iir0_z20 is absorbed into DSP linienmodule_fast_a_iir0_z20.
DSP Report: register linienmodule_fast_a_iir0_a10_reg is absorbed into DSP linienmodule_fast_a_iir0_z20.
DSP Report: operator linienmodule_fast_a_iir0_z20 is absorbed into DSP linienmodule_fast_a_iir0_z20.
DSP Report: operator linienmodule_fast_a_iir0_z20 is absorbed into DSP linienmodule_fast_a_iir0_z20.
DSP Report: Generating DSP linienmodule_fast_a_iir0_z20, operation Mode is: (PCIN>>17)+A2*B2.
DSP Report: register linienmodule_fast_a_iir0_y0_reg is absorbed into DSP linienmodule_fast_a_iir0_z20.
DSP Report: register linienmodule_fast_a_iir0_a10_reg is absorbed into DSP linienmodule_fast_a_iir0_z20.
DSP Report: operator linienmodule_fast_a_iir0_z20 is absorbed into DSP linienmodule_fast_a_iir0_z20.
DSP Report: operator linienmodule_fast_a_iir0_z20 is absorbed into DSP linienmodule_fast_a_iir0_z20.
DSP Report: Generating DSP p_1_out, operation Mode is: (C or 0)+A*B.
DSP Report: operator linienmodule_pid_kp_mult is absorbed into DSP p_1_out.
DSP Report: operator linienmodule_pid_kp_mult is absorbed into DSP p_1_out.
DSP Report: Generating DSP linienmodule_fast_b_iir1_z20, operation Mode is: A2*B2.
DSP Report: register linienmodule_fast_b_iir1_z20 is absorbed into DSP linienmodule_fast_b_iir1_z20.
DSP Report: register linienmodule_fast_b_iir1_a10_reg is absorbed into DSP linienmodule_fast_b_iir1_z20.
DSP Report: operator linienmodule_fast_b_iir1_z20 is absorbed into DSP linienmodule_fast_b_iir1_z20.
DSP Report: operator linienmodule_fast_b_iir1_z20 is absorbed into DSP linienmodule_fast_b_iir1_z20.
DSP Report: Generating DSP linienmodule_fast_b_iir1_z20, operation Mode is: (PCIN>>17)+A2*B2.
DSP Report: register linienmodule_fast_b_iir1_y0_reg is absorbed into DSP linienmodule_fast_b_iir1_z20.
DSP Report: register linienmodule_fast_b_iir1_a10_reg is absorbed into DSP linienmodule_fast_b_iir1_z20.
DSP Report: operator linienmodule_fast_b_iir1_z20 is absorbed into DSP linienmodule_fast_b_iir1_z20.
DSP Report: operator linienmodule_fast_b_iir1_z20 is absorbed into DSP linienmodule_fast_b_iir1_z20.
DSP Report: Generating DSP linienmodule_fast_b_iir1_z10, operation Mode is: A2*B2.
DSP Report: register linienmodule_fast_b_iir1_z10 is absorbed into DSP linienmodule_fast_b_iir1_z10.
DSP Report: register linienmodule_fast_b_iir1_b00_reg is absorbed into DSP linienmodule_fast_b_iir1_z10.
DSP Report: operator linienmodule_fast_b_iir1_z10 is absorbed into DSP linienmodule_fast_b_iir1_z10.
DSP Report: operator linienmodule_fast_b_iir1_z10 is absorbed into DSP linienmodule_fast_b_iir1_z10.
DSP Report: Generating DSP linienmodule_fast_b_iir1_z10, operation Mode is: (PCIN>>17)+A2*B2.
DSP Report: register linienmodule_fast_b_limitcsr1_limitcsr1_y0_reg is absorbed into DSP linienmodule_fast_b_iir1_z10.
DSP Report: register linienmodule_fast_b_iir1_b00_reg is absorbed into DSP linienmodule_fast_b_iir1_z10.
DSP Report: operator linienmodule_fast_b_iir1_z10 is absorbed into DSP linienmodule_fast_b_iir1_z10.
DSP Report: operator linienmodule_fast_b_iir1_z10 is absorbed into DSP linienmodule_fast_b_iir1_z10.
DSP Report: Generating DSP linienmodule_fast_b_iir1_z00, operation Mode is: A2*B2.
DSP Report: register linienmodule_fast_b_iir1_z00 is absorbed into DSP linienmodule_fast_b_iir1_z00.
DSP Report: register linienmodule_fast_b_iir1_b10_reg is absorbed into DSP linienmodule_fast_b_iir1_z00.
DSP Report: operator linienmodule_fast_b_iir1_z00 is absorbed into DSP linienmodule_fast_b_iir1_z00.
DSP Report: operator linienmodule_fast_b_iir1_z00 is absorbed into DSP linienmodule_fast_b_iir1_z00.
DSP Report: Generating DSP linienmodule_fast_b_iir1_z00, operation Mode is: (PCIN>>17)+A2*B2.
DSP Report: register linienmodule_fast_b_limitcsr1_limitcsr1_y0_reg is absorbed into DSP linienmodule_fast_b_iir1_z00.
DSP Report: register linienmodule_fast_b_iir1_b10_reg is absorbed into DSP linienmodule_fast_b_iir1_z00.
DSP Report: operator linienmodule_fast_b_iir1_z00 is absorbed into DSP linienmodule_fast_b_iir1_z00.
DSP Report: operator linienmodule_fast_b_iir1_z00 is absorbed into DSP linienmodule_fast_b_iir1_z00.
DSP Report: Generating DSP p_1_out, operation Mode is: (C or 0)+A*B.
DSP Report: operator linienmodule_pid_kd_mult is absorbed into DSP p_1_out.
DSP Report: operator linienmodule_pid_kd_mult is absorbed into DSP p_1_out.
DSP Report: Generating DSP p_1_out, operation Mode is: (C or 0)+A*B.
DSP Report: operator linienmodule_pid_ki_mult0 is absorbed into DSP p_1_out.
DSP Report: operator linienmodule_pid_ki_mult0 is absorbed into DSP p_1_out.
DSP Report: Generating DSP linienmodule_fast_a_iir1_z10, operation Mode is: A2*B2.
DSP Report: register linienmodule_fast_a_iir1_z10 is absorbed into DSP linienmodule_fast_a_iir1_z10.
DSP Report: register linienmodule_fast_a_iir1_b00_reg is absorbed into DSP linienmodule_fast_a_iir1_z10.
DSP Report: operator linienmodule_fast_a_iir1_z10 is absorbed into DSP linienmodule_fast_a_iir1_z10.
DSP Report: operator linienmodule_fast_a_iir1_z10 is absorbed into DSP linienmodule_fast_a_iir1_z10.
DSP Report: Generating DSP linienmodule_fast_a_iir1_z10, operation Mode is: (PCIN>>17)+A2*B2.
DSP Report: register linienmodule_fast_a_limitcsr1_limitcsr1_y0_reg is absorbed into DSP linienmodule_fast_a_iir1_z10.
DSP Report: register linienmodule_fast_a_iir1_b00_reg is absorbed into DSP linienmodule_fast_a_iir1_z10.
DSP Report: operator linienmodule_fast_a_iir1_z10 is absorbed into DSP linienmodule_fast_a_iir1_z10.
DSP Report: operator linienmodule_fast_a_iir1_z10 is absorbed into DSP linienmodule_fast_a_iir1_z10.
DSP Report: Generating DSP linienmodule_fast_a_iir1_z00, operation Mode is: A2*B2.
DSP Report: register linienmodule_fast_a_iir1_z00 is absorbed into DSP linienmodule_fast_a_iir1_z00.
DSP Report: register linienmodule_fast_a_iir1_b10_reg is absorbed into DSP linienmodule_fast_a_iir1_z00.
DSP Report: operator linienmodule_fast_a_iir1_z00 is absorbed into DSP linienmodule_fast_a_iir1_z00.
DSP Report: operator linienmodule_fast_a_iir1_z00 is absorbed into DSP linienmodule_fast_a_iir1_z00.
DSP Report: Generating DSP linienmodule_fast_a_iir1_z00, operation Mode is: (PCIN>>17)+A2*B2.
DSP Report: register linienmodule_fast_a_limitcsr1_limitcsr1_y0_reg is absorbed into DSP linienmodule_fast_a_iir1_z00.
DSP Report: register linienmodule_fast_a_iir1_b10_reg is absorbed into DSP linienmodule_fast_a_iir1_z00.
DSP Report: operator linienmodule_fast_a_iir1_z00 is absorbed into DSP linienmodule_fast_a_iir1_z00.
DSP Report: operator linienmodule_fast_a_iir1_z00 is absorbed into DSP linienmodule_fast_a_iir1_z00.
DSP Report: Generating DSP linienmodule_fast_a_iir0_z10, operation Mode is: A2*B2.
DSP Report: register linienmodule_fast_a_iir0_z10 is absorbed into DSP linienmodule_fast_a_iir0_z10.
DSP Report: register linienmodule_fast_a_iir0_b00_reg is absorbed into DSP linienmodule_fast_a_iir0_z10.
DSP Report: operator linienmodule_fast_a_iir0_z10 is absorbed into DSP linienmodule_fast_a_iir0_z10.
DSP Report: operator linienmodule_fast_a_iir0_z10 is absorbed into DSP linienmodule_fast_a_iir0_z10.
DSP Report: Generating DSP linienmodule_fast_a_iir0_z10, operation Mode is: (PCIN>>17)+A2*B2.
DSP Report: register linienmodule_fast_a_limitcsr0_limitcsr0_y0_reg is absorbed into DSP linienmodule_fast_a_iir0_z10.
DSP Report: register linienmodule_fast_a_iir0_b00_reg is absorbed into DSP linienmodule_fast_a_iir0_z10.
DSP Report: operator linienmodule_fast_a_iir0_z10 is absorbed into DSP linienmodule_fast_a_iir0_z10.
DSP Report: operator linienmodule_fast_a_iir0_z10 is absorbed into DSP linienmodule_fast_a_iir0_z10.
DSP Report: Generating DSP linienmodule_fast_a_iir0_z00, operation Mode is: A2*B2.
DSP Report: register linienmodule_fast_a_iir0_z00 is absorbed into DSP linienmodule_fast_a_iir0_z00.
DSP Report: register linienmodule_fast_a_iir0_b10_reg is absorbed into DSP linienmodule_fast_a_iir0_z00.
DSP Report: operator linienmodule_fast_a_iir0_z00 is absorbed into DSP linienmodule_fast_a_iir0_z00.
DSP Report: operator linienmodule_fast_a_iir0_z00 is absorbed into DSP linienmodule_fast_a_iir0_z00.
DSP Report: Generating DSP linienmodule_fast_a_iir0_z00, operation Mode is: (PCIN>>17)+A2*B2.
DSP Report: register linienmodule_fast_a_limitcsr0_limitcsr0_y0_reg is absorbed into DSP linienmodule_fast_a_iir0_z00.
DSP Report: register linienmodule_fast_a_iir0_b10_reg is absorbed into DSP linienmodule_fast_a_iir0_z00.
DSP Report: operator linienmodule_fast_a_iir0_z00 is absorbed into DSP linienmodule_fast_a_iir0_z00.
DSP Report: operator linienmodule_fast_a_iir0_z00 is absorbed into DSP linienmodule_fast_a_iir0_z00.
DSP Report: Generating DSP linienmodule_fast_b_iir0_z20, operation Mode is: A2*B2.
DSP Report: register linienmodule_fast_b_iir0_z50 is absorbed into DSP linienmodule_fast_b_iir0_z20.
DSP Report: register linienmodule_fast_b_iir0_a10_reg is absorbed into DSP linienmodule_fast_b_iir0_z20.
DSP Report: operator linienmodule_fast_b_iir0_z20 is absorbed into DSP linienmodule_fast_b_iir0_z20.
DSP Report: operator linienmodule_fast_b_iir0_z20 is absorbed into DSP linienmodule_fast_b_iir0_z20.
DSP Report: Generating DSP linienmodule_fast_b_iir0_z20, operation Mode is: (PCIN>>17)+A2*B2.
DSP Report: register linienmodule_fast_b_iir0_y0_reg is absorbed into DSP linienmodule_fast_b_iir0_z20.
DSP Report: register linienmodule_fast_b_iir0_a10_reg is absorbed into DSP linienmodule_fast_b_iir0_z20.
DSP Report: operator linienmodule_fast_b_iir0_z20 is absorbed into DSP linienmodule_fast_b_iir0_z20.
DSP Report: operator linienmodule_fast_b_iir0_z20 is absorbed into DSP linienmodule_fast_b_iir0_z20.
DSP Report: Generating DSP linienmodule_fast_b_iir0_z10, operation Mode is: A2*B2.
DSP Report: register linienmodule_fast_b_iir0_z10 is absorbed into DSP linienmodule_fast_b_iir0_z10.
DSP Report: register linienmodule_fast_b_iir0_b00_reg is absorbed into DSP linienmodule_fast_b_iir0_z10.
DSP Report: operator linienmodule_fast_b_iir0_z10 is absorbed into DSP linienmodule_fast_b_iir0_z10.
DSP Report: operator linienmodule_fast_b_iir0_z10 is absorbed into DSP linienmodule_fast_b_iir0_z10.
DSP Report: Generating DSP linienmodule_fast_b_iir0_z10, operation Mode is: (PCIN>>17)+A2*B2.
DSP Report: register linienmodule_fast_b_limitcsr0_limitcsr0_y0_reg is absorbed into DSP linienmodule_fast_b_iir0_z10.
DSP Report: register linienmodule_fast_b_iir0_b00_reg is absorbed into DSP linienmodule_fast_b_iir0_z10.
DSP Report: operator linienmodule_fast_b_iir0_z10 is absorbed into DSP linienmodule_fast_b_iir0_z10.
DSP Report: operator linienmodule_fast_b_iir0_z10 is absorbed into DSP linienmodule_fast_b_iir0_z10.
DSP Report: Generating DSP linienmodule_fast_b_iir0_z00, operation Mode is: A2*B2.
DSP Report: register linienmodule_fast_b_iir0_z00 is absorbed into DSP linienmodule_fast_b_iir0_z00.
DSP Report: register linienmodule_fast_b_iir0_b10_reg is absorbed into DSP linienmodule_fast_b_iir0_z00.
DSP Report: operator linienmodule_fast_b_iir0_z00 is absorbed into DSP linienmodule_fast_b_iir0_z00.
DSP Report: operator linienmodule_fast_b_iir0_z00 is absorbed into DSP linienmodule_fast_b_iir0_z00.
DSP Report: Generating DSP linienmodule_fast_b_iir0_z00, operation Mode is: (PCIN>>17)+A2*B2.
DSP Report: register linienmodule_fast_b_limitcsr0_limitcsr0_y0_reg is absorbed into DSP linienmodule_fast_b_iir0_z00.
DSP Report: register linienmodule_fast_b_iir0_b10_reg is absorbed into DSP linienmodule_fast_b_iir0_z00.
DSP Report: operator linienmodule_fast_b_iir0_z00 is absorbed into DSP linienmodule_fast_b_iir0_z00.
DSP Report: operator linienmodule_fast_b_iir0_z00 is absorbed into DSP linienmodule_fast_b_iir0_z00.
DSP Report: Generating DSP linienmodule_fast_b_iir0_z70, operation Mode is: A2*B2.
DSP Report: register linienmodule_fast_b_iir0_z70 is absorbed into DSP linienmodule_fast_b_iir0_z70.
DSP Report: register linienmodule_fast_b_iir0_a11_reg is absorbed into DSP linienmodule_fast_b_iir0_z70.
DSP Report: operator linienmodule_fast_b_iir0_z70 is absorbed into DSP linienmodule_fast_b_iir0_z70.
DSP Report: operator linienmodule_fast_b_iir0_z70 is absorbed into DSP linienmodule_fast_b_iir0_z70.
DSP Report: Generating DSP linienmodule_fast_b_iir0_z70, operation Mode is: (PCIN>>17)+A2*B2.
DSP Report: register linienmodule_fast_b_iir0_y2_reg is absorbed into DSP linienmodule_fast_b_iir0_z70.
DSP Report: register linienmodule_fast_b_iir0_a11_reg is absorbed into DSP linienmodule_fast_b_iir0_z70.
DSP Report: operator linienmodule_fast_b_iir0_z70 is absorbed into DSP linienmodule_fast_b_iir0_z70.
DSP Report: operator linienmodule_fast_b_iir0_z70 is absorbed into DSP linienmodule_fast_b_iir0_z70.
DSP Report: Generating DSP linienmodule_fast_b_iir0_z60, operation Mode is: A2*B2.
DSP Report: register linienmodule_fast_b_iir0_z70 is absorbed into DSP linienmodule_fast_b_iir0_z60.
DSP Report: register linienmodule_fast_b_iir0_a2_reg is absorbed into DSP linienmodule_fast_b_iir0_z60.
DSP Report: operator linienmodule_fast_b_iir0_z60 is absorbed into DSP linienmodule_fast_b_iir0_z60.
DSP Report: operator linienmodule_fast_b_iir0_z60 is absorbed into DSP linienmodule_fast_b_iir0_z60.
DSP Report: Generating DSP linienmodule_fast_b_iir0_z60, operation Mode is: (PCIN>>17)+A2*B2.
DSP Report: register linienmodule_fast_b_iir0_y2_reg is absorbed into DSP linienmodule_fast_b_iir0_z60.
DSP Report: register linienmodule_fast_b_iir0_a2_reg is absorbed into DSP linienmodule_fast_b_iir0_z60.
DSP Report: operator linienmodule_fast_b_iir0_z60 is absorbed into DSP linienmodule_fast_b_iir0_z60.
DSP Report: operator linienmodule_fast_b_iir0_z60 is absorbed into DSP linienmodule_fast_b_iir0_z60.
DSP Report: Generating DSP linienmodule_fast_b_iir0_z50, operation Mode is: A2*B2.
DSP Report: register linienmodule_fast_b_iir0_z50 is absorbed into DSP linienmodule_fast_b_iir0_z50.
DSP Report: register linienmodule_fast_b_iir0_b01_reg is absorbed into DSP linienmodule_fast_b_iir0_z50.
DSP Report: operator linienmodule_fast_b_iir0_z50 is absorbed into DSP linienmodule_fast_b_iir0_z50.
DSP Report: operator linienmodule_fast_b_iir0_z50 is absorbed into DSP linienmodule_fast_b_iir0_z50.
DSP Report: Generating DSP linienmodule_fast_b_iir0_z50, operation Mode is: (PCIN>>17)+A2*B2.
DSP Report: register linienmodule_fast_b_iir0_y0_reg is absorbed into DSP linienmodule_fast_b_iir0_z50.
DSP Report: register linienmodule_fast_b_iir0_b01_reg is absorbed into DSP linienmodule_fast_b_iir0_z50.
DSP Report: operator linienmodule_fast_b_iir0_z50 is absorbed into DSP linienmodule_fast_b_iir0_z50.
DSP Report: operator linienmodule_fast_b_iir0_z50 is absorbed into DSP linienmodule_fast_b_iir0_z50.
DSP Report: Generating DSP linienmodule_fast_b_iir0_z40, operation Mode is: A2*B2.
DSP Report: register linienmodule_fast_b_iir0_b11_reg is absorbed into DSP linienmodule_fast_b_iir0_z40.
DSP Report: register linienmodule_fast_b_iir0_z50 is absorbed into DSP linienmodule_fast_b_iir0_z40.
DSP Report: operator linienmodule_fast_b_iir0_z40 is absorbed into DSP linienmodule_fast_b_iir0_z40.
DSP Report: operator linienmodule_fast_b_iir0_z40 is absorbed into DSP linienmodule_fast_b_iir0_z40.
DSP Report: Generating DSP linienmodule_fast_b_iir0_z40, operation Mode is: (PCIN>>17)+A*B2.
DSP Report: register linienmodule_fast_b_iir0_b11_reg is absorbed into DSP linienmodule_fast_b_iir0_z40.
DSP Report: register linienmodule_fast_b_iir0_y0_reg is absorbed into DSP linienmodule_fast_b_iir0_z40.
DSP Report: operator linienmodule_fast_b_iir0_z40 is absorbed into DSP linienmodule_fast_b_iir0_z40.
DSP Report: operator linienmodule_fast_b_iir0_z40 is absorbed into DSP linienmodule_fast_b_iir0_z40.
DSP Report: Generating DSP linienmodule_fast_b_iir0_z30, operation Mode is: A2*B2.
DSP Report: register linienmodule_fast_b_iir0_b2_reg is absorbed into DSP linienmodule_fast_b_iir0_z30.
DSP Report: register linienmodule_fast_b_iir0_z50 is absorbed into DSP linienmodule_fast_b_iir0_z30.
DSP Report: operator linienmodule_fast_b_iir0_z30 is absorbed into DSP linienmodule_fast_b_iir0_z30.
DSP Report: operator linienmodule_fast_b_iir0_z30 is absorbed into DSP linienmodule_fast_b_iir0_z30.
DSP Report: Generating DSP linienmodule_fast_b_iir0_z30, operation Mode is: (PCIN>>17)+A*B2.
DSP Report: register linienmodule_fast_b_iir0_b2_reg is absorbed into DSP linienmodule_fast_b_iir0_z30.
DSP Report: register linienmodule_fast_b_iir0_y0_reg is absorbed into DSP linienmodule_fast_b_iir0_z30.
DSP Report: operator linienmodule_fast_b_iir0_z30 is absorbed into DSP linienmodule_fast_b_iir0_z30.
DSP Report: operator linienmodule_fast_b_iir0_z30 is absorbed into DSP linienmodule_fast_b_iir0_z30.
DSP Report: Generating DSP linienmodule_raw_acquisition_iir_z100, operation Mode is: A2*B2.
DSP Report: register linienmodule_raw_acquisition_iir_z60 is absorbed into DSP linienmodule_raw_acquisition_iir_z100.
DSP Report: register linienmodule_raw_acquisition_iir_a1_reg is absorbed into DSP linienmodule_raw_acquisition_iir_z100.
DSP Report: operator linienmodule_raw_acquisition_iir_z100 is absorbed into DSP linienmodule_raw_acquisition_iir_z100.
DSP Report: operator linienmodule_raw_acquisition_iir_z100 is absorbed into DSP linienmodule_raw_acquisition_iir_z100.
DSP Report: Generating DSP linienmodule_raw_acquisition_iir_z100, operation Mode is: (PCIN>>17)+A2*B2.
DSP Report: register linienmodule_raw_acquisition_iir_y0_reg is absorbed into DSP linienmodule_raw_acquisition_iir_z100.
DSP Report: register linienmodule_raw_acquisition_iir_a1_reg is absorbed into DSP linienmodule_raw_acquisition_iir_z100.
DSP Report: operator linienmodule_raw_acquisition_iir_z100 is absorbed into DSP linienmodule_raw_acquisition_iir_z100.
DSP Report: operator linienmodule_raw_acquisition_iir_z100 is absorbed into DSP linienmodule_raw_acquisition_iir_z100.
DSP Report: Generating DSP linienmodule_raw_acquisition_iir_z90, operation Mode is: A2*B2.
DSP Report: register linienmodule_raw_acquisition_iir_z60 is absorbed into DSP linienmodule_raw_acquisition_iir_z90.
DSP Report: register linienmodule_raw_acquisition_iir_a2_reg is absorbed into DSP linienmodule_raw_acquisition_iir_z90.
DSP Report: operator linienmodule_raw_acquisition_iir_z90 is absorbed into DSP linienmodule_raw_acquisition_iir_z90.
DSP Report: operator linienmodule_raw_acquisition_iir_z90 is absorbed into DSP linienmodule_raw_acquisition_iir_z90.
DSP Report: Generating DSP linienmodule_raw_acquisition_iir_z90, operation Mode is: (PCIN>>17)+A2*B2.
DSP Report: register linienmodule_raw_acquisition_iir_y0_reg is absorbed into DSP linienmodule_raw_acquisition_iir_z90.
DSP Report: register linienmodule_raw_acquisition_iir_a2_reg is absorbed into DSP linienmodule_raw_acquisition_iir_z90.
DSP Report: operator linienmodule_raw_acquisition_iir_z90 is absorbed into DSP linienmodule_raw_acquisition_iir_z90.
DSP Report: operator linienmodule_raw_acquisition_iir_z90 is absorbed into DSP linienmodule_raw_acquisition_iir_z90.
DSP Report: Generating DSP linienmodule_raw_acquisition_iir_z80, operation Mode is: A2*B2.
DSP Report: register linienmodule_raw_acquisition_iir_a3_reg is absorbed into DSP linienmodule_raw_acquisition_iir_z80.
DSP Report: register linienmodule_raw_acquisition_iir_z60 is absorbed into DSP linienmodule_raw_acquisition_iir_z80.
DSP Report: operator linienmodule_raw_acquisition_iir_z80 is absorbed into DSP linienmodule_raw_acquisition_iir_z80.
DSP Report: operator linienmodule_raw_acquisition_iir_z80 is absorbed into DSP linienmodule_raw_acquisition_iir_z80.
DSP Report: Generating DSP linienmodule_raw_acquisition_iir_z80, operation Mode is: (PCIN>>17)+A*B2.
DSP Report: register linienmodule_raw_acquisition_iir_a3_reg is absorbed into DSP linienmodule_raw_acquisition_iir_z80.
DSP Report: register linienmodule_raw_acquisition_iir_y0_reg is absorbed into DSP linienmodule_raw_acquisition_iir_z80.
DSP Report: operator linienmodule_raw_acquisition_iir_z80 is absorbed into DSP linienmodule_raw_acquisition_iir_z80.
DSP Report: operator linienmodule_raw_acquisition_iir_z80 is absorbed into DSP linienmodule_raw_acquisition_iir_z80.
DSP Report: Generating DSP linienmodule_raw_acquisition_iir_z70, operation Mode is: A2*B2.
DSP Report: register linienmodule_raw_acquisition_iir_a4_reg is absorbed into DSP linienmodule_raw_acquisition_iir_z70.
DSP Report: register linienmodule_raw_acquisition_iir_z60 is absorbed into DSP linienmodule_raw_acquisition_iir_z70.
DSP Report: operator linienmodule_raw_acquisition_iir_z70 is absorbed into DSP linienmodule_raw_acquisition_iir_z70.
DSP Report: operator linienmodule_raw_acquisition_iir_z70 is absorbed into DSP linienmodule_raw_acquisition_iir_z70.
DSP Report: Generating DSP linienmodule_raw_acquisition_iir_z70, operation Mode is: (PCIN>>17)+A*B2.
DSP Report: register linienmodule_raw_acquisition_iir_a4_reg is absorbed into DSP linienmodule_raw_acquisition_iir_z70.
DSP Report: register linienmodule_raw_acquisition_iir_y0_reg is absorbed into DSP linienmodule_raw_acquisition_iir_z70.
DSP Report: operator linienmodule_raw_acquisition_iir_z70 is absorbed into DSP linienmodule_raw_acquisition_iir_z70.
DSP Report: operator linienmodule_raw_acquisition_iir_z70 is absorbed into DSP linienmodule_raw_acquisition_iir_z70.
DSP Report: Generating DSP linienmodule_raw_acquisition_iir_z60, operation Mode is: A2*B2.
DSP Report: register linienmodule_raw_acquisition_iir_a5_reg is absorbed into DSP linienmodule_raw_acquisition_iir_z60.
DSP Report: register linienmodule_raw_acquisition_iir_z60 is absorbed into DSP linienmodule_raw_acquisition_iir_z60.
DSP Report: operator linienmodule_raw_acquisition_iir_z60 is absorbed into DSP linienmodule_raw_acquisition_iir_z60.
DSP Report: operator linienmodule_raw_acquisition_iir_z60 is absorbed into DSP linienmodule_raw_acquisition_iir_z60.
DSP Report: Generating DSP linienmodule_raw_acquisition_iir_z60, operation Mode is: (PCIN>>17)+A*B2.
DSP Report: register linienmodule_raw_acquisition_iir_a5_reg is absorbed into DSP linienmodule_raw_acquisition_iir_z60.
DSP Report: register linienmodule_raw_acquisition_iir_y0_reg is absorbed into DSP linienmodule_raw_acquisition_iir_z60.
DSP Report: operator linienmodule_raw_acquisition_iir_z60 is absorbed into DSP linienmodule_raw_acquisition_iir_z60.
DSP Report: operator linienmodule_raw_acquisition_iir_z60 is absorbed into DSP linienmodule_raw_acquisition_iir_z60.
DSP Report: Generating DSP linienmodule_raw_acquisition_iir_z50, operation Mode is: A2*B2.
DSP Report: register linienmodule_raw_acquisition_iir_z50 is absorbed into DSP linienmodule_raw_acquisition_iir_z50.
DSP Report: register linienmodule_raw_acquisition_iir_b0_reg is absorbed into DSP linienmodule_raw_acquisition_iir_z50.
DSP Report: operator linienmodule_raw_acquisition_iir_z50 is absorbed into DSP linienmodule_raw_acquisition_iir_z50.
DSP Report: operator linienmodule_raw_acquisition_iir_z50 is absorbed into DSP linienmodule_raw_acquisition_iir_z50.
DSP Report: Generating DSP linienmodule_raw_acquisition_iir_z50, operation Mode is: (PCIN>>17)+A2*B2.
DSP Report: register linienmodule_limit_error_signal_limitcsr_y_reg is absorbed into DSP linienmodule_raw_acquisition_iir_z50.
DSP Report: register linienmodule_raw_acquisition_iir_b0_reg is absorbed into DSP linienmodule_raw_acquisition_iir_z50.
DSP Report: operator linienmodule_raw_acquisition_iir_z50 is absorbed into DSP linienmodule_raw_acquisition_iir_z50.
DSP Report: operator linienmodule_raw_acquisition_iir_z50 is absorbed into DSP linienmodule_raw_acquisition_iir_z50.
DSP Report: Generating DSP linienmodule_raw_acquisition_iir_z40, operation Mode is: A2*B2.
DSP Report: register linienmodule_raw_acquisition_iir_z40 is absorbed into DSP linienmodule_raw_acquisition_iir_z40.
DSP Report: register linienmodule_raw_acquisition_iir_b1_reg is absorbed into DSP linienmodule_raw_acquisition_iir_z40.
DSP Report: operator linienmodule_raw_acquisition_iir_z40 is absorbed into DSP linienmodule_raw_acquisition_iir_z40.
DSP Report: operator linienmodule_raw_acquisition_iir_z40 is absorbed into DSP linienmodule_raw_acquisition_iir_z40.
DSP Report: Generating DSP linienmodule_raw_acquisition_iir_z40, operation Mode is: (PCIN>>17)+A2*B2.
DSP Report: register linienmodule_limit_error_signal_limitcsr_y_reg is absorbed into DSP linienmodule_raw_acquisition_iir_z40.
DSP Report: register linienmodule_raw_acquisition_iir_b1_reg is absorbed into DSP linienmodule_raw_acquisition_iir_z40.
DSP Report: operator linienmodule_raw_acquisition_iir_z40 is absorbed into DSP linienmodule_raw_acquisition_iir_z40.
DSP Report: operator linienmodule_raw_acquisition_iir_z40 is absorbed into DSP linienmodule_raw_acquisition_iir_z40.
DSP Report: Generating DSP linienmodule_raw_acquisition_iir_z30, operation Mode is: A2*B2.
DSP Report: register linienmodule_raw_acquisition_iir_z30 is absorbed into DSP linienmodule_raw_acquisition_iir_z30.
DSP Report: register linienmodule_raw_acquisition_iir_b2_reg is absorbed into DSP linienmodule_raw_acquisition_iir_z30.
DSP Report: operator linienmodule_raw_acquisition_iir_z30 is absorbed into DSP linienmodule_raw_acquisition_iir_z30.
DSP Report: operator linienmodule_raw_acquisition_iir_z30 is absorbed into DSP linienmodule_raw_acquisition_iir_z30.
DSP Report: Generating DSP linienmodule_raw_acquisition_iir_z30, operation Mode is: (PCIN>>17)+A2*B2.
DSP Report: register linienmodule_limit_error_signal_limitcsr_y_reg is absorbed into DSP linienmodule_raw_acquisition_iir_z30.
DSP Report: register linienmodule_raw_acquisition_iir_b2_reg is absorbed into DSP linienmodule_raw_acquisition_iir_z30.
DSP Report: operator linienmodule_raw_acquisition_iir_z30 is absorbed into DSP linienmodule_raw_acquisition_iir_z30.
DSP Report: operator linienmodule_raw_acquisition_iir_z30 is absorbed into DSP linienmodule_raw_acquisition_iir_z30.
DSP Report: Generating DSP linienmodule_raw_acquisition_iir_z20, operation Mode is: A2*B2.
DSP Report: register linienmodule_raw_acquisition_iir_z20 is absorbed into DSP linienmodule_raw_acquisition_iir_z20.
DSP Report: register linienmodule_raw_acquisition_iir_b3_reg is absorbed into DSP linienmodule_raw_acquisition_iir_z20.
DSP Report: operator linienmodule_raw_acquisition_iir_z20 is absorbed into DSP linienmodule_raw_acquisition_iir_z20.
DSP Report: operator linienmodule_raw_acquisition_iir_z20 is absorbed into DSP linienmodule_raw_acquisition_iir_z20.
DSP Report: Generating DSP linienmodule_raw_acquisition_iir_z20, operation Mode is: (PCIN>>17)+A2*B2.
DSP Report: register linienmodule_limit_error_signal_limitcsr_y_reg is absorbed into DSP linienmodule_raw_acquisition_iir_z20.
DSP Report: register linienmodule_raw_acquisition_iir_b3_reg is absorbed into DSP linienmodule_raw_acquisition_iir_z20.
DSP Report: operator linienmodule_raw_acquisition_iir_z20 is absorbed into DSP linienmodule_raw_acquisition_iir_z20.
DSP Report: operator linienmodule_raw_acquisition_iir_z20 is absorbed into DSP linienmodule_raw_acquisition_iir_z20.
DSP Report: Generating DSP linienmodule_raw_acquisition_iir_z10, operation Mode is: A2*B2.
DSP Report: register linienmodule_raw_acquisition_iir_z10 is absorbed into DSP linienmodule_raw_acquisition_iir_z10.
DSP Report: register linienmodule_raw_acquisition_iir_b4_reg is absorbed into DSP linienmodule_raw_acquisition_iir_z10.
DSP Report: operator linienmodule_raw_acquisition_iir_z10 is absorbed into DSP linienmodule_raw_acquisition_iir_z10.
DSP Report: operator linienmodule_raw_acquisition_iir_z10 is absorbed into DSP linienmodule_raw_acquisition_iir_z10.
DSP Report: Generating DSP linienmodule_raw_acquisition_iir_z10, operation Mode is: (PCIN>>17)+A2*B2.
DSP Report: register linienmodule_limit_error_signal_limitcsr_y_reg is absorbed into DSP linienmodule_raw_acquisition_iir_z10.
DSP Report: register linienmodule_raw_acquisition_iir_b4_reg is absorbed into DSP linienmodule_raw_acquisition_iir_z10.
DSP Report: operator linienmodule_raw_acquisition_iir_z10 is absorbed into DSP linienmodule_raw_acquisition_iir_z10.
DSP Report: operator linienmodule_raw_acquisition_iir_z10 is absorbed into DSP linienmodule_raw_acquisition_iir_z10.
DSP Report: Generating DSP linienmodule_raw_acquisition_iir_z00, operation Mode is: A2*B2.
DSP Report: register linienmodule_raw_acquisition_iir_z00 is absorbed into DSP linienmodule_raw_acquisition_iir_z00.
DSP Report: register linienmodule_raw_acquisition_iir_b5_reg is absorbed into DSP linienmodule_raw_acquisition_iir_z00.
DSP Report: operator linienmodule_raw_acquisition_iir_z00 is absorbed into DSP linienmodule_raw_acquisition_iir_z00.
DSP Report: operator linienmodule_raw_acquisition_iir_z00 is absorbed into DSP linienmodule_raw_acquisition_iir_z00.
DSP Report: Generating DSP linienmodule_raw_acquisition_iir_z00, operation Mode is: (PCIN>>17)+A2*B2.
DSP Report: register linienmodule_limit_error_signal_limitcsr_y_reg is absorbed into DSP linienmodule_raw_acquisition_iir_z00.
DSP Report: register linienmodule_raw_acquisition_iir_b5_reg is absorbed into DSP linienmodule_raw_acquisition_iir_z00.
DSP Report: operator linienmodule_raw_acquisition_iir_z00 is absorbed into DSP linienmodule_raw_acquisition_iir_z00.
DSP Report: operator linienmodule_raw_acquisition_iir_z00 is absorbed into DSP linienmodule_raw_acquisition_iir_z00.
DSP Report: Generating DSP linienmodule_fast_b_iir1_z70, operation Mode is: A2*B2.
DSP Report: register linienmodule_fast_b_iir1_z70 is absorbed into DSP linienmodule_fast_b_iir1_z70.
DSP Report: register linienmodule_fast_b_iir1_a11_reg is absorbed into DSP linienmodule_fast_b_iir1_z70.
DSP Report: operator linienmodule_fast_b_iir1_z70 is absorbed into DSP linienmodule_fast_b_iir1_z70.
DSP Report: operator linienmodule_fast_b_iir1_z70 is absorbed into DSP linienmodule_fast_b_iir1_z70.
DSP Report: Generating DSP linienmodule_fast_b_iir1_z70, operation Mode is: (PCIN>>17)+A2*B2.
DSP Report: register linienmodule_fast_b_iir1_y2_reg is absorbed into DSP linienmodule_fast_b_iir1_z70.
DSP Report: register linienmodule_fast_b_iir1_a11_reg is absorbed into DSP linienmodule_fast_b_iir1_z70.
DSP Report: operator linienmodule_fast_b_iir1_z70 is absorbed into DSP linienmodule_fast_b_iir1_z70.
DSP Report: operator linienmodule_fast_b_iir1_z70 is absorbed into DSP linienmodule_fast_b_iir1_z70.
DSP Report: Generating DSP linienmodule_fast_b_iir1_z60, operation Mode is: A2*B2.
DSP Report: register linienmodule_fast_b_iir1_z70 is absorbed into DSP linienmodule_fast_b_iir1_z60.
DSP Report: register linienmodule_fast_b_iir1_a2_reg is absorbed into DSP linienmodule_fast_b_iir1_z60.
DSP Report: operator linienmodule_fast_b_iir1_z60 is absorbed into DSP linienmodule_fast_b_iir1_z60.
DSP Report: operator linienmodule_fast_b_iir1_z60 is absorbed into DSP linienmodule_fast_b_iir1_z60.
DSP Report: Generating DSP linienmodule_fast_b_iir1_z60, operation Mode is: (PCIN>>17)+A2*B2.
DSP Report: register linienmodule_fast_b_iir1_y2_reg is absorbed into DSP linienmodule_fast_b_iir1_z60.
DSP Report: register linienmodule_fast_b_iir1_a2_reg is absorbed into DSP linienmodule_fast_b_iir1_z60.
DSP Report: operator linienmodule_fast_b_iir1_z60 is absorbed into DSP linienmodule_fast_b_iir1_z60.
DSP Report: operator linienmodule_fast_b_iir1_z60 is absorbed into DSP linienmodule_fast_b_iir1_z60.
DSP Report: Generating DSP linienmodule_fast_b_iir1_z50, operation Mode is: A2*B2.
DSP Report: register linienmodule_fast_b_iir1_z50 is absorbed into DSP linienmodule_fast_b_iir1_z50.
DSP Report: register linienmodule_fast_b_iir1_b01_reg is absorbed into DSP linienmodule_fast_b_iir1_z50.
DSP Report: operator linienmodule_fast_b_iir1_z50 is absorbed into DSP linienmodule_fast_b_iir1_z50.
DSP Report: operator linienmodule_fast_b_iir1_z50 is absorbed into DSP linienmodule_fast_b_iir1_z50.
DSP Report: Generating DSP linienmodule_fast_b_iir1_z50, operation Mode is: (PCIN>>17)+A2*B2.
DSP Report: register linienmodule_fast_b_iir1_y0_reg is absorbed into DSP linienmodule_fast_b_iir1_z50.
DSP Report: register linienmodule_fast_b_iir1_b01_reg is absorbed into DSP linienmodule_fast_b_iir1_z50.
DSP Report: operator linienmodule_fast_b_iir1_z50 is absorbed into DSP linienmodule_fast_b_iir1_z50.
DSP Report: operator linienmodule_fast_b_iir1_z50 is absorbed into DSP linienmodule_fast_b_iir1_z50.
DSP Report: Generating DSP linienmodule_fast_b_iir1_z40, operation Mode is: A2*B2.
DSP Report: register linienmodule_fast_b_iir1_z40 is absorbed into DSP linienmodule_fast_b_iir1_z40.
DSP Report: register linienmodule_fast_b_iir1_b11_reg is absorbed into DSP linienmodule_fast_b_iir1_z40.
DSP Report: operator linienmodule_fast_b_iir1_z40 is absorbed into DSP linienmodule_fast_b_iir1_z40.
DSP Report: operator linienmodule_fast_b_iir1_z40 is absorbed into DSP linienmodule_fast_b_iir1_z40.
DSP Report: Generating DSP linienmodule_fast_b_iir1_z40, operation Mode is: (PCIN>>17)+A2*B2.
DSP Report: register linienmodule_fast_b_iir1_y0_reg is absorbed into DSP linienmodule_fast_b_iir1_z40.
DSP Report: register linienmodule_fast_b_iir1_b11_reg is absorbed into DSP linienmodule_fast_b_iir1_z40.
DSP Report: operator linienmodule_fast_b_iir1_z40 is absorbed into DSP linienmodule_fast_b_iir1_z40.
DSP Report: operator linienmodule_fast_b_iir1_z40 is absorbed into DSP linienmodule_fast_b_iir1_z40.
DSP Report: Generating DSP linienmodule_fast_b_iir1_z30, operation Mode is: A2*B2.
DSP Report: register linienmodule_fast_b_iir1_z30 is absorbed into DSP linienmodule_fast_b_iir1_z30.
DSP Report: register linienmodule_fast_b_iir1_b2_reg is absorbed into DSP linienmodule_fast_b_iir1_z30.
DSP Report: operator linienmodule_fast_b_iir1_z30 is absorbed into DSP linienmodule_fast_b_iir1_z30.
DSP Report: operator linienmodule_fast_b_iir1_z30 is absorbed into DSP linienmodule_fast_b_iir1_z30.
DSP Report: Generating DSP linienmodule_fast_b_iir1_z30, operation Mode is: (PCIN>>17)+A2*B2.
DSP Report: register linienmodule_fast_b_iir1_y0_reg is absorbed into DSP linienmodule_fast_b_iir1_z30.
DSP Report: register linienmodule_fast_b_iir1_b2_reg is absorbed into DSP linienmodule_fast_b_iir1_z30.
DSP Report: operator linienmodule_fast_b_iir1_z30 is absorbed into DSP linienmodule_fast_b_iir1_z30.
DSP Report: operator linienmodule_fast_b_iir1_z30 is absorbed into DSP linienmodule_fast_b_iir1_z30.
DSP Report: Generating DSP linienmodule_slowchain_kd_mult, operation Mode is: A*B.
DSP Report: operator linienmodule_slowchain_kd_mult is absorbed into DSP linienmodule_slowchain_kd_mult.
DSP Report: Generating DSP linienmodule_slowchain_kp_mult, operation Mode is: A*B.
DSP Report: operator linienmodule_slowchain_kp_mult is absorbed into DSP linienmodule_slowchain_kp_mult.
DSP Report: Generating DSP linienmodule_slowchain_ki_mult0, operation Mode is: A*B.
DSP Report: operator linienmodule_slowchain_ki_mult0 is absorbed into DSP linienmodule_slowchain_ki_mult0.
DSP Report: Generating DSP linienmodule_fast_a_iir1_z70, operation Mode is: A2*B2.
DSP Report: register linienmodule_fast_a_iir1_z60 is absorbed into DSP linienmodule_fast_a_iir1_z70.
DSP Report: register linienmodule_fast_a_iir1_a11_reg is absorbed into DSP linienmodule_fast_a_iir1_z70.
DSP Report: operator linienmodule_fast_a_iir1_z70 is absorbed into DSP linienmodule_fast_a_iir1_z70.
DSP Report: operator linienmodule_fast_a_iir1_z70 is absorbed into DSP linienmodule_fast_a_iir1_z70.
DSP Report: Generating DSP linienmodule_fast_a_iir1_z70, operation Mode is: (PCIN>>17)+A2*B2.
DSP Report: register linienmodule_fast_a_iir1_y2_reg is absorbed into DSP linienmodule_fast_a_iir1_z70.
DSP Report: register linienmodule_fast_a_iir1_a11_reg is absorbed into DSP linienmodule_fast_a_iir1_z70.
DSP Report: operator linienmodule_fast_a_iir1_z70 is absorbed into DSP linienmodule_fast_a_iir1_z70.
DSP Report: operator linienmodule_fast_a_iir1_z70 is absorbed into DSP linienmodule_fast_a_iir1_z70.
DSP Report: Generating DSP linienmodule_fast_a_iir1_z60, operation Mode is: A2*B2.
DSP Report: register linienmodule_fast_a_iir1_z60 is absorbed into DSP linienmodule_fast_a_iir1_z60.
DSP Report: register linienmodule_fast_a_iir1_a2_reg is absorbed into DSP linienmodule_fast_a_iir1_z60.
DSP Report: operator linienmodule_fast_a_iir1_z60 is absorbed into DSP linienmodule_fast_a_iir1_z60.
DSP Report: operator linienmodule_fast_a_iir1_z60 is absorbed into DSP linienmodule_fast_a_iir1_z60.
DSP Report: Generating DSP linienmodule_fast_a_iir1_z60, operation Mode is: (PCIN>>17)+A2*B2.
DSP Report: register linienmodule_fast_a_iir1_y2_reg is absorbed into DSP linienmodule_fast_a_iir1_z60.
DSP Report: register linienmodule_fast_a_iir1_a2_reg is absorbed into DSP linienmodule_fast_a_iir1_z60.
DSP Report: operator linienmodule_fast_a_iir1_z60 is absorbed into DSP linienmodule_fast_a_iir1_z60.
DSP Report: operator linienmodule_fast_a_iir1_z60 is absorbed into DSP linienmodule_fast_a_iir1_z60.
DSP Report: Generating DSP linienmodule_fast_a_iir1_z20, operation Mode is: A2*B2.
DSP Report: register linienmodule_fast_a_iir1_z30 is absorbed into DSP linienmodule_fast_a_iir1_z20.
DSP Report: register linienmodule_fast_a_iir1_a10_reg is absorbed into DSP linienmodule_fast_a_iir1_z20.
DSP Report: operator linienmodule_fast_a_iir1_z20 is absorbed into DSP linienmodule_fast_a_iir1_z20.
DSP Report: operator linienmodule_fast_a_iir1_z20 is absorbed into DSP linienmodule_fast_a_iir1_z20.
DSP Report: Generating DSP linienmodule_fast_a_iir1_z20, operation Mode is: (PCIN>>17)+A2*B2.
DSP Report: register linienmodule_fast_a_iir1_y0_reg is absorbed into DSP linienmodule_fast_a_iir1_z20.
DSP Report: register linienmodule_fast_a_iir1_a10_reg is absorbed into DSP linienmodule_fast_a_iir1_z20.
DSP Report: operator linienmodule_fast_a_iir1_z20 is absorbed into DSP linienmodule_fast_a_iir1_z20.
DSP Report: operator linienmodule_fast_a_iir1_z20 is absorbed into DSP linienmodule_fast_a_iir1_z20.
DSP Report: Generating DSP linienmodule_fast_a_iir1_z50, operation Mode is: A2*B2.
DSP Report: register linienmodule_fast_a_iir1_z30 is absorbed into DSP linienmodule_fast_a_iir1_z50.
DSP Report: register linienmodule_fast_a_iir1_b01_reg is absorbed into DSP linienmodule_fast_a_iir1_z50.
DSP Report: operator linienmodule_fast_a_iir1_z50 is absorbed into DSP linienmodule_fast_a_iir1_z50.
DSP Report: operator linienmodule_fast_a_iir1_z50 is absorbed into DSP linienmodule_fast_a_iir1_z50.
DSP Report: Generating DSP linienmodule_fast_a_iir1_z50, operation Mode is: (PCIN>>17)+A2*B2.
DSP Report: register linienmodule_fast_a_iir1_y0_reg is absorbed into DSP linienmodule_fast_a_iir1_z50.
DSP Report: register linienmodule_fast_a_iir1_b01_reg is absorbed into DSP linienmodule_fast_a_iir1_z50.
DSP Report: operator linienmodule_fast_a_iir1_z50 is absorbed into DSP linienmodule_fast_a_iir1_z50.
DSP Report: operator linienmodule_fast_a_iir1_z50 is absorbed into DSP linienmodule_fast_a_iir1_z50.
DSP Report: Generating DSP linienmodule_fast_a_iir1_z40, operation Mode is: A2*B2.
DSP Report: register linienmodule_fast_a_iir1_b11_reg is absorbed into DSP linienmodule_fast_a_iir1_z40.
DSP Report: register linienmodule_fast_a_iir1_z30 is absorbed into DSP linienmodule_fast_a_iir1_z40.
DSP Report: operator linienmodule_fast_a_iir1_z40 is absorbed into DSP linienmodule_fast_a_iir1_z40.
DSP Report: operator linienmodule_fast_a_iir1_z40 is absorbed into DSP linienmodule_fast_a_iir1_z40.
DSP Report: Generating DSP linienmodule_fast_a_iir1_z40, operation Mode is: (PCIN>>17)+A*B2.
DSP Report: register linienmodule_fast_a_iir1_b11_reg is absorbed into DSP linienmodule_fast_a_iir1_z40.
DSP Report: register linienmodule_fast_a_iir1_y0_reg is absorbed into DSP linienmodule_fast_a_iir1_z40.
DSP Report: operator linienmodule_fast_a_iir1_z40 is absorbed into DSP linienmodule_fast_a_iir1_z40.
DSP Report: operator linienmodule_fast_a_iir1_z40 is absorbed into DSP linienmodule_fast_a_iir1_z40.
DSP Report: Generating DSP linienmodule_fast_a_iir1_z30, operation Mode is: A2*B2.
DSP Report: register linienmodule_fast_a_iir1_b2_reg is absorbed into DSP linienmodule_fast_a_iir1_z30.
DSP Report: register linienmodule_fast_a_iir1_z30 is absorbed into DSP linienmodule_fast_a_iir1_z30.
DSP Report: operator linienmodule_fast_a_iir1_z30 is absorbed into DSP linienmodule_fast_a_iir1_z30.
DSP Report: operator linienmodule_fast_a_iir1_z30 is absorbed into DSP linienmodule_fast_a_iir1_z30.
DSP Report: Generating DSP linienmodule_fast_a_iir1_z30, operation Mode is: (PCIN>>17)+A*B2.
DSP Report: register linienmodule_fast_a_iir1_b2_reg is absorbed into DSP linienmodule_fast_a_iir1_z30.
DSP Report: register linienmodule_fast_a_iir1_y0_reg is absorbed into DSP linienmodule_fast_a_iir1_z30.
DSP Report: operator linienmodule_fast_a_iir1_z30 is absorbed into DSP linienmodule_fast_a_iir1_z30.
DSP Report: operator linienmodule_fast_a_iir1_z30 is absorbed into DSP linienmodule_fast_a_iir1_z30.
DSP Report: Generating DSP linienmodule_fast_a_iir0_z70, operation Mode is: A2*B2.
DSP Report: register linienmodule_fast_a_iir0_z70 is absorbed into DSP linienmodule_fast_a_iir0_z70.
DSP Report: register linienmodule_fast_a_iir0_a11_reg is absorbed into DSP linienmodule_fast_a_iir0_z70.
DSP Report: operator linienmodule_fast_a_iir0_z70 is absorbed into DSP linienmodule_fast_a_iir0_z70.
DSP Report: operator linienmodule_fast_a_iir0_z70 is absorbed into DSP linienmodule_fast_a_iir0_z70.
DSP Report: Generating DSP linienmodule_fast_a_iir0_z70, operation Mode is: (PCIN>>17)+A2*B2.
DSP Report: register linienmodule_fast_a_iir0_y2_reg is absorbed into DSP linienmodule_fast_a_iir0_z70.
DSP Report: register linienmodule_fast_a_iir0_a11_reg is absorbed into DSP linienmodule_fast_a_iir0_z70.
DSP Report: operator linienmodule_fast_a_iir0_z70 is absorbed into DSP linienmodule_fast_a_iir0_z70.
DSP Report: operator linienmodule_fast_a_iir0_z70 is absorbed into DSP linienmodule_fast_a_iir0_z70.
DSP Report: Generating DSP linienmodule_fast_a_iir0_z60, operation Mode is: A2*B2.
DSP Report: register linienmodule_fast_a_iir0_z70 is absorbed into DSP linienmodule_fast_a_iir0_z60.
DSP Report: register linienmodule_fast_a_iir0_a2_reg is absorbed into DSP linienmodule_fast_a_iir0_z60.
DSP Report: operator linienmodule_fast_a_iir0_z60 is absorbed into DSP linienmodule_fast_a_iir0_z60.
DSP Report: operator linienmodule_fast_a_iir0_z60 is absorbed into DSP linienmodule_fast_a_iir0_z60.
DSP Report: Generating DSP linienmodule_fast_a_iir0_z60, operation Mode is: (PCIN>>17)+A2*B2.
DSP Report: register linienmodule_fast_a_iir0_y2_reg is absorbed into DSP linienmodule_fast_a_iir0_z60.
DSP Report: register linienmodule_fast_a_iir0_a2_reg is absorbed into DSP linienmodule_fast_a_iir0_z60.
DSP Report: operator linienmodule_fast_a_iir0_z60 is absorbed into DSP linienmodule_fast_a_iir0_z60.
DSP Report: operator linienmodule_fast_a_iir0_z60 is absorbed into DSP linienmodule_fast_a_iir0_z60.
DSP Report: Generating DSP linienmodule_fast_a_iir0_z50, operation Mode is: A2*B2.
DSP Report: register linienmodule_fast_a_iir0_z50 is absorbed into DSP linienmodule_fast_a_iir0_z50.
DSP Report: register linienmodule_fast_a_iir0_b01_reg is absorbed into DSP linienmodule_fast_a_iir0_z50.
DSP Report: operator linienmodule_fast_a_iir0_z50 is absorbed into DSP linienmodule_fast_a_iir0_z50.
DSP Report: operator linienmodule_fast_a_iir0_z50 is absorbed into DSP linienmodule_fast_a_iir0_z50.
DSP Report: Generating DSP linienmodule_fast_a_iir0_z50, operation Mode is: (PCIN>>17)+A2*B2.
DSP Report: register linienmodule_fast_a_iir0_y0_reg is absorbed into DSP linienmodule_fast_a_iir0_z50.
DSP Report: register linienmodule_fast_a_iir0_b01_reg is absorbed into DSP linienmodule_fast_a_iir0_z50.
DSP Report: operator linienmodule_fast_a_iir0_z50 is absorbed into DSP linienmodule_fast_a_iir0_z50.
DSP Report: operator linienmodule_fast_a_iir0_z50 is absorbed into DSP linienmodule_fast_a_iir0_z50.
DSP Report: Generating DSP linienmodule_fast_a_iir0_z40, operation Mode is: A2*B2.
DSP Report: register linienmodule_fast_a_iir0_z40 is absorbed into DSP linienmodule_fast_a_iir0_z40.
DSP Report: register linienmodule_fast_a_iir0_b11_reg is absorbed into DSP linienmodule_fast_a_iir0_z40.
DSP Report: operator linienmodule_fast_a_iir0_z40 is absorbed into DSP linienmodule_fast_a_iir0_z40.
DSP Report: operator linienmodule_fast_a_iir0_z40 is absorbed into DSP linienmodule_fast_a_iir0_z40.
DSP Report: Generating DSP linienmodule_fast_a_iir0_z40, operation Mode is: (PCIN>>17)+A2*B2.
DSP Report: register linienmodule_fast_a_iir0_y0_reg is absorbed into DSP linienmodule_fast_a_iir0_z40.
DSP Report: register linienmodule_fast_a_iir0_b11_reg is absorbed into DSP linienmodule_fast_a_iir0_z40.
DSP Report: operator linienmodule_fast_a_iir0_z40 is absorbed into DSP linienmodule_fast_a_iir0_z40.
DSP Report: operator linienmodule_fast_a_iir0_z40 is absorbed into DSP linienmodule_fast_a_iir0_z40.
DSP Report: Generating DSP linienmodule_fast_a_iir0_z30, operation Mode is: A2*B2.
DSP Report: register linienmodule_fast_a_iir0_z30 is absorbed into DSP linienmodule_fast_a_iir0_z30.
DSP Report: register linienmodule_fast_a_iir0_b2_reg is absorbed into DSP linienmodule_fast_a_iir0_z30.
DSP Report: operator linienmodule_fast_a_iir0_z30 is absorbed into DSP linienmodule_fast_a_iir0_z30.
DSP Report: operator linienmodule_fast_a_iir0_z30 is absorbed into DSP linienmodule_fast_a_iir0_z30.
DSP Report: Generating DSP linienmodule_fast_a_iir0_z30, operation Mode is: (PCIN>>17)+A2*B2.
DSP Report: register linienmodule_fast_a_iir0_y0_reg is absorbed into DSP linienmodule_fast_a_iir0_z30.
DSP Report: register linienmodule_fast_a_iir0_b2_reg is absorbed into DSP linienmodule_fast_a_iir0_z30.
DSP Report: operator linienmodule_fast_a_iir0_z30 is absorbed into DSP linienmodule_fast_a_iir0_z30.
DSP Report: operator linienmodule_fast_a_iir0_z30 is absorbed into DSP linienmodule_fast_a_iir0_z30.
---------------------------------------------------------------------------------
Finished Cross Boundary and Area Optimization : Time (s): cpu = 00:00:37 ; elapsed = 00:00:39 . Memory (MB): peak = 2573.742 ; gain = 231.637 ; free physical = 8990 ; free virtual = 32059
---------------------------------------------------------------------------------
DSP Report: Generating DSP linienmodule_fast_a_iir0_z20, operation Mode is (post resource management): A2*B2.
DSP Report: register linienmodule_fast_a_iir0_z20 is absorbed into DSP linienmodule_fast_a_iir0_z20.
DSP Report: register linienmodule_fast_a_iir0_a10_reg is absorbed into DSP linienmodule_fast_a_iir0_z20.
DSP Report: operator linienmodule_fast_a_iir0_z20 is absorbed into DSP linienmodule_fast_a_iir0_z20.
DSP Report: operator linienmodule_fast_a_iir0_z20 is absorbed into DSP linienmodule_fast_a_iir0_z20.
DSP Report: Generating DSP linienmodule_fast_a_iir0_z20, operation Mode is (post resource management): (PCIN>>17)+A2*B2.
DSP Report: register linienmodule_fast_a_iir0_y0_reg is absorbed into DSP linienmodule_fast_a_iir0_z20.
DSP Report: register linienmodule_fast_a_iir0_a10_reg is absorbed into DSP linienmodule_fast_a_iir0_z20.
DSP Report: operator linienmodule_fast_a_iir0_z20 is absorbed into DSP linienmodule_fast_a_iir0_z20.
DSP Report: operator linienmodule_fast_a_iir0_z20 is absorbed into DSP linienmodule_fast_a_iir0_z20.
DSP Report: Generating DSP p_1_out, operation Mode is (post resource management): (C or 0)+A*B.
DSP Report: operator linienmodule_pid_kp_mult is absorbed into DSP p_1_out.
DSP Report: operator linienmodule_pid_kp_mult is absorbed into DSP p_1_out.
DSP Report: Generating DSP linienmodule_fast_b_iir1_z20, operation Mode is (post resource management): A2*B2.
DSP Report: register linienmodule_fast_b_iir1_z20 is absorbed into DSP linienmodule_fast_b_iir1_z20.
DSP Report: register linienmodule_fast_b_iir1_a10_reg is absorbed into DSP linienmodule_fast_b_iir1_z20.
DSP Report: operator linienmodule_fast_b_iir1_z20 is absorbed into DSP linienmodule_fast_b_iir1_z20.
DSP Report: operator linienmodule_fast_b_iir1_z20 is absorbed into DSP linienmodule_fast_b_iir1_z20.
DSP Report: Generating DSP linienmodule_fast_b_iir1_z20, operation Mode is (post resource management): (PCIN>>17)+A2*B2.
DSP Report: register linienmodule_fast_b_iir1_y0_reg is absorbed into DSP linienmodule_fast_b_iir1_z20.
DSP Report: register linienmodule_fast_b_iir1_a10_reg is absorbed into DSP linienmodule_fast_b_iir1_z20.
DSP Report: operator linienmodule_fast_b_iir1_z20 is absorbed into DSP linienmodule_fast_b_iir1_z20.
DSP Report: operator linienmodule_fast_b_iir1_z20 is absorbed into DSP linienmodule_fast_b_iir1_z20.
DSP Report: Generating DSP linienmodule_fast_b_iir1_z10, operation Mode is (post resource management): A2*B2.
DSP Report: register linienmodule_fast_b_iir1_z10 is absorbed into DSP linienmodule_fast_b_iir1_z10.
DSP Report: register linienmodule_fast_b_iir1_b00_reg is absorbed into DSP linienmodule_fast_b_iir1_z10.
DSP Report: operator linienmodule_fast_b_iir1_z10 is absorbed into DSP linienmodule_fast_b_iir1_z10.
DSP Report: operator linienmodule_fast_b_iir1_z10 is absorbed into DSP linienmodule_fast_b_iir1_z10.
DSP Report: Generating DSP linienmodule_fast_b_iir1_z10, operation Mode is (post resource management): (PCIN>>17)+A2*B2.
DSP Report: register linienmodule_fast_b_limitcsr1_limitcsr1_y0_reg is absorbed into DSP linienmodule_fast_b_iir1_z10.
DSP Report: register linienmodule_fast_b_iir1_b00_reg is absorbed into DSP linienmodule_fast_b_iir1_z10.
DSP Report: operator linienmodule_fast_b_iir1_z10 is absorbed into DSP linienmodule_fast_b_iir1_z10.
DSP Report: operator linienmodule_fast_b_iir1_z10 is absorbed into DSP linienmodule_fast_b_iir1_z10.
DSP Report: Generating DSP linienmodule_fast_b_iir1_z00, operation Mode is (post resource management): A2*B2.
DSP Report: register linienmodule_fast_b_iir1_z00 is absorbed into DSP linienmodule_fast_b_iir1_z00.
DSP Report: register linienmodule_fast_b_iir1_b10_reg is absorbed into DSP linienmodule_fast_b_iir1_z00.
DSP Report: operator linienmodule_fast_b_iir1_z00 is absorbed into DSP linienmodule_fast_b_iir1_z00.
DSP Report: operator linienmodule_fast_b_iir1_z00 is absorbed into DSP linienmodule_fast_b_iir1_z00.
DSP Report: Generating DSP linienmodule_fast_b_iir1_z00, operation Mode is (post resource management): (PCIN>>17)+A2*B2.
DSP Report: register linienmodule_fast_b_limitcsr1_limitcsr1_y0_reg is absorbed into DSP linienmodule_fast_b_iir1_z00.
DSP Report: register linienmodule_fast_b_iir1_b10_reg is absorbed into DSP linienmodule_fast_b_iir1_z00.
DSP Report: operator linienmodule_fast_b_iir1_z00 is absorbed into DSP linienmodule_fast_b_iir1_z00.
DSP Report: operator linienmodule_fast_b_iir1_z00 is absorbed into DSP linienmodule_fast_b_iir1_z00.
DSP Report: Generating DSP p_1_out, operation Mode is (post resource management): (C or 0)+A*B.
DSP Report: operator linienmodule_pid_kd_mult is absorbed into DSP p_1_out.
DSP Report: operator linienmodule_pid_kd_mult is absorbed into DSP p_1_out.
DSP Report: Generating DSP p_1_out, operation Mode is (post resource management): (C or 0)+A*B.
DSP Report: operator linienmodule_pid_ki_mult0 is absorbed into DSP p_1_out.
DSP Report: operator linienmodule_pid_ki_mult0 is absorbed into DSP p_1_out.
DSP Report: Generating DSP linienmodule_fast_a_iir1_z10, operation Mode is (post resource management): A2*B2.
DSP Report: register linienmodule_fast_a_iir1_z10 is absorbed into DSP linienmodule_fast_a_iir1_z10.
DSP Report: register linienmodule_fast_a_iir1_b00_reg is absorbed into DSP linienmodule_fast_a_iir1_z10.
DSP Report: operator linienmodule_fast_a_iir1_z10 is absorbed into DSP linienmodule_fast_a_iir1_z10.
DSP Report: operator linienmodule_fast_a_iir1_z10 is absorbed into DSP linienmodule_fast_a_iir1_z10.
DSP Report: Generating DSP linienmodule_fast_a_iir1_z10, operation Mode is (post resource management): (PCIN>>17)+A2*B2.
DSP Report: register linienmodule_fast_a_limitcsr1_limitcsr1_y0_reg is absorbed into DSP linienmodule_fast_a_iir1_z10.
DSP Report: register linienmodule_fast_a_iir1_b00_reg is absorbed into DSP linienmodule_fast_a_iir1_z10.
DSP Report: operator linienmodule_fast_a_iir1_z10 is absorbed into DSP linienmodule_fast_a_iir1_z10.
DSP Report: operator linienmodule_fast_a_iir1_z10 is absorbed into DSP linienmodule_fast_a_iir1_z10.
DSP Report: Generating DSP linienmodule_fast_a_iir1_z00, operation Mode is (post resource management): A2*B2.
DSP Report: register linienmodule_fast_a_iir1_z00 is absorbed into DSP linienmodule_fast_a_iir1_z00.
DSP Report: register linienmodule_fast_a_iir1_b10_reg is absorbed into DSP linienmodule_fast_a_iir1_z00.
DSP Report: operator linienmodule_fast_a_iir1_z00 is absorbed into DSP linienmodule_fast_a_iir1_z00.
DSP Report: operator linienmodule_fast_a_iir1_z00 is absorbed into DSP linienmodule_fast_a_iir1_z00.
DSP Report: Generating DSP linienmodule_fast_a_iir1_z00, operation Mode is (post resource management): (PCIN>>17)+A2*B2.
DSP Report: register linienmodule_fast_a_limitcsr1_limitcsr1_y0_reg is absorbed into DSP linienmodule_fast_a_iir1_z00.
DSP Report: register linienmodule_fast_a_iir1_b10_reg is absorbed into DSP linienmodule_fast_a_iir1_z00.
DSP Report: operator linienmodule_fast_a_iir1_z00 is absorbed into DSP linienmodule_fast_a_iir1_z00.
DSP Report: operator linienmodule_fast_a_iir1_z00 is absorbed into DSP linienmodule_fast_a_iir1_z00.
DSP Report: Generating DSP linienmodule_fast_a_iir0_z10, operation Mode is (post resource management): A2*B2.
DSP Report: register linienmodule_fast_a_iir0_z10 is absorbed into DSP linienmodule_fast_a_iir0_z10.
DSP Report: register linienmodule_fast_a_iir0_b00_reg is absorbed into DSP linienmodule_fast_a_iir0_z10.
DSP Report: operator linienmodule_fast_a_iir0_z10 is absorbed into DSP linienmodule_fast_a_iir0_z10.
DSP Report: operator linienmodule_fast_a_iir0_z10 is absorbed into DSP linienmodule_fast_a_iir0_z10.
DSP Report: Generating DSP linienmodule_fast_a_iir0_z10, operation Mode is (post resource management): (PCIN>>17)+A2*B2.
DSP Report: register linienmodule_fast_a_limitcsr0_limitcsr0_y0_reg is absorbed into DSP linienmodule_fast_a_iir0_z10.
DSP Report: register linienmodule_fast_a_iir0_b00_reg is absorbed into DSP linienmodule_fast_a_iir0_z10.
DSP Report: operator linienmodule_fast_a_iir0_z10 is absorbed into DSP linienmodule_fast_a_iir0_z10.
DSP Report: operator linienmodule_fast_a_iir0_z10 is absorbed into DSP linienmodule_fast_a_iir0_z10.
DSP Report: Generating DSP linienmodule_fast_a_iir0_z00, operation Mode is (post resource management): A2*B2.
DSP Report: register linienmodule_fast_a_iir0_z00 is absorbed into DSP linienmodule_fast_a_iir0_z00.
DSP Report: register linienmodule_fast_a_iir0_b10_reg is absorbed into DSP linienmodule_fast_a_iir0_z00.
DSP Report: operator linienmodule_fast_a_iir0_z00 is absorbed into DSP linienmodule_fast_a_iir0_z00.
DSP Report: operator linienmodule_fast_a_iir0_z00 is absorbed into DSP linienmodule_fast_a_iir0_z00.
DSP Report: Generating DSP linienmodule_fast_a_iir0_z00, operation Mode is (post resource management): (PCIN>>17)+A2*B2.
DSP Report: register linienmodule_fast_a_limitcsr0_limitcsr0_y0_reg is absorbed into DSP linienmodule_fast_a_iir0_z00.
DSP Report: register linienmodule_fast_a_iir0_b10_reg is absorbed into DSP linienmodule_fast_a_iir0_z00.
DSP Report: operator linienmodule_fast_a_iir0_z00 is absorbed into DSP linienmodule_fast_a_iir0_z00.
DSP Report: operator linienmodule_fast_a_iir0_z00 is absorbed into DSP linienmodule_fast_a_iir0_z00.
DSP Report: Generating DSP linienmodule_fast_b_iir0_z20, operation Mode is (post resource management): A2*B2.
DSP Report: register linienmodule_fast_b_iir0_z20 is absorbed into DSP linienmodule_fast_b_iir0_z20.
DSP Report: register linienmodule_fast_b_iir0_a10_reg is absorbed into DSP linienmodule_fast_b_iir0_z20.
DSP Report: operator linienmodule_fast_b_iir0_z20 is absorbed into DSP linienmodule_fast_b_iir0_z20.
DSP Report: operator linienmodule_fast_b_iir0_z20 is absorbed into DSP linienmodule_fast_b_iir0_z20.
DSP Report: Generating DSP linienmodule_fast_b_iir0_z20, operation Mode is (post resource management): (PCIN>>17)+A2*B2.
DSP Report: register linienmodule_fast_b_iir0_y0_reg is absorbed into DSP linienmodule_fast_b_iir0_z20.
DSP Report: register linienmodule_fast_b_iir0_a10_reg is absorbed into DSP linienmodule_fast_b_iir0_z20.
DSP Report: operator linienmodule_fast_b_iir0_z20 is absorbed into DSP linienmodule_fast_b_iir0_z20.
DSP Report: operator linienmodule_fast_b_iir0_z20 is absorbed into DSP linienmodule_fast_b_iir0_z20.
DSP Report: Generating DSP linienmodule_fast_b_iir0_z10, operation Mode is (post resource management): A2*B2.
DSP Report: register linienmodule_fast_b_iir0_z10 is absorbed into DSP linienmodule_fast_b_iir0_z10.
DSP Report: register linienmodule_fast_b_iir0_b00_reg is absorbed into DSP linienmodule_fast_b_iir0_z10.
DSP Report: operator linienmodule_fast_b_iir0_z10 is absorbed into DSP linienmodule_fast_b_iir0_z10.
DSP Report: operator linienmodule_fast_b_iir0_z10 is absorbed into DSP linienmodule_fast_b_iir0_z10.
DSP Report: Generating DSP linienmodule_fast_b_iir0_z10, operation Mode is (post resource management): (PCIN>>17)+A2*B2.
DSP Report: register linienmodule_fast_b_limitcsr0_limitcsr0_y0_reg is absorbed into DSP linienmodule_fast_b_iir0_z10.
DSP Report: register linienmodule_fast_b_iir0_b00_reg is absorbed into DSP linienmodule_fast_b_iir0_z10.
DSP Report: operator linienmodule_fast_b_iir0_z10 is absorbed into DSP linienmodule_fast_b_iir0_z10.
DSP Report: operator linienmodule_fast_b_iir0_z10 is absorbed into DSP linienmodule_fast_b_iir0_z10.
DSP Report: Generating DSP linienmodule_fast_b_iir0_z00, operation Mode is (post resource management): A2*B2.
DSP Report: register linienmodule_fast_b_iir0_z00 is absorbed into DSP linienmodule_fast_b_iir0_z00.
DSP Report: register linienmodule_fast_b_iir0_b10_reg is absorbed into DSP linienmodule_fast_b_iir0_z00.
DSP Report: operator linienmodule_fast_b_iir0_z00 is absorbed into DSP linienmodule_fast_b_iir0_z00.
DSP Report: operator linienmodule_fast_b_iir0_z00 is absorbed into DSP linienmodule_fast_b_iir0_z00.
DSP Report: Generating DSP linienmodule_fast_b_iir0_z00, operation Mode is (post resource management): (PCIN>>17)+A2*B2.
DSP Report: register linienmodule_fast_b_limitcsr0_limitcsr0_y0_reg is absorbed into DSP linienmodule_fast_b_iir0_z00.
DSP Report: register linienmodule_fast_b_iir0_b10_reg is absorbed into DSP linienmodule_fast_b_iir0_z00.
DSP Report: operator linienmodule_fast_b_iir0_z00 is absorbed into DSP linienmodule_fast_b_iir0_z00.
DSP Report: operator linienmodule_fast_b_iir0_z00 is absorbed into DSP linienmodule_fast_b_iir0_z00.
DSP Report: Generating DSP linienmodule_fast_b_iir0_z70, operation Mode is (post resource management): A2*B2.
DSP Report: register linienmodule_fast_b_iir0_z70 is absorbed into DSP linienmodule_fast_b_iir0_z70.
DSP Report: register linienmodule_fast_b_iir0_a11_reg is absorbed into DSP linienmodule_fast_b_iir0_z70.
DSP Report: operator linienmodule_fast_b_iir0_z70 is absorbed into DSP linienmodule_fast_b_iir0_z70.
DSP Report: operator linienmodule_fast_b_iir0_z70 is absorbed into DSP linienmodule_fast_b_iir0_z70.
DSP Report: Generating DSP linienmodule_fast_b_iir0_z70, operation Mode is (post resource management): (PCIN>>17)+A2*B2.
DSP Report: register linienmodule_fast_b_iir0_y2_reg is absorbed into DSP linienmodule_fast_b_iir0_z70.
DSP Report: register linienmodule_fast_b_iir0_a11_reg is absorbed into DSP linienmodule_fast_b_iir0_z70.
DSP Report: operator linienmodule_fast_b_iir0_z70 is absorbed into DSP linienmodule_fast_b_iir0_z70.
DSP Report: operator linienmodule_fast_b_iir0_z70 is absorbed into DSP linienmodule_fast_b_iir0_z70.
DSP Report: Generating DSP linienmodule_fast_b_iir0_z60, operation Mode is (post resource management): A2*B2.
DSP Report: register linienmodule_fast_b_iir0_z60 is absorbed into DSP linienmodule_fast_b_iir0_z60.
DSP Report: register linienmodule_fast_b_iir0_a2_reg is absorbed into DSP linienmodule_fast_b_iir0_z60.
DSP Report: operator linienmodule_fast_b_iir0_z60 is absorbed into DSP linienmodule_fast_b_iir0_z60.
DSP Report: operator linienmodule_fast_b_iir0_z60 is absorbed into DSP linienmodule_fast_b_iir0_z60.
DSP Report: Generating DSP linienmodule_fast_b_iir0_z60, operation Mode is (post resource management): (PCIN>>17)+A2*B2.
DSP Report: register linienmodule_fast_b_iir0_y2_reg is absorbed into DSP linienmodule_fast_b_iir0_z60.
DSP Report: register linienmodule_fast_b_iir0_a2_reg is absorbed into DSP linienmodule_fast_b_iir0_z60.
DSP Report: operator linienmodule_fast_b_iir0_z60 is absorbed into DSP linienmodule_fast_b_iir0_z60.
DSP Report: operator linienmodule_fast_b_iir0_z60 is absorbed into DSP linienmodule_fast_b_iir0_z60.
DSP Report: Generating DSP linienmodule_fast_b_iir0_z50, operation Mode is (post resource management): A2*B2.
DSP Report: register linienmodule_fast_b_iir0_z50 is absorbed into DSP linienmodule_fast_b_iir0_z50.
DSP Report: register linienmodule_fast_b_iir0_b01_reg is absorbed into DSP linienmodule_fast_b_iir0_z50.
DSP Report: operator linienmodule_fast_b_iir0_z50 is absorbed into DSP linienmodule_fast_b_iir0_z50.
DSP Report: operator linienmodule_fast_b_iir0_z50 is absorbed into DSP linienmodule_fast_b_iir0_z50.
DSP Report: Generating DSP linienmodule_fast_b_iir0_z50, operation Mode is (post resource management): (PCIN>>17)+A2*B2.
DSP Report: register linienmodule_fast_b_iir0_y0_reg is absorbed into DSP linienmodule_fast_b_iir0_z50.
DSP Report: register linienmodule_fast_b_iir0_b01_reg is absorbed into DSP linienmodule_fast_b_iir0_z50.
DSP Report: operator linienmodule_fast_b_iir0_z50 is absorbed into DSP linienmodule_fast_b_iir0_z50.
DSP Report: operator linienmodule_fast_b_iir0_z50 is absorbed into DSP linienmodule_fast_b_iir0_z50.
DSP Report: Generating DSP linienmodule_fast_b_iir0_z40, operation Mode is (post resource management): A2*B2.
DSP Report: register linienmodule_fast_b_iir0_z40 is absorbed into DSP linienmodule_fast_b_iir0_z40.
DSP Report: register linienmodule_fast_b_iir0_b11_reg is absorbed into DSP linienmodule_fast_b_iir0_z40.
DSP Report: operator linienmodule_fast_b_iir0_z40 is absorbed into DSP linienmodule_fast_b_iir0_z40.
DSP Report: operator linienmodule_fast_b_iir0_z40 is absorbed into DSP linienmodule_fast_b_iir0_z40.
DSP Report: Generating DSP linienmodule_fast_b_iir0_z40, operation Mode is (post resource management): (PCIN>>17)+A2*B2.
DSP Report: register linienmodule_fast_b_iir0_y0_reg is absorbed into DSP linienmodule_fast_b_iir0_z40.
DSP Report: register linienmodule_fast_b_iir0_b11_reg is absorbed into DSP linienmodule_fast_b_iir0_z40.
DSP Report: operator linienmodule_fast_b_iir0_z40 is absorbed into DSP linienmodule_fast_b_iir0_z40.
DSP Report: operator linienmodule_fast_b_iir0_z40 is absorbed into DSP linienmodule_fast_b_iir0_z40.
DSP Report: Generating DSP linienmodule_fast_b_iir0_z30, operation Mode is (post resource management): A2*B2.
DSP Report: register linienmodule_fast_b_iir0_z30 is absorbed into DSP linienmodule_fast_b_iir0_z30.
DSP Report: register linienmodule_fast_b_iir0_b2_reg is absorbed into DSP linienmodule_fast_b_iir0_z30.
DSP Report: operator linienmodule_fast_b_iir0_z30 is absorbed into DSP linienmodule_fast_b_iir0_z30.
DSP Report: operator linienmodule_fast_b_iir0_z30 is absorbed into DSP linienmodule_fast_b_iir0_z30.
DSP Report: Generating DSP linienmodule_fast_b_iir0_z30, operation Mode is (post resource management): (PCIN>>17)+A2*B2.
DSP Report: register linienmodule_fast_b_iir0_y0_reg is absorbed into DSP linienmodule_fast_b_iir0_z30.
DSP Report: register linienmodule_fast_b_iir0_b2_reg is absorbed into DSP linienmodule_fast_b_iir0_z30.
DSP Report: operator linienmodule_fast_b_iir0_z30 is absorbed into DSP linienmodule_fast_b_iir0_z30.
DSP Report: operator linienmodule_fast_b_iir0_z30 is absorbed into DSP linienmodule_fast_b_iir0_z30.
DSP Report: Generating DSP linienmodule_raw_acquisition_iir_z100, operation Mode is (post resource management): A2*B2.
DSP Report: register linienmodule_raw_acquisition_iir_z100 is absorbed into DSP linienmodule_raw_acquisition_iir_z100.
DSP Report: register linienmodule_raw_acquisition_iir_a1_reg is absorbed into DSP linienmodule_raw_acquisition_iir_z100.
DSP Report: operator linienmodule_raw_acquisition_iir_z100 is absorbed into DSP linienmodule_raw_acquisition_iir_z100.
DSP Report: operator linienmodule_raw_acquisition_iir_z100 is absorbed into DSP linienmodule_raw_acquisition_iir_z100.
DSP Report: Generating DSP linienmodule_raw_acquisition_iir_z100, operation Mode is (post resource management): (PCIN>>17)+A2*B2.
DSP Report: register linienmodule_raw_acquisition_iir_y0_reg is absorbed into DSP linienmodule_raw_acquisition_iir_z100.
DSP Report: register linienmodule_raw_acquisition_iir_a1_reg is absorbed into DSP linienmodule_raw_acquisition_iir_z100.
DSP Report: operator linienmodule_raw_acquisition_iir_z100 is absorbed into DSP linienmodule_raw_acquisition_iir_z100.
DSP Report: operator linienmodule_raw_acquisition_iir_z100 is absorbed into DSP linienmodule_raw_acquisition_iir_z100.
DSP Report: Generating DSP linienmodule_raw_acquisition_iir_z50, operation Mode is (post resource management): A2*B2.
DSP Report: register linienmodule_raw_acquisition_iir_z50 is absorbed into DSP linienmodule_raw_acquisition_iir_z50.
DSP Report: register linienmodule_raw_acquisition_iir_b0_reg is absorbed into DSP linienmodule_raw_acquisition_iir_z50.
DSP Report: operator linienmodule_raw_acquisition_iir_z50 is absorbed into DSP linienmodule_raw_acquisition_iir_z50.
DSP Report: operator linienmodule_raw_acquisition_iir_z50 is absorbed into DSP linienmodule_raw_acquisition_iir_z50.
DSP Report: Generating DSP linienmodule_raw_acquisition_iir_z40, operation Mode is (post resource management): A2*B2.
DSP Report: register linienmodule_raw_acquisition_iir_z40 is absorbed into DSP linienmodule_raw_acquisition_iir_z40.
DSP Report: register linienmodule_raw_acquisition_iir_b1_reg is absorbed into DSP linienmodule_raw_acquisition_iir_z40.
DSP Report: operator linienmodule_raw_acquisition_iir_z40 is absorbed into DSP linienmodule_raw_acquisition_iir_z40.
DSP Report: operator linienmodule_raw_acquisition_iir_z40 is absorbed into DSP linienmodule_raw_acquisition_iir_z40.
DSP Report: Generating DSP linienmodule_raw_acquisition_iir_z40, operation Mode is (post resource management): (PCIN>>17)+A2*B2.
DSP Report: register linienmodule_limit_error_signal_limitcsr_y_reg is absorbed into DSP linienmodule_raw_acquisition_iir_z40.
DSP Report: register linienmodule_raw_acquisition_iir_b1_reg is absorbed into DSP linienmodule_raw_acquisition_iir_z40.
DSP Report: operator linienmodule_raw_acquisition_iir_z40 is absorbed into DSP linienmodule_raw_acquisition_iir_z40.
DSP Report: operator linienmodule_raw_acquisition_iir_z40 is absorbed into DSP linienmodule_raw_acquisition_iir_z40.
DSP Report: Generating DSP linienmodule_raw_acquisition_iir_z30, operation Mode is (post resource management): A2*B2.
DSP Report: register linienmodule_raw_acquisition_iir_z30 is absorbed into DSP linienmodule_raw_acquisition_iir_z30.
DSP Report: register linienmodule_raw_acquisition_iir_b2_reg is absorbed into DSP linienmodule_raw_acquisition_iir_z30.
DSP Report: operator linienmodule_raw_acquisition_iir_z30 is absorbed into DSP linienmodule_raw_acquisition_iir_z30.
DSP Report: operator linienmodule_raw_acquisition_iir_z30 is absorbed into DSP linienmodule_raw_acquisition_iir_z30.
DSP Report: Generating DSP linienmodule_raw_acquisition_iir_z30, operation Mode is (post resource management): (PCIN>>17)+A2*B2.
DSP Report: register linienmodule_limit_error_signal_limitcsr_y_reg is absorbed into DSP linienmodule_raw_acquisition_iir_z30.
DSP Report: register linienmodule_raw_acquisition_iir_b2_reg is absorbed into DSP linienmodule_raw_acquisition_iir_z30.
DSP Report: operator linienmodule_raw_acquisition_iir_z30 is absorbed into DSP linienmodule_raw_acquisition_iir_z30.
DSP Report: operator linienmodule_raw_acquisition_iir_z30 is absorbed into DSP linienmodule_raw_acquisition_iir_z30.
DSP Report: Generating DSP linienmodule_raw_acquisition_iir_z20, operation Mode is (post resource management): A2*B2.
DSP Report: register linienmodule_raw_acquisition_iir_z20 is absorbed into DSP linienmodule_raw_acquisition_iir_z20.
DSP Report: register linienmodule_raw_acquisition_iir_b3_reg is absorbed into DSP linienmodule_raw_acquisition_iir_z20.
DSP Report: operator linienmodule_raw_acquisition_iir_z20 is absorbed into DSP linienmodule_raw_acquisition_iir_z20.
DSP Report: operator linienmodule_raw_acquisition_iir_z20 is absorbed into DSP linienmodule_raw_acquisition_iir_z20.
DSP Report: Generating DSP linienmodule_raw_acquisition_iir_z20, operation Mode is (post resource management): (PCIN>>17)+A2*B2.
DSP Report: register linienmodule_limit_error_signal_limitcsr_y_reg is absorbed into DSP linienmodule_raw_acquisition_iir_z20.
DSP Report: register linienmodule_raw_acquisition_iir_b3_reg is absorbed into DSP linienmodule_raw_acquisition_iir_z20.
DSP Report: operator linienmodule_raw_acquisition_iir_z20 is absorbed into DSP linienmodule_raw_acquisition_iir_z20.
DSP Report: operator linienmodule_raw_acquisition_iir_z20 is absorbed into DSP linienmodule_raw_acquisition_iir_z20.
DSP Report: Generating DSP linienmodule_raw_acquisition_iir_z10, operation Mode is (post resource management): A2*B2.
DSP Report: register linienmodule_raw_acquisition_iir_z10 is absorbed into DSP linienmodule_raw_acquisition_iir_z10.
DSP Report: register linienmodule_raw_acquisition_iir_b4_reg is absorbed into DSP linienmodule_raw_acquisition_iir_z10.
DSP Report: operator linienmodule_raw_acquisition_iir_z10 is absorbed into DSP linienmodule_raw_acquisition_iir_z10.
DSP Report: operator linienmodule_raw_acquisition_iir_z10 is absorbed into DSP linienmodule_raw_acquisition_iir_z10.
DSP Report: Generating DSP linienmodule_raw_acquisition_iir_z10, operation Mode is (post resource management): (PCIN>>17)+A2*B2.
DSP Report: register linienmodule_limit_error_signal_limitcsr_y_reg is absorbed into DSP linienmodule_raw_acquisition_iir_z10.
DSP Report: register linienmodule_raw_acquisition_iir_b4_reg is absorbed into DSP linienmodule_raw_acquisition_iir_z10.
DSP Report: operator linienmodule_raw_acquisition_iir_z10 is absorbed into DSP linienmodule_raw_acquisition_iir_z10.
DSP Report: operator linienmodule_raw_acquisition_iir_z10 is absorbed into DSP linienmodule_raw_acquisition_iir_z10.
DSP Report: Generating DSP linienmodule_raw_acquisition_iir_z00, operation Mode is (post resource management): A2*B2.
DSP Report: register linienmodule_raw_acquisition_iir_z00 is absorbed into DSP linienmodule_raw_acquisition_iir_z00.
DSP Report: register linienmodule_raw_acquisition_iir_b5_reg is absorbed into DSP linienmodule_raw_acquisition_iir_z00.
DSP Report: operator linienmodule_raw_acquisition_iir_z00 is absorbed into DSP linienmodule_raw_acquisition_iir_z00.
DSP Report: operator linienmodule_raw_acquisition_iir_z00 is absorbed into DSP linienmodule_raw_acquisition_iir_z00.
DSP Report: Generating DSP linienmodule_raw_acquisition_iir_z00, operation Mode is (post resource management): (PCIN>>17)+A2*B2.
DSP Report: register linienmodule_limit_error_signal_limitcsr_y_reg is absorbed into DSP linienmodule_raw_acquisition_iir_z00.
DSP Report: register linienmodule_raw_acquisition_iir_b5_reg is absorbed into DSP linienmodule_raw_acquisition_iir_z00.
DSP Report: operator linienmodule_raw_acquisition_iir_z00 is absorbed into DSP linienmodule_raw_acquisition_iir_z00.
DSP Report: operator linienmodule_raw_acquisition_iir_z00 is absorbed into DSP linienmodule_raw_acquisition_iir_z00.
DSP Report: Generating DSP linienmodule_fast_b_iir1_z70, operation Mode is (post resource management): A2*B2.
DSP Report: register linienmodule_fast_b_iir1_z70 is absorbed into DSP linienmodule_fast_b_iir1_z70.
DSP Report: register linienmodule_fast_b_iir1_a11_reg is absorbed into DSP linienmodule_fast_b_iir1_z70.
DSP Report: operator linienmodule_fast_b_iir1_z70 is absorbed into DSP linienmodule_fast_b_iir1_z70.
DSP Report: operator linienmodule_fast_b_iir1_z70 is absorbed into DSP linienmodule_fast_b_iir1_z70.
DSP Report: Generating DSP linienmodule_fast_b_iir1_z70, operation Mode is (post resource management): (PCIN>>17)+A2*B2.
DSP Report: register linienmodule_fast_b_iir1_y2_reg is absorbed into DSP linienmodule_fast_b_iir1_z70.
DSP Report: register linienmodule_fast_b_iir1_a11_reg is absorbed into DSP linienmodule_fast_b_iir1_z70.
DSP Report: operator linienmodule_fast_b_iir1_z70 is absorbed into DSP linienmodule_fast_b_iir1_z70.
DSP Report: operator linienmodule_fast_b_iir1_z70 is absorbed into DSP linienmodule_fast_b_iir1_z70.
DSP Report: Generating DSP linienmodule_fast_b_iir1_z60, operation Mode is (post resource management): A2*B2.
DSP Report: register linienmodule_fast_b_iir1_z60 is absorbed into DSP linienmodule_fast_b_iir1_z60.
DSP Report: register linienmodule_fast_b_iir1_a2_reg is absorbed into DSP linienmodule_fast_b_iir1_z60.
DSP Report: operator linienmodule_fast_b_iir1_z60 is absorbed into DSP linienmodule_fast_b_iir1_z60.
DSP Report: operator linienmodule_fast_b_iir1_z60 is absorbed into DSP linienmodule_fast_b_iir1_z60.
DSP Report: Generating DSP linienmodule_fast_b_iir1_z60, operation Mode is (post resource management): (PCIN>>17)+A2*B2.
DSP Report: register linienmodule_fast_b_iir1_y2_reg is absorbed into DSP linienmodule_fast_b_iir1_z60.
DSP Report: register linienmodule_fast_b_iir1_a2_reg is absorbed into DSP linienmodule_fast_b_iir1_z60.
DSP Report: operator linienmodule_fast_b_iir1_z60 is absorbed into DSP linienmodule_fast_b_iir1_z60.
DSP Report: operator linienmodule_fast_b_iir1_z60 is absorbed into DSP linienmodule_fast_b_iir1_z60.
DSP Report: Generating DSP linienmodule_fast_b_iir1_z50, operation Mode is (post resource management): A2*B2.
DSP Report: register linienmodule_fast_b_iir1_z50 is absorbed into DSP linienmodule_fast_b_iir1_z50.
DSP Report: register linienmodule_fast_b_iir1_b01_reg is absorbed into DSP linienmodule_fast_b_iir1_z50.
DSP Report: operator linienmodule_fast_b_iir1_z50 is absorbed into DSP linienmodule_fast_b_iir1_z50.
DSP Report: operator linienmodule_fast_b_iir1_z50 is absorbed into DSP linienmodule_fast_b_iir1_z50.
DSP Report: Generating DSP linienmodule_fast_b_iir1_z50, operation Mode is (post resource management): (PCIN>>17)+A2*B2.
DSP Report: register linienmodule_fast_b_iir1_y0_reg is absorbed into DSP linienmodule_fast_b_iir1_z50.
DSP Report: register linienmodule_fast_b_iir1_b01_reg is absorbed into DSP linienmodule_fast_b_iir1_z50.
DSP Report: operator linienmodule_fast_b_iir1_z50 is absorbed into DSP linienmodule_fast_b_iir1_z50.
DSP Report: operator linienmodule_fast_b_iir1_z50 is absorbed into DSP linienmodule_fast_b_iir1_z50.
DSP Report: Generating DSP linienmodule_fast_b_iir1_z40, operation Mode is (post resource management): A2*B2.
DSP Report: register linienmodule_fast_b_iir1_z40 is absorbed into DSP linienmodule_fast_b_iir1_z40.
DSP Report: register linienmodule_fast_b_iir1_b11_reg is absorbed into DSP linienmodule_fast_b_iir1_z40.
DSP Report: operator linienmodule_fast_b_iir1_z40 is absorbed into DSP linienmodule_fast_b_iir1_z40.
DSP Report: operator linienmodule_fast_b_iir1_z40 is absorbed into DSP linienmodule_fast_b_iir1_z40.
DSP Report: Generating DSP linienmodule_fast_b_iir1_z40, operation Mode is (post resource management): (PCIN>>17)+A2*B2.
DSP Report: register linienmodule_fast_b_iir1_y0_reg is absorbed into DSP linienmodule_fast_b_iir1_z40.
DSP Report: register linienmodule_fast_b_iir1_b11_reg is absorbed into DSP linienmodule_fast_b_iir1_z40.
DSP Report: operator linienmodule_fast_b_iir1_z40 is absorbed into DSP linienmodule_fast_b_iir1_z40.
DSP Report: operator linienmodule_fast_b_iir1_z40 is absorbed into DSP linienmodule_fast_b_iir1_z40.
DSP Report: Generating DSP linienmodule_fast_b_iir1_z30, operation Mode is (post resource management): A2*B2.
DSP Report: register linienmodule_fast_b_iir1_z30 is absorbed into DSP linienmodule_fast_b_iir1_z30.
DSP Report: register linienmodule_fast_b_iir1_b2_reg is absorbed into DSP linienmodule_fast_b_iir1_z30.
DSP Report: operator linienmodule_fast_b_iir1_z30 is absorbed into DSP linienmodule_fast_b_iir1_z30.
DSP Report: operator linienmodule_fast_b_iir1_z30 is absorbed into DSP linienmodule_fast_b_iir1_z30.
DSP Report: Generating DSP linienmodule_fast_b_iir1_z30, operation Mode is (post resource management): (PCIN>>17)+A2*B2.
DSP Report: register linienmodule_fast_b_iir1_y0_reg is absorbed into DSP linienmodule_fast_b_iir1_z30.
DSP Report: register linienmodule_fast_b_iir1_b2_reg is absorbed into DSP linienmodule_fast_b_iir1_z30.
DSP Report: operator linienmodule_fast_b_iir1_z30 is absorbed into DSP linienmodule_fast_b_iir1_z30.
DSP Report: operator linienmodule_fast_b_iir1_z30 is absorbed into DSP linienmodule_fast_b_iir1_z30.
DSP Report: Generating DSP linienmodule_fast_a_iir1_z70, operation Mode is (post resource management): A2*B2.
DSP Report: register linienmodule_fast_a_iir1_z70 is absorbed into DSP linienmodule_fast_a_iir1_z70.
DSP Report: register linienmodule_fast_a_iir1_a11_reg is absorbed into DSP linienmodule_fast_a_iir1_z70.
DSP Report: operator linienmodule_fast_a_iir1_z70 is absorbed into DSP linienmodule_fast_a_iir1_z70.
DSP Report: operator linienmodule_fast_a_iir1_z70 is absorbed into DSP linienmodule_fast_a_iir1_z70.
DSP Report: Generating DSP linienmodule_fast_a_iir1_z70, operation Mode is (post resource management): (PCIN>>17)+A2*B2.
DSP Report: register linienmodule_fast_a_iir1_y2_reg is absorbed into DSP linienmodule_fast_a_iir1_z70.
DSP Report: register linienmodule_fast_a_iir1_a11_reg is absorbed into DSP linienmodule_fast_a_iir1_z70.
DSP Report: operator linienmodule_fast_a_iir1_z70 is absorbed into DSP linienmodule_fast_a_iir1_z70.
DSP Report: operator linienmodule_fast_a_iir1_z70 is absorbed into DSP linienmodule_fast_a_iir1_z70.
DSP Report: Generating DSP linienmodule_fast_a_iir1_z60, operation Mode is (post resource management): A2*B2.
DSP Report: register linienmodule_fast_a_iir1_z60 is absorbed into DSP linienmodule_fast_a_iir1_z60.
DSP Report: register linienmodule_fast_a_iir1_a2_reg is absorbed into DSP linienmodule_fast_a_iir1_z60.
DSP Report: operator linienmodule_fast_a_iir1_z60 is absorbed into DSP linienmodule_fast_a_iir1_z60.
DSP Report: operator linienmodule_fast_a_iir1_z60 is absorbed into DSP linienmodule_fast_a_iir1_z60.
DSP Report: Generating DSP linienmodule_fast_a_iir1_z60, operation Mode is (post resource management): (PCIN>>17)+A2*B2.
DSP Report: register linienmodule_fast_a_iir1_y2_reg is absorbed into DSP linienmodule_fast_a_iir1_z60.
DSP Report: register linienmodule_fast_a_iir1_a2_reg is absorbed into DSP linienmodule_fast_a_iir1_z60.
DSP Report: operator linienmodule_fast_a_iir1_z60 is absorbed into DSP linienmodule_fast_a_iir1_z60.
DSP Report: operator linienmodule_fast_a_iir1_z60 is absorbed into DSP linienmodule_fast_a_iir1_z60.
DSP Report: Generating DSP linienmodule_fast_a_iir1_z20, operation Mode is (post resource management): A2*B2.
DSP Report: register linienmodule_fast_a_iir1_z20 is absorbed into DSP linienmodule_fast_a_iir1_z20.
DSP Report: register linienmodule_fast_a_iir1_a10_reg is absorbed into DSP linienmodule_fast_a_iir1_z20.
DSP Report: operator linienmodule_fast_a_iir1_z20 is absorbed into DSP linienmodule_fast_a_iir1_z20.
DSP Report: operator linienmodule_fast_a_iir1_z20 is absorbed into DSP linienmodule_fast_a_iir1_z20.
DSP Report: Generating DSP linienmodule_fast_a_iir1_z20, operation Mode is (post resource management): (PCIN>>17)+A2*B2.
DSP Report: register linienmodule_fast_a_iir1_y0_reg is absorbed into DSP linienmodule_fast_a_iir1_z20.
DSP Report: register linienmodule_fast_a_iir1_a10_reg is absorbed into DSP linienmodule_fast_a_iir1_z20.
DSP Report: operator linienmodule_fast_a_iir1_z20 is absorbed into DSP linienmodule_fast_a_iir1_z20.
DSP Report: operator linienmodule_fast_a_iir1_z20 is absorbed into DSP linienmodule_fast_a_iir1_z20.
DSP Report: Generating DSP linienmodule_fast_a_iir1_z50, operation Mode is (post resource management): A2*B2.
DSP Report: register linienmodule_fast_a_iir1_z50 is absorbed into DSP linienmodule_fast_a_iir1_z50.
DSP Report: register linienmodule_fast_a_iir1_b01_reg is absorbed into DSP linienmodule_fast_a_iir1_z50.
DSP Report: operator linienmodule_fast_a_iir1_z50 is absorbed into DSP linienmodule_fast_a_iir1_z50.
DSP Report: operator linienmodule_fast_a_iir1_z50 is absorbed into DSP linienmodule_fast_a_iir1_z50.
DSP Report: Generating DSP linienmodule_fast_a_iir1_z50, operation Mode is (post resource management): (PCIN>>17)+A2*B2.
DSP Report: register linienmodule_fast_a_iir1_y0_reg is absorbed into DSP linienmodule_fast_a_iir1_z50.
DSP Report: register linienmodule_fast_a_iir1_b01_reg is absorbed into DSP linienmodule_fast_a_iir1_z50.
DSP Report: operator linienmodule_fast_a_iir1_z50 is absorbed into DSP linienmodule_fast_a_iir1_z50.
DSP Report: operator linienmodule_fast_a_iir1_z50 is absorbed into DSP linienmodule_fast_a_iir1_z50.
DSP Report: Generating DSP linienmodule_fast_a_iir1_z40, operation Mode is (post resource management): A2*B2.
DSP Report: register linienmodule_fast_a_iir1_z40 is absorbed into DSP linienmodule_fast_a_iir1_z40.
DSP Report: register linienmodule_fast_a_iir1_b11_reg is absorbed into DSP linienmodule_fast_a_iir1_z40.
DSP Report: operator linienmodule_fast_a_iir1_z40 is absorbed into DSP linienmodule_fast_a_iir1_z40.
DSP Report: operator linienmodule_fast_a_iir1_z40 is absorbed into DSP linienmodule_fast_a_iir1_z40.
DSP Report: Generating DSP linienmodule_fast_a_iir1_z40, operation Mode is (post resource management): (PCIN>>17)+A2*B2.
DSP Report: register linienmodule_fast_a_iir1_y0_reg is absorbed into DSP linienmodule_fast_a_iir1_z40.
DSP Report: register linienmodule_fast_a_iir1_b11_reg is absorbed into DSP linienmodule_fast_a_iir1_z40.
DSP Report: operator linienmodule_fast_a_iir1_z40 is absorbed into DSP linienmodule_fast_a_iir1_z40.
DSP Report: operator linienmodule_fast_a_iir1_z40 is absorbed into DSP linienmodule_fast_a_iir1_z40.
DSP Report: Generating DSP linienmodule_fast_a_iir1_z30, operation Mode is (post resource management): A2*B2.
DSP Report: register linienmodule_fast_a_iir1_z30 is absorbed into DSP linienmodule_fast_a_iir1_z30.
DSP Report: register linienmodule_fast_a_iir1_b2_reg is absorbed into DSP linienmodule_fast_a_iir1_z30.
DSP Report: operator linienmodule_fast_a_iir1_z30 is absorbed into DSP linienmodule_fast_a_iir1_z30.
DSP Report: operator linienmodule_fast_a_iir1_z30 is absorbed into DSP linienmodule_fast_a_iir1_z30.
DSP Report: Generating DSP linienmodule_fast_a_iir1_z30, operation Mode is (post resource management): (PCIN>>17)+A2*B2.
DSP Report: register linienmodule_fast_a_iir1_y0_reg is absorbed into DSP linienmodule_fast_a_iir1_z30.
DSP Report: register linienmodule_fast_a_iir1_b2_reg is absorbed into DSP linienmodule_fast_a_iir1_z30.
DSP Report: operator linienmodule_fast_a_iir1_z30 is absorbed into DSP linienmodule_fast_a_iir1_z30.
DSP Report: operator linienmodule_fast_a_iir1_z30 is absorbed into DSP linienmodule_fast_a_iir1_z30.
DSP Report: Generating DSP linienmodule_fast_a_iir0_z70, operation Mode is (post resource management): A2*B2.
DSP Report: register linienmodule_fast_a_iir0_z70 is absorbed into DSP linienmodule_fast_a_iir0_z70.
DSP Report: register linienmodule_fast_a_iir0_a11_reg is absorbed into DSP linienmodule_fast_a_iir0_z70.
DSP Report: operator linienmodule_fast_a_iir0_z70 is absorbed into DSP linienmodule_fast_a_iir0_z70.
DSP Report: operator linienmodule_fast_a_iir0_z70 is absorbed into DSP linienmodule_fast_a_iir0_z70.
DSP Report: Generating DSP linienmodule_fast_a_iir0_z70, operation Mode is (post resource management): (PCIN>>17)+A2*B2.
DSP Report: register linienmodule_fast_a_iir0_y2_reg is absorbed into DSP linienmodule_fast_a_iir0_z70.
DSP Report: register linienmodule_fast_a_iir0_a11_reg is absorbed into DSP linienmodule_fast_a_iir0_z70.
DSP Report: operator linienmodule_fast_a_iir0_z70 is absorbed into DSP linienmodule_fast_a_iir0_z70.
DSP Report: operator linienmodule_fast_a_iir0_z70 is absorbed into DSP linienmodule_fast_a_iir0_z70.
DSP Report: Generating DSP linienmodule_fast_a_iir0_z60, operation Mode is (post resource management): A2*B2.
DSP Report: register linienmodule_fast_a_iir0_z60 is absorbed into DSP linienmodule_fast_a_iir0_z60.
DSP Report: register linienmodule_fast_a_iir0_a2_reg is absorbed into DSP linienmodule_fast_a_iir0_z60.
DSP Report: operator linienmodule_fast_a_iir0_z60 is absorbed into DSP linienmodule_fast_a_iir0_z60.
DSP Report: operator linienmodule_fast_a_iir0_z60 is absorbed into DSP linienmodule_fast_a_iir0_z60.
DSP Report: Generating DSP linienmodule_fast_a_iir0_z60, operation Mode is (post resource management): (PCIN>>17)+A2*B2.
DSP Report: register linienmodule_fast_a_iir0_y2_reg is absorbed into DSP linienmodule_fast_a_iir0_z60.
DSP Report: register linienmodule_fast_a_iir0_a2_reg is absorbed into DSP linienmodule_fast_a_iir0_z60.
DSP Report: operator linienmodule_fast_a_iir0_z60 is absorbed into DSP linienmodule_fast_a_iir0_z60.
DSP Report: operator linienmodule_fast_a_iir0_z60 is absorbed into DSP linienmodule_fast_a_iir0_z60.
DSP Report: Generating DSP linienmodule_fast_a_iir0_z50, operation Mode is (post resource management): A2*B2.
DSP Report: register linienmodule_fast_a_iir0_z50 is absorbed into DSP linienmodule_fast_a_iir0_z50.
DSP Report: register linienmodule_fast_a_iir0_b01_reg is absorbed into DSP linienmodule_fast_a_iir0_z50.
DSP Report: operator linienmodule_fast_a_iir0_z50 is absorbed into DSP linienmodule_fast_a_iir0_z50.
DSP Report: operator linienmodule_fast_a_iir0_z50 is absorbed into DSP linienmodule_fast_a_iir0_z50.
DSP Report: Generating DSP linienmodule_fast_a_iir0_z50, operation Mode is (post resource management): (PCIN>>17)+A2*B2.
DSP Report: register linienmodule_fast_a_iir0_y0_reg is absorbed into DSP linienmodule_fast_a_iir0_z50.
DSP Report: register linienmodule_fast_a_iir0_b01_reg is absorbed into DSP linienmodule_fast_a_iir0_z50.
DSP Report: operator linienmodule_fast_a_iir0_z50 is absorbed into DSP linienmodule_fast_a_iir0_z50.
DSP Report: operator linienmodule_fast_a_iir0_z50 is absorbed into DSP linienmodule_fast_a_iir0_z50.
DSP Report: Generating DSP linienmodule_fast_a_iir0_z40, operation Mode is (post resource management): A2*B2.
DSP Report: register linienmodule_fast_a_iir0_z40 is absorbed into DSP linienmodule_fast_a_iir0_z40.
DSP Report: register linienmodule_fast_a_iir0_b11_reg is absorbed into DSP linienmodule_fast_a_iir0_z40.
DSP Report: operator linienmodule_fast_a_iir0_z40 is absorbed into DSP linienmodule_fast_a_iir0_z40.
DSP Report: operator linienmodule_fast_a_iir0_z40 is absorbed into DSP linienmodule_fast_a_iir0_z40.
DSP Report: Generating DSP linienmodule_fast_a_iir0_z40, operation Mode is (post resource management): (PCIN>>17)+A2*B2.
DSP Report: register linienmodule_fast_a_iir0_y0_reg is absorbed into DSP linienmodule_fast_a_iir0_z40.
DSP Report: register linienmodule_fast_a_iir0_b11_reg is absorbed into DSP linienmodule_fast_a_iir0_z40.
DSP Report: operator linienmodule_fast_a_iir0_z40 is absorbed into DSP linienmodule_fast_a_iir0_z40.
DSP Report: operator linienmodule_fast_a_iir0_z40 is absorbed into DSP linienmodule_fast_a_iir0_z40.
DSP Report: Generating DSP linienmodule_fast_a_iir0_z30, operation Mode is (post resource management): A2*B2.
DSP Report: register linienmodule_fast_a_iir0_z30 is absorbed into DSP linienmodule_fast_a_iir0_z30.
DSP Report: register linienmodule_fast_a_iir0_b2_reg is absorbed into DSP linienmodule_fast_a_iir0_z30.
DSP Report: operator linienmodule_fast_a_iir0_z30 is absorbed into DSP linienmodule_fast_a_iir0_z30.
DSP Report: operator linienmodule_fast_a_iir0_z30 is absorbed into DSP linienmodule_fast_a_iir0_z30.
DSP Report: Generating DSP linienmodule_fast_a_iir0_z30, operation Mode is (post resource management): (PCIN>>17)+A2*B2.
DSP Report: register linienmodule_fast_a_iir0_y0_reg is absorbed into DSP linienmodule_fast_a_iir0_z30.
DSP Report: register linienmodule_fast_a_iir0_b2_reg is absorbed into DSP linienmodule_fast_a_iir0_z30.
DSP Report: operator linienmodule_fast_a_iir0_z30 is absorbed into DSP linienmodule_fast_a_iir0_z30.
DSP Report: operator linienmodule_fast_a_iir0_z30 is absorbed into DSP linienmodule_fast_a_iir0_z30.
---------------------------------------------------------------------------------
Start ROM, RAM, DSP, Shift Register and Retiming Reporting
---------------------------------------------------------------------------------

Block RAM: Preliminary Mapping	Report (see note below)
+-----------------+----------------------------------+------------------------+---+---+------------------------+---+---+------------------+--------+--------+
|Module Name      | RTL Object                       | PORT A (Depth x Width) | W | R | PORT B (Depth x Width) | W | R | Ports driving FF | RAMB18 | RAMB36 | 
+-----------------+----------------------------------+------------------------+---+---+------------------------+---+---+------------------+--------+--------+
|i_0/sequence_top | fsm_reg_file/mem_reg             | 256 x 32(READ_FIRST)   | W |   | 256 x 32(WRITE_FIRST)  |   | R | Port A and B     | 1      | 0      | 
|i_0/sequence_top | BRAM/mem_reg                     | 1 K x 14(READ_FIRST)   | W |   | 1 K x 14(WRITE_FIRST)  |   | R | Port A and B     | 1      | 0      | 
|top              | red_pitaya_scope/adc_a_buf_reg   | 16 K x 14(READ_FIRST)  | W |   | 16 K x 14(WRITE_FIRST) |   | R | Port A and B     | 0      | 7      | 
|top              | red_pitaya_scope/adc_b_buf_reg   | 16 K x 14(READ_FIRST)  | W |   | 16 K x 14(WRITE_FIRST) |   | R | Port A and B     | 0      | 7      | 
|top              | red_pitaya_scope/adc_a_q_buf_reg | 16 K x 14(READ_FIRST)  | W |   | 16 K x 14(WRITE_FIRST) |   | R | Port A and B     | 0      | 7      | 
|top              | red_pitaya_scope/adc_b_q_buf_reg | 16 K x 14(READ_FIRST)  | W |   | 16 K x 14(WRITE_FIRST) |   | R | Port A and B     | 0      | 7      | 
+-----------------+----------------------------------+------------------------+---+---+------------------------+---+---+------------------+--------+--------+

Note: The table above is a preliminary report that shows the Block RAMs at the current stage of the synthesis flow. Some Block RAMs may be reimplemented as non Block RAM primitives later in the synthesis flow. Multiple instantiated Block RAMs are reported only once. 

DSP: Preliminary Mapping	Report (see note below)
+------------+-----------------------+--------+--------+--------+--------+--------+------+------+------+------+-------+------+------+
|Module Name | DSP Mapping           | A Size | B Size | C Size | D Size | P Size | AREG | BREG | CREG | DREG | ADREG | MREG | PREG | 
+------------+-----------------------+--------+--------+--------+--------+--------+------+------+------+------+-------+------+------+
|sinusoid    | A2*B2                 | 18     | 14     | -      | -      | 48     | 1    | 1    | -    | -    | -     | 0    | 0    | 
|sinusoid    | (PCIN>>17)+A*B2       | 15     | 14     | -      | -      | 48     | 0    | 1    | -    | -    | -     | 0    | 1    | 
|top         | (0 or C')+(A2*B or 0) | 25     | 10     | 35     | -      | 35     | 1    | 0    | 1    | -    | -     | 0    | 0    | 
|top         | (A2*B or 0)           | 25     | 10     | -      | -      | 35     | 1    | 0    | -    | -    | -     | 0    | 0    | 
|top         | PCIN+A2:B+C           | 15     | 18     | 36     | -      | -1     | 1    | 0    | 0    | -    | -     | 0    | 0    | 
|top         | A2*B2                 | 25     | 18     | -      | -      | 48     | 1    | 1    | -    | -    | -     | 0    | 0    | 
|top         | (PCIN>>17)+A2*B2      | 25     | 8      | -      | -      | 33     | 1    | 1    | -    | -    | -     | 0    | 0    | 
|top         | (C or 0)+A*B          | 25     | 14     | 13     | -      | 39     | 0    | 0    | 0    | -    | -     | 0    | 0    | 
|top         | A2*B2                 | 25     | 18     | -      | -      | 48     | 1    | 1    | -    | -    | -     | 0    | 0    | 
|top         | (PCIN>>17)+A2*B2      | 25     | 8      | -      | -      | 33     | 1    | 1    | -    | -    | -     | 0    | 0    | 
|top         | A2*B2                 | 25     | 18     | -      | -      | 48     | 1    | 1    | -    | -    | -     | 0    | 0    | 
|top         | (PCIN>>17)+A2*B2      | 25     | 8      | -      | -      | 33     | 1    | 1    | -    | -    | -     | 0    | 0    | 
|top         | A2*B2                 | 25     | 18     | -      | -      | 48     | 1    | 1    | -    | -    | -     | 0    | 0    | 
|top         | (PCIN>>17)+A2*B2      | 25     | 8      | -      | -      | 33     | 1    | 1    | -    | -    | -     | 0    | 0    | 
|top         | (C or 0)+A*B          | 25     | 14     | 13     | -      | 39     | 0    | 0    | 0    | -    | -     | 0    | 0    | 
|top         | (C or 0)+A*B          | 25     | 14     | 13     | -      | 39     | 0    | 0    | 0    | -    | -     | 0    | 0    | 
|top         | A2*B2                 | 25     | 18     | -      | -      | 48     | 1    | 1    | -    | -    | -     | 0    | 0    | 
|top         | (PCIN>>17)+A2*B2      | 25     | 8      | -      | -      | 33     | 1    | 1    | -    | -    | -     | 0    | 0    | 
|top         | A2*B2                 | 25     | 18     | -      | -      | 48     | 1    | 1    | -    | -    | -     | 0    | 0    | 
|top         | (PCIN>>17)+A2*B2      | 25     | 8      | -      | -      | 33     | 1    | 1    | -    | -    | -     | 0    | 0    | 
|top         | A2*B2                 | 25     | 18     | -      | -      | 48     | 1    | 1    | -    | -    | -     | 0    | 0    | 
|top         | (PCIN>>17)+A2*B2      | 25     | 8      | -      | -      | 33     | 1    | 1    | -    | -    | -     | 0    | 0    | 
|top         | A2*B2                 | 25     | 18     | -      | -      | 48     | 1    | 1    | -    | -    | -     | 0    | 0    | 
|top         | (PCIN>>17)+A2*B2      | 25     | 8      | -      | -      | 33     | 1    | 1    | -    | -    | -     | 0    | 0    | 
|top         | A2*B2                 | 25     | 18     | -      | -      | 48     | 1    | 1    | -    | -    | -     | 0    | 0    | 
|top         | (PCIN>>17)+A2*B2      | 25     | 8      | -      | -      | 33     | 1    | 1    | -    | -    | -     | 0    | 0    | 
|top         | A2*B2                 | 25     | 18     | -      | -      | 48     | 1    | 1    | -    | -    | -     | 0    | 0    | 
|top         | (PCIN>>17)+A2*B2      | 25     | 8      | -      | -      | 33     | 1    | 1    | -    | -    | -     | 0    | 0    | 
|top         | A2*B2                 | 25     | 18     | -      | -      | 48     | 1    | 1    | -    | -    | -     | 0    | 0    | 
|top         | (PCIN>>17)+A2*B2      | 25     | 8      | -      | -      | 33     | 1    | 1    | -    | -    | -     | 0    | 0    | 
|top         | A2*B2                 | 25     | 18     | -      | -      | 48     | 1    | 1    | -    | -    | -     | 0    | 0    | 
|top         | (PCIN>>17)+A2*B2      | 25     | 8      | -      | -      | 33     | 1    | 1    | -    | -    | -     | 0    | 0    | 
|top         | A2*B2                 | 25     | 18     | -      | -      | 48     | 1    | 1    | -    | -    | -     | 0    | 0    | 
|top         | (PCIN>>17)+A2*B2      | 25     | 8      | -      | -      | 33     | 1    | 1    | -    | -    | -     | 0    | 0    | 
|top         | A2*B2                 | 25     | 18     | -      | -      | 48     | 1    | 1    | -    | -    | -     | 0    | 0    | 
|top         | (PCIN>>17)+A2*B2      | 25     | 8      | -      | -      | 33     | 1    | 1    | -    | -    | -     | 0    | 0    | 
|top         | A2*B2                 | 25     | 18     | -      | -      | 48     | 1    | 1    | -    | -    | -     | 0    | 0    | 
|top         | (PCIN>>17)+A*B2       | 25     | 8      | -      | -      | 33     | 1    | 1    | -    | -    | -     | 0    | 0    | 
|top         | A2*B2                 | 25     | 18     | -      | -      | 48     | 1    | 1    | -    | -    | -     | 0    | 0    | 
|top         | (PCIN>>17)+A*B2       | 25     | 8      | -      | -      | 33     | 1    | 1    | -    | -    | -     | 0    | 0    | 
|top         | A2*B2                 | 25     | 18     | -      | -      | 48     | 1    | 1    | -    | -    | -     | 0    | 0    | 
|top         | (PCIN>>17)+A2*B2      | 25     | 8      | -      | -      | 33     | 1    | 1    | -    | -    | -     | 0    | 0    | 
|top         | A2*B2                 | 25     | 18     | -      | -      | 48     | 1    | 1    | -    | -    | -     | 0    | 0    | 
|top         | (PCIN>>17)+A2*B2      | 25     | 8      | -      | -      | 33     | 1    | 1    | -    | -    | -     | 0    | 0    | 
|top         | A2*B2                 | 25     | 18     | -      | -      | 48     | 1    | 1    | -    | -    | -     | 0    | 0    | 
|top         | (PCIN>>17)+A*B2       | 25     | 8      | -      | -      | 33     | 1    | 1    | -    | -    | -     | 0    | 0    | 
|top         | A2*B2                 | 25     | 18     | -      | -      | 48     | 1    | 1    | -    | -    | -     | 0    | 0    | 
|top         | (PCIN>>17)+A*B2       | 25     | 8      | -      | -      | 33     | 1    | 1    | -    | -    | -     | 0    | 0    | 
|top         | A2*B2                 | 25     | 18     | -      | -      | 48     | 1    | 1    | -    | -    | -     | 0    | 0    | 
|top         | (PCIN>>17)+A*B2       | 25     | 8      | -      | -      | 33     | 1    | 1    | -    | -    | -     | 0    | 0    | 
|top         | A2*B2                 | 25     | 18     | -      | -      | 48     | 1    | 1    | -    | -    | -     | 0    | 0    | 
|top         | (PCIN>>17)+A2*B2      | 25     | 8      | -      | -      | 33     | 1    | 1    | -    | -    | -     | 0    | 0    | 
|top         | A2*B2                 | 25     | 18     | -      | -      | 48     | 1    | 1    | -    | -    | -     | 0    | 0    | 
|top         | (PCIN>>17)+A2*B2      | 25     | 8      | -      | -      | 33     | 1    | 1    | -    | -    | -     | 0    | 0    | 
|top         | A2*B2                 | 25     | 18     | -      | -      | 48     | 1    | 1    | -    | -    | -     | 0    | 0    | 
|top         | (PCIN>>17)+A2*B2      | 25     | 8      | -      | -      | 33     | 1    | 1    | -    | -    | -     | 0    | 0    | 
|top         | A2*B2                 | 25     | 18     | -      | -      | 48     | 1    | 1    | -    | -    | -     | 0    | 0    | 
|top         | (PCIN>>17)+A2*B2      | 25     | 8      | -      | -      | 33     | 1    | 1    | -    | -    | -     | 0    | 0    | 
|top         | A2*B2                 | 25     | 18     | -      | -      | 48     | 1    | 1    | -    | -    | -     | 0    | 0    | 
|top         | (PCIN>>17)+A2*B2      | 25     | 8      | -      | -      | 33     | 1    | 1    | -    | -    | -     | 0    | 0    | 
|top         | A2*B2                 | 25     | 18     | -      | -      | 48     | 1    | 1    | -    | -    | -     | 0    | 0    | 
|top         | (PCIN>>17)+A2*B2      | 25     | 8      | -      | -      | 33     | 1    | 1    | -    | -    | -     | 0    | 0    | 
|top         | A2*B2                 | 25     | 18     | -      | -      | 48     | 1    | 1    | -    | -    | -     | 0    | 0    | 
|top         | (PCIN>>17)+A2*B2      | 25     | 8      | -      | -      | 33     | 1    | 1    | -    | -    | -     | 0    | 0    | 
|top         | A2*B2                 | 25     | 18     | -      | -      | 48     | 1    | 1    | -    | -    | -     | 0    | 0    | 
|top         | (PCIN>>17)+A2*B2      | 25     | 8      | -      | -      | 33     | 1    | 1    | -    | -    | -     | 0    | 0    | 
|top         | A2*B2                 | 25     | 18     | -      | -      | 48     | 1    | 1    | -    | -    | -     | 0    | 0    | 
|top         | (PCIN>>17)+A2*B2      | 25     | 8      | -      | -      | 33     | 1    | 1    | -    | -    | -     | 0    | 0    | 
|top         | A2*B2                 | 25     | 18     | -      | -      | 48     | 1    | 1    | -    | -    | -     | 0    | 0    | 
|top         | (PCIN>>17)+A2*B2      | 25     | 8      | -      | -      | 33     | 1    | 1    | -    | -    | -     | 0    | 0    | 
|top         | A2*B2                 | 25     | 18     | -      | -      | 48     | 1    | 1    | -    | -    | -     | 0    | 0    | 
|top         | (PCIN>>17)+A2*B2      | 25     | 8      | -      | -      | 33     | 1    | 1    | -    | -    | -     | 0    | 0    | 
|top         | A*B                   | 15     | 14     | -      | -      | 29     | 0    | 0    | -    | -    | -     | 0    | 0    | 
|top         | A*B                   | 15     | 14     | -      | -      | 29     | 0    | 0    | -    | -    | -     | 0    | 0    | 
|top         | A*B                   | 15     | 14     | -      | -      | 29     | 0    | 0    | -    | -    | -     | 0    | 0    | 
|top         | A2*B2                 | 25     | 18     | -      | -      | 48     | 1    | 1    | -    | -    | -     | 0    | 0    | 
|top         | (PCIN>>17)+A2*B2      | 25     | 8      | -      | -      | 33     | 1    | 1    | -    | -    | -     | 0    | 0    | 
|top         | A2*B2                 | 25     | 18     | -      | -      | 48     | 1    | 1    | -    | -    | -     | 0    | 0    | 
|top         | (PCIN>>17)+A2*B2      | 25     | 8      | -      | -      | 33     | 1    | 1    | -    | -    | -     | 0    | 0    | 
|top         | A2*B2                 | 25     | 18     | -      | -      | 48     | 1    | 1    | -    | -    | -     | 0    | 0    | 
|top         | (PCIN>>17)+A2*B2      | 25     | 8      | -      | -      | 33     | 1    | 1    | -    | -    | -     | 0    | 0    | 
|top         | A2*B2                 | 25     | 18     | -      | -      | 48     | 1    | 1    | -    | -    | -     | 0    | 0    | 
|top         | (PCIN>>17)+A2*B2      | 25     | 8      | -      | -      | 33     | 1    | 1    | -    | -    | -     | 0    | 0    | 
|top         | A2*B2                 | 25     | 18     | -      | -      | 48     | 1    | 1    | -    | -    | -     | 0    | 0    | 
|top         | (PCIN>>17)+A*B2       | 25     | 8      | -      | -      | 33     | 1    | 1    | -    | -    | -     | 0    | 0    | 
|top         | A2*B2                 | 25     | 18     | -      | -      | 48     | 1    | 1    | -    | -    | -     | 0    | 0    | 
|top         | (PCIN>>17)+A*B2       | 25     | 8      | -      | -      | 33     | 1    | 1    | -    | -    | -     | 0    | 0    | 
|top         | A2*B2                 | 25     | 18     | -      | -      | 48     | 1    | 1    | -    | -    | -     | 0    | 0    | 
|top         | (PCIN>>17)+A2*B2      | 25     | 8      | -      | -      | 33     | 1    | 1    | -    | -    | -     | 0    | 0    | 
|top         | A2*B2                 | 25     | 18     | -      | -      | 48     | 1    | 1    | -    | -    | -     | 0    | 0    | 
|top         | (PCIN>>17)+A2*B2      | 25     | 8      | -      | -      | 33     | 1    | 1    | -    | -    | -     | 0    | 0    | 
|top         | A2*B2                 | 25     | 18     | -      | -      | 48     | 1    | 1    | -    | -    | -     | 0    | 0    | 
|top         | (PCIN>>17)+A2*B2      | 25     | 8      | -      | -      | 33     | 1    | 1    | -    | -    | -     | 0    | 0    | 
|top         | A2*B2                 | 25     | 18     | -      | -      | 48     | 1    | 1    | -    | -    | -     | 0    | 0    | 
|top         | (PCIN>>17)+A2*B2      | 25     | 8      | -      | -      | 33     | 1    | 1    | -    | -    | -     | 0    | 0    | 
|top         | A2*B2                 | 25     | 18     | -      | -      | 48     | 1    | 1    | -    | -    | -     | 0    | 0    | 
|top         | (PCIN>>17)+A2*B2      | 25     | 8      | -      | -      | 33     | 1    | 1    | -    | -    | -     | 0    | 0    | 
+------------+-----------------------+--------+--------+--------+--------+--------+------+------+------+------+-------+------+------+

Note: The table above is a preliminary report that shows the DSPs inferred at the current stage of the synthesis flow. Some DSP may be reimplemented as non DSP primitives later in the synthesis flow. Multiple instantiated DSPs are reported only once.
---------------------------------------------------------------------------------
Finished ROM, RAM, DSP, Shift Register and Retiming Reporting
---------------------------------------------------------------------------------
---------------------------------------------------------------------------------
Start Applying XDC Timing Constraints
---------------------------------------------------------------------------------
---------------------------------------------------------------------------------
Finished Applying XDC Timing Constraints : Time (s): cpu = 00:00:45 ; elapsed = 00:00:47 . Memory (MB): peak = 2700.727 ; gain = 358.621 ; free physical = 8721 ; free virtual = 31814
---------------------------------------------------------------------------------
---------------------------------------------------------------------------------
Start Timing Optimization
---------------------------------------------------------------------------------
---------------------------------------------------------------------------------
Finished Timing Optimization : Time (s): cpu = 00:01:12 ; elapsed = 00:01:14 . Memory (MB): peak = 2970.320 ; gain = 628.215 ; free physical = 7098 ; free virtual = 30957
---------------------------------------------------------------------------------
---------------------------------------------------------------------------------
Start ROM, RAM, DSP, Shift Register and Retiming Reporting
---------------------------------------------------------------------------------

Block RAM: Final Mapping	Report
+-----------------+----------------------------------+------------------------+---+---+------------------------+---+---+------------------+--------+--------+
|Module Name      | RTL Object                       | PORT A (Depth x Width) | W | R | PORT B (Depth x Width) | W | R | Ports driving FF | RAMB18 | RAMB36 | 
+-----------------+----------------------------------+------------------------+---+---+------------------------+---+---+------------------+--------+--------+
|top              | red_pitaya_scope/adc_a_buf_reg   | 16 K x 14(READ_FIRST)  | W |   | 16 K x 14(WRITE_FIRST) |   | R | Port A and B     | 0      | 7      | 
|top              | red_pitaya_scope/adc_b_buf_reg   | 16 K x 14(READ_FIRST)  | W |   | 16 K x 14(WRITE_FIRST) |   | R | Port A and B     | 0      | 7      | 
|top              | red_pitaya_scope/adc_a_q_buf_reg | 16 K x 14(READ_FIRST)  | W |   | 16 K x 14(WRITE_FIRST) |   | R | Port A and B     | 0      | 7      | 
|top              | red_pitaya_scope/adc_b_q_buf_reg | 16 K x 14(READ_FIRST)  | W |   | 16 K x 14(WRITE_FIRST) |   | R | Port A and B     | 0      | 7      | 
|i_0/sequence_top | fsm_reg_file/mem_reg             | 256 x 32(READ_FIRST)   | W |   | 256 x 32(WRITE_FIRST)  |   | R | Port A and B     | 1      | 0      | 
|i_0/sequence_top | BRAM/mem_reg                     | 1 K x 14(READ_FIRST)   | W |   | 1 K x 14(WRITE_FIRST)  |   | R | Port A and B     | 1      | 0      | 
+-----------------+----------------------------------+------------------------+---+---+------------------------+---+---+------------------+--------+--------+

---------------------------------------------------------------------------------
Finished ROM, RAM, DSP, Shift Register and Retiming Reporting
---------------------------------------------------------------------------------
---------------------------------------------------------------------------------
Start Technology Mapping
---------------------------------------------------------------------------------
INFO: [Synth 8-7052] The timing for the instance red_pitaya_scope/adc_a_buf_reg_0 (implemented as a Block RAM) might be sub-optimal as no optional output register could be merged into the ram block. Providing additional output register may help in improving timing.
INFO: [Synth 8-7052] The timing for the instance red_pitaya_scope/adc_a_buf_reg_1 (implemented as a Block RAM) might be sub-optimal as no optional output register could be merged into the ram block. Providing additional output register may help in improving timing.
INFO: [Synth 8-7052] The timing for the instance red_pitaya_scope/adc_a_buf_reg_2 (implemented as a Block RAM) might be sub-optimal as no optional output register could be merged into the ram block. Providing additional output register may help in improving timing.
INFO: [Synth 8-7052] The timing for the instance red_pitaya_scope/adc_a_buf_reg_3 (implemented as a Block RAM) might be sub-optimal as no optional output register could be merged into the ram block. Providing additional output register may help in improving timing.
INFO: [Synth 8-7052] The timing for the instance red_pitaya_scope/adc_a_buf_reg_4 (implemented as a Block RAM) might be sub-optimal as no optional output register could be merged into the ram block. Providing additional output register may help in improving timing.
INFO: [Synth 8-7052] The timing for the instance red_pitaya_scope/adc_a_buf_reg_5 (implemented as a Block RAM) might be sub-optimal as no optional output register could be merged into the ram block. Providing additional output register may help in improving timing.
INFO: [Synth 8-7052] The timing for the instance red_pitaya_scope/adc_a_buf_reg_6 (implemented as a Block RAM) might be sub-optimal as no optional output register could be merged into the ram block. Providing additional output register may help in improving timing.
INFO: [Synth 8-7052] The timing for the instance red_pitaya_scope/adc_b_buf_reg_0 (implemented as a Block RAM) might be sub-optimal as no optional output register could be merged into the ram block. Providing additional output register may help in improving timing.
INFO: [Synth 8-7052] The timing for the instance red_pitaya_scope/adc_b_buf_reg_1 (implemented as a Block RAM) might be sub-optimal as no optional output register could be merged into the ram block. Providing additional output register may help in improving timing.
INFO: [Synth 8-7052] The timing for the instance red_pitaya_scope/adc_b_buf_reg_2 (implemented as a Block RAM) might be sub-optimal as no optional output register could be merged into the ram block. Providing additional output register may help in improving timing.
INFO: [Synth 8-7052] The timing for the instance red_pitaya_scope/adc_b_buf_reg_3 (implemented as a Block RAM) might be sub-optimal as no optional output register could be merged into the ram block. Providing additional output register may help in improving timing.
INFO: [Synth 8-7052] The timing for the instance red_pitaya_scope/adc_b_buf_reg_4 (implemented as a Block RAM) might be sub-optimal as no optional output register could be merged into the ram block. Providing additional output register may help in improving timing.
INFO: [Synth 8-7052] The timing for the instance red_pitaya_scope/adc_b_buf_reg_5 (implemented as a Block RAM) might be sub-optimal as no optional output register could be merged into the ram block. Providing additional output register may help in improving timing.
INFO: [Synth 8-7052] The timing for the instance red_pitaya_scope/adc_b_buf_reg_6 (implemented as a Block RAM) might be sub-optimal as no optional output register could be merged into the ram block. Providing additional output register may help in improving timing.
INFO: [Synth 8-7052] The timing for the instance red_pitaya_scope/adc_a_q_buf_reg_0 (implemented as a Block RAM) might be sub-optimal as no optional output register could be merged into the ram block. Providing additional output register may help in improving timing.
INFO: [Synth 8-7052] The timing for the instance red_pitaya_scope/adc_a_q_buf_reg_1 (implemented as a Block RAM) might be sub-optimal as no optional output register could be merged into the ram block. Providing additional output register may help in improving timing.
INFO: [Synth 8-7052] The timing for the instance red_pitaya_scope/adc_a_q_buf_reg_2 (implemented as a Block RAM) might be sub-optimal as no optional output register could be merged into the ram block. Providing additional output register may help in improving timing.
INFO: [Synth 8-7052] The timing for the instance red_pitaya_scope/adc_a_q_buf_reg_3 (implemented as a Block RAM) might be sub-optimal as no optional output register could be merged into the ram block. Providing additional output register may help in improving timing.
INFO: [Synth 8-7052] The timing for the instance red_pitaya_scope/adc_a_q_buf_reg_4 (implemented as a Block RAM) might be sub-optimal as no optional output register could be merged into the ram block. Providing additional output register may help in improving timing.
INFO: [Synth 8-7052] The timing for the instance red_pitaya_scope/adc_a_q_buf_reg_5 (implemented as a Block RAM) might be sub-optimal as no optional output register could be merged into the ram block. Providing additional output register may help in improving timing.
INFO: [Synth 8-7052] The timing for the instance red_pitaya_scope/adc_a_q_buf_reg_6 (implemented as a Block RAM) might be sub-optimal as no optional output register could be merged into the ram block. Providing additional output register may help in improving timing.
INFO: [Synth 8-7052] The timing for the instance red_pitaya_scope/adc_b_q_buf_reg_0 (implemented as a Block RAM) might be sub-optimal as no optional output register could be merged into the ram block. Providing additional output register may help in improving timing.
INFO: [Synth 8-7052] The timing for the instance red_pitaya_scope/adc_b_q_buf_reg_1 (implemented as a Block RAM) might be sub-optimal as no optional output register could be merged into the ram block. Providing additional output register may help in improving timing.
INFO: [Synth 8-7052] The timing for the instance red_pitaya_scope/adc_b_q_buf_reg_2 (implemented as a Block RAM) might be sub-optimal as no optional output register could be merged into the ram block. Providing additional output register may help in improving timing.
INFO: [Synth 8-7052] The timing for the instance red_pitaya_scope/adc_b_q_buf_reg_3 (implemented as a Block RAM) might be sub-optimal as no optional output register could be merged into the ram block. Providing additional output register may help in improving timing.
INFO: [Synth 8-7052] The timing for the instance red_pitaya_scope/adc_b_q_buf_reg_4 (implemented as a Block RAM) might be sub-optimal as no optional output register could be merged into the ram block. Providing additional output register may help in improving timing.
INFO: [Synth 8-7052] The timing for the instance red_pitaya_scope/adc_b_q_buf_reg_5 (implemented as a Block RAM) might be sub-optimal as no optional output register could be merged into the ram block. Providing additional output register may help in improving timing.
INFO: [Synth 8-7052] The timing for the instance red_pitaya_scope/adc_b_q_buf_reg_6 (implemented as a Block RAM) might be sub-optimal as no optional output register could be merged into the ram block. Providing additional output register may help in improving timing.
INFO: [Synth 8-7052] The timing for the instance sequence_top/fsm_reg_file/mem_reg (implemented as a Block RAM) might be sub-optimal as no optional output register could be merged into the ram block. Providing additional output register may help in improving timing.
INFO: [Synth 8-7052] The timing for the instance sequence_top/u_sinusoid/sin_lut/o_rd_data_reg (implemented as a Block RAM) might be sub-optimal as no optional output register could be merged into the ram block. Providing additional output register may help in improving timing.
---------------------------------------------------------------------------------
Finished Technology Mapping : Time (s): cpu = 00:01:21 ; elapsed = 00:01:23 . Memory (MB): peak = 2970.320 ; gain = 628.215 ; free physical = 7323 ; free virtual = 31183
---------------------------------------------------------------------------------
---------------------------------------------------------------------------------
Start IO Insertion
---------------------------------------------------------------------------------
---------------------------------------------------------------------------------
Start Flattening Before IO Insertion
---------------------------------------------------------------------------------
---------------------------------------------------------------------------------
Finished Flattening Before IO Insertion
---------------------------------------------------------------------------------
---------------------------------------------------------------------------------
Start Final Netlist Cleanup
---------------------------------------------------------------------------------
---------------------------------------------------------------------------------
Finished Final Netlist Cleanup
---------------------------------------------------------------------------------
---------------------------------------------------------------------------------
Finished IO Insertion : Time (s): cpu = 00:01:23 ; elapsed = 00:01:25 . Memory (MB): peak = 2970.320 ; gain = 628.215 ; free physical = 7341 ; free virtual = 31203
---------------------------------------------------------------------------------
---------------------------------------------------------------------------------
Start Renaming Generated Instances
---------------------------------------------------------------------------------
---------------------------------------------------------------------------------
Finished Renaming Generated Instances : Time (s): cpu = 00:01:23 ; elapsed = 00:01:25 . Memory (MB): peak = 2970.320 ; gain = 628.215 ; free physical = 7339 ; free virtual = 31201
---------------------------------------------------------------------------------
---------------------------------------------------------------------------------
Start Rebuilding User Hierarchy
---------------------------------------------------------------------------------
---------------------------------------------------------------------------------
Finished Rebuilding User Hierarchy : Time (s): cpu = 00:01:25 ; elapsed = 00:01:28 . Memory (MB): peak = 2970.320 ; gain = 628.215 ; free physical = 7343 ; free virtual = 31205
---------------------------------------------------------------------------------
---------------------------------------------------------------------------------
Start Renaming Generated Ports
---------------------------------------------------------------------------------
---------------------------------------------------------------------------------
Finished Renaming Generated Ports : Time (s): cpu = 00:01:25 ; elapsed = 00:01:28 . Memory (MB): peak = 2970.320 ; gain = 628.215 ; free physical = 7342 ; free virtual = 31204
---------------------------------------------------------------------------------
---------------------------------------------------------------------------------
Start Handling Custom Attributes
---------------------------------------------------------------------------------
---------------------------------------------------------------------------------
Finished Handling Custom Attributes : Time (s): cpu = 00:01:26 ; elapsed = 00:01:28 . Memory (MB): peak = 2970.320 ; gain = 628.215 ; free physical = 7341 ; free virtual = 31203
---------------------------------------------------------------------------------
---------------------------------------------------------------------------------
Start Renaming Generated Nets
---------------------------------------------------------------------------------
---------------------------------------------------------------------------------
Finished Renaming Generated Nets : Time (s): cpu = 00:01:26 ; elapsed = 00:01:28 . Memory (MB): peak = 2970.320 ; gain = 628.215 ; free physical = 7341 ; free virtual = 31202
---------------------------------------------------------------------------------
---------------------------------------------------------------------------------
Start Writing Synthesis Report
---------------------------------------------------------------------------------

Report BlackBoxes: 
+-+--------------+----------+
| |BlackBox name |Instances |
+-+--------------+----------+
+-+--------------+----------+

Report Cell Usage: 
+------+-----------+------+
|      |Cell       |Count |
+------+-----------+------+
|1     |BIBUF      |   130|
|2     |BUFG       |    11|
|3     |CARRY4     |  2634|
|4     |DNA_PORT   |     1|
|5     |DSP48E1    |    80|
|9     |LUT1       |   500|
|10    |LUT2       |  5203|
|11    |LUT3       |  3310|
|12    |LUT4       |  2928|
|13    |LUT5       |  2148|
|14    |LUT6       |  4789|
|15    |MUXF7      |   378|
|16    |MUXF8      |   100|
|17    |ODDR       |    17|
|18    |PLLE2_BASE |     1|
|19    |PS7        |     1|
|20    |RAMB18E1   |     3|
|23    |RAMB36E1   |    28|
|24    |XADC       |     1|
|25    |FD         |     1|
|26    |FDRE       | 11221|
|27    |FDSE       |   371|
|28    |IBUF       |    36|
|29    |IBUFGDS    |     1|
|30    |IOBUF      |    16|
|31    |OBUF       |    33|
+------+-----------+------+
---------------------------------------------------------------------------------
Finished Writing Synthesis Report : Time (s): cpu = 00:01:26 ; elapsed = 00:01:28 . Memory (MB): peak = 2970.320 ; gain = 628.215 ; free physical = 7340 ; free virtual = 31202
---------------------------------------------------------------------------------
Synthesis finished with 0 errors, 0 critical warnings and 0 warnings.
Synthesis Optimization Runtime : Time (s): cpu = 00:01:23 ; elapsed = 00:01:26 . Memory (MB): peak = 2970.320 ; gain = 451.559 ; free physical = 7405 ; free virtual = 31267
Synthesis Optimization Complete : Time (s): cpu = 00:01:26 ; elapsed = 00:01:28 . Memory (MB): peak = 2970.328 ; gain = 628.215 ; free physical = 7405 ; free virtual = 31267
INFO: [Project 1-571] Translating synthesized netlist
Netlist sorting complete. Time (s): cpu = 00:00:00.20 ; elapsed = 00:00:00.21 . Memory (MB): peak = 2970.328 ; gain = 0.000 ; free physical = 7473 ; free virtual = 31339
WARNING: [Netlist 29-345] The value of SIM_DEVICE on instance 'XADC' of type 'XADC' is '7SERIES'; it is being changed to match the current FPGA architecture, 'ZYNQ'. For functional simulation to match hardware behavior, the value of SIM_DEVICE should be changed in the source netlist. 
INFO: [Netlist 29-17] Analyzing 3260 Unisim elements for replacement
INFO: [Netlist 29-28] Unisim Transformation completed in 0 CPU seconds
WARNING: [Netlist 29-101] Netlist 'top' is not ideal for floorplanning, since the cellview 'top' contains a large number of primitives.  Please consider enabling hierarchy in synthesis if you want to do floorplanning.
INFO: [Project 1-570] Preparing netlist for logic optimization
INFO: [Opt 31-140] Inserted 2 IBUFs to IO ports without IO buffers.
Parsing XDC File [/home/vedaant/school_files/spring2026/ECE554/linien_554/gateware/build/top.xdc]
INFO: [Timing 38-35] Done setting XDC timing constraints. [/home/vedaant/school_files/spring2026/ECE554/linien_554/gateware/build/top.xdc:368]
WARNING: [Vivado 12-627] No clocks matched 'clk125_p'. [/home/vedaant/school_files/spring2026/ECE554/linien_554/gateware/build/top.xdc:368]
INFO: [Vivado 12-626] No clocks found. Please use 'create_clock' or 'create_generated_clock' command to create clocks. [/home/vedaant/school_files/spring2026/ECE554/linien_554/gateware/build/top.xdc:368]
WARNING: [Vivado 12-627] No clocks matched 'clk_fpga_0'. [/home/vedaant/school_files/spring2026/ECE554/linien_554/gateware/build/top.xdc:368]
INFO: [Vivado 12-626] No clocks found. Please use 'create_clock' or 'create_generated_clock' command to create clocks. [/home/vedaant/school_files/spring2026/ECE554/linien_554/gateware/build/top.xdc:368]
CRITICAL WARNING: [Vivado 12-4739] set_clock_groups:No valid object(s) found for '-group [get_clocks -include_generated_clocks clk125_p]'. [/home/vedaant/school_files/spring2026/ECE554/linien_554/gateware/build/top.xdc:368]
Resolution: Check if the specified object(s) exists in the current design. If it does, ensure that the correct design hierarchy was specified for the object. If you are working with clocks, make sure create_clock was used to create the clock object before it is referenced.
CRITICAL WARNING: [Vivado 12-4739] set_clock_groups:No valid object(s) found for '-group '. [/home/vedaant/school_files/spring2026/ECE554/linien_554/gateware/build/top.xdc:368]
Resolution: Check if the specified object(s) exists in the current design. If it does, ensure that the correct design hierarchy was specified for the object. If you are working with clocks, make sure create_clock was used to create the clock object before it is referenced.
CRITICAL WARNING: [Vivado 12-4739] set_clock_groups:No valid object(s) found for '-group [get_clocks -include_generated_clocks clk_fpga_0]'. [/home/vedaant/school_files/spring2026/ECE554/linien_554/gateware/build/top.xdc:368]
Resolution: Check if the specified object(s) exists in the current design. If it does, ensure that the correct design hierarchy was specified for the object. If you are working with clocks, make sure create_clock was used to create the clock object before it is referenced.
CRITICAL WARNING: [Vivado 12-4739] set_clock_groups:No valid object(s) found for '-group '. [/home/vedaant/school_files/spring2026/ECE554/linien_554/gateware/build/top.xdc:368]
Resolution: Check if the specified object(s) exists in the current design. If it does, ensure that the correct design hierarchy was specified for the object. If you are working with clocks, make sure create_clock was used to create the clock object before it is referenced.
CRITICAL WARNING: [Constraints 18-4644] set_clock_groups: All clock groups specified are empty. Please specify atleast one clock group which is not empty. [/home/vedaant/school_files/spring2026/ECE554/linien_554/gateware/build/top.xdc:368]
WARNING: [Vivado 12-180] No cells matched 'get_cells -filter {ars_ff1 == TRUE || ars_ff2 == TRUE}'. [/home/vedaant/school_files/spring2026/ECE554/linien_554/gateware/build/top.xdc:374]
WARNING: [Vivado 12-508] No pins matched 'get_pins -filter {REF_PIN_NAME == PRE} -of [get_cells -filter {ars_ff1 == TRUE || ars_ff2 == TRUE}]'. [/home/vedaant/school_files/spring2026/ECE554/linien_554/gateware/build/top.xdc:374]
WARNING: [Vivado 12-180] No cells matched 'get_cells -filter {ars_ff1 == TRUE}'. [/home/vedaant/school_files/spring2026/ECE554/linien_554/gateware/build/top.xdc:376]
WARNING: [Vivado 12-508] No pins matched 'get_pins -filter {REF_PIN_NAME == Q} -of [get_cells -filter {ars_ff1 == TRUE}]'. [/home/vedaant/school_files/spring2026/ECE554/linien_554/gateware/build/top.xdc:376]
WARNING: [Vivado 12-180] No cells matched 'get_cells -filter {ars_ff2 == TRUE}'. [/home/vedaant/school_files/spring2026/ECE554/linien_554/gateware/build/top.xdc:376]
WARNING: [Vivado 12-508] No pins matched 'get_pins -filter {REF_PIN_NAME == D} -of [get_cells -filter {ars_ff2 == TRUE}]'. [/home/vedaant/school_files/spring2026/ECE554/linien_554/gateware/build/top.xdc:376]
Finished Parsing XDC File [/home/vedaant/school_files/spring2026/ECE554/linien_554/gateware/build/top.xdc]
Parsing XDC File [/home/vedaant/school_files/spring2026/ECE554/linien_554/gateware/verilog/system_processing_system7_0_0.xdc] for cell 'system_processing_system7_0_0/inst'
Finished Parsing XDC File [/home/vedaant/school_files/spring2026/ECE554/linien_554/gateware/verilog/system_processing_system7_0_0.xdc] for cell 'system_processing_system7_0_0/inst'
INFO: [Opt 31-138] Pushed 0 inverter(s) to 0 load pin(s).
Netlist sorting complete. Time (s): cpu = 00:00:00 ; elapsed = 00:00:00 . Memory (MB): peak = 3333.258 ; gain = 0.000 ; free physical = 7073 ; free virtual = 30978
INFO: [Project 1-111] Unisim Transformation Summary:
  A total of 19 instances were transformed.
  FD => FDRE: 1 instance 
  IBUFGDS => IBUFDS: 1 instance 
  IOBUF => IOBUF (IBUF, OBUFT): 16 instances
  PLLE2_BASE => PLLE2_ADV: 1 instance 

INFO: [Common 17-83] Releasing license: Synthesis
127 Infos, 61 Warnings, 11 Critical Warnings and 0 Errors encountered.
synth_design completed successfully
synth_design: Time (s): cpu = 00:01:40 ; elapsed = 00:01:38 . Memory (MB): peak = 3333.258 ; gain = 991.152 ; free physical = 7407 ; free virtual = 31312
## opt_design -directive ExploreWithRemap
Command: opt_design -directive ExploreWithRemap
INFO: [Vivado_Tcl 4-136] Directive used for opt_design is: ExploreWithRemap
Attempting to get a license for feature 'Implementation' and/or device 'xc7z010'
INFO: [Common 17-349] Got license for feature 'Implementation' and/or device 'xc7z010'
Running DRC as a precondition to command opt_design

Starting DRC Task
INFO: [DRC 23-27] Running DRC with 8 threads
INFO: [Project 1-461] DRC finished with 0 Errors
INFO: [Project 1-462] Please refer to the DRC report (report_drc) for more information.

Time (s): cpu = 00:00:02 ; elapsed = 00:00:00.78 . Memory (MB): peak = 3397.289 ; gain = 64.031 ; free physical = 7409 ; free virtual = 31315

Starting Cache Timing Information Task
INFO: [Timing 38-35] Done setting XDC timing constraints.
INFO: [Timing 38-2] Deriving generated clocks
Ending Cache Timing Information Task | Checksum: 56253443

Time (s): cpu = 00:00:03 ; elapsed = 00:00:00.86 . Memory (MB): peak = 3397.289 ; gain = 0.000 ; free physical = 7413 ; free virtual = 31318

Starting Logic Optimization Task

Phase 1 Retarget
INFO: [Opt 31-138] Pushed 17 inverter(s) to 17 load pin(s).
INFO: [Opt 31-49] Retargeted 0 cell(s).
Phase 1 Retarget | Checksum: 1956d5c5a

Time (s): cpu = 00:00:03 ; elapsed = 00:00:01 . Memory (MB): peak = 3397.289 ; gain = 0.000 ; free physical = 7295 ; free virtual = 31215
INFO: [Opt 31-389] Phase Retarget created 41 cells and removed 238 cells
INFO: [Opt 31-1021] In phase Retarget, 16 netlist objects are constrained preventing optimization. Please run opt_design with -debug_log to get more detail. 

Phase 2 Constant propagation
INFO: [Opt 31-138] Pushed 0 inverter(s) to 0 load pin(s).
Phase 2 Constant propagation | Checksum: d184bd74

Time (s): cpu = 00:00:03 ; elapsed = 00:00:02 . Memory (MB): peak = 3397.289 ; gain = 0.000 ; free physical = 7289 ; free virtual = 31211
INFO: [Opt 31-389] Phase Constant propagation created 279 cells and removed 478 cells

Phase 3 BUFG optimization
Phase 3 BUFG optimization | Checksum: 12c0710da

Time (s): cpu = 00:00:04 ; elapsed = 00:00:02 . Memory (MB): peak = 3397.289 ; gain = 0.000 ; free physical = 7224 ; free virtual = 31178
INFO: [Opt 31-662] Phase BUFG optimization created 0 cells of which 0 are BUFGs and removed 3 cells.

Phase 4 Shift Register Optimization
INFO: [Opt 31-1064] SRL Remap converted 0 SRLs to 0 registers and converted 0 registers of register chains to 0 SRLs
Phase 4 Shift Register Optimization | Checksum: 12c0710da

Time (s): cpu = 00:00:04 ; elapsed = 00:00:03 . Memory (MB): peak = 3397.289 ; gain = 0.000 ; free physical = 7230 ; free virtual = 31184
INFO: [Opt 31-389] Phase Shift Register Optimization created 0 cells and removed 0 cells

Phase 5 Sweep
Phase 5 Sweep | Checksum: 12dedbec1

Time (s): cpu = 00:00:06 ; elapsed = 00:00:05 . Memory (MB): peak = 3397.289 ; gain = 0.000 ; free physical = 7260 ; free virtual = 31194
INFO: [Opt 31-389] Phase Sweep created 5 cells and removed 3 cells
INFO: [Opt 31-1021] In phase Sweep, 64 netlist objects are constrained preventing optimization. Please run opt_design with -debug_log to get more detail. 

Phase 6 Constant propagation
INFO: [Opt 31-138] Pushed 0 inverter(s) to 0 load pin(s).
Phase 6 Constant propagation | Checksum: 12dedbec1

Time (s): cpu = 00:00:06 ; elapsed = 00:00:05 . Memory (MB): peak = 3397.289 ; gain = 0.000 ; free physical = 7232 ; free virtual = 31197
INFO: [Opt 31-389] Phase Constant propagation created 0 cells and removed 0 cells

Phase 7 Sweep
Phase 7 Sweep | Checksum: 12dedbec1

Time (s): cpu = 00:00:06 ; elapsed = 00:00:05 . Memory (MB): peak = 3397.289 ; gain = 0.000 ; free physical = 7232 ; free virtual = 31195
INFO: [Opt 31-389] Phase Sweep created 0 cells and removed 0 cells
INFO: [Opt 31-1021] In phase Sweep, 64 netlist objects are constrained preventing optimization. Please run opt_design with -debug_log to get more detail. 

Phase 8 Remap
Phase 8 Remap | Checksum: f546a8fe

Time (s): cpu = 00:00:10 ; elapsed = 00:00:09 . Memory (MB): peak = 3397.289 ; gain = 0.000 ; free physical = 7240 ; free virtual = 31183
INFO: [Opt 31-389] Phase Remap created 297 cells and removed 260 cells
INFO: [Opt 31-1021] In phase Remap, 7 netlist objects are constrained preventing optimization. Please run opt_design with -debug_log to get more detail. 

Phase 9 Post Processing Netlist
Phase 9 Post Processing Netlist | Checksum: 1415f917f

Time (s): cpu = 00:00:10 ; elapsed = 00:00:09 . Memory (MB): peak = 3397.289 ; gain = 0.000 ; free physical = 7232 ; free virtual = 31185
INFO: [Opt 31-389] Phase Post Processing Netlist created 0 cells and removed 0 cells
Opt_design Change Summary
=========================


-------------------------------------------------------------------------------------------------------------------------
|  Phase                        |  #Cells created  |  #Cells Removed  |  #Constrained objects preventing optimizations  |
-------------------------------------------------------------------------------------------------------------------------
|  Retarget                     |              41  |             238  |                                             16  |
|  Constant propagation         |             279  |             478  |                                              0  |
|  BUFG optimization            |               0  |               3  |                                              0  |
|  Shift Register Optimization  |               0  |               0  |                                              0  |
|  Sweep                        |               5  |               3  |                                             64  |
|  Constant propagation         |               0  |               0  |                                              0  |
|  Sweep                        |               0  |               0  |                                             64  |
|  Remap                        |             297  |             260  |                                              7  |
|  Post Processing Netlist      |               0  |               0  |                                              0  |
-------------------------------------------------------------------------------------------------------------------------



Starting Connectivity Check Task

Time (s): cpu = 00:00:00.04 ; elapsed = 00:00:00.04 . Memory (MB): peak = 3397.289 ; gain = 0.000 ; free physical = 7239 ; free virtual = 31192
Ending Logic Optimization Task | Checksum: 7d1e5a56

Time (s): cpu = 00:00:11 ; elapsed = 00:00:10 . Memory (MB): peak = 3397.289 ; gain = 0.000 ; free physical = 7239 ; free virtual = 31192

Starting Power Optimization Task
INFO: [Pwropt 34-132] Skipping clock gating for clocks with a period < 2.00 ns.
INFO: [Power 33-23] Power model is not available for DNA_PORT
INFO: [Timing 38-35] Done setting XDC timing constraints.
INFO: [Pwropt 34-9] Applying IDT optimizations ...
INFO: [Pwropt 34-10] Applying ODC optimizations ...
Running Vector-less Activity Propagation...

Finished Running Vector-less Activity Propagation


Starting PowerOpt Patch Enables Task
INFO: [Pwropt 34-162] WRITE_MODE attribute of 0 BRAM(s) out of a total of 31 has been updated to save power. Run report_power_opt to get a complete listing of the BRAMs updated.
INFO: [Pwropt 34-201] Structural ODC has moved 0 WE to EN ports
Number of BRAM Ports augmented: 28 newly gated: 3 Total Ports: 62
Ending PowerOpt Patch Enables Task | Checksum: 1b0f52988

Time (s): cpu = 00:00:00.14 ; elapsed = 00:00:00.13 . Memory (MB): peak = 3477.328 ; gain = 0.000 ; free physical = 7253 ; free virtual = 31229
Ending Power Optimization Task | Checksum: 1b0f52988

Time (s): cpu = 00:00:10 ; elapsed = 00:00:03 . Memory (MB): peak = 3477.328 ; gain = 80.039 ; free physical = 7267 ; free virtual = 31244

Starting Final Cleanup Task
Ending Final Cleanup Task | Checksum: 1b0f52988

Time (s): cpu = 00:00:00 ; elapsed = 00:00:00 . Memory (MB): peak = 3477.328 ; gain = 0.000 ; free physical = 7267 ; free virtual = 31244

Starting Netlist Obfuscation Task
Netlist sorting complete. Time (s): cpu = 00:00:00.01 ; elapsed = 00:00:00.02 . Memory (MB): peak = 3477.328 ; gain = 0.000 ; free physical = 7267 ; free virtual = 31244
Ending Netlist Obfuscation Task | Checksum: 1b428ae50

Time (s): cpu = 00:00:00.01 ; elapsed = 00:00:00.02 . Memory (MB): peak = 3477.328 ; gain = 0.000 ; free physical = 7267 ; free virtual = 31244
INFO: [Common 17-83] Releasing license: Implementation
33 Infos, 0 Warnings, 0 Critical Warnings and 0 Errors encountered.
opt_design completed successfully
opt_design: Time (s): cpu = 00:00:27 ; elapsed = 00:00:16 . Memory (MB): peak = 3477.328 ; gain = 144.070 ; free physical = 7267 ; free virtual = 31244
## report_timing_summary -file top_timing_synth.rpt
INFO: [Timing 38-35] Done setting XDC timing constraints.
INFO: [Timing 38-91] UpdateTimingParams: Speed grade: -1, Delay Type: min_max.
INFO: [Timing 38-191] Multithreading enabled for timing update using a maximum of 8 CPUs
## report_utilization -hierarchical -file top_utilization_hierarchical_synth.rpt
## report_utilization -file top_utilization_synth.rpt
## opt_design
Command: opt_design
Attempting to get a license for feature 'Implementation' and/or device 'xc7z010'
INFO: [Common 17-349] Got license for feature 'Implementation' and/or device 'xc7z010'
Running DRC as a precondition to command opt_design

Starting DRC Task
INFO: [DRC 23-27] Running DRC with 8 threads
INFO: [Project 1-461] DRC finished with 0 Errors
INFO: [Project 1-462] Please refer to the DRC report (report_drc) for more information.

Time (s): cpu = 00:00:01 ; elapsed = 00:00:00.58 . Memory (MB): peak = 3477.328 ; gain = 0.000 ; free physical = 7270 ; free virtual = 31247

Starting Cache Timing Information Task
Ending Cache Timing Information Task | Checksum: 1b428ae50

Time (s): cpu = 00:00:00.01 ; elapsed = 00:00:00 . Memory (MB): peak = 3477.328 ; gain = 0.000 ; free physical = 7270 ; free virtual = 31247

Starting Logic Optimization Task

Phase 1 Retarget
INFO: [Opt 31-138] Pushed 0 inverter(s) to 0 load pin(s).
INFO: [Opt 31-49] Retargeted 0 cell(s).
Phase 1 Retarget | Checksum: 1b428ae50

Time (s): cpu = 00:00:02 ; elapsed = 00:00:00.68 . Memory (MB): peak = 3477.328 ; gain = 0.000 ; free physical = 7192 ; free virtual = 31169
INFO: [Opt 31-389] Phase Retarget created 0 cells and removed 0 cells
INFO: [Opt 31-1021] In phase Retarget, 16 netlist objects are constrained preventing optimization. Please run opt_design with -debug_log to get more detail. 

Phase 2 Constant propagation
INFO: [Opt 31-138] Pushed 0 inverter(s) to 0 load pin(s).
Phase 2 Constant propagation | Checksum: 1b428ae50

Time (s): cpu = 00:00:02 ; elapsed = 00:00:00.85 . Memory (MB): peak = 3477.328 ; gain = 0.000 ; free physical = 7193 ; free virtual = 31170
INFO: [Opt 31-389] Phase Constant propagation created 0 cells and removed 0 cells

Phase 3 Sweep
Phase 3 Sweep | Checksum: 1b17de3fb

Time (s): cpu = 00:00:02 ; elapsed = 00:00:01 . Memory (MB): peak = 3477.328 ; gain = 0.000 ; free physical = 7193 ; free virtual = 31170
INFO: [Opt 31-389] Phase Sweep created 0 cells and removed 0 cells
INFO: [Opt 31-1021] In phase Sweep, 64 netlist objects are constrained preventing optimization. Please run opt_design with -debug_log to get more detail. 

Phase 4 BUFG optimization
Phase 4 BUFG optimization | Checksum: 1b17de3fb

Time (s): cpu = 00:00:03 ; elapsed = 00:00:02 . Memory (MB): peak = 3477.328 ; gain = 0.000 ; free physical = 7193 ; free virtual = 31170
INFO: [Opt 31-662] Phase BUFG optimization created 0 cells of which 0 are BUFGs and removed 0 cells.

Phase 5 Shift Register Optimization
INFO: [Opt 31-1064] SRL Remap converted 0 SRLs to 0 registers and converted 0 registers of register chains to 0 SRLs
Phase 5 Shift Register Optimization | Checksum: 1b17de3fb

Time (s): cpu = 00:00:03 ; elapsed = 00:00:02 . Memory (MB): peak = 3477.328 ; gain = 0.000 ; free physical = 7193 ; free virtual = 31170
INFO: [Opt 31-389] Phase Shift Register Optimization created 0 cells and removed 0 cells

Phase 6 Post Processing Netlist
Phase 6 Post Processing Netlist | Checksum: 1b17de3fb

Time (s): cpu = 00:00:03 ; elapsed = 00:00:02 . Memory (MB): peak = 3477.328 ; gain = 0.000 ; free physical = 7193 ; free virtual = 31170
INFO: [Opt 31-389] Phase Post Processing Netlist created 0 cells and removed 0 cells
Opt_design Change Summary
=========================


-------------------------------------------------------------------------------------------------------------------------
|  Phase                        |  #Cells created  |  #Cells Removed  |  #Constrained objects preventing optimizations  |
-------------------------------------------------------------------------------------------------------------------------
|  Retarget                     |               0  |               0  |                                             16  |
|  Constant propagation         |               0  |               0  |                                              0  |
|  Sweep                        |               0  |               0  |                                             64  |
|  BUFG optimization            |               0  |               0  |                                              0  |
|  Shift Register Optimization  |               0  |               0  |                                              0  |
|  Post Processing Netlist      |               0  |               0  |                                              0  |
-------------------------------------------------------------------------------------------------------------------------



Starting Connectivity Check Task

Time (s): cpu = 00:00:00.09 ; elapsed = 00:00:00.03 . Memory (MB): peak = 3477.328 ; gain = 0.000 ; free physical = 7193 ; free virtual = 31170
Ending Logic Optimization Task | Checksum: 1997080d5

Time (s): cpu = 00:00:03 ; elapsed = 00:00:02 . Memory (MB): peak = 3477.328 ; gain = 0.000 ; free physical = 7193 ; free virtual = 31170

Starting Power Optimization Task
INFO: [Pwropt 34-132] Skipping clock gating for clocks with a period < 2.00 ns.
INFO: [Power 33-23] Power model is not available for DNA_PORT
INFO: [Pwropt 34-9] Applying IDT optimizations ...
INFO: [Pwropt 34-10] Applying ODC optimizations ...
INFO: [Timing 38-35] Done setting XDC timing constraints.
Running Vector-less Activity Propagation...

Finished Running Vector-less Activity Propagation


Starting PowerOpt Patch Enables Task
INFO: [Pwropt 34-162] WRITE_MODE attribute of 0 BRAM(s) out of a total of 31 has been updated to save power. Run report_power_opt to get a complete listing of the BRAMs updated.
INFO: [Pwropt 34-201] Structural ODC has moved 0 WE to EN ports
Number of BRAM Ports augmented: 0 newly gated: 1 Total Ports: 62
Number of Flops added for Enable Generation: 3

Ending PowerOpt Patch Enables Task | Checksum: 7d90f4ec

Time (s): cpu = 00:00:00.13 ; elapsed = 00:00:00.13 . Memory (MB): peak = 3488.371 ; gain = 0.000 ; free physical = 7357 ; free virtual = 31335
Ending Power Optimization Task | Checksum: 7d90f4ec

Time (s): cpu = 00:00:09 ; elapsed = 00:00:03 . Memory (MB): peak = 3488.371 ; gain = 11.043 ; free physical = 7367 ; free virtual = 31344

Starting Final Cleanup Task

Starting Logic Optimization Task
INFO: [Timing 38-35] Done setting XDC timing constraints.
Ending Logic Optimization Task | Checksum: 14de977fc

Time (s): cpu = 00:00:05 ; elapsed = 00:00:02 . Memory (MB): peak = 3488.371 ; gain = 0.000 ; free physical = 7298 ; free virtual = 31275
Ending Final Cleanup Task | Checksum: 14de977fc

Time (s): cpu = 00:00:06 ; elapsed = 00:00:03 . Memory (MB): peak = 3488.371 ; gain = 0.000 ; free physical = 7397 ; free virtual = 31374

Starting Netlist Obfuscation Task
Netlist sorting complete. Time (s): cpu = 00:00:00.01 ; elapsed = 00:00:00 . Memory (MB): peak = 3488.371 ; gain = 0.000 ; free physical = 7397 ; free virtual = 31374
Ending Netlist Obfuscation Task | Checksum: 14de977fc

Time (s): cpu = 00:00:00.01 ; elapsed = 00:00:00 . Memory (MB): peak = 3488.371 ; gain = 0.000 ; free physical = 7397 ; free virtual = 31374
INFO: [Common 17-83] Releasing license: Implementation
25 Infos, 0 Warnings, 0 Critical Warnings and 0 Errors encountered.
opt_design completed successfully
opt_design: Time (s): cpu = 00:00:20 ; elapsed = 00:00:09 . Memory (MB): peak = 3488.371 ; gain = 11.043 ; free physical = 7397 ; free virtual = 31374
## place_design
Command: place_design
Attempting to get a license for feature 'Implementation' and/or device 'xc7z010'
INFO: [Common 17-349] Got license for feature 'Implementation' and/or device 'xc7z010'
INFO: [Timing 38-35] Done setting XDC timing constraints.
INFO: [DRC 23-27] Running DRC with 8 threads
INFO: [Vivado_Tcl 4-198] DRC finished with 0 Errors
INFO: [Vivado_Tcl 4-199] Please refer to the DRC report (report_drc) for more information.
Running DRC as a precondition to command place_design
INFO: [DRC 23-27] Running DRC with 8 threads
INFO: [Vivado_Tcl 4-198] DRC finished with 0 Errors
INFO: [Vivado_Tcl 4-199] Please refer to the DRC report (report_drc) for more information.

Starting Placer Task
INFO: [Place 30-611] Multithreading enabled for place_design using a maximum of 8 CPUs

Phase 1 Placer Initialization

Phase 1.1 Placer Initialization Netlist Sorting
Netlist sorting complete. Time (s): cpu = 00:00:00 ; elapsed = 00:00:00.01 . Memory (MB): peak = 3488.371 ; gain = 0.000 ; free physical = 7344 ; free virtual = 31322
Phase 1.1 Placer Initialization Netlist Sorting | Checksum: 57c71c67

Time (s): cpu = 00:00:00.01 ; elapsed = 00:00:00.01 . Memory (MB): peak = 3488.371 ; gain = 0.000 ; free physical = 7344 ; free virtual = 31322
Netlist sorting complete. Time (s): cpu = 00:00:00 ; elapsed = 00:00:00 . Memory (MB): peak = 3488.371 ; gain = 0.000 ; free physical = 7344 ; free virtual = 31322

Phase 1.2 IO Placement/ Clock Placement/ Build Placer Device
Phase 1.2 IO Placement/ Clock Placement/ Build Placer Device | Checksum: c77e2450

Time (s): cpu = 00:00:02 ; elapsed = 00:00:01 . Memory (MB): peak = 3488.371 ; gain = 0.000 ; free physical = 7379 ; free virtual = 31360

Phase 1.3 Build Placer Netlist Model
Phase 1.3 Build Placer Netlist Model | Checksum: d6d10043

Time (s): cpu = 00:00:11 ; elapsed = 00:00:04 . Memory (MB): peak = 3488.371 ; gain = 0.000 ; free physical = 7346 ; free virtual = 31315

Phase 1.4 Constrain Clocks/Macros
Phase 1.4 Constrain Clocks/Macros | Checksum: d6d10043

Time (s): cpu = 00:00:11 ; elapsed = 00:00:04 . Memory (MB): peak = 3488.371 ; gain = 0.000 ; free physical = 7338 ; free virtual = 31315
Phase 1 Placer Initialization | Checksum: d6d10043

Time (s): cpu = 00:00:11 ; elapsed = 00:00:04 . Memory (MB): peak = 3488.371 ; gain = 0.000 ; free physical = 7334 ; free virtual = 31317

Phase 2 Global Placement

Phase 2.1 Floorplanning
Phase 2.1 Floorplanning | Checksum: 1812c9715

Time (s): cpu = 00:00:15 ; elapsed = 00:00:05 . Memory (MB): peak = 3488.371 ; gain = 0.000 ; free physical = 7313 ; free virtual = 31297

Phase 2.2 Update Timing before SLR Path Opt
Phase 2.2 Update Timing before SLR Path Opt | Checksum: 1143e2d2a

Time (s): cpu = 00:00:17 ; elapsed = 00:00:05 . Memory (MB): peak = 3488.371 ; gain = 0.000 ; free physical = 7312 ; free virtual = 31295

Phase 2.3 Global Placement Core

Phase 2.3.1 Physical Synthesis In Placer
INFO: [Physopt 32-1035] Found 543 LUTNM shape to break, 157 LUT instances to create LUTNM shape
INFO: [Physopt 32-1044] Break lutnm for timing: one critical 35, two critical 508, total 0, new lutff created 0
INFO: [Physopt 32-775] End 1 Pass. Optimized 59 nets or cells. Created 0 new cell, deleted 59 existing cells and moved 0 existing cell
INFO: [Physopt 32-76] Pass 1. Identified 1 candidate net for fanout optimization.
INFO: [Physopt 32-81] Processed net dac_rst_OBUF. Replicated 64 times.
INFO: [Physopt 32-232] Optimized 1 net. Created 64 new instances.
INFO: [Physopt 32-775] End 1 Pass. Optimized 1 net or cell. Created 64 new cells, deleted 0 existing cell and moved 0 existing cell
Netlist sorting complete. Time (s): cpu = 00:00:00.19 ; elapsed = 00:00:00.20 . Memory (MB): peak = 3488.371 ; gain = 0.000 ; free physical = 7266 ; free virtual = 31253
INFO: [Physopt 32-64] No nets found for fanout-optimization.
INFO: [Physopt 32-232] Optimized 0 net. Created 0 new instance.
INFO: [Physopt 32-775] End 1 Pass. Optimized 0 net or cell. Created 0 new cell, deleted 0 existing cell and moved 0 existing cell
INFO: [Physopt 32-117] Net linienmodule_raw_acquisition_iir_z20__0_i_1_n_0 could not be optimized because driver linienmodule_raw_acquisition_iir_z20__0_i_1 could not be replicated
INFO: [Physopt 32-117] Net linienmodule_raw_acquisition_iir_z30__0_i_1_n_0 could not be optimized because driver linienmodule_raw_acquisition_iir_z30__0_i_1 could not be replicated
INFO: [Physopt 32-117] Net linienmodule_limit_error_signal_limit_y[21] could not be optimized because driver linienmodule_raw_acquisition_iir_z40__0_i_5 could not be replicated
INFO: [Physopt 32-117] Net linienmodule_limit_error_signal_limit_y[23] could not be optimized because driver linienmodule_raw_acquisition_iir_z40__0_i_3 could not be replicated
INFO: [Physopt 32-117] Net linienmodule_limit_error_signal_limit_y[22] could not be optimized because driver linienmodule_raw_acquisition_iir_z40__0_i_4 could not be replicated
INFO: [Physopt 32-117] Net linienmodule_limit_error_signal_limit_y[16] could not be optimized because driver linienmodule_raw_acquisition_iir_z50_i_1 could not be replicated
INFO: [Physopt 32-117] Net linienmodule_limit_error_signal_limit_y[17] could not be optimized because driver linienmodule_raw_acquisition_iir_z40__0_i_9 could not be replicated
INFO: [Physopt 32-117] Net linienmodule_limit_error_signal_limit_y[19] could not be optimized because driver linienmodule_raw_acquisition_iir_z40__0_i_7 could not be replicated
INFO: [Physopt 32-117] Net linienmodule_limit_error_signal_limit_y[0] could not be optimized because driver linienmodule_raw_acquisition_iir_z50_i_17 could not be replicated
INFO: [Physopt 32-117] Net linienmodule_limit_error_signal_limit_y[2] could not be optimized because driver linienmodule_raw_acquisition_iir_z50_i_15 could not be replicated
INFO: [Physopt 32-117] Net linienmodule_limit_error_signal_limit_y[14] could not be optimized because driver linienmodule_raw_acquisition_iir_z50_i_3 could not be replicated
INFO: [Physopt 32-117] Net linienmodule_limit_error_signal_limit_y[18] could not be optimized because driver linienmodule_raw_acquisition_iir_z40__0_i_8 could not be replicated
INFO: [Physopt 32-117] Net linienmodule_limit_error_signal_limit_y[9] could not be optimized because driver linienmodule_raw_acquisition_iir_z50_i_8 could not be replicated
INFO: [Physopt 32-117] Net linienmodule_limit_error_signal_limit_y[12] could not be optimized because driver linienmodule_raw_acquisition_iir_z50_i_5 could not be replicated
INFO: [Physopt 32-117] Net linienmodule_limit_error_signal_limit_y[20] could not be optimized because driver linienmodule_raw_acquisition_iir_z40__0_i_6 could not be replicated
INFO: [Physopt 32-117] Net linienmodule_limit_error_signal_limit_y[15] could not be optimized because driver linienmodule_raw_acquisition_iir_z50_i_2 could not be replicated
INFO: [Physopt 32-117] Net linienmodule_limit_error_signal_limit_y[13] could not be optimized because driver linienmodule_raw_acquisition_iir_z50_i_4 could not be replicated
INFO: [Physopt 32-117] Net linienmodule_limit_error_signal_limit_y[4] could not be optimized because driver linienmodule_raw_acquisition_iir_z50_i_13 could not be replicated
INFO: [Physopt 32-117] Net linienmodule_limit_error_signal_limit_y[10] could not be optimized because driver linienmodule_raw_acquisition_iir_z50_i_7 could not be replicated
INFO: [Physopt 32-117] Net linienmodule_limit_error_signal_limit_y[6] could not be optimized because driver linienmodule_raw_acquisition_iir_z50_i_11 could not be replicated
INFO: [Physopt 32-117] Net linienmodule_limit_error_signal_limit_y[7] could not be optimized because driver linienmodule_raw_acquisition_iir_z50_i_10 could not be replicated
INFO: [Physopt 32-117] Net linienmodule_raw_acquisition_iir_z40__0_i_2_n_0 could not be optimized because driver linienmodule_raw_acquisition_iir_z40__0_i_2 could not be replicated
INFO: [Physopt 32-117] Net linienmodule_limit_error_signal_limit_y[3] could not be optimized because driver linienmodule_raw_acquisition_iir_z50_i_14 could not be replicated
INFO: [Physopt 32-117] Net linienmodule_limit_error_signal_limit_y[5] could not be optimized because driver linienmodule_raw_acquisition_iir_z50_i_12 could not be replicated
INFO: [Physopt 32-117] Net linienmodule_limit_error_signal_limit_y[1] could not be optimized because driver linienmodule_raw_acquisition_iir_z50_i_16 could not be replicated
INFO: [Physopt 32-117] Net linienmodule_limit_error_signal_limit_y[8] could not be optimized because driver linienmodule_raw_acquisition_iir_z50_i_9 could not be replicated
INFO: [Physopt 32-117] Net linienmodule_limit_error_signal_limit_y[11] could not be optimized because driver linienmodule_raw_acquisition_iir_z50_i_6 could not be replicated
INFO: [Physopt 32-117] Net linienmodule_pid_error[25] could not be optimized because driver p_1_out_i_1 could not be replicated
INFO: [Physopt 32-117] Net linienmodule_pid_error[19] could not be optimized because driver p_1_out_i_7 could not be replicated
INFO: [Physopt 32-117] Net linienmodule_pid_error[23] could not be optimized because driver p_1_out_i_3 could not be replicated
INFO: [Physopt 32-117] Net linienmodule_pid_error[20] could not be optimized because driver p_1_out_i_6 could not be replicated
INFO: [Physopt 32-117] Net linienmodule_pid_error[18] could not be optimized because driver p_1_out_i_8 could not be replicated
INFO: [Physopt 32-117] Net linienmodule_pid_error[24] could not be optimized because driver p_1_out_i_2 could not be replicated
INFO: [Physopt 32-117] Net linienmodule_pid_error[21] could not be optimized because driver p_1_out_i_5 could not be replicated
INFO: [Physopt 32-117] Net linienmodule_pid_error[22] could not be optimized because driver p_1_out_i_4 could not be replicated
INFO: [Physopt 32-117] Net linienmodule_pid_error[17] could not be optimized because driver p_1_out_i_9 could not be replicated
INFO: [Physopt 32-117] Net linienmodule_pid_error[15] could not be optimized because driver p_1_out_i_11 could not be replicated
INFO: [Physopt 32-117] Net linienmodule_pid_error[13] could not be optimized because driver p_1_out_i_13 could not be replicated
INFO: [Physopt 32-117] Net linienmodule_pid_error[16] could not be optimized because driver p_1_out_i_10 could not be replicated
INFO: [Physopt 32-117] Net linienmodule_pid_error[11] could not be optimized because driver p_1_out_i_15 could not be replicated
INFO: [Physopt 32-117] Net linienmodule_pid_error[14] could not be optimized because driver p_1_out_i_12 could not be replicated
INFO: [Physopt 32-117] Net linienmodule_pid_error[12] could not be optimized because driver p_1_out_i_14 could not be replicated
INFO: [Physopt 32-117] Net linienmodule_pid_error[9] could not be optimized because driver p_1_out_i_17 could not be replicated
INFO: [Physopt 32-117] Net linienmodule_pid_error[8] could not be optimized because driver p_1_out_i_18 could not be replicated
INFO: [Physopt 32-117] Net linienmodule_pid_error[7] could not be optimized because driver p_1_out_i_19 could not be replicated
INFO: [Physopt 32-117] Net linienmodule_pid_error[10] could not be optimized because driver p_1_out_i_16 could not be replicated
INFO: [Physopt 32-117] Net linienmodule_pid_error[5] could not be optimized because driver p_1_out_i_21 could not be replicated
INFO: [Physopt 32-117] Net linienmodule_pid_error[6] could not be optimized because driver p_1_out_i_20 could not be replicated
INFO: [Physopt 32-117] Net linienmodule_pid_error[4] could not be optimized because driver p_1_out_i_22 could not be replicated
INFO: [Physopt 32-117] Net linienmodule_pid_error[3] could not be optimized because driver p_1_out_i_23 could not be replicated
INFO: [Physopt 32-117] Net linienmodule_pid_error[2] could not be optimized because driver p_1_out_i_24 could not be replicated
INFO: [Physopt 32-117] Net linienmodule_pid_error[1] could not be optimized because driver p_1_out_i_25 could not be replicated
INFO: [Physopt 32-117] Net linienmodule_pid_error[0] could not be optimized because driver p_1_out_i_26 could not be replicated
INFO: [Physopt 32-117] Net linienmodule_fast_a_iir1_y2[24]_i_1_n_0 could not be optimized because driver linienmodule_fast_a_iir1_y2[24]_i_1 could not be replicated
INFO: [Physopt 32-117] Net linienmodule_fast_a_iir0_y2[24]_i_1_n_0 could not be optimized because driver linienmodule_fast_a_iir0_y2[24]_i_1 could not be replicated
INFO: [Physopt 32-117] Net linienmodule_fast_a_limitcsr1_limit_y0[24] could not be optimized because driver linienmodule_fast_a_iir1_z10__0_i_1 could not be replicated
INFO: [Physopt 32-117] Net linienmodule_fast_a_limitcsr0_limit_y0[17] could not be optimized because driver linienmodule_fast_a_iir0_z10__0_i_8 could not be replicated
INFO: [Physopt 32-117] Net linienmodule_fast_a_limitcsr0_limit_y0[23] could not be optimized because driver linienmodule_fast_a_iir0_z10__0_i_2 could not be replicated
INFO: [Physopt 32-117] Net linienmodule_fast_a_limitcsr0_limit_y0[20] could not be optimized because driver linienmodule_fast_a_iir0_z10__0_i_5 could not be replicated
INFO: [Physopt 32-117] Net linienmodule_fast_a_limitcsr0_limit_y0[18] could not be optimized because driver linienmodule_fast_a_iir0_z10__0_i_7 could not be replicated
INFO: [Physopt 32-117] Net linienmodule_fast_a_limitcsr0_limit_y0[21] could not be optimized because driver linienmodule_fast_a_iir0_z10__0_i_4 could not be replicated
INFO: [Physopt 32-117] Net linienmodule_fast_a_limitcsr0_limit_y0[24] could not be optimized because driver linienmodule_fast_a_iir0_z10__0_i_1 could not be replicated
INFO: [Physopt 32-117] Net linienmodule_fast_a_limitcsr0_limit_y0[22] could not be optimized because driver linienmodule_fast_a_iir0_z10__0_i_3 could not be replicated
INFO: [Physopt 32-117] Net linienmodule_fast_a_limitcsr0_limit_y0[19] could not be optimized because driver linienmodule_fast_a_iir0_z10__0_i_6 could not be replicated
INFO: [Physopt 32-117] Net linienmodule_fast_a_limitcsr1_limit_y0[17] could not be optimized because driver linienmodule_fast_a_iir1_z10__0_i_8 could not be replicated
INFO: [Physopt 32-117] Net linienmodule_fast_a_limitcsr1_limit_y0[18] could not be optimized because driver linienmodule_fast_a_iir1_z10__0_i_7 could not be replicated
INFO: [Physopt 32-117] Net linienmodule_fast_a_limitcsr1_limit_y0[22] could not be optimized because driver linienmodule_fast_a_iir1_z10__0_i_3 could not be replicated
INFO: [Physopt 32-117] Net linienmodule_fast_a_limitcsr1_limit_y0[19] could not be optimized because driver linienmodule_fast_a_iir1_z10__0_i_6 could not be replicated
INFO: [Physopt 32-117] Net linienmodule_fast_a_limitcsr1_limit_y0[20] could not be optimized because driver linienmodule_fast_a_iir1_z10__0_i_5 could not be replicated
INFO: [Physopt 32-117] Net linienmodule_fast_a_limitcsr1_limit_y0[21] could not be optimized because driver linienmodule_fast_a_iir1_z10__0_i_4 could not be replicated
INFO: [Physopt 32-117] Net linienmodule_fast_a_limitcsr1_limit_y0[23] could not be optimized because driver linienmodule_fast_a_iir1_z10__0_i_2 could not be replicated
INFO: [Physopt 32-117] Net linienmodule_fast_a_limitcsr0_limit_y0[6] could not be optimized because driver linienmodule_fast_a_iir0_z10_i_11 could not be replicated
INFO: [Physopt 32-117] Net linienmodule_fast_a_limitcsr0_limit_y0[1] could not be optimized because driver linienmodule_fast_a_iir0_z10_i_16 could not be replicated
INFO: [Physopt 32-117] Net linienmodule_fast_a_limitcsr0_limit_y0[7] could not be optimized because driver linienmodule_fast_a_iir0_z10_i_10 could not be replicated
INFO: [Physopt 32-117] Net linienmodule_fast_a_limitcsr0_limit_y0[0] could not be optimized because driver linienmodule_fast_a_iir0_z10_i_17 could not be replicated
INFO: [Physopt 32-117] Net linienmodule_fast_a_limitcsr1_limit_y0[4] could not be optimized because driver linienmodule_fast_a_iir1_z10_i_13 could not be replicated
INFO: [Physopt 32-117] Net linienmodule_fast_a_limitcsr0_limit_y0[12] could not be optimized because driver linienmodule_fast_a_iir0_z10_i_5 could not be replicated
INFO: [Physopt 32-117] Net linienmodule_fast_a_limitcsr0_limit_y0[2] could not be optimized because driver linienmodule_fast_a_iir0_z10_i_15 could not be replicated
INFO: [Physopt 32-117] Net linienmodule_fast_a_limitcsr0_limit_y0[8] could not be optimized because driver linienmodule_fast_a_iir0_z10_i_9 could not be replicated
INFO: [Physopt 32-117] Net linienmodule_fast_a_limitcsr0_limit_y0[10] could not be optimized because driver linienmodule_fast_a_iir0_z10_i_7 could not be replicated
INFO: [Physopt 32-117] Net linienmodule_fast_a_limitcsr1_limit_y0[1] could not be optimized because driver linienmodule_fast_a_iir1_z10_i_16 could not be replicated
INFO: [Physopt 32-117] Net linienmodule_fast_a_limitcsr0_limit_y0[15] could not be optimized because driver linienmodule_fast_a_iir0_z10_i_2 could not be replicated
INFO: [Physopt 32-117] Net linienmodule_fast_a_limitcsr0_limit_y0[3] could not be optimized because driver linienmodule_fast_a_iir0_z10_i_14 could not be replicated
INFO: [Physopt 32-117] Net linienmodule_fast_a_limitcsr0_limit_y0[11] could not be optimized because driver linienmodule_fast_a_iir0_z10_i_6 could not be replicated
INFO: [Physopt 32-117] Net linienmodule_fast_a_limitcsr0_limit_y0[4] could not be optimized because driver linienmodule_fast_a_iir0_z10_i_13 could not be replicated
INFO: [Physopt 32-117] Net linienmodule_fast_a_limitcsr0_limit_y0[14] could not be optimized because driver linienmodule_fast_a_iir0_z10_i_3 could not be replicated
INFO: [Physopt 32-117] Net linienmodule_fast_a_limitcsr0_limit_y0[9] could not be optimized because driver linienmodule_fast_a_iir0_z10_i_8 could not be replicated
INFO: [Physopt 32-117] Net linienmodule_fast_a_limitcsr1_limit_y0[7] could not be optimized because driver linienmodule_fast_a_iir1_z10_i_10 could not be replicated
INFO: [Physopt 32-117] Net linienmodule_fast_a_limitcsr0_limit_y0[16] could not be optimized because driver linienmodule_fast_a_iir0_z10_i_1 could not be replicated
INFO: [Physopt 32-117] Net linienmodule_fast_a_limitcsr0_limit_y0[13] could not be optimized because driver linienmodule_fast_a_iir0_z10_i_4 could not be replicated
INFO: [Physopt 32-117] Net linienmodule_fast_a_limitcsr0_limit_y0[5] could not be optimized because driver linienmodule_fast_a_iir0_z10_i_12 could not be replicated
INFO: [Physopt 32-117] Net linienmodule_fast_a_limitcsr1_limit_y0[12] could not be optimized because driver linienmodule_fast_a_iir1_z10_i_5 could not be replicated
INFO: [Physopt 32-117] Net linienmodule_fast_a_limitcsr1_limit_y0[10] could not be optimized because driver linienmodule_fast_a_iir1_z10_i_7 could not be replicated
INFO: [Physopt 32-117] Net linienmodule_fast_a_limitcsr1_limit_y0[9] could not be optimized because driver linienmodule_fast_a_iir1_z10_i_8 could not be replicated
INFO: [Physopt 32-117] Net linienmodule_fast_a_limitcsr1_limit_y0[8] could not be optimized because driver linienmodule_fast_a_iir1_z10_i_9 could not be replicated
INFO: [Physopt 32-117] Net linienmodule_fast_a_limitcsr1_limit_y0[2] could not be optimized because driver linienmodule_fast_a_iir1_z10_i_15 could not be replicated
INFO: [Physopt 32-117] Net linienmodule_fast_a_limitcsr1_limit_y0[5] could not be optimized because driver linienmodule_fast_a_iir1_z10_i_12 could not be replicated
INFO: [Physopt 32-117] Net linienmodule_fast_a_limitcsr1_limit_y0[14] could not be optimized because driver linienmodule_fast_a_iir1_z10_i_3 could not be replicated
INFO: [Physopt 32-117] Net linienmodule_fast_a_limitcsr1_limit_y0[6] could not be optimized because driver linienmodule_fast_a_iir1_z10_i_11 could not be replicated
INFO: [Physopt 32-117] Net linienmodule_fast_a_limitcsr1_limit_y0[15] could not be optimized because driver linienmodule_fast_a_iir1_z10_i_2 could not be replicated
INFO: [Common 17-14] Message 'Physopt 32-117' appears 100 times and further instances of the messages will be disabled. Use the Tcl command set_msg_config to change the current settings.
INFO: [Physopt 32-68] No nets found for critical-cell optimization.
INFO: [Physopt 32-232] Optimized 0 net. Created 0 new instance.
INFO: [Physopt 32-775] End 1 Pass. Optimized 0 net or cell. Created 0 new cell, deleted 0 existing cell and moved 0 existing cell
INFO: [Physopt 32-457] Pass 1. Identified 11 candidate cells for DSP register optimization.
INFO: [Physopt 32-665] Processed cell linienmodule_raw_acquisition_iir_z00__0. 9 registers were pushed out.
INFO: [Physopt 32-665] Processed cell linienmodule_raw_acquisition_iir_z30__0. 9 registers were pushed out.
INFO: [Physopt 32-665] Processed cell linienmodule_raw_acquisition_iir_z10__0. 9 registers were pushed out.
INFO: [Physopt 32-665] Processed cell linienmodule_raw_acquisition_iir_z00. 17 registers were pushed out.
INFO: [Physopt 32-665] Processed cell linienmodule_raw_acquisition_iir_z30. 17 registers were pushed out.
INFO: [Physopt 32-665] Processed cell linienmodule_raw_acquisition_iir_z40__0. 9 registers were pushed out.
INFO: [Physopt 32-665] Processed cell linienmodule_raw_acquisition_iir_z10. 17 registers were pushed out.
INFO: [Physopt 32-665] Processed cell linienmodule_raw_acquisition_iir_z20. 17 registers were pushed out.
INFO: [Physopt 32-665] Processed cell linienmodule_raw_acquisition_iir_z50. 17 registers were pushed out.
INFO: [Physopt 32-665] Processed cell linienmodule_raw_acquisition_iir_z20__0. 9 registers were pushed out.
INFO: [Physopt 32-665] Processed cell linienmodule_raw_acquisition_iir_z40. 17 registers were pushed out.
INFO: [Physopt 32-775] End 2 Pass. Optimized 11 nets or cells. Created 147 new cells, deleted 0 existing cell and moved 0 existing cell
Netlist sorting complete. Time (s): cpu = 00:00:00.15 ; elapsed = 00:00:00.14 . Memory (MB): peak = 3488.371 ; gain = 0.000 ; free physical = 7271 ; free virtual = 31259
INFO: [Physopt 32-1123] No candidate cells found for Shift Register to Pipeline optimization
INFO: [Physopt 32-775] End 1 Pass. Optimized 0 net or cell. Created 0 new cell, deleted 0 existing cell and moved 0 existing cell
INFO: [Physopt 32-677] No candidate cells for Shift Register optimization found in the design
INFO: [Physopt 32-775] End 1 Pass. Optimized 0 net or cell. Created 0 new cell, deleted 0 existing cell and moved 0 existing cell
INFO: [Physopt 32-526] No candidate cells for BRAM register optimization found in the design
INFO: [Physopt 32-775] End 1 Pass. Optimized 0 net or cell. Created 0 new cell, deleted 0 existing cell and moved 0 existing cell
INFO: [Physopt 32-846] No candidate cells for URAM register optimization found in the design
INFO: [Physopt 32-775] End 2 Pass. Optimized 0 net or cell. Created 0 new cell, deleted 0 existing cell and moved 0 existing cell
INFO: [Physopt 32-949] No candidate nets found for dynamic/static region interface net replication
INFO: [Physopt 32-775] End 1 Pass. Optimized 0 net or cell. Created 0 new cell, deleted 0 existing cell and moved 0 existing cell
Netlist sorting complete. Time (s): cpu = 00:00:00 ; elapsed = 00:00:00.01 . Memory (MB): peak = 3488.371 ; gain = 0.000 ; free physical = 7273 ; free virtual = 31261

Summary of Physical Synthesis Optimizations
============================================


-----------------------------------------------------------------------------------------------------------------------------------------------------------
|  Optimization                                     |  Added Cells  |  Removed Cells  |  Optimized Cells/Nets  |  Dont Touch  |  Iterations  |  Elapsed   |
-----------------------------------------------------------------------------------------------------------------------------------------------------------
|  LUT Combining                                    |            0  |             59  |                    59  |           0  |           1  |  00:00:00  |
|  Very High Fanout                                 |           64  |              0  |                     1  |           0  |           1  |  00:00:01  |
|  Fanout                                           |            0  |              0  |                     0  |           0  |           1  |  00:00:00  |
|  Critical Cell                                    |            0  |              0  |                     0  |           0  |           1  |  00:00:00  |
|  DSP Register                                     |          147  |              0  |                    11  |           0  |           1  |  00:00:01  |
|  Shift Register to Pipeline                       |            0  |              0  |                     0  |           0  |           1  |  00:00:00  |
|  Shift Register                                   |            0  |              0  |                     0  |           0  |           1  |  00:00:00  |
|  BRAM Register                                    |            0  |              0  |                     0  |           0  |           1  |  00:00:00  |
|  URAM Register                                    |            0  |              0  |                     0  |           0  |           1  |  00:00:00  |
|  Dynamic/Static Region Interface Net Replication  |            0  |              0  |                     0  |           0  |           1  |  00:00:00  |
|  Total                                            |          211  |             59  |                    71  |           0  |          10  |  00:00:02  |
-----------------------------------------------------------------------------------------------------------------------------------------------------------


Phase 2.3.1 Physical Synthesis In Placer | Checksum: 1a14ddb31

Time (s): cpu = 00:01:04 ; elapsed = 00:00:21 . Memory (MB): peak = 3488.371 ; gain = 0.000 ; free physical = 7274 ; free virtual = 31262
Phase 2.3 Global Placement Core | Checksum: 147b0dbf8

Time (s): cpu = 00:01:06 ; elapsed = 00:00:21 . Memory (MB): peak = 3488.371 ; gain = 0.000 ; free physical = 7275 ; free virtual = 31262
Phase 2 Global Placement | Checksum: 147b0dbf8

Time (s): cpu = 00:01:06 ; elapsed = 00:00:21 . Memory (MB): peak = 3488.371 ; gain = 0.000 ; free physical = 7279 ; free virtual = 31266

Phase 3 Detail Placement

Phase 3.1 Commit Multi Column Macros
Phase 3.1 Commit Multi Column Macros | Checksum: 15b8b8f1d

Time (s): cpu = 00:01:09 ; elapsed = 00:00:22 . Memory (MB): peak = 3488.371 ; gain = 0.000 ; free physical = 7284 ; free virtual = 31272

Phase 3.2 Commit Most Macros & LUTRAMs
Phase 3.2 Commit Most Macros & LUTRAMs | Checksum: 20f7c5fd6

Time (s): cpu = 00:01:15 ; elapsed = 00:00:24 . Memory (MB): peak = 3488.371 ; gain = 0.000 ; free physical = 7295 ; free virtual = 31272

Phase 3.3 Area Swap Optimization
Phase 3.3 Area Swap Optimization | Checksum: 1dfbcbb56

Time (s): cpu = 00:01:15 ; elapsed = 00:00:24 . Memory (MB): peak = 3488.371 ; gain = 0.000 ; free physical = 7283 ; free virtual = 31270

Phase 3.4 Pipeline Register Optimization
Phase 3.4 Pipeline Register Optimization | Checksum: 1e76c62a9

Time (s): cpu = 00:01:16 ; elapsed = 00:00:25 . Memory (MB): peak = 3488.371 ; gain = 0.000 ; free physical = 7284 ; free virtual = 31271

Phase 3.5 Fast Optimization
Phase 3.5 Fast Optimization | Checksum: 13cca8cfa

Time (s): cpu = 00:01:21 ; elapsed = 00:00:26 . Memory (MB): peak = 3488.371 ; gain = 0.000 ; free physical = 7295 ; free virtual = 31273

Phase 3.6 Small Shape Detail Placement
Phase 3.6 Small Shape Detail Placement | Checksum: 208faf213

Time (s): cpu = 00:01:33 ; elapsed = 00:00:37 . Memory (MB): peak = 3488.371 ; gain = 0.000 ; free physical = 7314 ; free virtual = 31291

Phase 3.7 Re-assign LUT pins
Phase 3.7 Re-assign LUT pins | Checksum: 1cebe2fa5

Time (s): cpu = 00:01:33 ; elapsed = 00:00:38 . Memory (MB): peak = 3488.371 ; gain = 0.000 ; free physical = 7302 ; free virtual = 31290

Phase 3.8 Pipeline Register Optimization
Phase 3.8 Pipeline Register Optimization | Checksum: 153df7855

Time (s): cpu = 00:01:33 ; elapsed = 00:00:38 . Memory (MB): peak = 3488.371 ; gain = 0.000 ; free physical = 7302 ; free virtual = 31290

Phase 3.9 Fast Optimization
Phase 3.9 Fast Optimization | Checksum: 18d9db837

Time (s): cpu = 00:01:45 ; elapsed = 00:00:41 . Memory (MB): peak = 3488.371 ; gain = 0.000 ; free physical = 7314 ; free virtual = 31288
Phase 3 Detail Placement | Checksum: 18d9db837

Time (s): cpu = 00:01:45 ; elapsed = 00:00:41 . Memory (MB): peak = 3488.371 ; gain = 0.000 ; free physical = 7302 ; free virtual = 31290

Phase 4 Post Placement Optimization and Clean-Up

Phase 4.1 Post Commit Optimization
INFO: [Timing 38-35] Done setting XDC timing constraints.

Phase 4.1.1 Post Placement Optimization
Post Placement Optimization Initialization | Checksum: 14108af9e

Phase 4.1.1.1 BUFG Insertion

Starting Physical Synthesis Task

Phase 1 Physical Synthesis Initialization
INFO: [Physopt 32-721] Multithreading enabled for phys_opt_design using a maximum of 8 CPUs
INFO: [Physopt 32-619] Estimated Timing Summary | WNS=-7.453 | TNS=-7481.994 |
Phase 1 Physical Synthesis Initialization | Checksum: 14b827479

Time (s): cpu = 00:00:03 ; elapsed = 00:00:00.48 . Memory (MB): peak = 3488.371 ; gain = 0.000 ; free physical = 7293 ; free virtual = 31281
INFO: [Place 46-56] BUFG insertion identified 0 candidate nets. Inserted BUFG: 0, Replicated BUFG Driver: 0, Skipped due to Placement/Routing Conflicts: 0, Skipped due to Timing Degradation: 0, Skipped due to Illegal Netlist: 0.
Ending Physical Synthesis Task | Checksum: 10fc8efbf

Time (s): cpu = 00:00:03 ; elapsed = 00:00:00.54 . Memory (MB): peak = 3488.371 ; gain = 0.000 ; free physical = 7293 ; free virtual = 31281
Phase 4.1.1.1 BUFG Insertion | Checksum: 14108af9e

Time (s): cpu = 00:01:59 ; elapsed = 00:00:45 . Memory (MB): peak = 3488.371 ; gain = 0.000 ; free physical = 7293 ; free virtual = 31281
INFO: [Place 30-746] Post Placement Timing Summary WNS=-7.037. For the most accurate timing information please run report_timing.

Time (s): cpu = 00:02:26 ; elapsed = 00:01:02 . Memory (MB): peak = 3488.371 ; gain = 0.000 ; free physical = 7304 ; free virtual = 31283
Phase 4.1 Post Commit Optimization | Checksum: 130448d69

Time (s): cpu = 00:02:26 ; elapsed = 00:01:03 . Memory (MB): peak = 3488.371 ; gain = 0.000 ; free physical = 7291 ; free virtual = 31281

Phase 4.2 Post Placement Cleanup
Phase 4.2 Post Placement Cleanup | Checksum: 130448d69

Time (s): cpu = 00:02:26 ; elapsed = 00:01:03 . Memory (MB): peak = 3488.371 ; gain = 0.000 ; free physical = 7291 ; free virtual = 31281

Phase 4.3 Placer Reporting

Phase 4.3.1 Print Estimated Congestion
INFO: [Place 30-612] Post-Placement Estimated Congestion 
 ____________________________________________________
|           | Global Congestion | Short Congestion  |
| Direction | Region Size       | Region Size       |
|___________|___________________|___________________|
|      North|                4x4|                4x4|
|___________|___________________|___________________|
|      South|                4x4|                4x4|
|___________|___________________|___________________|
|       East|                4x4|                4x4|
|___________|___________________|___________________|
|       West|                4x4|                4x4|
|___________|___________________|___________________|

Phase 4.3.1 Print Estimated Congestion | Checksum: 130448d69

Time (s): cpu = 00:02:27 ; elapsed = 00:01:03 . Memory (MB): peak = 3488.371 ; gain = 0.000 ; free physical = 7291 ; free virtual = 31281
Phase 4.3 Placer Reporting | Checksum: 130448d69

Time (s): cpu = 00:02:27 ; elapsed = 00:01:03 . Memory (MB): peak = 3488.371 ; gain = 0.000 ; free physical = 7291 ; free virtual = 31281

Phase 4.4 Final Placement Cleanup
Netlist sorting complete. Time (s): cpu = 00:00:00 ; elapsed = 00:00:00 . Memory (MB): peak = 3488.371 ; gain = 0.000 ; free physical = 7291 ; free virtual = 31281

Time (s): cpu = 00:02:27 ; elapsed = 00:01:03 . Memory (MB): peak = 3488.371 ; gain = 0.000 ; free physical = 7291 ; free virtual = 31281
Phase 4 Post Placement Optimization and Clean-Up | Checksum: 1494ce7c2

Time (s): cpu = 00:02:27 ; elapsed = 00:01:03 . Memory (MB): peak = 3488.371 ; gain = 0.000 ; free physical = 7291 ; free virtual = 31281
Ending Placer Task | Checksum: 5fe41054

Time (s): cpu = 00:02:27 ; elapsed = 00:01:03 . Memory (MB): peak = 3488.371 ; gain = 0.000 ; free physical = 7291 ; free virtual = 31281
INFO: [Common 17-83] Releasing license: Implementation
153 Infos, 0 Warnings, 0 Critical Warnings and 0 Errors encountered.
place_design completed successfully
place_design: Time (s): cpu = 00:02:40 ; elapsed = 00:01:06 . Memory (MB): peak = 3488.371 ; gain = 0.000 ; free physical = 7299 ; free virtual = 31290
## phys_opt_design -directive AddRetime
Command: phys_opt_design -directive AddRetime
Attempting to get a license for feature 'Implementation' and/or device 'xc7z010'
INFO: [Common 17-349] Got license for feature 'Implementation' and/or device 'xc7z010'
INFO: [Vivado_Tcl 4-137] Directive used for phys_opt_design is: AddRetime
Netlist sorting complete. Time (s): cpu = 00:00:00 ; elapsed = 00:00:00.01 . Memory (MB): peak = 3488.371 ; gain = 0.000 ; free physical = 7289 ; free virtual = 31269

Starting Physical Synthesis Task

Phase 1 Physical Synthesis Initialization
INFO: [Physopt 32-721] Multithreading enabled for phys_opt_design using a maximum of 8 CPUs
WARNING: [Place 30-34] Design utilization is very high. Please run report_utilization command to see design utilization.
INFO: [Physopt 32-619] Estimated Timing Summary | WNS=-7.037 | TNS=-7266.414 |
Phase 1 Physical Synthesis Initialization | Checksum: 249cdab6b

Time (s): cpu = 00:00:11 ; elapsed = 00:00:02 . Memory (MB): peak = 3488.371 ; gain = 0.000 ; free physical = 7291 ; free virtual = 31283
INFO: [Physopt 32-619] Estimated Timing Summary | WNS=-7.037 | TNS=-7266.414 |

Phase 2 DSP Register Optimization
INFO: [Physopt 32-456] No candidate cells for DSP register optimization found in the design.
INFO: [Physopt 32-775] End 2 Pass. Optimized 0 net or cell. Created 0 new cell, deleted 0 existing cell and moved 0 existing cell
Phase 2 DSP Register Optimization | Checksum: 249cdab6b

Time (s): cpu = 00:00:11 ; elapsed = 00:00:02 . Memory (MB): peak = 3488.371 ; gain = 0.000 ; free physical = 7291 ; free virtual = 31283

Phase 3 Critical Path Optimization
INFO: [Physopt 32-619] Estimated Timing Summary | WNS=-7.037 | TNS=-7266.414 |
INFO: [Physopt 32-702] Processed net linienmodule_raw_acquisition_iir_zr7[49]. Optimizations did not improve timing on the net.
INFO: [Physopt 32-702] Processed net clk_2. Optimizations did not improve timing on the net.
INFO: [Physopt 32-702] Processed net linienmodule_raw_acquisition_iir_zr7_reg[47]_i_1_n_0. Optimizations did not improve timing on the net.
INFO: [Physopt 32-735] Processed net linienmodule_raw_acquisition_iir_zr7[47]_i_5_n_0. Optimization improves timing on the net.
INFO: [Physopt 32-619] Estimated Timing Summary | WNS=-7.037 | TNS=-7266.414 |
INFO: [Physopt 32-702] Processed net linienmodule_raw_acquisition_iir_zr7_reg[43]_i_1_n_0. Optimizations did not improve timing on the net.
INFO: [Physopt 32-735] Processed net linienmodule_raw_acquisition_iir_zr7[43]_i_5_n_0. Optimization improves timing on the net.
INFO: [Physopt 32-619] Estimated Timing Summary | WNS=-6.879 | TNS=-7265.385 |
INFO: [Physopt 32-702] Processed net linienmodule_raw_acquisition_iir_zr7[47]_i_4_n_0. Optimizations did not improve timing on the net.
INFO: [Physopt 32-702] Processed net linienmodule_raw_acquisition_iir_z60__0[45]. Optimizations did not improve timing on the net.
INFO: [Physopt 32-702] Processed net linienmodule_raw_acquisition_iir_zr7_reg[47]_i_6_n_0. Optimizations did not improve timing on the net.
INFO: [Physopt 32-702] Processed net linienmodule_raw_acquisition_iir_zr7[47]_i_11_n_0. Optimizations did not improve timing on the net.
INFO: [Physopt 32-702] Processed net PCIN__2[41]. Optimizations did not improve timing on the net.
INFO: [Physopt 32-702] Processed net linienmodule_raw_acquisition_iir_zr7_reg[43]_i_7_n_0. Optimizations did not improve timing on the net.
INFO: [Physopt 32-702] Processed net linienmodule_raw_acquisition_iir_zr7_reg[39]_i_7_n_0. Optimizations did not improve timing on the net.
INFO: [Physopt 32-702] Processed net linienmodule_raw_acquisition_iir_zr7_reg[39]_i_12_n_6. Optimizations did not improve timing on the net.
INFO: [Physopt 32-702] Processed net linienmodule_raw_acquisition_iir_zr7_reg[35]_i_12_n_0. Optimizations did not improve timing on the net.
INFO: [Physopt 32-702] Processed net linienmodule_raw_acquisition_iir_zr7_reg[31]_i_12_n_0. Optimizations did not improve timing on the net.
INFO: [Physopt 32-702] Processed net linienmodule_raw_acquisition_iir_zr7_reg[27]_i_12_n_0. Optimizations did not improve timing on the net.
INFO: [Physopt 32-702] Processed net linienmodule_raw_acquisition_iir_zr7_reg[19]_i_7_n_0. Optimizations did not improve timing on the net.
INFO: [Physopt 32-702] Processed net linienmodule_raw_acquisition_iir_zr7_reg[15]_i_7_n_0. Optimizations did not improve timing on the net.
INFO: [Physopt 32-735] Processed net linienmodule_raw_acquisition_iir_zr7[15]_i_15_n_0. Optimization improves timing on the net.
INFO: [Physopt 32-619] Estimated Timing Summary | WNS=-6.744 | TNS=-7262.383 |
INFO: [Physopt 32-702] Processed net linienmodule_raw_acquisition_iir_zr8[49]. Optimizations did not improve timing on the net.
INFO: [Physopt 32-702] Processed net linienmodule_raw_acquisition_iir_zr8_reg[47]_i_1_n_0. Optimizations did not improve timing on the net.
INFO: [Physopt 32-702] Processed net linienmodule_raw_acquisition_iir_zr8[47]_i_3_n_0. Optimizations did not improve timing on the net.
INFO: [Physopt 32-702] Processed net linienmodule_raw_acquisition_iir_z70[46]. Optimizations did not improve timing on the net.
INFO: [Physopt 32-702] Processed net linienmodule_raw_acquisition_iir_zr8_reg[47]_i_6_n_0. Optimizations did not improve timing on the net.
INFO: [Physopt 32-702] Processed net linienmodule_raw_acquisition_iir_zr8_reg[43]_i_6_n_0. Optimizations did not improve timing on the net.
INFO: [Physopt 32-702] Processed net linienmodule_raw_acquisition_iir_zr8_reg[39]_i_6_n_0. Optimizations did not improve timing on the net.
INFO: [Physopt 32-735] Processed net linienmodule_raw_acquisition_iir_zr8[39]_i_11_n_0. Optimization improves timing on the net.
INFO: [Physopt 32-619] Estimated Timing Summary | WNS=-6.699 | TNS=-7261.743 |
INFO: [Physopt 32-702] Processed net linienmodule_raw_acquisition_iir_zr7[15]_i_15_n_0. Optimizations did not improve timing on the net.
INFO: [Physopt 32-662] Processed net linienmodule_raw_acquisition_iir_zr7[15]_i_11_n_0.  Did not re-place instance linienmodule_raw_acquisition_iir_zr7[15]_i_11
INFO: [Physopt 32-571] Net linienmodule_raw_acquisition_iir_zr7[15]_i_11_n_0 was not replicated.
INFO: [Physopt 32-702] Processed net linienmodule_raw_acquisition_iir_zr7[15]_i_11_n_0. Optimizations did not improve timing on the net.
INFO: [Physopt 32-702] Processed net linienmodule_raw_acquisition_iir_zr7_reg[15]_i_17_n_4. Optimizations did not improve timing on the net.
INFO: [Physopt 32-702] Processed net linienmodule_raw_acquisition_iir_zr7[15]_i_28_n_0. Optimizations did not improve timing on the net.
INFO: [Physopt 32-702] Processed net linienmodule_raw_acquisition_iir_zr7_reg[15]_i_38_n_6. Optimizations did not improve timing on the net.
INFO: [Physopt 32-702] Processed net linienmodule_raw_acquisition_iir_zr7_reg[11]_i_36_n_0. Optimizations did not improve timing on the net.
INFO: [Physopt 32-662] Processed net linienmodule_raw_acquisition_iir_zr7[11]_i_45_n_0.  Did not re-place instance linienmodule_raw_acquisition_iir_zr7[11]_i_45
INFO: [Physopt 32-735] Processed net linienmodule_raw_acquisition_iir_zr7[11]_i_45_n_0. Optimization improves timing on the net.
INFO: [Physopt 32-619] Estimated Timing Summary | WNS=-6.680 | TNS=-7260.527 |
INFO: [Physopt 32-702] Processed net linienmodule_raw_acquisition_iir_zr8_reg[35]_i_6_n_0. Optimizations did not improve timing on the net.
INFO: [Physopt 32-735] Processed net linienmodule_raw_acquisition_iir_zr8[35]_i_11_n_0. Optimization improves timing on the net.
INFO: [Physopt 32-619] Estimated Timing Summary | WNS=-6.679 | TNS=-7256.949 |
INFO: [Physopt 32-702] Processed net linienmodule_raw_acquisition_iir_zr9[49]. Optimizations did not improve timing on the net.
INFO: [Physopt 32-702] Processed net linienmodule_raw_acquisition_iir_zr9_reg[47]_i_1_n_0. Optimizations did not improve timing on the net.
INFO: [Physopt 32-702] Processed net linienmodule_raw_acquisition_iir_zr9[47]_i_3_n_0. Optimizations did not improve timing on the net.
INFO: [Physopt 32-702] Processed net linienmodule_raw_acquisition_iir_z80[46]. Optimizations did not improve timing on the net.
INFO: [Physopt 32-702] Processed net linienmodule_raw_acquisition_iir_zr9_reg[47]_i_6_n_0. Optimizations did not improve timing on the net.
INFO: [Physopt 32-702] Processed net linienmodule_raw_acquisition_iir_zr9_reg[43]_i_6_n_0. Optimizations did not improve timing on the net.
INFO: [Physopt 32-702] Processed net linienmodule_raw_acquisition_iir_zr9_reg[39]_i_6_n_0. Optimizations did not improve timing on the net.
INFO: [Physopt 32-702] Processed net linienmodule_raw_acquisition_iir_zr9[39]_i_11_n_0. Optimizations did not improve timing on the net.
INFO: [Physopt 32-702] Processed net PCIN__0[33]. Optimizations did not improve timing on the net.
INFO: [Physopt 32-702] Processed net linienmodule_raw_acquisition_iir_zr9_reg[35]_i_7_n_0. Optimizations did not improve timing on the net.
INFO: [Physopt 32-702] Processed net linienmodule_raw_acquisition_iir_zr9_reg[35]_i_12_n_6. Optimizations did not improve timing on the net.
INFO: [Physopt 32-702] Processed net linienmodule_raw_acquisition_iir_zr9_reg[31]_i_12_n_0. Optimizations did not improve timing on the net.
INFO: [Physopt 32-702] Processed net linienmodule_raw_acquisition_iir_zr9_reg[27]_i_12_n_0. Optimizations did not improve timing on the net.
INFO: [Physopt 32-702] Processed net linienmodule_raw_acquisition_iir_zr9_reg[19]_i_7_n_0. Optimizations did not improve timing on the net.
INFO: [Physopt 32-702] Processed net linienmodule_raw_acquisition_iir_zr9_reg[15]_i_7_n_0. Optimizations did not improve timing on the net.
INFO: [Physopt 32-735] Processed net linienmodule_raw_acquisition_iir_zr9[15]_i_15_n_0. Optimization improves timing on the net.
INFO: [Physopt 32-619] Estimated Timing Summary | WNS=-6.678 | TNS=-7254.321 |
INFO: [Physopt 32-702] Processed net linienmodule_pid_int_reg_reg_n_0_[0]. Optimizations did not improve timing on the net.
INFO: [Physopt 32-702] Processed net linienmodule_pid_int_reg_reg[42]_i_4_n_2. Optimizations did not improve timing on the net.
INFO: [Physopt 32-735] Processed net linienmodule_pid_int_reg[42]_i_11_n_0. Optimization improves timing on the net.
INFO: [Physopt 32-619] Estimated Timing Summary | WNS=-6.667 | TNS=-7252.701 |
INFO: [Physopt 32-735] Processed net linienmodule_raw_acquisition_iir_zr7[11]_i_48_n_0. Optimization improves timing on the net.
INFO: [Physopt 32-619] Estimated Timing Summary | WNS=-6.657 | TNS=-7251.675 |
INFO: [Physopt 32-702] Processed net linienmodule_raw_acquisition_iir_zr9[43]_i_11_n_0. Optimizations did not improve timing on the net.
INFO: [Physopt 32-702] Processed net PCIN__0[37]. Optimizations did not improve timing on the net.
INFO: [Physopt 32-702] Processed net linienmodule_raw_acquisition_iir_zr9_reg[39]_i_7_n_0. Optimizations did not improve timing on the net.
INFO: [Physopt 32-702] Processed net linienmodule_raw_acquisition_iir_zr9_reg[39]_i_12_n_6. Optimizations did not improve timing on the net.
INFO: [Physopt 32-702] Processed net linienmodule_raw_acquisition_iir_zr9_reg[35]_i_12_n_0. Optimizations did not improve timing on the net.
INFO: [Physopt 32-662] Processed net linienmodule_raw_acquisition_iir_zr9[35]_i_17_n_0.  Did not re-place instance linienmodule_raw_acquisition_iir_zr9[35]_i_17
INFO: [Physopt 32-702] Processed net linienmodule_raw_acquisition_iir_zr9[35]_i_17_n_0. Optimizations did not improve timing on the net.
INFO: [Physopt 32-702] Processed net linienmodule_raw_acquisition_iir_zr9_reg[35]_i_30_n_4. Optimizations did not improve timing on the net.
INFO: [Physopt 32-702] Processed net linienmodule_raw_acquisition_iir_zr9_reg[31]_i_30_n_0. Optimizations did not improve timing on the net.
INFO: [Physopt 32-663] Processed net linienmodule_raw_acquisition_iir_zr9[31]_i_36_n_0.  Re-placed instance linienmodule_raw_acquisition_iir_zr9[31]_i_36
INFO: [Physopt 32-735] Processed net linienmodule_raw_acquisition_iir_zr9[31]_i_36_n_0. Optimization improves timing on the net.
INFO: [Physopt 32-619] Estimated Timing Summary | WNS=-6.657 | TNS=-7251.659 |
INFO: [Physopt 32-662] Processed net linienmodule_raw_acquisition_iir_zr9[35]_i_15_n_0.  Did not re-place instance linienmodule_raw_acquisition_iir_zr9[35]_i_15
INFO: [Physopt 32-702] Processed net linienmodule_raw_acquisition_iir_zr9[35]_i_15_n_0. Optimizations did not improve timing on the net.
INFO: [Physopt 32-702] Processed net linienmodule_raw_acquisition_iir_zr9_reg[39]_i_31_n_6. Optimizations did not improve timing on the net.
INFO: [Physopt 32-702] Processed net linienmodule_raw_acquisition_iir_zr9_reg[35]_i_31_n_0. Optimizations did not improve timing on the net.
INFO: [Physopt 32-735] Processed net linienmodule_raw_acquisition_iir_zr9[35]_i_50_n_0. Optimization improves timing on the net.
INFO: [Physopt 32-619] Estimated Timing Summary | WNS=-6.654 | TNS=-7251.641 |
INFO: [Physopt 32-702] Processed net linienmodule_raw_acquisition_iir_zr9_reg[31]_i_31_n_0. Optimizations did not improve timing on the net.
INFO: [Physopt 32-735] Processed net linienmodule_raw_acquisition_iir_zr9[31]_i_50_n_0. Optimization improves timing on the net.
INFO: [Physopt 32-619] Estimated Timing Summary | WNS=-6.640 | TNS=-7251.437 |
INFO: [Physopt 32-662] Processed net linienmodule_raw_acquisition_iir_zr7[11]_i_45_n_0.  Did not re-place instance linienmodule_raw_acquisition_iir_zr7[11]_i_45
INFO: [Physopt 32-735] Processed net linienmodule_raw_acquisition_iir_zr7[11]_i_45_n_0. Optimization improves timing on the net.
INFO: [Physopt 32-619] Estimated Timing Summary | WNS=-6.636 | TNS=-7250.449 |
INFO: [Physopt 32-663] Processed net linienmodule_raw_acquisition_iir_z40__0_i_5_psdsp_n_1.  Re-placed instance linienmodule_raw_acquisition_iir_z40__0_i_5_psdsp_1
INFO: [Physopt 32-735] Processed net linienmodule_raw_acquisition_iir_z40__0_i_5_psdsp_n_1. Optimization improves timing on the net.
INFO: [Physopt 32-619] Estimated Timing Summary | WNS=-6.633 | TNS=-7250.389 |
INFO: [Physopt 32-663] Processed net linienmodule_raw_acquisition_iir_z40__0_i_8_psdsp_n_1.  Re-placed instance linienmodule_raw_acquisition_iir_z40__0_i_8_psdsp_1
INFO: [Physopt 32-735] Processed net linienmodule_raw_acquisition_iir_z40__0_i_8_psdsp_n_1. Optimization improves timing on the net.
INFO: [Physopt 32-619] Estimated Timing Summary | WNS=-6.630 | TNS=-7249.669 |
INFO: [Physopt 32-663] Processed net linienmodule_raw_acquisition_iir_z50_i_4_psdsp_n.  Re-placed instance linienmodule_raw_acquisition_iir_z50_i_4_psdsp
INFO: [Physopt 32-735] Processed net linienmodule_raw_acquisition_iir_z50_i_4_psdsp_n. Optimization improves timing on the net.
INFO: [Physopt 32-619] Estimated Timing Summary | WNS=-6.624 | TNS=-7249.316 |
INFO: [Physopt 32-662] Processed net linienmodule_limit_error_signal_limitcsr_y[5].  Did not re-place instance linienmodule_limit_error_signal_limitcsr_y_reg[5]
INFO: [Physopt 32-702] Processed net linienmodule_limit_error_signal_limitcsr_y[5]. Optimizations did not improve timing on the net.
INFO: [Physopt 32-702] Processed net linienmodule_limit_error_signal_limit_y10_in. Optimizations did not improve timing on the net.
INFO: [Physopt 32-702] Processed net linienmodule_raw_acquisition_iir_z50_i_25_n_0. Optimizations did not improve timing on the net.
INFO: [Physopt 32-702] Processed net linienmodule_raw_acquisition_iir_z50_i_85_n_0. Optimizations did not improve timing on the net.
INFO: [Physopt 32-702] Processed net linienmodule_limit_error_signal_x[22]. Optimizations did not improve timing on the net.
INFO: [Physopt 32-702] Processed net linienmodule_raw_acquisition_iir_z50_i_20_n_0. Optimizations did not improve timing on the net.
INFO: [Physopt 32-735] Processed net linienmodule_raw_acquisition_iir_z50_i_46_n_0. Optimization improves timing on the net.
INFO: [Physopt 32-619] Estimated Timing Summary | WNS=-6.620 | TNS=-7244.492 |
INFO: [Physopt 32-663] Processed net linienmodule_raw_acquisition_iir_zr9[31]_i_38_n_0.  Re-placed instance linienmodule_raw_acquisition_iir_zr9[31]_i_38
INFO: [Physopt 32-735] Processed net linienmodule_raw_acquisition_iir_zr9[31]_i_38_n_0. Optimization improves timing on the net.
INFO: [Physopt 32-619] Estimated Timing Summary | WNS=-6.614 | TNS=-7244.318 |
INFO: [Physopt 32-662] Processed net linienmodule_raw_acquisition_iir_zr7[11]_i_44_n_0.  Did not re-place instance linienmodule_raw_acquisition_iir_zr7[11]_i_44
INFO: [Physopt 32-572] Net linienmodule_raw_acquisition_iir_zr7[11]_i_44_n_0 was not replicated.
Resolution: phys_opt_design can be forced to replicate a net driver using the option -force_replication_on_nets <list of net objects>.
INFO: [Physopt 32-735] Processed net linienmodule_raw_acquisition_iir_zr7[11]_i_44_n_0. Optimization improves timing on the net.
INFO: [Physopt 32-619] Estimated Timing Summary | WNS=-6.613 | TNS=-7243.900 |
INFO: [Physopt 32-702] Processed net linienmodule_pid_int_reg[42]_i_12_n_0. Optimizations did not improve timing on the net.
INFO: [Physopt 32-702] Processed net linienmodule_pid_int_sum[40]. Optimizations did not improve timing on the net.
INFO: [Physopt 32-702] Processed net linienmodule_pid_int_reg_reg[39]_i_2_n_0. Optimizations did not improve timing on the net.
INFO: [Physopt 32-702] Processed net linienmodule_pid_int_reg_reg[35]_i_2_n_0. Optimizations did not improve timing on the net.
INFO: [Physopt 32-702] Processed net linienmodule_pid_int_reg_reg[31]_i_2_n_0. Optimizations did not improve timing on the net.
INFO: [Physopt 32-702] Processed net linienmodule_pid_int_reg_reg[27]_i_2_n_0. Optimizations did not improve timing on the net.
INFO: [Physopt 32-702] Processed net linienmodule_pid_int_reg_reg[23]_i_2_n_0. Optimizations did not improve timing on the net.
INFO: [Physopt 32-702] Processed net linienmodule_pid_int_reg_reg[19]_i_2_n_0. Optimizations did not improve timing on the net.
INFO: [Physopt 32-702] Processed net linienmodule_pid_int_reg_reg[15]_i_2_n_0. Optimizations did not improve timing on the net.
INFO: [Physopt 32-702] Processed net linienmodule_pid_int_reg_reg[11]_i_2_n_0. Optimizations did not improve timing on the net.
INFO: [Physopt 32-702] Processed net linienmodule_pid_int_reg_reg[7]_i_2_n_0. Optimizations did not improve timing on the net.
INFO: [Physopt 32-702] Processed net linienmodule_pid_int_reg_reg[3]_i_2_n_0. Optimizations did not improve timing on the net.
INFO: [Physopt 32-735] Processed net linienmodule_pid_int_reg[3]_i_5_n_0. Optimization improves timing on the net.
INFO: [Physopt 32-619] Estimated Timing Summary | WNS=-6.611 | TNS=-7238.998 |
INFO: [Physopt 32-702] Processed net linienmodule_raw_acquisition_iir_zr10[49]. Optimizations did not improve timing on the net.
INFO: [Physopt 32-702] Processed net linienmodule_raw_acquisition_iir_zr10_reg[47]_i_1_n_0. Optimizations did not improve timing on the net.
INFO: [Physopt 32-702] Processed net linienmodule_raw_acquisition_iir_zr10[47]_i_4_n_0. Optimizations did not improve timing on the net.
INFO: [Physopt 32-702] Processed net linienmodule_raw_acquisition_iir_z90[45]. Optimizations did not improve timing on the net.
INFO: [Physopt 32-702] Processed net linienmodule_raw_acquisition_iir_zr10_reg[47]_i_6_n_0. Optimizations did not improve timing on the net.
INFO: [Physopt 32-702] Processed net linienmodule_raw_acquisition_iir_zr10[47]_i_11_n_0. Optimizations did not improve timing on the net.
INFO: [Physopt 32-702] Processed net PCIN[41]. Optimizations did not improve timing on the net.
INFO: [Physopt 32-702] Processed net linienmodule_raw_acquisition_iir_zr10_reg[43]_i_7_n_0. Optimizations did not improve timing on the net.
INFO: [Physopt 32-702] Processed net linienmodule_raw_acquisition_iir_zr10_reg[39]_i_7_n_0. Optimizations did not improve timing on the net.
INFO: [Physopt 32-702] Processed net linienmodule_raw_acquisition_iir_zr10_reg[35]_i_7_n_0. Optimizations did not improve timing on the net.
INFO: [Physopt 32-702] Processed net linienmodule_raw_acquisition_iir_zr10_reg[31]_i_7_n_0. Optimizations did not improve timing on the net.
INFO: [Physopt 32-702] Processed net P[25]. Optimizations did not improve timing on the net.
INFO: [Physopt 32-702] Processed net linienmodule_raw_acquisition_iir_zr10_reg[27]_i_12_n_0. Optimizations did not improve timing on the net.
INFO: [Physopt 32-702] Processed net linienmodule_raw_acquisition_iir_zr10_reg[19]_i_7_n_0. Optimizations did not improve timing on the net.
INFO: [Physopt 32-702] Processed net linienmodule_raw_acquisition_iir_zr10_reg[15]_i_7_n_0. Optimizations did not improve timing on the net.
INFO: [Physopt 32-735] Processed net linienmodule_raw_acquisition_iir_zr10[15]_i_15_n_0. Optimization improves timing on the net.
INFO: [Physopt 32-619] Estimated Timing Summary | WNS=-6.606 | TNS=-7238.912 |
INFO: [Physopt 32-702] Processed net linienmodule_raw_acquisition_iir_zr10_reg[11]_i_7_n_0. Optimizations did not improve timing on the net.
INFO: [Physopt 32-702] Processed net linienmodule_raw_acquisition_iir_zr10[11]_i_14_n_0. Optimizations did not improve timing on the net.
INFO: [Physopt 32-662] Processed net linienmodule_raw_acquisition_iir_zr10[11]_i_10_n_0.  Did not re-place instance linienmodule_raw_acquisition_iir_zr10[11]_i_10
INFO: [Physopt 32-735] Processed net linienmodule_raw_acquisition_iir_zr10[11]_i_10_n_0. Optimization improves timing on the net.
INFO: [Physopt 32-619] Estimated Timing Summary | WNS=-6.603 | TNS=-7236.364 |
INFO: [Physopt 32-662] Processed net linienmodule_raw_acquisition_iir_zr7[11]_i_46_n_0.  Did not re-place instance linienmodule_raw_acquisition_iir_zr7[11]_i_46
INFO: [Physopt 32-735] Processed net linienmodule_raw_acquisition_iir_zr7[11]_i_46_n_0. Optimization improves timing on the net.
INFO: [Physopt 32-619] Estimated Timing Summary | WNS=-6.600 | TNS=-7235.606 |
INFO: [Physopt 32-663] Processed net linienmodule_raw_acquisition_iir_zr7[31]_i_17_n_0.  Re-placed instance linienmodule_raw_acquisition_iir_zr7[31]_i_17
INFO: [Physopt 32-735] Processed net linienmodule_raw_acquisition_iir_zr7[31]_i_17_n_0. Optimization improves timing on the net.
INFO: [Physopt 32-619] Estimated Timing Summary | WNS=-6.597 | TNS=-7235.576 |
INFO: [Physopt 32-662] Processed net linienmodule_raw_acquisition_iir_zr7[27]_i_17_n_0.  Did not re-place instance linienmodule_raw_acquisition_iir_zr7[27]_i_17
INFO: [Physopt 32-702] Processed net linienmodule_raw_acquisition_iir_zr7[27]_i_17_n_0. Optimizations did not improve timing on the net.
INFO: [Physopt 32-702] Processed net linienmodule_raw_acquisition_iir_zr7_reg[19]_i_17_n_4. Optimizations did not improve timing on the net.
INFO: [Physopt 32-702] Processed net linienmodule_raw_acquisition_iir_zr7_reg[19]_i_20_n_0. Optimizations did not improve timing on the net.
INFO: [Physopt 32-702] Processed net linienmodule_raw_acquisition_iir_zr7[19]_i_56_n_0. Optimizations did not improve timing on the net.
INFO: [Physopt 32-702] Processed net linienmodule_raw_acquisition_iir_zr7_reg[19]_i_65_n_6. Optimizations did not improve timing on the net.
INFO: [Physopt 32-702] Processed net linienmodule_raw_acquisition_iir_zr7_reg[15]_i_38_n_0. Optimizations did not improve timing on the net.
INFO: [Physopt 32-735] Processed net linienmodule_raw_acquisition_iir_zr7[15]_i_50_n_0. Optimization improves timing on the net.
INFO: [Physopt 32-619] Estimated Timing Summary | WNS=-6.596 | TNS=-7235.566 |
INFO: [Physopt 32-662] Processed net linienmodule_raw_acquisition_iir_zr7[31]_i_15_n_0.  Did not re-place instance linienmodule_raw_acquisition_iir_zr7[31]_i_15
INFO: [Physopt 32-735] Processed net linienmodule_raw_acquisition_iir_zr7[31]_i_15_n_0. Optimization improves timing on the net.
INFO: [Physopt 32-619] Estimated Timing Summary | WNS=-6.591 | TNS=-7235.511 |
INFO: [Physopt 32-702] Processed net linienmodule_raw_acquisition_iir_zr9_reg[19]_i_16_n_0. Optimizations did not improve timing on the net.
INFO: [Physopt 32-662] Processed net linienmodule_raw_acquisition_iir_zr9[19]_i_23_n_0.  Did not re-place instance linienmodule_raw_acquisition_iir_zr9[19]_i_23
INFO: [Physopt 32-702] Processed net linienmodule_raw_acquisition_iir_zr9[19]_i_23_n_0. Optimizations did not improve timing on the net.
INFO: [Physopt 32-702] Processed net linienmodule_raw_acquisition_iir_zr9_reg[19]_i_60_n_6. Optimizations did not improve timing on the net.
INFO: [Physopt 32-702] Processed net linienmodule_raw_acquisition_iir_zr9_reg[19]_i_63_n_0. Optimizations did not improve timing on the net.
INFO: [Physopt 32-702] Processed net linienmodule_raw_acquisition_iir_zr9_reg[19]_i_82_n_0. Optimizations did not improve timing on the net.
INFO: [Physopt 32-663] Processed net linienmodule_raw_acquisition_iir_zr9[19]_i_155_n_0.  Re-placed instance linienmodule_raw_acquisition_iir_zr9[19]_i_155
INFO: [Physopt 32-735] Processed net linienmodule_raw_acquisition_iir_zr9[19]_i_155_n_0. Optimization improves timing on the net.
INFO: [Physopt 32-619] Estimated Timing Summary | WNS=-6.591 | TNS=-7235.379 |
INFO: [Physopt 32-662] Processed net linienmodule_raw_acquisition_iir_zr7[35]_i_17_n_0.  Did not re-place instance linienmodule_raw_acquisition_iir_zr7[35]_i_17
INFO: [Physopt 32-735] Processed net linienmodule_raw_acquisition_iir_zr7[35]_i_17_n_0. Optimization improves timing on the net.
INFO: [Physopt 32-619] Estimated Timing Summary | WNS=-6.590 | TNS=-7235.373 |
INFO: [Physopt 32-702] Processed net linienmodule_raw_acquisition_iir_zr7[15]_i_50_n_0. Optimizations did not improve timing on the net.
INFO: [Physopt 32-662] Processed net linienmodule_raw_acquisition_iir_zr7[15]_i_54_n_0.  Did not re-place instance linienmodule_raw_acquisition_iir_zr7[15]_i_54
INFO: [Physopt 32-735] Processed net linienmodule_raw_acquisition_iir_zr7[15]_i_54_n_0. Optimization improves timing on the net.
INFO: [Physopt 32-619] Estimated Timing Summary | WNS=-6.590 | TNS=-7235.323 |
INFO: [Physopt 32-702] Processed net linienmodule_raw_acquisition_iir_z50_i_45_n_0. Optimizations did not improve timing on the net.
INFO: [Physopt 32-662] Processed net linienmodule_raw_acquisition_iir_z50_i_41_n_0.  Did not re-place instance linienmodule_raw_acquisition_iir_z50_i_41
INFO: [Physopt 32-572] Net linienmodule_raw_acquisition_iir_z50_i_41_n_0 was not replicated.
Resolution: phys_opt_design can be forced to replicate a net driver using the option -force_replication_on_nets <list of net objects>.
INFO: [Physopt 32-735] Processed net linienmodule_raw_acquisition_iir_z50_i_41_n_0. Optimization improves timing on the net.
INFO: [Physopt 32-619] Estimated Timing Summary | WNS=-6.588 | TNS=-7232.951 |
INFO: [Physopt 32-702] Processed net linienmodule_raw_acquisition_iir_zr9[15]_i_15_n_0. Optimizations did not improve timing on the net.
INFO: [Physopt 32-662] Processed net linienmodule_raw_acquisition_iir_zr9[15]_i_11_n_0.  Did not re-place instance linienmodule_raw_acquisition_iir_zr9[15]_i_11
INFO: [Physopt 32-571] Net linienmodule_raw_acquisition_iir_zr9[15]_i_11_n_0 was not replicated.
INFO: [Physopt 32-702] Processed net linienmodule_raw_acquisition_iir_zr9[15]_i_11_n_0. Optimizations did not improve timing on the net.
INFO: [Physopt 32-702] Processed net linienmodule_raw_acquisition_iir_zr9_reg[15]_i_17_n_4. Optimizations did not improve timing on the net.
INFO: [Physopt 32-735] Processed net linienmodule_raw_acquisition_iir_zr9[15]_i_29_n_0. Optimization improves timing on the net.
INFO: [Physopt 32-619] Estimated Timing Summary | WNS=-6.585 | TNS=-7231.054 |
INFO: [Physopt 32-662] Processed net linienmodule_raw_acquisition_iir_zr7[31]_i_16_n_0.  Did not re-place instance linienmodule_raw_acquisition_iir_zr7[31]_i_16
INFO: [Physopt 32-702] Processed net linienmodule_raw_acquisition_iir_zr7[31]_i_16_n_0. Optimizations did not improve timing on the net.
INFO: [Physopt 32-702] Processed net linienmodule_raw_acquisition_iir_zr7_reg[35]_i_30_n_7. Optimizations did not improve timing on the net.
INFO: [Physopt 32-702] Processed net linienmodule_raw_acquisition_iir_zr7_reg[31]_i_30_n_0. Optimizations did not improve timing on the net.
INFO: [Physopt 32-662] Processed net linienmodule_raw_acquisition_iir_zr7[31]_i_39_n_0.  Did not re-place instance linienmodule_raw_acquisition_iir_zr7[31]_i_39
INFO: [Physopt 32-702] Processed net linienmodule_raw_acquisition_iir_zr7[31]_i_39_n_0. Optimizations did not improve timing on the net.
INFO: [Physopt 32-702] Processed net linienmodule_raw_acquisition_iir_zr7_reg[19]_i_60_n_4. Optimizations did not improve timing on the net.
INFO: [Physopt 32-702] Processed net linienmodule_raw_acquisition_iir_zr7_reg[19]_i_63_n_0. Optimizations did not improve timing on the net.
INFO: [Physopt 32-702] Processed net linienmodule_raw_acquisition_iir_zr7[19]_i_127_n_0. Optimizations did not improve timing on the net.
INFO: [Physopt 32-663] Processed net linienmodule_raw_acquisition_iir_zr7[19]_i_185_n_0.  Re-placed instance linienmodule_raw_acquisition_iir_zr7[19]_i_185
INFO: [Physopt 32-735] Processed net linienmodule_raw_acquisition_iir_zr7[19]_i_185_n_0. Optimization improves timing on the net.
INFO: [Physopt 32-619] Estimated Timing Summary | WNS=-6.580 | TNS=-7230.974 |
INFO: [Physopt 32-702] Processed net P[33]. Optimizations did not improve timing on the net.
INFO: [Physopt 32-702] Processed net linienmodule_raw_acquisition_iir_zr10_reg[35]_i_12_n_0. Optimizations did not improve timing on the net.
INFO: [Physopt 32-662] Processed net linienmodule_raw_acquisition_iir_zr10[35]_i_17_n_0.  Did not re-place instance linienmodule_raw_acquisition_iir_zr10[35]_i_17
INFO: [Physopt 32-735] Processed net linienmodule_raw_acquisition_iir_zr10[35]_i_17_n_0. Optimization improves timing on the net.
INFO: [Physopt 32-619] Estimated Timing Summary | WNS=-6.579 | TNS=-7230.753 |
INFO: [Physopt 32-702] Processed net linienmodule_raw_acquisition_iir_z50_i_30_n_0. Optimizations did not improve timing on the net.
INFO: [Physopt 32-702] Processed net linienmodule_limit_error_signal_x[27]. Optimizations did not improve timing on the net.
INFO: [Physopt 32-662] Processed net linienmodule_raw_acquisition_iir_z40__0_i_13_n_0.  Did not re-place instance linienmodule_raw_acquisition_iir_z40__0_i_13
INFO: [Physopt 32-702] Processed net linienmodule_raw_acquisition_iir_z40__0_i_13_n_0. Optimizations did not improve timing on the net.
INFO: [Physopt 32-662] Processed net linienmodule_raw_acquisition_iir_z40__0_i_31_n_0.  Did not re-place instance linienmodule_raw_acquisition_iir_z40__0_i_31
INFO: [Physopt 32-710] Processed net linienmodule_raw_acquisition_iir_z40__0_i_13_n_0. Critical path length was reduced through logic transformation on cell linienmodule_raw_acquisition_iir_z40__0_i_13_comp.
INFO: [Physopt 32-735] Processed net linienmodule_raw_acquisition_iir_z40__0_i_31_n_0. Optimization improves timing on the net.
INFO: [Physopt 32-619] Estimated Timing Summary | WNS=-6.577 | TNS=-7226.380 |
INFO: [Physopt 32-662] Processed net linienmodule_raw_acquisition_iir_zr7[11]_i_46_n_0.  Did not re-place instance linienmodule_raw_acquisition_iir_zr7[11]_i_46
INFO: [Physopt 32-702] Processed net linienmodule_raw_acquisition_iir_zr7[11]_i_46_n_0. Optimizations did not improve timing on the net.
INFO: [Physopt 32-702] Processed net linienmodule_raw_acquisition_iir_z6[49]. Optimizations did not improve timing on the net.
INFO: [Physopt 32-81] Processed net linienmodule_raw_acquisition_iir_a5[0]. Replicated 2 times.
INFO: [Physopt 32-735] Processed net linienmodule_raw_acquisition_iir_a5[0]. Optimization improves timing on the net.
INFO: [Physopt 32-619] Estimated Timing Summary | WNS=-6.573 | TNS=-7225.931 |
INFO: [Physopt 32-81] Processed net linienmodule_raw_acquisition_iir_z60[-1111111107]_rep_n_0. Replicated 1 times.
INFO: [Physopt 32-735] Processed net linienmodule_raw_acquisition_iir_z60[-1111111107]_rep_n_0. Optimization improves timing on the net.
INFO: [Physopt 32-619] Estimated Timing Summary | WNS=-6.572 | TNS=-7223.960 |
INFO: [Physopt 32-702] Processed net axi_slave/M_AXI_GP0_RDATA[3]. Optimizations did not improve timing on the net.
INFO: [Physopt 32-662] Processed net red_pitaya_scope/i_bridge/axi_rdata_o[3]_i_3_n_0.  Did not re-place instance red_pitaya_scope/i_bridge/axi_rdata_o[3]_i_3
INFO: [Physopt 32-710] Processed net red_pitaya_scope/i_bridge/set_dec_reg[31][2]. Critical path length was reduced through logic transformation on cell red_pitaya_scope/i_bridge/axi_rdata_o[3]_i_1_comp.
INFO: [Physopt 32-735] Processed net red_pitaya_scope/i_bridge/axi_rdata_o[3]_i_3_n_0. Optimization improves timing on the net.
INFO: [Physopt 32-619] Estimated Timing Summary | WNS=-6.572 | TNS=-7223.461 |
INFO: [Physopt 32-702] Processed net red_pitaya_scope/i_bridge/axi_rdata_o_reg[3]_i_4_n_0. Optimizations did not improve timing on the net.
INFO: [Physopt 32-702] Processed net red_pitaya_scope/i_bridge/axi_rdata_o[3]_i_8_n_0. Optimizations did not improve timing on the net.
INFO: [Physopt 32-662] Processed net red_pitaya_scope/i_bridge/axi_rdata_o[3]_i_11_n_0.  Did not re-place instance red_pitaya_scope/i_bridge/axi_rdata_o[3]_i_11
INFO: [Physopt 32-702] Processed net red_pitaya_scope/i_bridge/axi_rdata_o[3]_i_11_n_0. Optimizations did not improve timing on the net.
INFO: [Physopt 32-663] Processed net red_pitaya_scope/i_bridge/axi_rdata_o[3]_i_15_n_0.  Re-placed instance red_pitaya_scope/i_bridge/axi_rdata_o[3]_i_15
INFO: [Physopt 32-735] Processed net red_pitaya_scope/i_bridge/axi_rdata_o[3]_i_15_n_0. Optimization improves timing on the net.
INFO: [Physopt 32-619] Estimated Timing Summary | WNS=-6.572 | TNS=-7223.419 |
INFO: [Physopt 32-702] Processed net axi_slave/M_AXI_GP0_RDATA[2]. Optimizations did not improve timing on the net.
INFO: [Physopt 32-662] Processed net red_pitaya_scope/i_bridge/axi_rdata_o[2]_i_3_n_0.  Did not re-place instance red_pitaya_scope/i_bridge/axi_rdata_o[2]_i_3
INFO: [Physopt 32-710] Processed net red_pitaya_scope/i_bridge/set_dec_reg[31][1]. Critical path length was reduced through logic transformation on cell red_pitaya_scope/i_bridge/axi_rdata_o[2]_i_1_comp.
INFO: [Physopt 32-735] Processed net red_pitaya_scope/i_bridge/axi_rdata_o[2]_i_3_n_0. Optimization improves timing on the net.
INFO: [Physopt 32-619] Estimated Timing Summary | WNS=-6.572 | TNS=-7223.074 |
INFO: [Physopt 32-702] Processed net red_pitaya_scope/i_bridge/axi_rdata_o[3]_i_9_n_0. Optimizations did not improve timing on the net.
INFO: [Physopt 32-662] Processed net red_pitaya_scope/i_bridge/axi_rdata_o[3]_i_14_n_0.  Did not re-place instance red_pitaya_scope/i_bridge/axi_rdata_o[3]_i_14
INFO: [Physopt 32-735] Processed net red_pitaya_scope/i_bridge/axi_rdata_o[3]_i_14_n_0. Optimization improves timing on the net.
INFO: [Physopt 32-619] Estimated Timing Summary | WNS=-6.572 | TNS=-7222.935 |
INFO: [Physopt 32-702] Processed net axi_slave/M_AXI_GP0_RDATA[18]. Optimizations did not improve timing on the net.
INFO: [Physopt 32-662] Processed net red_pitaya_scope/i_bridge/axi_rdata_o[18]_i_5_n_0.  Did not re-place instance red_pitaya_scope/i_bridge/axi_rdata_o[18]_i_5
INFO: [Physopt 32-735] Processed net red_pitaya_scope/i_bridge/axi_rdata_o[18]_i_5_n_0. Optimization improves timing on the net.
INFO: [Physopt 32-619] Estimated Timing Summary | WNS=-6.572 | TNS=-7222.797 |
INFO: [Physopt 32-735] Processed net red_pitaya_scope/i_bridge/set_dec_reg[31][2]. Optimization improves timing on the net.
INFO: [Physopt 32-619] Estimated Timing Summary | WNS=-6.572 | TNS=-7222.679 |
INFO: [Physopt 32-702] Processed net axi_slave/M_AXI_GP0_RDATA[7]. Optimizations did not improve timing on the net.
INFO: [Physopt 32-662] Processed net red_pitaya_scope/i_bridge/i_1/O_n_7.  Did not re-place instance red_pitaya_scope/i_bridge/i_1_LOPT_REMAP_7
INFO: [Physopt 32-710] Processed net red_pitaya_scope/i_bridge/set_dec_reg[31][6]. Critical path length was reduced through logic transformation on cell red_pitaya_scope/i_bridge/i_0_LOPT_REMAP_7_comp.
INFO: [Physopt 32-735] Processed net red_pitaya_scope/i_bridge/i_1/O_n_7. Optimization improves timing on the net.
INFO: [Physopt 32-619] Estimated Timing Summary | WNS=-6.572 | TNS=-7222.632 |
INFO: [Physopt 32-662] Processed net red_pitaya_scope/i_bridge/axi_rdata_o[18]_i_5_n_0.  Did not re-place instance red_pitaya_scope/i_bridge/axi_rdata_o[18]_i_5
INFO: [Physopt 32-702] Processed net red_pitaya_scope/i_bridge/axi_rdata_o[18]_i_5_n_0. Optimizations did not improve timing on the net.
INFO: [Physopt 32-735] Processed net red_pitaya_scope/i_bridge/set_dec_reg[31][17]. Optimization improves timing on the net.
INFO: [Physopt 32-619] Estimated Timing Summary | WNS=-6.572 | TNS=-7222.364 |
INFO: [Physopt 32-702] Processed net red_pitaya_scope/i_bridge/set_dec_reg[31][2]. Optimizations did not improve timing on the net.
INFO: [Physopt 32-662] Processed net red_pitaya_scope/adc_wp_cur_reg_n_0_[3].  Did not re-place instance red_pitaya_scope/adc_wp_cur_reg[3]
INFO: [Physopt 32-572] Net red_pitaya_scope/adc_wp_cur_reg_n_0_[3] was not replicated.
Resolution: phys_opt_design can be forced to replicate a net driver using the option -force_replication_on_nets <list of net objects>.
INFO: [Physopt 32-702] Processed net red_pitaya_scope/adc_wp_cur_reg_n_0_[3]. Optimizations did not improve timing on the net.
INFO: [Physopt 32-702] Processed net linienmodule_raw_acquisition_iir_zr7[49]. Optimizations did not improve timing on the net.
INFO: [Physopt 32-702] Processed net clk_2. Optimizations did not improve timing on the net.
INFO: [Physopt 32-702] Processed net linienmodule_raw_acquisition_iir_zr7[47]_i_4_n_0. Optimizations did not improve timing on the net.
INFO: [Physopt 32-702] Processed net linienmodule_raw_acquisition_iir_z60__0[45]. Optimizations did not improve timing on the net.
INFO: [Physopt 32-702] Processed net linienmodule_raw_acquisition_iir_zr7[47]_i_11_n_0. Optimizations did not improve timing on the net.
INFO: [Physopt 32-702] Processed net PCIN__2[41]. Optimizations did not improve timing on the net.
INFO: [Physopt 32-702] Processed net linienmodule_raw_acquisition_iir_zr7_reg[39]_i_12_n_6. Optimizations did not improve timing on the net.
INFO: [Physopt 32-702] Processed net linienmodule_raw_acquisition_iir_zr7[15]_i_15_n_0. Optimizations did not improve timing on the net.
INFO: [Physopt 32-662] Processed net linienmodule_raw_acquisition_iir_zr7[15]_i_11_n_0.  Did not re-place instance linienmodule_raw_acquisition_iir_zr7[15]_i_11
INFO: [Physopt 32-702] Processed net linienmodule_raw_acquisition_iir_zr7[15]_i_11_n_0. Optimizations did not improve timing on the net.
INFO: [Physopt 32-702] Processed net linienmodule_raw_acquisition_iir_zr7_reg[15]_i_17_n_4. Optimizations did not improve timing on the net.
INFO: [Physopt 32-702] Processed net linienmodule_raw_acquisition_iir_zr7[15]_i_28_n_0. Optimizations did not improve timing on the net.
INFO: [Physopt 32-702] Processed net linienmodule_raw_acquisition_iir_zr7_reg[15]_i_25_n_6. Optimizations did not improve timing on the net.
INFO: [Physopt 32-702] Processed net linienmodule_raw_acquisition_iir_zr7[11]_i_34_n_0. Optimizations did not improve timing on the net.
INFO: [Physopt 32-662] Processed net linienmodule_raw_acquisition_iir_zr7[11]_i_30_n_0.  Did not re-place instance linienmodule_raw_acquisition_iir_zr7[11]_i_30
INFO: [Physopt 32-735] Processed net linienmodule_raw_acquisition_iir_zr7[11]_i_30_n_0. Optimization improves timing on the net.
INFO: [Physopt 32-619] Estimated Timing Summary | WNS=-6.571 | TNS=-7222.270 |
INFO: [Physopt 32-663] Processed net linienmodule_raw_acquisition_iir_z40__0_i_8_psdsp_n.  Re-placed instance linienmodule_raw_acquisition_iir_z40__0_i_8_psdsp
INFO: [Physopt 32-735] Processed net linienmodule_raw_acquisition_iir_z40__0_i_8_psdsp_n. Optimization improves timing on the net.
INFO: [Physopt 32-619] Estimated Timing Summary | WNS=-6.571 | TNS=-7221.641 |
INFO: [Physopt 32-662] Processed net linienmodule_raw_acquisition_iir_zr7[31]_i_16_n_0.  Did not re-place instance linienmodule_raw_acquisition_iir_zr7[31]_i_16
INFO: [Physopt 32-702] Processed net linienmodule_raw_acquisition_iir_zr7[31]_i_16_n_0. Optimizations did not improve timing on the net.
INFO: [Physopt 32-702] Processed net linienmodule_raw_acquisition_iir_zr7_reg[35]_i_30_n_7. Optimizations did not improve timing on the net.
INFO: [Physopt 32-662] Processed net linienmodule_raw_acquisition_iir_zr7[31]_i_39_n_0.  Did not re-place instance linienmodule_raw_acquisition_iir_zr7[31]_i_39
INFO: [Physopt 32-702] Processed net linienmodule_raw_acquisition_iir_zr7[31]_i_39_n_0. Optimizations did not improve timing on the net.
INFO: [Physopt 32-702] Processed net linienmodule_raw_acquisition_iir_zr7_reg[19]_i_60_n_4. Optimizations did not improve timing on the net.
INFO: [Physopt 32-702] Processed net linienmodule_raw_acquisition_iir_zr7[19]_i_128_n_0. Optimizations did not improve timing on the net.
INFO: [Physopt 32-662] Processed net linienmodule_raw_acquisition_iir_zr7[19]_i_124_n_0.  Did not re-place instance linienmodule_raw_acquisition_iir_zr7[19]_i_124
INFO: [Physopt 32-735] Processed net linienmodule_raw_acquisition_iir_zr7[19]_i_124_n_0. Optimization improves timing on the net.
INFO: [Physopt 32-619] Estimated Timing Summary | WNS=-6.569 | TNS=-7221.621 |
INFO: [Physopt 32-702] Processed net linienmodule_raw_acquisition_iir_zr7_reg[15]_i_38_n_6. Optimizations did not improve timing on the net.
INFO: [Physopt 32-662] Processed net linienmodule_raw_acquisition_iir_zr7[11]_i_46_n_0.  Did not re-place instance linienmodule_raw_acquisition_iir_zr7[11]_i_46
INFO: [Physopt 32-735] Processed net linienmodule_raw_acquisition_iir_zr7[11]_i_46_n_0. Optimization improves timing on the net.
INFO: [Physopt 32-619] Estimated Timing Summary | WNS=-6.568 | TNS=-7221.583 |
INFO: [Physopt 32-662] Processed net linienmodule_raw_acquisition_iir_zr7[11]_i_46_n_0.  Did not re-place instance linienmodule_raw_acquisition_iir_zr7[11]_i_46
INFO: [Physopt 32-702] Processed net linienmodule_raw_acquisition_iir_zr7[11]_i_46_n_0. Optimizations did not improve timing on the net.
INFO: [Physopt 32-702] Processed net linienmodule_raw_acquisition_iir_z6[49]. Optimizations did not improve timing on the net.
INFO: [Physopt 32-662] Processed net linienmodule_raw_acquisition_iir_a5[1].  Did not re-place instance linienmodule_raw_acquisition_iir_a5_reg[1]
INFO: [Physopt 32-702] Processed net linienmodule_raw_acquisition_iir_a5[1]. Optimizations did not improve timing on the net.
INFO: [Physopt 32-702] Processed net axi_slave/M_AXI_GP0_RDATA[3]. Optimizations did not improve timing on the net.
INFO: [Physopt 32-702] Processed net red_pitaya_scope/i_bridge/axi_rdata_o_reg[3]_i_4_n_0. Optimizations did not improve timing on the net.
INFO: [Physopt 32-702] Processed net red_pitaya_scope/i_bridge/axi_rdata_o[3]_i_8_n_0. Optimizations did not improve timing on the net.
INFO: [Physopt 32-662] Processed net red_pitaya_scope/i_bridge/axi_rdata_o[3]_i_11_n_0.  Did not re-place instance red_pitaya_scope/i_bridge/axi_rdata_o[3]_i_11
INFO: [Physopt 32-735] Processed net red_pitaya_scope/i_bridge/axi_rdata_o[3]_i_11_n_0. Optimization improves timing on the net.
INFO: [Physopt 32-619] Estimated Timing Summary | WNS=-6.568 | TNS=-7221.544 |
INFO: [Physopt 32-702] Processed net axi_slave/M_AXI_GP0_RDATA[7]. Optimizations did not improve timing on the net.
INFO: [Physopt 32-662] Processed net red_pitaya_scope/i_bridge/i_11/O_n_3.  Did not re-place instance red_pitaya_scope/i_bridge/i_11_LOPT_REMAP_3
INFO: [Physopt 32-702] Processed net red_pitaya_scope/i_bridge/i_11/O_n_3. Optimizations did not improve timing on the net.
INFO: [Physopt 32-662] Processed net red_pitaya_scope/i_bridge/axi_rdata_o[7]_i_2_n_0.  Did not re-place instance red_pitaya_scope/i_bridge/axi_rdata_o[7]_i_2
INFO: [Physopt 32-735] Processed net red_pitaya_scope/i_bridge/axi_rdata_o[7]_i_2_n_0. Optimization improves timing on the net.
INFO: [Physopt 32-619] Estimated Timing Summary | WNS=-6.568 | TNS=-7221.387 |
INFO: [Physopt 32-702] Processed net axi_slave/M_AXI_GP0_RDATA[1]. Optimizations did not improve timing on the net.
INFO: [Physopt 32-662] Processed net red_pitaya_scope/i_bridge/axi_rdata_o[1]_i_3_n_0.  Did not re-place instance red_pitaya_scope/i_bridge/axi_rdata_o[1]_i_3
INFO: [Physopt 32-735] Processed net red_pitaya_scope/i_bridge/axi_rdata_o[1]_i_3_n_0. Optimization improves timing on the net.
INFO: [Physopt 32-619] Estimated Timing Summary | WNS=-6.568 | TNS=-7221.173 |
INFO: [Physopt 32-662] Processed net red_pitaya_scope/i_bridge/axi_rdata_o[3]_i_11_n_0.  Did not re-place instance red_pitaya_scope/i_bridge/axi_rdata_o[3]_i_11
INFO: [Physopt 32-702] Processed net red_pitaya_scope/i_bridge/axi_rdata_o[3]_i_11_n_0. Optimizations did not improve timing on the net.
INFO: [Physopt 32-662] Processed net red_pitaya_scope/i_bridge/axi_rdata_o[3]_i_15_n_0.  Did not re-place instance red_pitaya_scope/i_bridge/axi_rdata_o[3]_i_15
INFO: [Physopt 32-735] Processed net red_pitaya_scope/i_bridge/axi_rdata_o[3]_i_15_n_0. Optimization improves timing on the net.
INFO: [Physopt 32-619] Estimated Timing Summary | WNS=-6.568 | TNS=-7221.097 |
INFO: [Physopt 32-702] Processed net axi_slave/M_AXI_GP0_RDATA[2]. Optimizations did not improve timing on the net.
INFO: [Physopt 32-702] Processed net red_pitaya_scope/i_bridge/axi_rdata_o_reg[2]_i_4_n_0. Optimizations did not improve timing on the net.
INFO: [Physopt 32-702] Processed net red_pitaya_scope/i_bridge/axi_rdata_o[2]_i_5_n_0. Optimizations did not improve timing on the net.
INFO: [Physopt 32-662] Processed net red_pitaya_scope/i_bridge/axi_rdata_o[2]_i_8_n_0.  Did not re-place instance red_pitaya_scope/i_bridge/axi_rdata_o[2]_i_8
INFO: [Physopt 32-702] Processed net red_pitaya_scope/i_bridge/axi_rdata_o[2]_i_8_n_0. Optimizations did not improve timing on the net.
INFO: [Physopt 32-662] Processed net red_pitaya_scope/i_bridge/axi_rdata_o[2]_i_12_n_0.  Did not re-place instance red_pitaya_scope/i_bridge/axi_rdata_o[2]_i_12
INFO: [Physopt 32-735] Processed net red_pitaya_scope/i_bridge/axi_rdata_o[2]_i_12_n_0. Optimization improves timing on the net.
INFO: [Physopt 32-619] Estimated Timing Summary | WNS=-6.568 | TNS=-7220.970 |
INFO: [Physopt 32-702] Processed net axi_slave/M_AXI_GP0_RDATA[5]. Optimizations did not improve timing on the net.
INFO: [Physopt 32-663] Processed net red_pitaya_scope/i_bridge/i_11/O_n_1.  Re-placed instance red_pitaya_scope/i_bridge/i_11_LOPT_REMAP_1
INFO: [Physopt 32-735] Processed net red_pitaya_scope/i_bridge/i_11/O_n_1. Optimization improves timing on the net.
INFO: [Physopt 32-619] Estimated Timing Summary | WNS=-6.568 | TNS=-7220.913 |
INFO: [Physopt 32-662] Processed net red_pitaya_scope/i_bridge/axi_rdata_o[3]_i_3_n_0.  Did not re-place instance red_pitaya_scope/i_bridge/axi_rdata_o[3]_i_3_comp
INFO: [Physopt 32-702] Processed net red_pitaya_scope/i_bridge/axi_rdata_o[3]_i_3_n_0. Optimizations did not improve timing on the net.
INFO: [Physopt 32-663] Processed net red_pitaya_scope/i_bridge/axi_rdata_o[3]_i_2_n_0.  Re-placed instance red_pitaya_scope/i_bridge/axi_rdata_o[3]_i_2
INFO: [Physopt 32-735] Processed net red_pitaya_scope/i_bridge/axi_rdata_o[3]_i_2_n_0. Optimization improves timing on the net.
INFO: [Physopt 32-619] Estimated Timing Summary | WNS=-6.568 | TNS=-7220.793 |
INFO: [Physopt 32-702] Processed net axi_slave/M_AXI_GP0_RDATA[23]. Optimizations did not improve timing on the net.
INFO: [Physopt 32-662] Processed net red_pitaya_scope/i_bridge/axi_rdata_o[23]_i_5_n_0.  Did not re-place instance red_pitaya_scope/i_bridge/axi_rdata_o[23]_i_5
INFO: [Physopt 32-735] Processed net red_pitaya_scope/i_bridge/axi_rdata_o[23]_i_5_n_0. Optimization improves timing on the net.
INFO: [Physopt 32-619] Estimated Timing Summary | WNS=-6.568 | TNS=-7220.774 |
INFO: [Physopt 32-702] Processed net axi_slave/M_AXI_GP0_RDATA[19]. Optimizations did not improve timing on the net.
INFO: [Physopt 32-662] Processed net red_pitaya_scope/i_bridge/axi_rdata_o[19]_i_4_n_0.  Did not re-place instance red_pitaya_scope/i_bridge/axi_rdata_o[19]_i_4
INFO: [Physopt 32-735] Processed net red_pitaya_scope/i_bridge/axi_rdata_o[19]_i_4_n_0. Optimization improves timing on the net.
INFO: [Physopt 32-619] Estimated Timing Summary | WNS=-6.568 | TNS=-7220.680 |
INFO: [Physopt 32-662] Processed net red_pitaya_scope/i_bridge/i_1/O_n_5.  Did not re-place instance red_pitaya_scope/i_bridge/i_1_LOPT_REMAP_5
INFO: [Physopt 32-702] Processed net red_pitaya_scope/i_bridge/i_1/O_n_5. Optimizations did not improve timing on the net.
INFO: [Physopt 32-663] Processed net red_pitaya_scope/i_bridge/i_2/O_n_5.  Re-placed instance red_pitaya_scope/i_bridge/i_2_LOPT_REMAP_5
INFO: [Physopt 32-735] Processed net red_pitaya_scope/i_bridge/i_2/O_n_5. Optimization improves timing on the net.
INFO: [Physopt 32-619] Estimated Timing Summary | WNS=-6.568 | TNS=-7220.633 |
INFO: [Physopt 32-662] Processed net red_pitaya_scope/i_bridge/axi_rdata_o[23]_i_4_n_0.  Did not re-place instance red_pitaya_scope/i_bridge/axi_rdata_o[23]_i_4
INFO: [Physopt 32-735] Processed net red_pitaya_scope/i_bridge/axi_rdata_o[23]_i_4_n_0. Optimization improves timing on the net.
INFO: [Physopt 32-619] Estimated Timing Summary | WNS=-6.568 | TNS=-7220.542 |
INFO: [Physopt 32-662] Processed net red_pitaya_scope/i_bridge/axi_rdata_o[7]_i_2_n_0.  Did not re-place instance red_pitaya_scope/i_bridge/axi_rdata_o[7]_i_2
INFO: [Physopt 32-702] Processed net red_pitaya_scope/i_bridge/axi_rdata_o[7]_i_2_n_0. Optimizations did not improve timing on the net.
INFO: [Physopt 32-735] Processed net red_pitaya_scope/i_bridge/set_dec_reg[31][6]. Optimization improves timing on the net.
INFO: [Physopt 32-619] Estimated Timing Summary | WNS=-6.568 | TNS=-7220.468 |
INFO: [Physopt 32-735] Processed net red_pitaya_scope/i_bridge/set_dec_reg[31][1]. Optimization improves timing on the net.
INFO: [Physopt 32-619] Estimated Timing Summary | WNS=-6.568 | TNS=-7220.397 |
INFO: [Physopt 32-702] Processed net axi_slave/M_AXI_GP0_RDATA[29]. Optimizations did not improve timing on the net.
INFO: [Physopt 32-663] Processed net red_pitaya_scope/i_bridge/axi_rdata_o[29]_i_3_n_0.  Re-placed instance red_pitaya_scope/i_bridge/axi_rdata_o[29]_i_3
INFO: [Physopt 32-735] Processed net red_pitaya_scope/i_bridge/axi_rdata_o[29]_i_3_n_0. Optimization improves timing on the net.
INFO: [Physopt 32-619] Estimated Timing Summary | WNS=-6.568 | TNS=-7220.367 |
INFO: [Physopt 32-702] Processed net axi_slave/M_AXI_GP0_RDATA[26]. Optimizations did not improve timing on the net.
INFO: [Physopt 32-663] Processed net red_pitaya_scope/i_bridge/axi_rdata_o[26]_i_2_n_0.  Re-placed instance red_pitaya_scope/i_bridge/axi_rdata_o[26]_i_2
INFO: [Physopt 32-735] Processed net red_pitaya_scope/i_bridge/axi_rdata_o[26]_i_2_n_0. Optimization improves timing on the net.
INFO: [Physopt 32-619] Estimated Timing Summary | WNS=-6.568 | TNS=-7220.318 |
INFO: [Physopt 32-663] Processed net red_pitaya_scope/i_bridge/i_11/O_n_1.  Re-placed instance red_pitaya_scope/i_bridge/i_11_LOPT_REMAP_1
INFO: [Physopt 32-735] Processed net red_pitaya_scope/i_bridge/i_11/O_n_1. Optimization improves timing on the net.
INFO: [Physopt 32-619] Estimated Timing Summary | WNS=-6.568 | TNS=-7220.309 |
INFO: [Physopt 32-702] Processed net axi_slave/M_AXI_GP0_RDATA[12]. Optimizations did not improve timing on the net.
INFO: [Physopt 32-663] Processed net red_pitaya_scope/i_bridge/i_8/O_n_8.  Re-placed instance red_pitaya_scope/i_bridge/i_8_LOPT_REMAP_8
INFO: [Physopt 32-735] Processed net red_pitaya_scope/i_bridge/i_8/O_n_8. Optimization improves timing on the net.
INFO: [Physopt 32-619] Estimated Timing Summary | WNS=-6.568 | TNS=-7220.265 |
INFO: [Physopt 32-662] Processed net red_pitaya_scope/i_bridge/i_11/O_n_1.  Did not re-place instance red_pitaya_scope/i_bridge/i_11_LOPT_REMAP_1
INFO: [Physopt 32-702] Processed net red_pitaya_scope/i_bridge/i_11/O_n_1. Optimizations did not improve timing on the net.
INFO: [Physopt 32-663] Processed net red_pitaya_scope/i_bridge/axi_rdata_o[5]_i_2_n_0.  Re-placed instance red_pitaya_scope/i_bridge/axi_rdata_o[5]_i_2
INFO: [Physopt 32-735] Processed net red_pitaya_scope/i_bridge/axi_rdata_o[5]_i_2_n_0. Optimization improves timing on the net.
INFO: [Physopt 32-619] Estimated Timing Summary | WNS=-6.568 | TNS=-7220.227 |
INFO: [Physopt 32-702] Processed net axi_slave/M_AXI_GP0_RDATA[22]. Optimizations did not improve timing on the net.
INFO: [Physopt 32-662] Processed net red_pitaya_scope/i_bridge/axi_rdata_o[22]_i_4_n_0.  Did not re-place instance red_pitaya_scope/i_bridge/axi_rdata_o[22]_i_4
INFO: [Physopt 32-735] Processed net red_pitaya_scope/i_bridge/axi_rdata_o[22]_i_4_n_0. Optimization improves timing on the net.
INFO: [Physopt 32-619] Estimated Timing Summary | WNS=-6.568 | TNS=-7220.206 |
INFO: [Physopt 32-702] Processed net axi_slave/M_AXI_GP0_RDATA[8]. Optimizations did not improve timing on the net.
INFO: [Physopt 32-663] Processed net red_pitaya_scope/i_bridge/i_8/O_n_4.  Re-placed instance red_pitaya_scope/i_bridge/i_8_LOPT_REMAP_4
INFO: [Physopt 32-735] Processed net red_pitaya_scope/i_bridge/i_8/O_n_4. Optimization improves timing on the net.
INFO: [Physopt 32-619] Estimated Timing Summary | WNS=-6.568 | TNS=-7220.183 |
INFO: [Physopt 32-662] Processed net red_pitaya_scope/i_bridge/axi_rdata_o[29]_i_3_n_0.  Did not re-place instance red_pitaya_scope/i_bridge/axi_rdata_o[29]_i_3
INFO: [Physopt 32-735] Processed net red_pitaya_scope/i_bridge/axi_rdata_o[29]_i_3_n_0. Optimization improves timing on the net.
INFO: [Physopt 32-619] Estimated Timing Summary | WNS=-6.568 | TNS=-7220.161 |
INFO: [Physopt 32-702] Processed net axi_slave/M_AXI_GP0_RDATA[6]. Optimizations did not improve timing on the net.
INFO: [Physopt 32-662] Processed net red_pitaya_scope/i_bridge/i_1/O_n_6.  Did not re-place instance red_pitaya_scope/i_bridge/i_1_LOPT_REMAP_6
INFO: [Physopt 32-702] Processed net red_pitaya_scope/i_bridge/i_1/O_n_6. Optimizations did not improve timing on the net.
INFO: [Physopt 32-662] Processed net red_pitaya_scope/i_bridge/i_2/O_n_6.  Did not re-place instance red_pitaya_scope/i_bridge/i_2_LOPT_REMAP_6
INFO: [Physopt 32-702] Processed net red_pitaya_scope/i_bridge/i_2/O_n_6. Optimizations did not improve timing on the net.
INFO: [Physopt 32-662] Processed net red_pitaya_scope/i_bridge/axi_rdata_o[6]_i_2_n_0.  Did not re-place instance red_pitaya_scope/i_bridge/axi_rdata_o[6]_i_2
INFO: [Physopt 32-735] Processed net red_pitaya_scope/i_bridge/axi_rdata_o[6]_i_2_n_0. Optimization improves timing on the net.
INFO: [Physopt 32-619] Estimated Timing Summary | WNS=-6.568 | TNS=-7220.140 |
INFO: [Physopt 32-663] Processed net red_pitaya_scope/i_bridge/axi_rdata_o[3]_i_10_n_0.  Re-placed instance red_pitaya_scope/i_bridge/axi_rdata_o[3]_i_10
INFO: [Physopt 32-735] Processed net red_pitaya_scope/i_bridge/axi_rdata_o[3]_i_10_n_0. Optimization improves timing on the net.
INFO: [Physopt 32-619] Estimated Timing Summary | WNS=-6.568 | TNS=-7220.128 |
INFO: [Physopt 32-702] Processed net axi_slave/M_AXI_GP0_RDATA[0]. Optimizations did not improve timing on the net.
INFO: [Physopt 32-663] Processed net axi_slave/i_1/O_n.  Re-placed instance axi_slave/i_1_LOPT_REMAP
INFO: [Physopt 32-735] Processed net axi_slave/i_1/O_n. Optimization improves timing on the net.
INFO: [Physopt 32-619] Estimated Timing Summary | WNS=-6.568 | TNS=-7220.120 |
INFO: [Physopt 32-702] Processed net red_pitaya_scope/i_bridge/axi_rdata_o[3]_i_9_n_0. Optimizations did not improve timing on the net.
INFO: [Physopt 32-662] Processed net red_pitaya_scope/i_bridge/axi_rdata_o[3]_i_14_n_0.  Did not re-place instance red_pitaya_scope/i_bridge/axi_rdata_o[3]_i_14
INFO: [Physopt 32-702] Processed net red_pitaya_scope/i_bridge/axi_rdata_o[3]_i_14_n_0. Optimizations did not improve timing on the net.
INFO: [Physopt 32-702] Processed net red_pitaya_scope/i_bridge/set_dec_reg[31][2]. Optimizations did not improve timing on the net.
INFO: [Physopt 32-662] Processed net red_pitaya_scope/set_b_filt_bb_reg_n_0_[3].  Did not re-place instance red_pitaya_scope/set_b_filt_bb_reg[3]
INFO: [Physopt 32-702] Processed net red_pitaya_scope/set_b_filt_bb_reg_n_0_[3]. Optimizations did not improve timing on the net.
INFO: [Physopt 32-619] Estimated Timing Summary | WNS=-6.568 | TNS=-7220.120 |
Phase 3 Critical Path Optimization | Checksum: 249cdab6b

Time (s): cpu = 00:00:30 ; elapsed = 00:00:09 . Memory (MB): peak = 3488.371 ; gain = 0.000 ; free physical = 7259 ; free virtual = 31252

Phase 4 Critical Path Optimization
INFO: [Physopt 32-619] Estimated Timing Summary | WNS=-6.568 | TNS=-7220.120 |
INFO: [Physopt 32-702] Processed net linienmodule_raw_acquisition_iir_zr7[49]. Optimizations did not improve timing on the net.
INFO: [Physopt 32-702] Processed net clk_2. Optimizations did not improve timing on the net.
INFO: [Physopt 32-702] Processed net linienmodule_raw_acquisition_iir_zr7_reg[47]_i_1_n_0. Optimizations did not improve timing on the net.
INFO: [Physopt 32-702] Processed net linienmodule_raw_acquisition_iir_zr7[47]_i_4_n_0. Optimizations did not improve timing on the net.
INFO: [Physopt 32-702] Processed net linienmodule_raw_acquisition_iir_z60__0[45]. Optimizations did not improve timing on the net.
INFO: [Physopt 32-702] Processed net linienmodule_raw_acquisition_iir_zr7_reg[47]_i_6_n_0. Optimizations did not improve timing on the net.
INFO: [Physopt 32-702] Processed net linienmodule_raw_acquisition_iir_zr7[47]_i_11_n_0. Optimizations did not improve timing on the net.
INFO: [Physopt 32-702] Processed net PCIN__2[41]. Optimizations did not improve timing on the net.
INFO: [Physopt 32-702] Processed net linienmodule_raw_acquisition_iir_zr7_reg[43]_i_7_n_0. Optimizations did not improve timing on the net.
INFO: [Physopt 32-702] Processed net linienmodule_raw_acquisition_iir_zr7_reg[39]_i_7_n_0. Optimizations did not improve timing on the net.
INFO: [Physopt 32-702] Processed net linienmodule_raw_acquisition_iir_zr7_reg[39]_i_12_n_6. Optimizations did not improve timing on the net.
INFO: [Physopt 32-702] Processed net linienmodule_raw_acquisition_iir_zr7_reg[35]_i_12_n_0. Optimizations did not improve timing on the net.
INFO: [Physopt 32-702] Processed net linienmodule_raw_acquisition_iir_zr7_reg[31]_i_12_n_0. Optimizations did not improve timing on the net.
INFO: [Physopt 32-702] Processed net linienmodule_raw_acquisition_iir_zr7_reg[27]_i_12_n_0. Optimizations did not improve timing on the net.
INFO: [Physopt 32-702] Processed net linienmodule_raw_acquisition_iir_zr7_reg[19]_i_7_n_0. Optimizations did not improve timing on the net.
INFO: [Physopt 32-702] Processed net linienmodule_raw_acquisition_iir_zr7_reg[15]_i_7_n_0. Optimizations did not improve timing on the net.
INFO: [Physopt 32-702] Processed net linienmodule_raw_acquisition_iir_zr7[15]_i_15_n_0. Optimizations did not improve timing on the net.
INFO: [Physopt 32-662] Processed net linienmodule_raw_acquisition_iir_zr7[15]_i_11_n_0.  Did not re-place instance linienmodule_raw_acquisition_iir_zr7[15]_i_11
INFO: [Physopt 32-571] Net linienmodule_raw_acquisition_iir_zr7[15]_i_11_n_0 was not replicated.
INFO: [Physopt 32-702] Processed net linienmodule_raw_acquisition_iir_zr7[15]_i_11_n_0. Optimizations did not improve timing on the net.
INFO: [Physopt 32-702] Processed net linienmodule_raw_acquisition_iir_zr7_reg[15]_i_17_n_4. Optimizations did not improve timing on the net.
INFO: [Physopt 32-702] Processed net linienmodule_raw_acquisition_iir_zr7[15]_i_28_n_0. Optimizations did not improve timing on the net.
INFO: [Physopt 32-702] Processed net linienmodule_raw_acquisition_iir_zr7_reg[15]_i_38_n_6. Optimizations did not improve timing on the net.
INFO: [Physopt 32-702] Processed net linienmodule_raw_acquisition_iir_zr7_reg[11]_i_36_n_0. Optimizations did not improve timing on the net.
INFO: [Physopt 32-662] Processed net linienmodule_raw_acquisition_iir_zr7[11]_i_46_n_0.  Did not re-place instance linienmodule_raw_acquisition_iir_zr7[11]_i_46
INFO: [Physopt 32-702] Processed net linienmodule_raw_acquisition_iir_zr7[11]_i_46_n_0. Optimizations did not improve timing on the net.
INFO: [Physopt 32-702] Processed net linienmodule_raw_acquisition_iir_z6[49]. Optimizations did not improve timing on the net.
INFO: [Physopt 32-81] Processed net linienmodule_raw_acquisition_iir_a5[1]. Replicated 3 times.
INFO: [Physopt 32-735] Processed net linienmodule_raw_acquisition_iir_a5[1]. Optimization improves timing on the net.
INFO: [Physopt 32-619] Estimated Timing Summary | WNS=-6.566 | TNS=-7219.708 |
INFO: [Physopt 32-662] Processed net linienmodule_raw_acquisition_iir_zr7[31]_i_16_n_0.  Did not re-place instance linienmodule_raw_acquisition_iir_zr7[31]_i_16
INFO: [Physopt 32-702] Processed net linienmodule_raw_acquisition_iir_zr7[31]_i_16_n_0. Optimizations did not improve timing on the net.
INFO: [Physopt 32-702] Processed net linienmodule_raw_acquisition_iir_zr7_reg[35]_i_30_n_7. Optimizations did not improve timing on the net.
INFO: [Physopt 32-702] Processed net linienmodule_raw_acquisition_iir_zr7_reg[31]_i_30_n_0. Optimizations did not improve timing on the net.
INFO: [Physopt 32-662] Processed net linienmodule_raw_acquisition_iir_zr7[31]_i_39_n_0.  Did not re-place instance linienmodule_raw_acquisition_iir_zr7[31]_i_39
INFO: [Physopt 32-702] Processed net linienmodule_raw_acquisition_iir_zr7[31]_i_39_n_0. Optimizations did not improve timing on the net.
INFO: [Physopt 32-702] Processed net linienmodule_raw_acquisition_iir_zr7_reg[19]_i_61_n_4. Optimizations did not improve timing on the net.
INFO: [Physopt 32-702] Processed net linienmodule_raw_acquisition_iir_zr7_reg[19]_i_64_n_0. Optimizations did not improve timing on the net.
INFO: [Physopt 32-702] Processed net linienmodule_raw_acquisition_iir_zr7[19]_i_138_n_0. Optimizations did not improve timing on the net.
INFO: [Physopt 32-662] Processed net linienmodule_raw_acquisition_iir_zr7[19]_i_134_n_0.  Did not re-place instance linienmodule_raw_acquisition_iir_zr7[19]_i_134
INFO: [Physopt 32-572] Net linienmodule_raw_acquisition_iir_zr7[19]_i_134_n_0 was not replicated.
Resolution: phys_opt_design can be forced to replicate a net driver using the option -force_replication_on_nets <list of net objects>.
INFO: [Physopt 32-735] Processed net linienmodule_raw_acquisition_iir_zr7[19]_i_134_n_0. Optimization improves timing on the net.
INFO: [Physopt 32-619] Estimated Timing Summary | WNS=-6.564 | TNS=-7219.588 |
INFO: [Physopt 32-702] Processed net linienmodule_raw_acquisition_iir_zr9[49]. Optimizations did not improve timing on the net.
INFO: [Physopt 32-702] Processed net linienmodule_raw_acquisition_iir_zr9_reg[47]_i_1_n_0. Optimizations did not improve timing on the net.
INFO: [Physopt 32-702] Processed net linienmodule_raw_acquisition_iir_zr9[47]_i_3_n_0. Optimizations did not improve timing on the net.
INFO: [Physopt 32-702] Processed net linienmodule_raw_acquisition_iir_z80[46]. Optimizations did not improve timing on the net.
INFO: [Physopt 32-702] Processed net linienmodule_raw_acquisition_iir_zr9_reg[47]_i_6_n_0. Optimizations did not improve timing on the net.
INFO: [Physopt 32-702] Processed net linienmodule_raw_acquisition_iir_zr9_reg[43]_i_6_n_0. Optimizations did not improve timing on the net.
INFO: [Physopt 32-702] Processed net linienmodule_raw_acquisition_iir_zr9[43]_i_11_n_0. Optimizations did not improve timing on the net.
INFO: [Physopt 32-702] Processed net PCIN__0[37]. Optimizations did not improve timing on the net.
INFO: [Physopt 32-702] Processed net linienmodule_raw_acquisition_iir_zr9_reg[39]_i_7_n_0. Optimizations did not improve timing on the net.
INFO: [Physopt 32-702] Processed net linienmodule_raw_acquisition_iir_zr9_reg[39]_i_12_n_6. Optimizations did not improve timing on the net.
INFO: [Physopt 32-702] Processed net linienmodule_raw_acquisition_iir_zr9_reg[35]_i_12_n_0. Optimizations did not improve timing on the net.
INFO: [Physopt 32-662] Processed net linienmodule_raw_acquisition_iir_zr9[35]_i_15_n_0.  Did not re-place instance linienmodule_raw_acquisition_iir_zr9[35]_i_15
INFO: [Physopt 32-702] Processed net linienmodule_raw_acquisition_iir_zr9[35]_i_15_n_0. Optimizations did not improve timing on the net.
INFO: [Physopt 32-702] Processed net linienmodule_raw_acquisition_iir_zr9_reg[39]_i_31_n_6. Optimizations did not improve timing on the net.
INFO: [Physopt 32-702] Processed net linienmodule_raw_acquisition_iir_zr9_reg[35]_i_31_n_0. Optimizations did not improve timing on the net.
INFO: [Physopt 32-702] Processed net linienmodule_raw_acquisition_iir_zr9_reg[31]_i_31_n_0. Optimizations did not improve timing on the net.
INFO: [Physopt 32-735] Processed net linienmodule_raw_acquisition_iir_zr9[31]_i_49_n_0. Optimization improves timing on the net.
INFO: [Physopt 32-619] Estimated Timing Summary | WNS=-6.561 | TNS=-7219.570 |
INFO: [Physopt 32-735] Processed net linienmodule_raw_acquisition_iir_zr9[35]_i_49_n_0. Optimization improves timing on the net.
INFO: [Physopt 32-619] Estimated Timing Summary | WNS=-6.554 | TNS=-7219.402 |
INFO: [Physopt 32-702] Processed net linienmodule_raw_acquisition_iir_zr7_reg[15]_i_25_n_6. Optimizations did not improve timing on the net.
INFO: [Physopt 32-702] Processed net linienmodule_raw_acquisition_iir_zr7_reg[11]_i_22_n_0. Optimizations did not improve timing on the net.
INFO: [Physopt 32-735] Processed net linienmodule_raw_acquisition_iir_zr7[11]_i_33_n_0. Optimization improves timing on the net.
INFO: [Physopt 32-619] Estimated Timing Summary | WNS=-6.553 | TNS=-7219.364 |
INFO: [Physopt 32-702] Processed net linienmodule_raw_acquisition_iir_zr7[11]_i_35_n_0. Optimizations did not improve timing on the net.
INFO: [Physopt 32-662] Processed net linienmodule_raw_acquisition_iir_zr7[11]_i_31_n_0.  Did not re-place instance linienmodule_raw_acquisition_iir_zr7[11]_i_31
INFO: [Physopt 32-572] Net linienmodule_raw_acquisition_iir_zr7[11]_i_31_n_0 was not replicated.
Resolution: phys_opt_design can be forced to replicate a net driver using the option -force_replication_on_nets <list of net objects>.
INFO: [Physopt 32-702] Processed net linienmodule_raw_acquisition_iir_zr7[11]_i_31_n_0. Optimizations did not improve timing on the net.
INFO: [Physopt 32-81] Processed net linienmodule_raw_acquisition_iir_z60[-1111111109]_rep_n_0. Replicated 2 times.
INFO: [Physopt 32-735] Processed net linienmodule_raw_acquisition_iir_z60[-1111111109]_rep_n_0. Optimization improves timing on the net.
INFO: [Physopt 32-619] Estimated Timing Summary | WNS=-6.551 | TNS=-7229.664 |
INFO: [Physopt 32-81] Processed net linienmodule_raw_acquisition_iir_z60[-1111111109]_rep_n_0. Replicated 1 times.
INFO: [Physopt 32-735] Processed net linienmodule_raw_acquisition_iir_z60[-1111111109]_rep_n_0. Optimization improves timing on the net.
INFO: [Physopt 32-619] Estimated Timing Summary | WNS=-6.551 | TNS=-7234.478 |
INFO: [Physopt 32-702] Processed net linienmodule_raw_acquisition_iir_zr7_reg[19]_i_60_n_4. Optimizations did not improve timing on the net.
INFO: [Physopt 32-702] Processed net linienmodule_raw_acquisition_iir_zr7_reg[19]_i_63_n_0. Optimizations did not improve timing on the net.
INFO: [Physopt 32-702] Processed net linienmodule_raw_acquisition_iir_zr7[19]_i_127_n_0. Optimizations did not improve timing on the net.
INFO: [Physopt 32-662] Processed net linienmodule_raw_acquisition_iir_zr7[19]_i_185_n_0.  Did not re-place instance linienmodule_raw_acquisition_iir_zr7[19]_i_185
INFO: [Physopt 32-710] Processed net linienmodule_raw_acquisition_iir_zr7[19]_i_127_n_0. Critical path length was reduced through logic transformation on cell linienmodule_raw_acquisition_iir_zr7[19]_i_127_comp.
INFO: [Physopt 32-735] Processed net linienmodule_raw_acquisition_iir_zr7[19]_i_185_n_0. Optimization improves timing on the net.
INFO: [Physopt 32-619] Estimated Timing Summary | WNS=-6.551 | TNS=-7234.478 |
INFO: [Physopt 32-81] Processed net linienmodule_raw_acquisition_iir_a5[0]. Replicated 1 times.
INFO: [Physopt 32-735] Processed net linienmodule_raw_acquisition_iir_a5[0]. Optimization improves timing on the net.
INFO: [Physopt 32-619] Estimated Timing Summary | WNS=-6.549 | TNS=-7234.198 |
INFO: [Physopt 32-662] Processed net linienmodule_raw_acquisition_iir_zr7[27]_i_17_n_0.  Did not re-place instance linienmodule_raw_acquisition_iir_zr7[27]_i_17
INFO: [Physopt 32-702] Processed net linienmodule_raw_acquisition_iir_zr7[27]_i_17_n_0. Optimizations did not improve timing on the net.
INFO: [Physopt 32-702] Processed net linienmodule_raw_acquisition_iir_zr7_reg[19]_i_17_n_4. Optimizations did not improve timing on the net.
INFO: [Physopt 32-702] Processed net linienmodule_raw_acquisition_iir_zr7_reg[19]_i_20_n_0. Optimizations did not improve timing on the net.
INFO: [Physopt 32-702] Processed net linienmodule_raw_acquisition_iir_zr7[19]_i_56_n_0. Optimizations did not improve timing on the net.
INFO: [Physopt 32-702] Processed net linienmodule_raw_acquisition_iir_zr7_reg[19]_i_65_n_6. Optimizations did not improve timing on the net.
INFO: [Physopt 32-702] Processed net linienmodule_raw_acquisition_iir_zr7_reg[15]_i_38_n_0. Optimizations did not improve timing on the net.
INFO: [Physopt 32-702] Processed net linienmodule_raw_acquisition_iir_zr7[15]_i_49_n_0. Optimizations did not improve timing on the net.
INFO: [Physopt 32-662] Processed net linienmodule_raw_acquisition_iir_zr7[15]_i_45_n_0.  Did not re-place instance linienmodule_raw_acquisition_iir_zr7[15]_i_45
INFO: [Physopt 32-572] Net linienmodule_raw_acquisition_iir_zr7[15]_i_45_n_0 was not replicated.
Resolution: phys_opt_design can be forced to replicate a net driver using the option -force_replication_on_nets <list of net objects>.
INFO: [Physopt 32-735] Processed net linienmodule_raw_acquisition_iir_zr7[15]_i_45_n_0. Optimization improves timing on the net.
INFO: [Physopt 32-619] Estimated Timing Summary | WNS=-6.548 | TNS=-7234.158 |
INFO: [Physopt 32-663] Processed net linienmodule_raw_acquisition_iir_z50_i_1_psdsp_n.  Re-placed instance linienmodule_raw_acquisition_iir_z50_i_1_psdsp
INFO: [Physopt 32-735] Processed net linienmodule_raw_acquisition_iir_z50_i_1_psdsp_n. Optimization improves timing on the net.
INFO: [Physopt 32-619] Estimated Timing Summary | WNS=-6.546 | TNS=-7233.979 |
INFO: [Physopt 32-662] Processed net linienmodule_limit_error_signal_limitcsr_y[5].  Did not re-place instance linienmodule_limit_error_signal_limitcsr_y_reg[5]
INFO: [Physopt 32-702] Processed net linienmodule_limit_error_signal_limitcsr_y[5]. Optimizations did not improve timing on the net.
INFO: [Physopt 32-702] Processed net linienmodule_limit_error_signal_limit_y10_in. Optimizations did not improve timing on the net.
INFO: [Physopt 32-702] Processed net linienmodule_raw_acquisition_iir_z50_i_29_n_0. Optimizations did not improve timing on the net.
INFO: [Physopt 32-702] Processed net linienmodule_limit_error_signal_x[28]. Optimizations did not improve timing on the net.
INFO: [Physopt 32-702] Processed net linienmodule_raw_acquisition_iir_z40__0_i_10_n_0. Optimizations did not improve timing on the net.
INFO: [Physopt 32-662] Processed net linienmodule_raw_acquisition_iir_z40__0_i_12_n_0.  Did not re-place instance linienmodule_raw_acquisition_iir_z40__0_i_12
INFO: [Physopt 32-702] Processed net linienmodule_raw_acquisition_iir_z40__0_i_12_n_0. Optimizations did not improve timing on the net.
INFO: [Physopt 32-662] Processed net linienmodule_raw_acquisition_iir_z40__0_i_30_n_0.  Did not re-place instance linienmodule_raw_acquisition_iir_z40__0_i_30
INFO: [Physopt 32-710] Processed net linienmodule_raw_acquisition_iir_z40__0_i_12_n_0. Critical path length was reduced through logic transformation on cell linienmodule_raw_acquisition_iir_z40__0_i_12_comp.
INFO: [Physopt 32-735] Processed net linienmodule_raw_acquisition_iir_z40__0_i_30_n_0. Optimization improves timing on the net.
INFO: [Physopt 32-619] Estimated Timing Summary | WNS=-6.545 | TNS=-7232.979 |
INFO: [Physopt 32-702] Processed net axi_slave/M_AXI_GP0_RDATA[3]. Optimizations did not improve timing on the net.
INFO: [Physopt 32-702] Processed net red_pitaya_scope/i_bridge/axi_rdata_o_reg[3]_i_4_n_0. Optimizations did not improve timing on the net.
INFO: [Physopt 32-702] Processed net red_pitaya_scope/i_bridge/axi_rdata_o[3]_i_9_n_0. Optimizations did not improve timing on the net.
INFO: [Physopt 32-662] Processed net red_pitaya_scope/i_bridge/axi_rdata_o[3]_i_14_n_0.  Did not re-place instance red_pitaya_scope/i_bridge/axi_rdata_o[3]_i_14
INFO: [Physopt 32-702] Processed net red_pitaya_scope/i_bridge/axi_rdata_o[3]_i_14_n_0. Optimizations did not improve timing on the net.
INFO: [Physopt 32-702] Processed net red_pitaya_scope/i_bridge/set_dec_reg[31][2]. Optimizations did not improve timing on the net.
INFO: [Physopt 32-662] Processed net red_pitaya_scope/set_b_filt_bb_reg_n_0_[3].  Did not re-place instance red_pitaya_scope/set_b_filt_bb_reg[3]
INFO: [Physopt 32-702] Processed net red_pitaya_scope/set_b_filt_bb_reg_n_0_[3]. Optimizations did not improve timing on the net.
INFO: [Physopt 32-702] Processed net linienmodule_raw_acquisition_iir_zr7[49]. Optimizations did not improve timing on the net.
INFO: [Physopt 32-702] Processed net clk_2. Optimizations did not improve timing on the net.
INFO: [Physopt 32-702] Processed net linienmodule_raw_acquisition_iir_zr7[47]_i_4_n_0. Optimizations did not improve timing on the net.
INFO: [Physopt 32-702] Processed net linienmodule_raw_acquisition_iir_z60__0[45]. Optimizations did not improve timing on the net.
INFO: [Physopt 32-702] Processed net linienmodule_raw_acquisition_iir_zr7[47]_i_11_n_0. Optimizations did not improve timing on the net.
INFO: [Physopt 32-702] Processed net PCIN__2[41]. Optimizations did not improve timing on the net.
INFO: [Physopt 32-702] Processed net linienmodule_raw_acquisition_iir_zr7_reg[39]_i_12_n_6. Optimizations did not improve timing on the net.
INFO: [Physopt 32-662] Processed net linienmodule_raw_acquisition_iir_zr7[27]_i_17_n_0.  Did not re-place instance linienmodule_raw_acquisition_iir_zr7[27]_i_17
INFO: [Physopt 32-702] Processed net linienmodule_raw_acquisition_iir_zr7[27]_i_17_n_0. Optimizations did not improve timing on the net.
INFO: [Physopt 32-702] Processed net linienmodule_raw_acquisition_iir_zr7_reg[19]_i_17_n_4. Optimizations did not improve timing on the net.
INFO: [Physopt 32-702] Processed net linienmodule_raw_acquisition_iir_zr7[19]_i_56_n_0. Optimizations did not improve timing on the net.
INFO: [Physopt 32-702] Processed net linienmodule_raw_acquisition_iir_zr7_reg[19]_i_65_n_6. Optimizations did not improve timing on the net.
INFO: [Physopt 32-702] Processed net linienmodule_raw_acquisition_iir_zr7[15]_i_47_n_0. Optimizations did not improve timing on the net.
INFO: [Physopt 32-662] Processed net linienmodule_raw_acquisition_iir_zr7[15]_i_43_n_0.  Did not re-place instance linienmodule_raw_acquisition_iir_zr7[15]_i_43
INFO: [Physopt 32-702] Processed net linienmodule_raw_acquisition_iir_zr7[15]_i_43_n_0. Optimizations did not improve timing on the net.
INFO: [Physopt 32-702] Processed net linienmodule_raw_acquisition_iir_z6[49]. Optimizations did not improve timing on the net.
INFO: [Physopt 32-662] Processed net linienmodule_raw_acquisition_iir_z60[-1111111106]_rep_n_0.  Did not re-place instance linienmodule_raw_acquisition_iir_z60[-1111111106]_rep
INFO: [Physopt 32-702] Processed net linienmodule_raw_acquisition_iir_z60[-1111111106]_rep_n_0. Optimizations did not improve timing on the net.
INFO: [Physopt 32-702] Processed net axi_slave/M_AXI_GP0_RDATA[3]. Optimizations did not improve timing on the net.
INFO: [Physopt 32-702] Processed net red_pitaya_scope/i_bridge/axi_rdata_o_reg[3]_i_4_n_0. Optimizations did not improve timing on the net.
INFO: [Physopt 32-702] Processed net red_pitaya_scope/i_bridge/axi_rdata_o[3]_i_9_n_0. Optimizations did not improve timing on the net.
INFO: [Physopt 32-662] Processed net red_pitaya_scope/i_bridge/axi_rdata_o[3]_i_14_n_0.  Did not re-place instance red_pitaya_scope/i_bridge/axi_rdata_o[3]_i_14
INFO: [Physopt 32-702] Processed net red_pitaya_scope/i_bridge/axi_rdata_o[3]_i_14_n_0. Optimizations did not improve timing on the net.
INFO: [Physopt 32-702] Processed net red_pitaya_scope/i_bridge/set_dec_reg[31][2]. Optimizations did not improve timing on the net.
INFO: [Physopt 32-662] Processed net red_pitaya_scope/set_b_filt_bb_reg_n_0_[3].  Did not re-place instance red_pitaya_scope/set_b_filt_bb_reg[3]
INFO: [Physopt 32-702] Processed net red_pitaya_scope/set_b_filt_bb_reg_n_0_[3]. Optimizations did not improve timing on the net.
INFO: [Physopt 32-619] Estimated Timing Summary | WNS=-6.545 | TNS=-7232.979 |
Phase 4 Critical Path Optimization | Checksum: 249cdab6b

Time (s): cpu = 00:00:42 ; elapsed = 00:00:12 . Memory (MB): peak = 3488.371 ; gain = 0.000 ; free physical = 7252 ; free virtual = 31245
Netlist sorting complete. Time (s): cpu = 00:00:00.14 ; elapsed = 00:00:00.15 . Memory (MB): peak = 3488.371 ; gain = 0.000 ; free physical = 7252 ; free virtual = 31245
INFO: [Physopt 32-603] Post Physical Optimization Timing Summary | WNS=-6.545 | TNS=-7232.979 |

Summary of Physical Synthesis Optimizations
============================================


-------------------------------------------------------------------------------------------------------------------------------------------------------------
|  Optimization   |  WNS Gain (ns)  |  TNS Gain (ns)  |  Added Cells  |  Removed Cells  |  Optimized Cells/Nets  |  Dont Touch  |  Iterations  |  Elapsed   |
-------------------------------------------------------------------------------------------------------------------------------------------------------------
|  DSP Register   |          0.000  |          0.000  |            0  |              0  |                     0  |           0  |           1  |  00:00:00  |
|  Critical Path  |          0.492  |         33.435  |           10  |              0  |                    84  |           0  |           2  |  00:00:10  |
|  Total          |          0.492  |         33.435  |           10  |              0  |                    84  |           0  |           3  |  00:00:10  |
-------------------------------------------------------------------------------------------------------------------------------------------------------------


Netlist sorting complete. Time (s): cpu = 00:00:00 ; elapsed = 00:00:00 . Memory (MB): peak = 3488.371 ; gain = 0.000 ; free physical = 7252 ; free virtual = 31245
Ending Physical Synthesis Task | Checksum: 179a274c3

Time (s): cpu = 00:00:42 ; elapsed = 00:00:12 . Memory (MB): peak = 3488.371 ; gain = 0.000 ; free physical = 7252 ; free virtual = 31245
INFO: [Common 17-83] Releasing license: Implementation
586 Infos, 1 Warnings, 0 Critical Warnings and 0 Errors encountered.
phys_opt_design completed successfully
phys_opt_design: Time (s): cpu = 00:00:54 ; elapsed = 00:00:15 . Memory (MB): peak = 3488.371 ; gain = 0.000 ; free physical = 7265 ; free virtual = 31258
## report_utilization -hierarchical -file top_utilization_hierarchical_place.rpt
## report_utilization -file top_utilization_place.rpt
## report_io -file top_io.rpt
report_io: Time (s): cpu = 00:00:00.08 ; elapsed = 00:00:00.13 . Memory (MB): peak = 3488.371 ; gain = 0.000 ; free physical = 7229 ; free virtual = 31222
## report_control_sets -verbose -file top_control_sets.rpt
report_control_sets: Time (s): cpu = 00:00:00.16 ; elapsed = 00:00:00.21 . Memory (MB): peak = 3488.371 ; gain = 0.000 ; free physical = 7242 ; free virtual = 31235
## report_clock_utilization -file top_clock_utilization.rpt
## route_design
Command: route_design
Attempting to get a license for feature 'Implementation' and/or device 'xc7z010'
INFO: [Common 17-349] Got license for feature 'Implementation' and/or device 'xc7z010'
INFO: [DRC 23-27] Running DRC with 8 threads
INFO: [Vivado_Tcl 4-198] DRC finished with 0 Errors
INFO: [Vivado_Tcl 4-199] Please refer to the DRC report (report_drc) for more information.
Running DRC as a precondition to command route_design
INFO: [DRC 23-27] Running DRC with 8 threads
INFO: [Vivado_Tcl 4-198] DRC finished with 0 Errors
INFO: [Vivado_Tcl 4-199] Please refer to the DRC report (report_drc) for more information.


Starting Routing Task
INFO: [Route 35-254] Multithreading enabled for route_design using a maximum of 8 CPUs
Checksum: PlaceDB: fcdad8d0 ConstDB: 0 ShapeSum: 62d37ee5 RouteDB: 0

Phase 1 Build RT Design
Phase 1 Build RT Design | Checksum: 1ab25181c

Time (s): cpu = 00:00:10 ; elapsed = 00:00:04 . Memory (MB): peak = 3488.371 ; gain = 0.000 ; free physical = 7210 ; free virtual = 31198
Post Restoration Checksum: NetGraph: ad43bb48 NumContArr: fde15cd4 Constraints: 0 Timing: 0

Phase 2 Router Initialization

Phase 2.1 Create Timer
Phase 2.1 Create Timer | Checksum: 1ab25181c

Time (s): cpu = 00:00:10 ; elapsed = 00:00:05 . Memory (MB): peak = 3488.371 ; gain = 0.000 ; free physical = 7200 ; free virtual = 31200

Phase 2.2 Fix Topology Constraints
Phase 2.2 Fix Topology Constraints | Checksum: 1ab25181c

Time (s): cpu = 00:00:10 ; elapsed = 00:00:05 . Memory (MB): peak = 3488.371 ; gain = 0.000 ; free physical = 7169 ; free virtual = 31169

Phase 2.3 Pre Route Cleanup
Phase 2.3 Pre Route Cleanup | Checksum: 1ab25181c

Time (s): cpu = 00:00:10 ; elapsed = 00:00:05 . Memory (MB): peak = 3488.371 ; gain = 0.000 ; free physical = 7169 ; free virtual = 31169
 Number of Nodes with overlaps = 0

Phase 2.4 Update Timing
Phase 2.4 Update Timing | Checksum: 1a7a6b6df

Time (s): cpu = 00:00:23 ; elapsed = 00:00:09 . Memory (MB): peak = 3488.371 ; gain = 0.000 ; free physical = 7135 ; free virtual = 31126
INFO: [Route 35-416] Intermediate Timing Summary | WNS=-6.581 | TNS=-7214.248| WHS=-1.111 | THS=-527.928|

Phase 2 Router Initialization | Checksum: 18bb129b3

Time (s): cpu = 00:00:32 ; elapsed = 00:00:11 . Memory (MB): peak = 3488.371 ; gain = 0.000 ; free physical = 7135 ; free virtual = 31136

Router Utilization Summary
  Global Vertical Routing Utilization    = 0.00365991 %
  Global Horizontal Routing Utilization  = 0.00459559 %
  Routable Net Status*
  *Does not include unroutable nets such as driverless and loadless.
  Run report_route_status for detailed report.
  Number of Failed Nets               = 29082
    (Failed Nets is the sum of unrouted and partially routed nets)
  Number of Unrouted Nets             = 29081
  Number of Partially Routed Nets     = 1
  Number of Node Overlaps             = 0


Phase 3 Initial Routing

Phase 3.1 Global Routing
Phase 3.1 Global Routing | Checksum: 18bb129b3

Time (s): cpu = 00:00:33 ; elapsed = 00:00:11 . Memory (MB): peak = 3488.371 ; gain = 0.000 ; free physical = 7137 ; free virtual = 31138
Phase 3 Initial Routing | Checksum: 1c7f90829

Time (s): cpu = 00:00:47 ; elapsed = 00:00:14 . Memory (MB): peak = 3488.371 ; gain = 0.000 ; free physical = 7130 ; free virtual = 31121
INFO: [Route 35-580] Design has 322 pins with tight setup and hold constraints.

The top 5 pins with tight setup and hold constraints:

+--------------------------+--------------------------+----------------------------------------------------------------------------------------------------------+
|       Launch Clock       |      Capture Clock       |                                                 Pin                                                      |
+--------------------------+--------------------------+----------------------------------------------------------------------------------------------------------+
|                    clk_2 |                    clk_2 |                                                      linienmodule_fast_b_limitcsr1_limitcsr1_y1_reg[15]/D|
|                    clk_2 |                    clk_2 |                                                       linienmodule_fast_b_limitcsr1_limitcsr1_y1_reg[6]/D|
|                    clk_2 |                    clk_2 |                                                       linienmodule_fast_b_limitcsr1_limitcsr1_y1_reg[2]/D|
|                    clk_2 |                    clk_2 |                                                      linienmodule_fast_b_limitcsr1_limitcsr1_y1_reg[17]/D|
|                    clk_2 |                    clk_2 |                                                       linienmodule_fast_b_limitcsr1_limitcsr1_y1_reg[8]/D|
+--------------------------+--------------------------+----------------------------------------------------------------------------------------------------------+

File with complete list of pins: tight_setup_hold_pins.txt


Phase 4 Rip-up And Reroute

Phase 4.1 Global Iteration 0
 Number of Nodes with overlaps = 7603
 Number of Nodes with overlaps = 2859
 Number of Nodes with overlaps = 1379
 Number of Nodes with overlaps = 610
 Number of Nodes with overlaps = 330
 Number of Nodes with overlaps = 109
 Number of Nodes with overlaps = 51
 Number of Nodes with overlaps = 18
 Number of Nodes with overlaps = 6
 Number of Nodes with overlaps = 3
 Number of Nodes with overlaps = 3
 Number of Nodes with overlaps = 1
 Number of Nodes with overlaps = 1
 Number of Nodes with overlaps = 0
INFO: [Route 35-416] Intermediate Timing Summary | WNS=-7.992 | TNS=-16510.627| WHS=N/A    | THS=N/A    |

Phase 4.1 Global Iteration 0 | Checksum: c355a768

Time (s): cpu = 00:02:34 ; elapsed = 00:00:48 . Memory (MB): peak = 3488.371 ; gain = 0.000 ; free physical = 7166 ; free virtual = 31158

Phase 4.2 Global Iteration 1
 Number of Nodes with overlaps = 45
 Number of Nodes with overlaps = 19
 Number of Nodes with overlaps = 13
 Number of Nodes with overlaps = 165
 Number of Nodes with overlaps = 97
 Number of Nodes with overlaps = 64
 Number of Nodes with overlaps = 28
 Number of Nodes with overlaps = 13
 Number of Nodes with overlaps = 13
 Number of Nodes with overlaps = 14
 Number of Nodes with overlaps = 12
 Number of Nodes with overlaps = 5
 Number of Nodes with overlaps = 5
 Number of Nodes with overlaps = 1
 Number of Nodes with overlaps = 3
 Number of Nodes with overlaps = 0
INFO: [Route 35-416] Intermediate Timing Summary | WNS=-7.560 | TNS=-16568.647| WHS=N/A    | THS=N/A    |

Phase 4.2 Global Iteration 1 | Checksum: 24cd2a964

Time (s): cpu = 00:02:53 ; elapsed = 00:01:02 . Memory (MB): peak = 3488.371 ; gain = 0.000 ; free physical = 7169 ; free virtual = 31172

Phase 4.3 Global Iteration 2
 Number of Nodes with overlaps = 1568
 Number of Nodes with overlaps = 1298
 Number of Nodes with overlaps = 688
 Number of Nodes with overlaps = 329
 Number of Nodes with overlaps = 142
 Number of Nodes with overlaps = 73
 Number of Nodes with overlaps = 59
 Number of Nodes with overlaps = 43
 Number of Nodes with overlaps = 20
 Number of Nodes with overlaps = 16
 Number of Nodes with overlaps = 16
 Number of Nodes with overlaps = 6
 Number of Nodes with overlaps = 5
 Number of Nodes with overlaps = 2
 Number of Nodes with overlaps = 1
 Number of Nodes with overlaps = 0
INFO: [Route 35-416] Intermediate Timing Summary | WNS=-7.714 | TNS=-16586.409| WHS=N/A    | THS=N/A    |

Phase 4.3 Global Iteration 2 | Checksum: 1ba002138

Time (s): cpu = 00:03:53 ; elapsed = 00:01:26 . Memory (MB): peak = 3488.371 ; gain = 0.000 ; free physical = 7158 ; free virtual = 31161
Phase 4 Rip-up And Reroute | Checksum: 1ba002138

Time (s): cpu = 00:03:53 ; elapsed = 00:01:26 . Memory (MB): peak = 3488.371 ; gain = 0.000 ; free physical = 7158 ; free virtual = 31161

Phase 5 Delay and Skew Optimization

Phase 5.1 Delay CleanUp

Phase 5.1.1 Update Timing
Phase 5.1.1 Update Timing | Checksum: 1eae3a1f6

Time (s): cpu = 00:03:56 ; elapsed = 00:01:27 . Memory (MB): peak = 3488.371 ; gain = 0.000 ; free physical = 7158 ; free virtual = 31161
INFO: [Route 35-416] Intermediate Timing Summary | WNS=-7.513 | TNS=-16159.554| WHS=N/A    | THS=N/A    |

 Number of Nodes with overlaps = 0
Phase 5.1 Delay CleanUp | Checksum: 160bfe29e

Time (s): cpu = 00:03:57 ; elapsed = 00:01:27 . Memory (MB): peak = 3488.371 ; gain = 0.000 ; free physical = 7152 ; free virtual = 31154

Phase 5.2 Clock Skew Optimization
Phase 5.2 Clock Skew Optimization | Checksum: 160bfe29e

Time (s): cpu = 00:03:57 ; elapsed = 00:01:27 . Memory (MB): peak = 3488.371 ; gain = 0.000 ; free physical = 7152 ; free virtual = 31154
Phase 5 Delay and Skew Optimization | Checksum: 160bfe29e

Time (s): cpu = 00:03:57 ; elapsed = 00:01:27 . Memory (MB): peak = 3488.371 ; gain = 0.000 ; free physical = 7152 ; free virtual = 31154

Phase 6 Post Hold Fix

Phase 6.1 Hold Fix Iter

Phase 6.1.1 Update Timing
Phase 6.1.1 Update Timing | Checksum: 1dfac7f54

Time (s): cpu = 00:04:01 ; elapsed = 00:01:28 . Memory (MB): peak = 3488.371 ; gain = 0.000 ; free physical = 7151 ; free virtual = 31154
INFO: [Route 35-416] Intermediate Timing Summary | WNS=-7.513 | TNS=-16150.974| WHS=0.040  | THS=0.000  |

Phase 6.1 Hold Fix Iter | Checksum: 1c0c591f8

Time (s): cpu = 00:04:01 ; elapsed = 00:01:28 . Memory (MB): peak = 3488.371 ; gain = 0.000 ; free physical = 7151 ; free virtual = 31154
Phase 6 Post Hold Fix | Checksum: 1c0c591f8

Time (s): cpu = 00:04:01 ; elapsed = 00:01:28 . Memory (MB): peak = 3488.371 ; gain = 0.000 ; free physical = 7151 ; free virtual = 31154

Phase 7 Route finalize

Router Utilization Summary
  Global Vertical Routing Utilization    = 39.3167 %
  Global Horizontal Routing Utilization  = 44.2204 %
  Routable Net Status*
  *Does not include unroutable nets such as driverless and loadless.
  Run report_route_status for detailed report.
  Number of Failed Nets               = 0
    (Failed Nets is the sum of unrouted and partially routed nets)
  Number of Unrouted Nets             = 0
  Number of Partially Routed Nets     = 0
  Number of Node Overlaps             = 0

Congestion Report
North Dir 1x1 Area, Max Cong = 94.5946%, Congestion bounded by tiles (Lower Left Tile -> Upper Right Tile):
   INT_L_X22Y76 -> INT_L_X22Y76
   INT_R_X7Y51 -> INT_R_X7Y51
   INT_R_X21Y46 -> INT_R_X21Y46
   INT_R_X5Y45 -> INT_R_X5Y45
   INT_L_X8Y43 -> INT_L_X8Y43
South Dir 1x1 Area, Max Cong = 96.3964%, Congestion bounded by tiles (Lower Left Tile -> Upper Right Tile):
   INT_L_X12Y59 -> INT_L_X12Y59
   INT_R_X9Y52 -> INT_R_X9Y52
   INT_L_X12Y33 -> INT_L_X12Y33
   INT_L_X20Y31 -> INT_L_X20Y31
   INT_R_X3Y26 -> INT_R_X3Y26
East Dir 1x1 Area, Max Cong = 92.6471%, Congestion bounded by tiles (Lower Left Tile -> Upper Right Tile):
   INT_R_X17Y82 -> INT_R_X17Y82
   INT_R_X17Y81 -> INT_R_X17Y81
   INT_L_X16Y80 -> INT_L_X16Y80
   INT_L_X16Y79 -> INT_L_X16Y79
   INT_R_X17Y77 -> INT_R_X17Y77
West Dir 1x1 Area, Max Cong = 97.0588%, Congestion bounded by tiles (Lower Left Tile -> Upper Right Tile):
   INT_R_X13Y79 -> INT_R_X13Y79
   INT_L_X14Y68 -> INT_L_X14Y68
   INT_R_X15Y64 -> INT_R_X15Y64
   INT_L_X18Y64 -> INT_L_X18Y64
   INT_R_X19Y64 -> INT_R_X19Y64

------------------------------
Reporting congestion hotspots
------------------------------
Direction: North
----------------
Congested clusters found at Level 0
Effective congestion level: 0 Aspect Ratio: 1 Sparse Ratio: 1
Direction: South
----------------
Congested clusters found at Level 0
Effective congestion level: 1 Aspect Ratio: 1 Sparse Ratio: 0.75
Direction: East
----------------
Congested clusters found at Level 0
Effective congestion level: 1 Aspect Ratio: 0.333333 Sparse Ratio: 0.75
Direction: West
----------------
Congested clusters found at Level 0
Effective congestion level: 1 Aspect Ratio: 0.333333 Sparse Ratio: 1.75

Phase 7 Route finalize | Checksum: 1321b312e

Time (s): cpu = 00:04:01 ; elapsed = 00:01:28 . Memory (MB): peak = 3488.371 ; gain = 0.000 ; free physical = 7151 ; free virtual = 31154

Phase 8 Verifying routed nets

 Verification completed successfully
Phase 8 Verifying routed nets | Checksum: 1321b312e

Time (s): cpu = 00:04:01 ; elapsed = 00:01:28 . Memory (MB): peak = 3488.371 ; gain = 0.000 ; free physical = 7151 ; free virtual = 31154

Phase 9 Depositing Routes
Phase 9 Depositing Routes | Checksum: a260b020

Time (s): cpu = 00:04:03 ; elapsed = 00:01:29 . Memory (MB): peak = 3488.371 ; gain = 0.000 ; free physical = 7149 ; free virtual = 31152

Phase 10 Post Router Timing
INFO: [Route 35-57] Estimated Timing Summary | WNS=-7.513 | TNS=-16150.974| WHS=0.040  | THS=0.000  |

WARNING: [Route 35-328] Router estimated timing not met.
Resolution: For a complete and accurate timing signoff, report_timing_summary must be run after route_design. Alternatively, route_design can be run with the -timing_summary option to enable a complete timing signoff at the end of route_design.
Phase 10 Post Router Timing | Checksum: a260b020

Time (s): cpu = 00:04:03 ; elapsed = 00:01:29 . Memory (MB): peak = 3488.371 ; gain = 0.000 ; free physical = 7149 ; free virtual = 31152
INFO: [Route 35-16] Router Completed Successfully

Time (s): cpu = 00:04:03 ; elapsed = 00:01:29 . Memory (MB): peak = 3488.371 ; gain = 0.000 ; free physical = 7217 ; free virtual = 31220

Routing Is Done.
INFO: [Common 17-83] Releasing license: Implementation
18 Infos, 1 Warnings, 0 Critical Warnings and 0 Errors encountered.
route_design completed successfully
route_design: Time (s): cpu = 00:04:17 ; elapsed = 00:01:32 . Memory (MB): peak = 3488.371 ; gain = 0.000 ; free physical = 7217 ; free virtual = 31220
## phys_opt_design
Command: phys_opt_design
Attempting to get a license for feature 'Implementation' and/or device 'xc7z010'
INFO: [Common 17-349] Got license for feature 'Implementation' and/or device 'xc7z010'
INFO: [Vivado_Tcl 4-241] Physical synthesis in post route mode ( 100.0% nets are fully routed)
INFO: [DRC 23-27] Running DRC with 8 threads
INFO: [Vivado_Tcl 4-198] DRC finished with 0 Errors
INFO: [Vivado_Tcl 4-199] Please refer to the DRC report (report_drc) for more information.
Netlist sorting complete. Time (s): cpu = 00:00:00 ; elapsed = 00:00:00 . Memory (MB): peak = 3488.371 ; gain = 0.000 ; free physical = 7219 ; free virtual = 31222

Starting Physical Synthesis Task

Phase 1 Physical Synthesis Initialization
INFO: [Physopt 32-721] Multithreading enabled for phys_opt_design using a maximum of 8 CPUs
WARNING: [Place 30-34] Design utilization is very high. Please run report_utilization command to see design utilization.
INFO: [Physopt 32-668] Current Timing Summary | WNS=-7.514 | TNS=-16136.522 | WHS=0.040 | THS=0.000 |
Phase 1 Physical Synthesis Initialization | Checksum: 163053a8a

Time (s): cpu = 00:00:16 ; elapsed = 00:00:03 . Memory (MB): peak = 3488.371 ; gain = 0.000 ; free physical = 7208 ; free virtual = 31211
WARNING: [Physopt 32-745] Physical Optimization has determined that the magnitude of the negative slack is too large and it is highly unlikely that slack will be improved. Post-Route Physical Optimization is most effective when WNS is above -0.5ns

Phase 2 Critical Path Optimization
INFO: [Physopt 32-668] Current Timing Summary | WNS=-7.514 | TNS=-16136.522 | WHS=0.040 | THS=0.000 |
INFO: [Physopt 32-953] Path group WNS did not improve. Path group: clk_2. Processed net: linienmodule_raw_acquisition_iir_zr10[49].
INFO: [Physopt 32-953] Path group WNS did not improve. Path group: clk_2. Processed net: clk_2.
INFO: [Physopt 32-953] Path group WNS did not improve. Path group: clk_2. Processed net: linienmodule_raw_acquisition_iir_zr10[47]_i_4_n_0.
INFO: [Physopt 32-953] Path group WNS did not improve. Path group: clk_2. Processed net: linienmodule_raw_acquisition_iir_z90[45].
INFO: [Physopt 32-953] Path group WNS did not improve. Path group: clk_2. Processed net: linienmodule_raw_acquisition_iir_zr10[43]_i_11_n_0.
INFO: [Physopt 32-953] Path group WNS did not improve. Path group: clk_2. Processed net: PCIN[37].
INFO: [Physopt 32-953] Path group WNS did not improve. Path group: clk_2. Processed net: P[32].
INFO: [Physopt 32-953] Path group WNS did not improve. Path group: clk_2. Processed net: linienmodule_raw_acquisition_iir_zr10[35]_i_15_n_0.
INFO: [Physopt 32-953] Path group WNS did not improve. Path group: clk_2. Processed net: linienmodule_raw_acquisition_iir_zr10_reg[39]_i_30_n_6.
INFO: [Physopt 32-953] Path group WNS did not improve. Path group: clk_2. Processed net: linienmodule_raw_acquisition_iir_zr10[31]_i_39_n_0.
INFO: [Physopt 32-953] Path group WNS did not improve. Path group: clk_2. Processed net: linienmodule_raw_acquisition_iir_zr10_reg[19]_i_60_n_4.
INFO: [Physopt 32-953] Path group WNS did not improve. Path group: clk_2. Processed net: linienmodule_raw_acquisition_iir_zr10[19]_i_128_n_0.
INFO: [Physopt 32-953] Path group WNS did not improve. Path group: clk_2. Processed net: linienmodule_raw_acquisition_iir_zr10[19]_i_186_n_0.
INFO: [Physopt 32-953] Path group WNS did not improve. Path group: clk_2. Processed net: linienmodule_raw_acquisition_iir_z9[49].
INFO: [Physopt 32-953] Path group WNS did not improve. Path group: clk_2. Processed net: linienmodule_raw_acquisition_iir_z60[11].
INFO: [Physopt 32-953] Path group WNS did not improve. Path group: clk_fpga_0. Processed net: axi_slave/M_AXI_GP0_RDATA[0].
INFO: [Physopt 32-953] Path group WNS did not improve. Path group: clk_fpga_0. Processed net: axi_slave/i_1/O_n.
INFO: [Physopt 32-710] Processed net axi_slave/i_1/O_n. Critical path length was reduced through logic transformation on cell axi_slave/i_1_LOPT_REMAP_comp.
INFO: [Physopt 32-952] Improved path group WNS = -0.359. Path group: clk_fpga_0. Processed net: axi_slave/i_2/O_n.
INFO: [Physopt 32-710] Processed net axi_slave/i_1/O_n. Critical path length was reduced through logic transformation on cell axi_slave/i_1_LOPT_REMAP_comp_1.
INFO: [Physopt 32-952] Improved path group WNS = -0.215. Path group: clk_fpga_0. Processed net: red_pitaya_scope/i_bridge/axi_rdata_o[0]_i_9_n_0.
INFO: [Physopt 32-710] Processed net axi_slave/i_1/O_n. Critical path length was reduced through logic transformation on cell axi_slave/i_1_LOPT_REMAP_comp.
INFO: [Physopt 32-952] Improved path group WNS = -0.214. Path group: clk_fpga_0. Processed net: axi_slave/i_2/O_n.
INFO: [Physopt 32-953] Path group WNS did not improve. Path group: clk_fpga_0. Processed net: axi_slave/i_6/O_n.
INFO: [Physopt 32-953] Path group WNS did not improve. Path group: clk_fpga_0. Processed net: red_pitaya_scope/i_bridge/axi_rdata_o[0]_i_10_n_0.
INFO: [Physopt 32-953] Path group WNS did not improve. Path group: clk_fpga_0. Processed net: axi_slave/ps_sys_rdata[0].
INFO: [Physopt 32-953] Path group WNS did not improve. Path group: clk_fpga_0. Processed net: red_pitaya_scope/set_b_hyst_reg_n_0_[0].
INFO: [Physopt 32-953] Path group WNS did not improve. Path group: clk_2. Processed net: linienmodule_raw_acquisition_iir_zr10[49].
INFO: [Physopt 32-953] Path group WNS did not improve. Path group: clk_2. Processed net: clk_2.
INFO: [Physopt 32-953] Path group WNS did not improve. Path group: clk_2. Processed net: linienmodule_raw_acquisition_iir_zr10[47]_i_4_n_0.
INFO: [Physopt 32-953] Path group WNS did not improve. Path group: clk_2. Processed net: linienmodule_raw_acquisition_iir_z90[45].
INFO: [Physopt 32-953] Path group WNS did not improve. Path group: clk_2. Processed net: linienmodule_raw_acquisition_iir_zr10[43]_i_11_n_0.
INFO: [Physopt 32-953] Path group WNS did not improve. Path group: clk_2. Processed net: PCIN[37].
INFO: [Physopt 32-953] Path group WNS did not improve. Path group: clk_2. Processed net: P[32].
INFO: [Physopt 32-953] Path group WNS did not improve. Path group: clk_2. Processed net: linienmodule_raw_acquisition_iir_zr10[35]_i_15_n_0.
INFO: [Physopt 32-953] Path group WNS did not improve. Path group: clk_2. Processed net: linienmodule_raw_acquisition_iir_zr10_reg[39]_i_30_n_6.
INFO: [Physopt 32-953] Path group WNS did not improve. Path group: clk_2. Processed net: linienmodule_raw_acquisition_iir_zr10[31]_i_39_n_0.
INFO: [Physopt 32-953] Path group WNS did not improve. Path group: clk_2. Processed net: linienmodule_raw_acquisition_iir_zr10_reg[19]_i_60_n_4.
INFO: [Physopt 32-953] Path group WNS did not improve. Path group: clk_2. Processed net: linienmodule_raw_acquisition_iir_zr10[19]_i_128_n_0.
INFO: [Physopt 32-953] Path group WNS did not improve. Path group: clk_2. Processed net: linienmodule_raw_acquisition_iir_zr10[19]_i_186_n_0.
INFO: [Physopt 32-953] Path group WNS did not improve. Path group: clk_2. Processed net: linienmodule_raw_acquisition_iir_z9[49].
INFO: [Physopt 32-953] Path group WNS did not improve. Path group: clk_2. Processed net: linienmodule_raw_acquisition_iir_z60[11].
INFO: [Physopt 32-953] Path group WNS did not improve. Path group: clk_fpga_0. Processed net: axi_slave/M_AXI_GP0_RDATA[0].
INFO: [Physopt 32-952] Improved path group WNS = -0.156. Path group: clk_fpga_0. Processed net: axi_slave/i_1/O_n.
INFO: [Physopt 32-953] Path group WNS did not improve. Path group: clk_fpga_0. Processed net: axi_slave/M_AXI_GP0_RDATA[3].
INFO: [Physopt 32-953] Path group WNS did not improve. Path group: clk_fpga_0. Processed net: red_pitaya_scope/i_bridge/axi_rdata_o_reg[3]_i_4_n_0.
INFO: [Physopt 32-953] Path group WNS did not improve. Path group: clk_fpga_0. Processed net: red_pitaya_scope/i_bridge/axi_rdata_o[3]_i_8_n_0.
INFO: [Physopt 32-953] Path group WNS did not improve. Path group: clk_fpga_0. Processed net: red_pitaya_scope/i_bridge/axi_rdata_o[3]_i_11_n_0.
INFO: [Physopt 32-953] Path group WNS did not improve. Path group: clk_fpga_0. Processed net: red_pitaya_scope/i_bridge/axi_rdata_o[3]_i_15_n_0.
INFO: [Physopt 32-952] Improved path group WNS = -0.116. Path group: clk_fpga_0. Processed net: red_pitaya_scope/i_bridge/set_dec_reg[31][2].
INFO: [Physopt 32-953] Path group WNS did not improve. Path group: clk_fpga_0. Processed net: red_pitaya_scope/i_bridge/set_dec_reg[31][2].
INFO: [Physopt 32-953] Path group WNS did not improve. Path group: clk_fpga_0. Processed net: red_pitaya_scope/set_b_filt_kk_reg_n_0_[3].
INFO: [Physopt 32-668] Current Timing Summary | WNS=-7.514 | TNS=-16135.820 | WHS=0.040 | THS=0.000 |
Phase 2 Critical Path Optimization | Checksum: 163053a8a

Time (s): cpu = 00:01:39 ; elapsed = 00:00:37 . Memory (MB): peak = 3488.371 ; gain = 0.000 ; free physical = 7116 ; free virtual = 31120
Netlist sorting complete. Time (s): cpu = 00:00:00 ; elapsed = 00:00:00.01 . Memory (MB): peak = 3488.371 ; gain = 0.000 ; free physical = 7116 ; free virtual = 31120
INFO: [Physopt 32-669] Post Physical Optimization Timing Summary | WNS=-7.514 | TNS=-16135.820 | WHS=0.040 | THS=0.000 |

Summary of Physical Synthesis Optimizations
============================================


-------------------------------------------------------------------------------------------------------------------------------------------------------------
|  Optimization   |  WNS Gain (ns)  |  TNS Gain (ns)  |  Added Cells  |  Removed Cells  |  Optimized Cells/Nets  |  Dont Touch  |  Iterations  |  Elapsed   |
-------------------------------------------------------------------------------------------------------------------------------------------------------------
|  Critical Path  |          0.000  |          0.702  |            0  |              0  |                     5  |           0  |           1  |  00:00:33  |
-------------------------------------------------------------------------------------------------------------------------------------------------------------


Netlist sorting complete. Time (s): cpu = 00:00:00.01 ; elapsed = 00:00:00 . Memory (MB): peak = 3488.371 ; gain = 0.000 ; free physical = 7116 ; free virtual = 31120
Ending Physical Synthesis Task | Checksum: 10cbde472

Time (s): cpu = 00:01:39 ; elapsed = 00:00:37 . Memory (MB): peak = 3488.371 ; gain = 0.000 ; free physical = 7116 ; free virtual = 31120
INFO: [Common 17-83] Releasing license: Implementation
63 Infos, 2 Warnings, 0 Critical Warnings and 0 Errors encountered.
phys_opt_design completed successfully
phys_opt_design: Time (s): cpu = 00:01:55 ; elapsed = 00:00:41 . Memory (MB): peak = 3488.371 ; gain = 0.000 ; free physical = 7161 ; free virtual = 31165
## report_timing_summary -no_header -no_detailed_paths
INFO: [Timing 38-91] UpdateTimingParams: Speed grade: -1, Delay Type: min_max.
INFO: [Timing 38-191] Multithreading enabled for timing update using a maximum of 8 CPUs
------------------------------------------------------------------------------------------------
| Timer Settings
| --------------
------------------------------------------------------------------------------------------------

  Enable Multi Corner Analysis               :  Yes
  Enable Pessimism Removal                   :  Yes
  Pessimism Removal Resolution               :  Nearest Common Node
  Enable Input Delay Default Clock           :  No
  Enable Preset / Clear Arcs                 :  No
  Disable Flight Delays                      :  No
  Ignore I/O Paths                           :  No
  Timing Early Launch at Borrowing Latches   :  No
  Borrow Time for Max Delay Exceptions       :  Yes
  Merge Timing Exceptions                    :  Yes

  Corner  Analyze    Analyze    
  Name    Max Paths  Min Paths  
  ------  ---------  ---------  
  Slow    Yes        Yes        
  Fast    Yes        Yes        



check_timing report

Table of Contents
-----------------
1. checking no_clock (192)
2. checking constant_clock (0)
3. checking pulse_width_clock (0)
4. checking unconstrained_internal_endpoints (253)
5. checking no_input_delay (44)
6. checking no_output_delay (46)
7. checking multiple_clock (0)
8. checking generated_clocks (0)
9. checking loops (0)
10. checking partial_input_delay (0)
11. checking partial_output_delay (0)
12. checking latch_loops (0)

1. checking no_clock (192)
--------------------------
 There are 191 register/latch pins with no clock driven by root clock pin: linienmodule_decimate_output_reg/Q (HIGH)

 There is 1 register/latch pin with no clock driven by root clock pin: linienmodule_dna_cnt_reg[0]/Q (HIGH)


2. checking constant_clock (0)
------------------------------
 There are 0 register/latch pins with constant_clock.


3. checking pulse_width_clock (0)
---------------------------------
 There are 0 register/latch pins which need pulse_width check


4. checking unconstrained_internal_endpoints (253)
--------------------------------------------------
 There are 253 pins that are not constrained for maximum delay. (HIGH)

 There are 0 pins that are not constrained for maximum delay due to constant clock.


5. checking no_input_delay (44)
-------------------------------
 There are 44 input ports with no input delay specified. (HIGH)

 There are 0 input ports with no input delay but user has a false path constraint.


6. checking no_output_delay (46)
--------------------------------
 There are 46 ports with no output delay specified. (HIGH)

 There are 0 ports with no output delay but user has a false path constraint

 There are 0 ports with no output delay but with a timing clock defined on it or propagating through it


7. checking multiple_clock (0)
------------------------------
 There are 0 register/latch pins with multiple clocks.


8. checking generated_clocks (0)
--------------------------------
 There are 0 generated clocks that are not connected to a clock source.


9. checking loops (0)
---------------------
 There are 0 combinational loops in the design.


10. checking partial_input_delay (0)
------------------------------------
 There are 0 input ports with partial input delay specified.


11. checking partial_output_delay (0)
-------------------------------------
 There are 0 ports with partial output delay specified.


12. checking latch_loops (0)
----------------------------
 There are 0 combinational latch loops in the design through latch input



------------------------------------------------------------------------------------------------
| Design Timing Summary
| ---------------------
------------------------------------------------------------------------------------------------

    WNS(ns)      TNS(ns)  TNS Failing Endpoints  TNS Total Endpoints      WHS(ns)      THS(ns)  THS Failing Endpoints  THS Total Endpoints     WPWS(ns)     TPWS(ns)  TPWS Failing Endpoints  TPWS Total Endpoints  
    -------      -------  ---------------------  -------------------      -------      -------  ---------------------  -------------------     --------     --------  ----------------------  --------------------  
     -7.514   -16135.816                   7315                32034        0.040        0.000                      0                32034        1.500        0.000                       0                 11711  


Timing constraints are not met.


------------------------------------------------------------------------------------------------
| Clock Summary
| -------------
------------------------------------------------------------------------------------------------

Clock       Waveform(ns)         Period(ns)      Frequency(MHz)
-----       ------------         ----------      --------------
clk125_p    {0.000 4.000}        8.000           125.000         
  clk_1     {0.000 2.000}        4.000           250.000         
  clk_2     {0.000 4.000}        8.000           125.000         
  clk_fb    {0.000 4.000}        8.000           125.000         
clk_fpga_0  {0.000 4.000}        8.000           125.000         
clk_fpga_1  {0.000 2.000}        4.000           250.000         
clk_fpga_2  {0.000 10.000}       20.000          50.000          
clk_fpga_3  {0.000 2.500}        5.000           200.000         


------------------------------------------------------------------------------------------------
| Intra Clock Table
| -----------------
------------------------------------------------------------------------------------------------

Clock             WNS(ns)      TNS(ns)  TNS Failing Endpoints  TNS Total Endpoints      WHS(ns)      THS(ns)  THS Failing Endpoints  THS Total Endpoints     WPWS(ns)     TPWS(ns)  TPWS Failing Endpoints  TPWS Total Endpoints  
-----             -------      -------  ---------------------  -------------------      -------      -------  ---------------------  -------------------     --------     --------  ----------------------  --------------------  
clk125_p                                                                                                                                                        2.000        0.000                       0                     2  
  clk_1             0.609        0.000                      0                   80        0.100        0.000                      0                   80        1.500        0.000                       0                    84  
  clk_2            -7.514   -16135.700                   7314                31066        0.040        0.000                      0                31066        3.500        0.000                       0                 11378  
  clk_fb                                                                                                                                                        5.845        0.000                       0                     3  
clk_fpga_0          0.192        0.000                      0                  493        0.156        0.000                      0                  493        3.500        0.000                       0                   244  


------------------------------------------------------------------------------------------------
| Inter Clock Table
| -----------------
------------------------------------------------------------------------------------------------

From Clock    To Clock          WNS(ns)      TNS(ns)  TNS Failing Endpoints  TNS Total Endpoints      WHS(ns)      THS(ns)  THS Failing Endpoints  THS Total Endpoints  
----------    --------          -------      -------  ---------------------  -------------------      -------      -------  ---------------------  -------------------  
clk_2         clk_1               0.094        0.000                      0                   64        0.090        0.000                      0                   64  
clk_fpga_0    clk_2              -0.773      -17.837                     89                  719        0.134        0.000                      0                  719  
clk_2         clk_fpga_0         -0.116       -0.116                      1                   34        0.521        0.000                      0                   34  


------------------------------------------------------------------------------------------------
| Other Path Groups Table
| -----------------------
------------------------------------------------------------------------------------------------

Path Group    From Clock    To Clock          WNS(ns)      TNS(ns)  TNS Failing Endpoints  TNS Total Endpoints      WHS(ns)      THS(ns)  THS Failing Endpoints  THS Total Endpoints  
----------    ----------    --------          -------      -------  ---------------------  -------------------      -------      -------  ---------------------  -------------------  


## write_checkpoint -force top_route.dcp
INFO: [Timing 38-480] Writing timing data to binary archive.
Writing placer database...
Writing XDEF routing.
Writing XDEF routing logical nets.
Writing XDEF routing special nets.
Write XDEF Complete: Time (s): cpu = 00:00:05 ; elapsed = 00:00:02 . Memory (MB): peak = 3488.371 ; gain = 0.000 ; free physical = 7131 ; free virtual = 31179
INFO: [Common 17-1381] The checkpoint '/home/vedaant/school_files/spring2026/ECE554/linien_554/gateware/build/top_route.dcp' has been generated.
## report_route_status -file top_route_status.rpt
## report_drc -file top_drc.rpt
Command: report_drc -file top_drc.rpt
INFO: [IP_Flow 19-234] Refreshing IP repositories
INFO: [IP_Flow 19-1704] No user IP repositories specified
INFO: [IP_Flow 19-2313] Loaded Vivado IP repository '/home/vedaant/Vivado/2020.2/data/ip'.
INFO: [DRC 23-27] Running DRC with 8 threads
INFO: [Coretcl 2-168] The results of DRC are in file /home/vedaant/school_files/spring2026/ECE554/linien_554/gateware/build/top_drc.rpt.
report_drc completed successfully
## report_timing_summary -datasheet -max_paths 10 -file top_timing.rpt
INFO: [Timing 38-91] UpdateTimingParams: Speed grade: -1, Delay Type: min_max.
INFO: [Timing 38-191] Multithreading enabled for timing update using a maximum of 8 CPUs
## report_power -file top_power.rpt
Command: report_power -file top_power.rpt
INFO: [Power 33-23] Power model is not available for DNA_PORT
Running Vector-less Activity Propagation...

Finished Running Vector-less Activity Propagation
1 Infos, 0 Warnings, 0 Critical Warnings and 0 Errors encountered.
report_power completed successfully
# source "top_bitstream.tcl"
## write_bitstream -force top.bit 
Command: write_bitstream -force top.bit
Attempting to get a license for feature 'Implementation' and/or device 'xc7z010'
INFO: [Common 17-349] Got license for feature 'Implementation' and/or device 'xc7z010'
Running DRC as a precondition to command write_bitstream
INFO: [IP_Flow 19-1839] IP Catalog is up to date.
INFO: [DRC 23-27] Running DRC with 8 threads
WARNING: [DRC DPIP-1] Input pipelining: DSP linienmodule_fast_a_iir0_z00__0 input linienmodule_fast_a_iir0_z00__0/A[29:0] is not pipelined. Pipelining DSP48 input will improve performance.
WARNING: [DRC DPIP-1] Input pipelining: DSP linienmodule_fast_a_iir0_z00__0 input linienmodule_fast_a_iir0_z00__0/B[17:0] is not pipelined. Pipelining DSP48 input will improve performance.
WARNING: [DRC DPIP-1] Input pipelining: DSP linienmodule_fast_a_iir0_z10__0 input linienmodule_fast_a_iir0_z10__0/A[29:0] is not pipelined. Pipelining DSP48 input will improve performance.
WARNING: [DRC DPIP-1] Input pipelining: DSP linienmodule_fast_a_iir0_z10__0 input linienmodule_fast_a_iir0_z10__0/B[17:0] is not pipelined. Pipelining DSP48 input will improve performance.
WARNING: [DRC DPIP-1] Input pipelining: DSP linienmodule_fast_a_iir1_z00__0 input linienmodule_fast_a_iir1_z00__0/A[29:0] is not pipelined. Pipelining DSP48 input will improve performance.
WARNING: [DRC DPIP-1] Input pipelining: DSP linienmodule_fast_a_iir1_z00__0 input linienmodule_fast_a_iir1_z00__0/B[17:0] is not pipelined. Pipelining DSP48 input will improve performance.
WARNING: [DRC DPIP-1] Input pipelining: DSP linienmodule_fast_a_iir1_z10__0 input linienmodule_fast_a_iir1_z10__0/A[29:0] is not pipelined. Pipelining DSP48 input will improve performance.
WARNING: [DRC DPIP-1] Input pipelining: DSP linienmodule_fast_a_iir1_z10__0 input linienmodule_fast_a_iir1_z10__0/B[17:0] is not pipelined. Pipelining DSP48 input will improve performance.
WARNING: [DRC DPIP-1] Input pipelining: DSP linienmodule_fast_b_iir0_z00__0 input linienmodule_fast_b_iir0_z00__0/A[29:0] is not pipelined. Pipelining DSP48 input will improve performance.
WARNING: [DRC DPIP-1] Input pipelining: DSP linienmodule_fast_b_iir0_z00__0 input linienmodule_fast_b_iir0_z00__0/B[17:0] is not pipelined. Pipelining DSP48 input will improve performance.
WARNING: [DRC DPIP-1] Input pipelining: DSP linienmodule_fast_b_iir0_z10__0 input linienmodule_fast_b_iir0_z10__0/A[29:0] is not pipelined. Pipelining DSP48 input will improve performance.
WARNING: [DRC DPIP-1] Input pipelining: DSP linienmodule_fast_b_iir0_z10__0 input linienmodule_fast_b_iir0_z10__0/B[17:0] is not pipelined. Pipelining DSP48 input will improve performance.
WARNING: [DRC DPIP-1] Input pipelining: DSP linienmodule_fast_b_iir1_z00__0 input linienmodule_fast_b_iir1_z00__0/A[29:0] is not pipelined. Pipelining DSP48 input will improve performance.
WARNING: [DRC DPIP-1] Input pipelining: DSP linienmodule_fast_b_iir1_z00__0 input linienmodule_fast_b_iir1_z00__0/B[17:0] is not pipelined. Pipelining DSP48 input will improve performance.
WARNING: [DRC DPIP-1] Input pipelining: DSP linienmodule_fast_b_iir1_z10__0 input linienmodule_fast_b_iir1_z10__0/A[29:0] is not pipelined. Pipelining DSP48 input will improve performance.
WARNING: [DRC DPIP-1] Input pipelining: DSP linienmodule_fast_b_iir1_z10__0 input linienmodule_fast_b_iir1_z10__0/B[17:0] is not pipelined. Pipelining DSP48 input will improve performance.
WARNING: [DRC DPIP-1] Input pipelining: DSP linienmodule_raw_acquisition_iir_z00 input linienmodule_raw_acquisition_iir_z00/B[17:0] is not pipelined. Pipelining DSP48 input will improve performance.
WARNING: [DRC DPIP-1] Input pipelining: DSP linienmodule_raw_acquisition_iir_z00__0 input linienmodule_raw_acquisition_iir_z00__0/B[17:0] is not pipelined. Pipelining DSP48 input will improve performance.
WARNING: [DRC DPIP-1] Input pipelining: DSP linienmodule_raw_acquisition_iir_z10 input linienmodule_raw_acquisition_iir_z10/B[17:0] is not pipelined. Pipelining DSP48 input will improve performance.
WARNING: [DRC DPIP-1] Input pipelining: DSP linienmodule_raw_acquisition_iir_z10__0 input linienmodule_raw_acquisition_iir_z10__0/B[17:0] is not pipelined. Pipelining DSP48 input will improve performance.
WARNING: [DRC DPIP-1] Input pipelining: DSP linienmodule_raw_acquisition_iir_z20 input linienmodule_raw_acquisition_iir_z20/B[17:0] is not pipelined. Pipelining DSP48 input will improve performance.
WARNING: [DRC DPIP-1] Input pipelining: DSP linienmodule_raw_acquisition_iir_z20__0 input linienmodule_raw_acquisition_iir_z20__0/B[17:0] is not pipelined. Pipelining DSP48 input will improve performance.
WARNING: [DRC DPIP-1] Input pipelining: DSP linienmodule_raw_acquisition_iir_z30 input linienmodule_raw_acquisition_iir_z30/B[17:0] is not pipelined. Pipelining DSP48 input will improve performance.
WARNING: [DRC DPIP-1] Input pipelining: DSP linienmodule_raw_acquisition_iir_z30__0 input linienmodule_raw_acquisition_iir_z30__0/B[17:0] is not pipelined. Pipelining DSP48 input will improve performance.
WARNING: [DRC DPIP-1] Input pipelining: DSP linienmodule_raw_acquisition_iir_z40 input linienmodule_raw_acquisition_iir_z40/B[17:0] is not pipelined. Pipelining DSP48 input will improve performance.
WARNING: [DRC DPIP-1] Input pipelining: DSP linienmodule_raw_acquisition_iir_z40__0 input linienmodule_raw_acquisition_iir_z40__0/B[17:0] is not pipelined. Pipelining DSP48 input will improve performance.
WARNING: [DRC DPIP-1] Input pipelining: DSP linienmodule_raw_acquisition_iir_z50 input linienmodule_raw_acquisition_iir_z50/B[17:0] is not pipelined. Pipelining DSP48 input will improve performance.
WARNING: [DRC DPIP-1] Input pipelining: DSP p_1_out input p_1_out/A[29:0] is not pipelined. Pipelining DSP48 input will improve performance.
WARNING: [DRC DPIP-1] Input pipelining: DSP p_1_out input p_1_out/B[17:0] is not pipelined. Pipelining DSP48 input will improve performance.
WARNING: [DRC DPIP-1] Input pipelining: DSP p_1_out input p_1_out/C[47:0] is not pipelined. Pipelining DSP48 input will improve performance.
WARNING: [DRC DPIP-1] Input pipelining: DSP p_1_out__0 input p_1_out__0/A[29:0] is not pipelined. Pipelining DSP48 input will improve performance.
WARNING: [DRC DPIP-1] Input pipelining: DSP p_1_out__0 input p_1_out__0/B[17:0] is not pipelined. Pipelining DSP48 input will improve performance.
WARNING: [DRC DPIP-1] Input pipelining: DSP p_1_out__0 input p_1_out__0/C[47:0] is not pipelined. Pipelining DSP48 input will improve performance.
WARNING: [DRC DPIP-1] Input pipelining: DSP p_1_out__1 input p_1_out__1/A[29:0] is not pipelined. Pipelining DSP48 input will improve performance.
WARNING: [DRC DPIP-1] Input pipelining: DSP p_1_out__1 input p_1_out__1/B[17:0] is not pipelined. Pipelining DSP48 input will improve performance.
WARNING: [DRC DPIP-1] Input pipelining: DSP p_1_out__1 input p_1_out__1/C[47:0] is not pipelined. Pipelining DSP48 input will improve performance.
WARNING: [DRC DPOP-1] PREG Output pipelining: DSP linienmodule_fast_a_iir0_z00 output linienmodule_fast_a_iir0_z00/P[47:0] is not pipelined (PREG=0). Pipelining the DSP48 output will improve performance and often saves power so it is suggested whenever possible to fully pipeline this function.  If this DSP48 function was inferred, it is suggested to describe an additional register stage after this function.  If the DSP48 was instantiated in the design, it is suggested to set the PREG attribute to 1.
WARNING: [DRC DPOP-1] PREG Output pipelining: DSP linienmodule_fast_a_iir0_z00__0 output linienmodule_fast_a_iir0_z00__0/P[47:0] is not pipelined (PREG=0). Pipelining the DSP48 output will improve performance and often saves power so it is suggested whenever possible to fully pipeline this function.  If this DSP48 function was inferred, it is suggested to describe an additional register stage after this function.  If the DSP48 was instantiated in the design, it is suggested to set the PREG attribute to 1.
WARNING: [DRC DPOP-1] PREG Output pipelining: DSP linienmodule_fast_a_iir0_z10 output linienmodule_fast_a_iir0_z10/P[47:0] is not pipelined (PREG=0). Pipelining the DSP48 output will improve performance and often saves power so it is suggested whenever possible to fully pipeline this function.  If this DSP48 function was inferred, it is suggested to describe an additional register stage after this function.  If the DSP48 was instantiated in the design, it is suggested to set the PREG attribute to 1.
WARNING: [DRC DPOP-1] PREG Output pipelining: DSP linienmodule_fast_a_iir0_z10__0 output linienmodule_fast_a_iir0_z10__0/P[47:0] is not pipelined (PREG=0). Pipelining the DSP48 output will improve performance and often saves power so it is suggested whenever possible to fully pipeline this function.  If this DSP48 function was inferred, it is suggested to describe an additional register stage after this function.  If the DSP48 was instantiated in the design, it is suggested to set the PREG attribute to 1.
WARNING: [DRC DPOP-1] PREG Output pipelining: DSP linienmodule_fast_a_iir0_z20 output linienmodule_fast_a_iir0_z20/P[47:0] is not pipelined (PREG=0). Pipelining the DSP48 output will improve performance and often saves power so it is suggested whenever possible to fully pipeline this function.  If this DSP48 function was inferred, it is suggested to describe an additional register stage after this function.  If the DSP48 was instantiated in the design, it is suggested to set the PREG attribute to 1.
WARNING: [DRC DPOP-1] PREG Output pipelining: DSP linienmodule_fast_a_iir0_z20__0 output linienmodule_fast_a_iir0_z20__0/P[47:0] is not pipelined (PREG=0). Pipelining the DSP48 output will improve performance and often saves power so it is suggested whenever possible to fully pipeline this function.  If this DSP48 function was inferred, it is suggested to describe an additional register stage after this function.  If the DSP48 was instantiated in the design, it is suggested to set the PREG attribute to 1.
WARNING: [DRC DPOP-1] PREG Output pipelining: DSP linienmodule_fast_a_iir0_z30 output linienmodule_fast_a_iir0_z30/P[47:0] is not pipelined (PREG=0). Pipelining the DSP48 output will improve performance and often saves power so it is suggested whenever possible to fully pipeline this function.  If this DSP48 function was inferred, it is suggested to describe an additional register stage after this function.  If the DSP48 was instantiated in the design, it is suggested to set the PREG attribute to 1.
WARNING: [DRC DPOP-1] PREG Output pipelining: DSP linienmodule_fast_a_iir0_z30__0 output linienmodule_fast_a_iir0_z30__0/P[47:0] is not pipelined (PREG=0). Pipelining the DSP48 output will improve performance and often saves power so it is suggested whenever possible to fully pipeline this function.  If this DSP48 function was inferred, it is suggested to describe an additional register stage after this function.  If the DSP48 was instantiated in the design, it is suggested to set the PREG attribute to 1.
WARNING: [DRC DPOP-1] PREG Output pipelining: DSP linienmodule_fast_a_iir0_z40 output linienmodule_fast_a_iir0_z40/P[47:0] is not pipelined (PREG=0). Pipelining the DSP48 output will improve performance and often saves power so it is suggested whenever possible to fully pipeline this function.  If this DSP48 function was inferred, it is suggested to describe an additional register stage after this function.  If the DSP48 was instantiated in the design, it is suggested to set the PREG attribute to 1.
WARNING: [DRC DPOP-1] PREG Output pipelining: DSP linienmodule_fast_a_iir0_z40__0 output linienmodule_fast_a_iir0_z40__0/P[47:0] is not pipelined (PREG=0). Pipelining the DSP48 output will improve performance and often saves power so it is suggested whenever possible to fully pipeline this function.  If this DSP48 function was inferred, it is suggested to describe an additional register stage after this function.  If the DSP48 was instantiated in the design, it is suggested to set the PREG attribute to 1.
WARNING: [DRC DPOP-1] PREG Output pipelining: DSP linienmodule_fast_a_iir0_z50 output linienmodule_fast_a_iir0_z50/P[47:0] is not pipelined (PREG=0). Pipelining the DSP48 output will improve performance and often saves power so it is suggested whenever possible to fully pipeline this function.  If this DSP48 function was inferred, it is suggested to describe an additional register stage after this function.  If the DSP48 was instantiated in the design, it is suggested to set the PREG attribute to 1.
WARNING: [DRC DPOP-1] PREG Output pipelining: DSP linienmodule_fast_a_iir0_z50__0 output linienmodule_fast_a_iir0_z50__0/P[47:0] is not pipelined (PREG=0). Pipelining the DSP48 output will improve performance and often saves power so it is suggested whenever possible to fully pipeline this function.  If this DSP48 function was inferred, it is suggested to describe an additional register stage after this function.  If the DSP48 was instantiated in the design, it is suggested to set the PREG attribute to 1.
WARNING: [DRC DPOP-1] PREG Output pipelining: DSP linienmodule_fast_a_iir0_z60 output linienmodule_fast_a_iir0_z60/P[47:0] is not pipelined (PREG=0). Pipelining the DSP48 output will improve performance and often saves power so it is suggested whenever possible to fully pipeline this function.  If this DSP48 function was inferred, it is suggested to describe an additional register stage after this function.  If the DSP48 was instantiated in the design, it is suggested to set the PREG attribute to 1.
WARNING: [DRC DPOP-1] PREG Output pipelining: DSP linienmodule_fast_a_iir0_z60__0 output linienmodule_fast_a_iir0_z60__0/P[47:0] is not pipelined (PREG=0). Pipelining the DSP48 output will improve performance and often saves power so it is suggested whenever possible to fully pipeline this function.  If this DSP48 function was inferred, it is suggested to describe an additional register stage after this function.  If the DSP48 was instantiated in the design, it is suggested to set the PREG attribute to 1.
WARNING: [DRC DPOP-1] PREG Output pipelining: DSP linienmodule_fast_a_iir0_z70 output linienmodule_fast_a_iir0_z70/P[47:0] is not pipelined (PREG=0). Pipelining the DSP48 output will improve performance and often saves power so it is suggested whenever possible to fully pipeline this function.  If this DSP48 function was inferred, it is suggested to describe an additional register stage after this function.  If the DSP48 was instantiated in the design, it is suggested to set the PREG attribute to 1.
WARNING: [DRC DPOP-1] PREG Output pipelining: DSP linienmodule_fast_a_iir0_z70__0 output linienmodule_fast_a_iir0_z70__0/P[47:0] is not pipelined (PREG=0). Pipelining the DSP48 output will improve performance and often saves power so it is suggested whenever possible to fully pipeline this function.  If this DSP48 function was inferred, it is suggested to describe an additional register stage after this function.  If the DSP48 was instantiated in the design, it is suggested to set the PREG attribute to 1.
WARNING: [DRC DPOP-1] PREG Output pipelining: DSP linienmodule_fast_a_iir1_z00 output linienmodule_fast_a_iir1_z00/P[47:0] is not pipelined (PREG=0). Pipelining the DSP48 output will improve performance and often saves power so it is suggested whenever possible to fully pipeline this function.  If this DSP48 function was inferred, it is suggested to describe an additional register stage after this function.  If the DSP48 was instantiated in the design, it is suggested to set the PREG attribute to 1.
WARNING: [DRC DPOP-1] PREG Output pipelining: DSP linienmodule_fast_a_iir1_z00__0 output linienmodule_fast_a_iir1_z00__0/P[47:0] is not pipelined (PREG=0). Pipelining the DSP48 output will improve performance and often saves power so it is suggested whenever possible to fully pipeline this function.  If this DSP48 function was inferred, it is suggested to describe an additional register stage after this function.  If the DSP48 was instantiated in the design, it is suggested to set the PREG attribute to 1.
WARNING: [DRC DPOP-1] PREG Output pipelining: DSP linienmodule_fast_a_iir1_z10 output linienmodule_fast_a_iir1_z10/P[47:0] is not pipelined (PREG=0). Pipelining the DSP48 output will improve performance and often saves power so it is suggested whenever possible to fully pipeline this function.  If this DSP48 function was inferred, it is suggested to describe an additional register stage after this function.  If the DSP48 was instantiated in the design, it is suggested to set the PREG attribute to 1.
WARNING: [DRC DPOP-1] PREG Output pipelining: DSP linienmodule_fast_a_iir1_z10__0 output linienmodule_fast_a_iir1_z10__0/P[47:0] is not pipelined (PREG=0). Pipelining the DSP48 output will improve performance and often saves power so it is suggested whenever possible to fully pipeline this function.  If this DSP48 function was inferred, it is suggested to describe an additional register stage after this function.  If the DSP48 was instantiated in the design, it is suggested to set the PREG attribute to 1.
WARNING: [DRC DPOP-1] PREG Output pipelining: DSP linienmodule_fast_a_iir1_z20 output linienmodule_fast_a_iir1_z20/P[47:0] is not pipelined (PREG=0). Pipelining the DSP48 output will improve performance and often saves power so it is suggested whenever possible to fully pipeline this function.  If this DSP48 function was inferred, it is suggested to describe an additional register stage after this function.  If the DSP48 was instantiated in the design, it is suggested to set the PREG attribute to 1.
WARNING: [DRC DPOP-1] PREG Output pipelining: DSP linienmodule_fast_a_iir1_z20__0 output linienmodule_fast_a_iir1_z20__0/P[47:0] is not pipelined (PREG=0). Pipelining the DSP48 output will improve performance and often saves power so it is suggested whenever possible to fully pipeline this function.  If this DSP48 function was inferred, it is suggested to describe an additional register stage after this function.  If the DSP48 was instantiated in the design, it is suggested to set the PREG attribute to 1.
WARNING: [DRC DPOP-1] PREG Output pipelining: DSP linienmodule_fast_a_iir1_z30 output linienmodule_fast_a_iir1_z30/P[47:0] is not pipelined (PREG=0). Pipelining the DSP48 output will improve performance and often saves power so it is suggested whenever possible to fully pipeline this function.  If this DSP48 function was inferred, it is suggested to describe an additional register stage after this function.  If the DSP48 was instantiated in the design, it is suggested to set the PREG attribute to 1.
WARNING: [DRC DPOP-1] PREG Output pipelining: DSP linienmodule_fast_a_iir1_z30__0 output linienmodule_fast_a_iir1_z30__0/P[47:0] is not pipelined (PREG=0). Pipelining the DSP48 output will improve performance and often saves power so it is suggested whenever possible to fully pipeline this function.  If this DSP48 function was inferred, it is suggested to describe an additional register stage after this function.  If the DSP48 was instantiated in the design, it is suggested to set the PREG attribute to 1.
WARNING: [DRC DPOP-1] PREG Output pipelining: DSP linienmodule_fast_a_iir1_z40 output linienmodule_fast_a_iir1_z40/P[47:0] is not pipelined (PREG=0). Pipelining the DSP48 output will improve performance and often saves power so it is suggested whenever possible to fully pipeline this function.  If this DSP48 function was inferred, it is suggested to describe an additional register stage after this function.  If the DSP48 was instantiated in the design, it is suggested to set the PREG attribute to 1.
WARNING: [DRC DPOP-1] PREG Output pipelining: DSP linienmodule_fast_a_iir1_z40__0 output linienmodule_fast_a_iir1_z40__0/P[47:0] is not pipelined (PREG=0). Pipelining the DSP48 output will improve performance and often saves power so it is suggested whenever possible to fully pipeline this function.  If this DSP48 function was inferred, it is suggested to describe an additional register stage after this function.  If the DSP48 was instantiated in the design, it is suggested to set the PREG attribute to 1.
WARNING: [DRC DPOP-1] PREG Output pipelining: DSP linienmodule_fast_a_iir1_z50 output linienmodule_fast_a_iir1_z50/P[47:0] is not pipelined (PREG=0). Pipelining the DSP48 output will improve performance and often saves power so it is suggested whenever possible to fully pipeline this function.  If this DSP48 function was inferred, it is suggested to describe an additional register stage after this function.  If the DSP48 was instantiated in the design, it is suggested to set the PREG attribute to 1.
WARNING: [DRC DPOP-1] PREG Output pipelining: DSP linienmodule_fast_a_iir1_z50__0 output linienmodule_fast_a_iir1_z50__0/P[47:0] is not pipelined (PREG=0). Pipelining the DSP48 output will improve performance and often saves power so it is suggested whenever possible to fully pipeline this function.  If this DSP48 function was inferred, it is suggested to describe an additional register stage after this function.  If the DSP48 was instantiated in the design, it is suggested to set the PREG attribute to 1.
WARNING: [DRC DPOP-1] PREG Output pipelining: DSP linienmodule_fast_a_iir1_z60 output linienmodule_fast_a_iir1_z60/P[47:0] is not pipelined (PREG=0). Pipelining the DSP48 output will improve performance and often saves power so it is suggested whenever possible to fully pipeline this function.  If this DSP48 function was inferred, it is suggested to describe an additional register stage after this function.  If the DSP48 was instantiated in the design, it is suggested to set the PREG attribute to 1.
WARNING: [DRC DPOP-1] PREG Output pipelining: DSP linienmodule_fast_a_iir1_z60__0 output linienmodule_fast_a_iir1_z60__0/P[47:0] is not pipelined (PREG=0). Pipelining the DSP48 output will improve performance and often saves power so it is suggested whenever possible to fully pipeline this function.  If this DSP48 function was inferred, it is suggested to describe an additional register stage after this function.  If the DSP48 was instantiated in the design, it is suggested to set the PREG attribute to 1.
WARNING: [DRC DPOP-1] PREG Output pipelining: DSP linienmodule_fast_a_iir1_z70 output linienmodule_fast_a_iir1_z70/P[47:0] is not pipelined (PREG=0). Pipelining the DSP48 output will improve performance and often saves power so it is suggested whenever possible to fully pipeline this function.  If this DSP48 function was inferred, it is suggested to describe an additional register stage after this function.  If the DSP48 was instantiated in the design, it is suggested to set the PREG attribute to 1.
WARNING: [DRC DPOP-1] PREG Output pipelining: DSP linienmodule_fast_a_iir1_z70__0 output linienmodule_fast_a_iir1_z70__0/P[47:0] is not pipelined (PREG=0). Pipelining the DSP48 output will improve performance and often saves power so it is suggested whenever possible to fully pipeline this function.  If this DSP48 function was inferred, it is suggested to describe an additional register stage after this function.  If the DSP48 was instantiated in the design, it is suggested to set the PREG attribute to 1.
WARNING: [DRC DPOP-1] PREG Output pipelining: DSP linienmodule_fast_b_iir0_z00 output linienmodule_fast_b_iir0_z00/P[47:0] is not pipelined (PREG=0). Pipelining the DSP48 output will improve performance and often saves power so it is suggested whenever possible to fully pipeline this function.  If this DSP48 function was inferred, it is suggested to describe an additional register stage after this function.  If the DSP48 was instantiated in the design, it is suggested to set the PREG attribute to 1.
WARNING: [DRC DPOP-1] PREG Output pipelining: DSP linienmodule_fast_b_iir0_z00__0 output linienmodule_fast_b_iir0_z00__0/P[47:0] is not pipelined (PREG=0). Pipelining the DSP48 output will improve performance and often saves power so it is suggested whenever possible to fully pipeline this function.  If this DSP48 function was inferred, it is suggested to describe an additional register stage after this function.  If the DSP48 was instantiated in the design, it is suggested to set the PREG attribute to 1.
WARNING: [DRC DPOP-1] PREG Output pipelining: DSP linienmodule_fast_b_iir0_z10 output linienmodule_fast_b_iir0_z10/P[47:0] is not pipelined (PREG=0). Pipelining the DSP48 output will improve performance and often saves power so it is suggested whenever possible to fully pipeline this function.  If this DSP48 function was inferred, it is suggested to describe an additional register stage after this function.  If the DSP48 was instantiated in the design, it is suggested to set the PREG attribute to 1.
WARNING: [DRC DPOP-1] PREG Output pipelining: DSP linienmodule_fast_b_iir0_z10__0 output linienmodule_fast_b_iir0_z10__0/P[47:0] is not pipelined (PREG=0). Pipelining the DSP48 output will improve performance and often saves power so it is suggested whenever possible to fully pipeline this function.  If this DSP48 function was inferred, it is suggested to describe an additional register stage after this function.  If the DSP48 was instantiated in the design, it is suggested to set the PREG attribute to 1.
WARNING: [DRC DPOP-1] PREG Output pipelining: DSP linienmodule_fast_b_iir0_z20 output linienmodule_fast_b_iir0_z20/P[47:0] is not pipelined (PREG=0). Pipelining the DSP48 output will improve performance and often saves power so it is suggested whenever possible to fully pipeline this function.  If this DSP48 function was inferred, it is suggested to describe an additional register stage after this function.  If the DSP48 was instantiated in the design, it is suggested to set the PREG attribute to 1.
WARNING: [DRC DPOP-1] PREG Output pipelining: DSP linienmodule_fast_b_iir0_z20__0 output linienmodule_fast_b_iir0_z20__0/P[47:0] is not pipelined (PREG=0). Pipelining the DSP48 output will improve performance and often saves power so it is suggested whenever possible to fully pipeline this function.  If this DSP48 function was inferred, it is suggested to describe an additional register stage after this function.  If the DSP48 was instantiated in the design, it is suggested to set the PREG attribute to 1.
WARNING: [DRC DPOP-1] PREG Output pipelining: DSP linienmodule_fast_b_iir0_z30 output linienmodule_fast_b_iir0_z30/P[47:0] is not pipelined (PREG=0). Pipelining the DSP48 output will improve performance and often saves power so it is suggested whenever possible to fully pipeline this function.  If this DSP48 function was inferred, it is suggested to describe an additional register stage after this function.  If the DSP48 was instantiated in the design, it is suggested to set the PREG attribute to 1.
WARNING: [DRC DPOP-1] PREG Output pipelining: DSP linienmodule_fast_b_iir0_z30__0 output linienmodule_fast_b_iir0_z30__0/P[47:0] is not pipelined (PREG=0). Pipelining the DSP48 output will improve performance and often saves power so it is suggested whenever possible to fully pipeline this function.  If this DSP48 function was inferred, it is suggested to describe an additional register stage after this function.  If the DSP48 was instantiated in the design, it is suggested to set the PREG attribute to 1.
WARNING: [DRC DPOP-1] PREG Output pipelining: DSP linienmodule_fast_b_iir0_z40 output linienmodule_fast_b_iir0_z40/P[47:0] is not pipelined (PREG=0). Pipelining the DSP48 output will improve performance and often saves power so it is suggested whenever possible to fully pipeline this function.  If this DSP48 function was inferred, it is suggested to describe an additional register stage after this function.  If the DSP48 was instantiated in the design, it is suggested to set the PREG attribute to 1.
WARNING: [DRC DPOP-1] PREG Output pipelining: DSP linienmodule_fast_b_iir0_z40__0 output linienmodule_fast_b_iir0_z40__0/P[47:0] is not pipelined (PREG=0). Pipelining the DSP48 output will improve performance and often saves power so it is suggested whenever possible to fully pipeline this function.  If this DSP48 function was inferred, it is suggested to describe an additional register stage after this function.  If the DSP48 was instantiated in the design, it is suggested to set the PREG attribute to 1.
WARNING: [DRC DPOP-1] PREG Output pipelining: DSP linienmodule_fast_b_iir0_z50 output linienmodule_fast_b_iir0_z50/P[47:0] is not pipelined (PREG=0). Pipelining the DSP48 output will improve performance and often saves power so it is suggested whenever possible to fully pipeline this function.  If this DSP48 function was inferred, it is suggested to describe an additional register stage after this function.  If the DSP48 was instantiated in the design, it is suggested to set the PREG attribute to 1.
WARNING: [DRC DPOP-1] PREG Output pipelining: DSP linienmodule_fast_b_iir0_z50__0 output linienmodule_fast_b_iir0_z50__0/P[47:0] is not pipelined (PREG=0). Pipelining the DSP48 output will improve performance and often saves power so it is suggested whenever possible to fully pipeline this function.  If this DSP48 function was inferred, it is suggested to describe an additional register stage after this function.  If the DSP48 was instantiated in the design, it is suggested to set the PREG attribute to 1.
WARNING: [DRC DPOP-1] PREG Output pipelining: DSP linienmodule_fast_b_iir0_z60 output linienmodule_fast_b_iir0_z60/P[47:0] is not pipelined (PREG=0). Pipelining the DSP48 output will improve performance and often saves power so it is suggested whenever possible to fully pipeline this function.  If this DSP48 function was inferred, it is suggested to describe an additional register stage after this function.  If the DSP48 was instantiated in the design, it is suggested to set the PREG attribute to 1.
WARNING: [DRC DPOP-1] PREG Output pipelining: DSP linienmodule_fast_b_iir0_z60__0 output linienmodule_fast_b_iir0_z60__0/P[47:0] is not pipelined (PREG=0). Pipelining the DSP48 output will improve performance and often saves power so it is suggested whenever possible to fully pipeline this function.  If this DSP48 function was inferred, it is suggested to describe an additional register stage after this function.  If the DSP48 was instantiated in the design, it is suggested to set the PREG attribute to 1.
WARNING: [DRC DPOP-1] PREG Output pipelining: DSP linienmodule_fast_b_iir0_z70 output linienmodule_fast_b_iir0_z70/P[47:0] is not pipelined (PREG=0). Pipelining the DSP48 output will improve performance and often saves power so it is suggested whenever possible to fully pipeline this function.  If this DSP48 function was inferred, it is suggested to describe an additional register stage after this function.  If the DSP48 was instantiated in the design, it is suggested to set the PREG attribute to 1.
WARNING: [DRC DPOP-1] PREG Output pipelining: DSP linienmodule_fast_b_iir0_z70__0 output linienmodule_fast_b_iir0_z70__0/P[47:0] is not pipelined (PREG=0). Pipelining the DSP48 output will improve performance and often saves power so it is suggested whenever possible to fully pipeline this function.  If this DSP48 function was inferred, it is suggested to describe an additional register stage after this function.  If the DSP48 was instantiated in the design, it is suggested to set the PREG attribute to 1.
WARNING: [DRC DPOP-1] PREG Output pipelining: DSP linienmodule_fast_b_iir1_z00 output linienmodule_fast_b_iir1_z00/P[47:0] is not pipelined (PREG=0). Pipelining the DSP48 output will improve performance and often saves power so it is suggested whenever possible to fully pipeline this function.  If this DSP48 function was inferred, it is suggested to describe an additional register stage after this function.  If the DSP48 was instantiated in the design, it is suggested to set the PREG attribute to 1.
WARNING: [DRC DPOP-1] PREG Output pipelining: DSP linienmodule_fast_b_iir1_z00__0 output linienmodule_fast_b_iir1_z00__0/P[47:0] is not pipelined (PREG=0). Pipelining the DSP48 output will improve performance and often saves power so it is suggested whenever possible to fully pipeline this function.  If this DSP48 function was inferred, it is suggested to describe an additional register stage after this function.  If the DSP48 was instantiated in the design, it is suggested to set the PREG attribute to 1.
WARNING: [DRC DPOP-1] PREG Output pipelining: DSP linienmodule_fast_b_iir1_z10 output linienmodule_fast_b_iir1_z10/P[47:0] is not pipelined (PREG=0). Pipelining the DSP48 output will improve performance and often saves power so it is suggested whenever possible to fully pipeline this function.  If this DSP48 function was inferred, it is suggested to describe an additional register stage after this function.  If the DSP48 was instantiated in the design, it is suggested to set the PREG attribute to 1.
WARNING: [DRC DPOP-1] PREG Output pipelining: DSP linienmodule_fast_b_iir1_z10__0 output linienmodule_fast_b_iir1_z10__0/P[47:0] is not pipelined (PREG=0). Pipelining the DSP48 output will improve performance and often saves power so it is suggested whenever possible to fully pipeline this function.  If this DSP48 function was inferred, it is suggested to describe an additional register stage after this function.  If the DSP48 was instantiated in the design, it is suggested to set the PREG attribute to 1.
WARNING: [DRC DPOP-1] PREG Output pipelining: DSP linienmodule_fast_b_iir1_z20 output linienmodule_fast_b_iir1_z20/P[47:0] is not pipelined (PREG=0). Pipelining the DSP48 output will improve performance and often saves power so it is suggested whenever possible to fully pipeline this function.  If this DSP48 function was inferred, it is suggested to describe an additional register stage after this function.  If the DSP48 was instantiated in the design, it is suggested to set the PREG attribute to 1.
WARNING: [DRC DPOP-1] PREG Output pipelining: DSP linienmodule_fast_b_iir1_z20__0 output linienmodule_fast_b_iir1_z20__0/P[47:0] is not pipelined (PREG=0). Pipelining the DSP48 output will improve performance and often saves power so it is suggested whenever possible to fully pipeline this function.  If this DSP48 function was inferred, it is suggested to describe an additional register stage after this function.  If the DSP48 was instantiated in the design, it is suggested to set the PREG attribute to 1.
WARNING: [DRC DPOP-1] PREG Output pipelining: DSP linienmodule_fast_b_iir1_z30 output linienmodule_fast_b_iir1_z30/P[47:0] is not pipelined (PREG=0). Pipelining the DSP48 output will improve performance and often saves power so it is suggested whenever possible to fully pipeline this function.  If this DSP48 function was inferred, it is suggested to describe an additional register stage after this function.  If the DSP48 was instantiated in the design, it is suggested to set the PREG attribute to 1.
WARNING: [DRC DPOP-1] PREG Output pipelining: DSP linienmodule_fast_b_iir1_z30__0 output linienmodule_fast_b_iir1_z30__0/P[47:0] is not pipelined (PREG=0). Pipelining the DSP48 output will improve performance and often saves power so it is suggested whenever possible to fully pipeline this function.  If this DSP48 function was inferred, it is suggested to describe an additional register stage after this function.  If the DSP48 was instantiated in the design, it is suggested to set the PREG attribute to 1.
WARNING: [DRC DPOP-1] PREG Output pipelining: DSP linienmodule_fast_b_iir1_z40 output linienmodule_fast_b_iir1_z40/P[47:0] is not pipelined (PREG=0). Pipelining the DSP48 output will improve performance and often saves power so it is suggested whenever possible to fully pipeline this function.  If this DSP48 function was inferred, it is suggested to describe an additional register stage after this function.  If the DSP48 was instantiated in the design, it is suggested to set the PREG attribute to 1.
WARNING: [DRC DPOP-1] PREG Output pipelining: DSP linienmodule_fast_b_iir1_z40__0 output linienmodule_fast_b_iir1_z40__0/P[47:0] is not pipelined (PREG=0). Pipelining the DSP48 output will improve performance and often saves power so it is suggested whenever possible to fully pipeline this function.  If this DSP48 function was inferred, it is suggested to describe an additional register stage after this function.  If the DSP48 was instantiated in the design, it is suggested to set the PREG attribute to 1.
WARNING: [DRC DPOP-1] PREG Output pipelining: DSP linienmodule_fast_b_iir1_z50 output linienmodule_fast_b_iir1_z50/P[47:0] is not pipelined (PREG=0). Pipelining the DSP48 output will improve performance and often saves power so it is suggested whenever possible to fully pipeline this function.  If this DSP48 function was inferred, it is suggested to describe an additional register stage after this function.  If the DSP48 was instantiated in the design, it is suggested to set the PREG attribute to 1.
WARNING: [DRC DPOP-1] PREG Output pipelining: DSP linienmodule_fast_b_iir1_z50__0 output linienmodule_fast_b_iir1_z50__0/P[47:0] is not pipelined (PREG=0). Pipelining the DSP48 output will improve performance and often saves power so it is suggested whenever possible to fully pipeline this function.  If this DSP48 function was inferred, it is suggested to describe an additional register stage after this function.  If the DSP48 was instantiated in the design, it is suggested to set the PREG attribute to 1.
WARNING: [DRC DPOP-1] PREG Output pipelining: DSP linienmodule_fast_b_iir1_z60 output linienmodule_fast_b_iir1_z60/P[47:0] is not pipelined (PREG=0). Pipelining the DSP48 output will improve performance and often saves power so it is suggested whenever possible to fully pipeline this function.  If this DSP48 function was inferred, it is suggested to describe an additional register stage after this function.  If the DSP48 was instantiated in the design, it is suggested to set the PREG attribute to 1.
WARNING: [DRC DPOP-1] PREG Output pipelining: DSP linienmodule_fast_b_iir1_z60__0 output linienmodule_fast_b_iir1_z60__0/P[47:0] is not pipelined (PREG=0). Pipelining the DSP48 output will improve performance and often saves power so it is suggested whenever possible to fully pipeline this function.  If this DSP48 function was inferred, it is suggested to describe an additional register stage after this function.  If the DSP48 was instantiated in the design, it is suggested to set the PREG attribute to 1.
WARNING: [DRC DPOP-1] PREG Output pipelining: DSP linienmodule_fast_b_iir1_z70 output linienmodule_fast_b_iir1_z70/P[47:0] is not pipelined (PREG=0). Pipelining the DSP48 output will improve performance and often saves power so it is suggested whenever possible to fully pipeline this function.  If this DSP48 function was inferred, it is suggested to describe an additional register stage after this function.  If the DSP48 was instantiated in the design, it is suggested to set the PREG attribute to 1.
WARNING: [DRC DPOP-1] PREG Output pipelining: DSP linienmodule_fast_b_iir1_z70__0 output linienmodule_fast_b_iir1_z70__0/P[47:0] is not pipelined (PREG=0). Pipelining the DSP48 output will improve performance and often saves power so it is suggested whenever possible to fully pipeline this function.  If this DSP48 function was inferred, it is suggested to describe an additional register stage after this function.  If the DSP48 was instantiated in the design, it is suggested to set the PREG attribute to 1.
WARNING: [DRC DPOP-1] PREG Output pipelining: DSP linienmodule_raw_acquisition_iir_z00 output linienmodule_raw_acquisition_iir_z00/P[47:0] is not pipelined (PREG=0). Pipelining the DSP48 output will improve performance and often saves power so it is suggested whenever possible to fully pipeline this function.  If this DSP48 function was inferred, it is suggested to describe an additional register stage after this function.  If the DSP48 was instantiated in the design, it is suggested to set the PREG attribute to 1.
WARNING: [DRC DPOP-1] PREG Output pipelining: DSP linienmodule_raw_acquisition_iir_z00__0 output linienmodule_raw_acquisition_iir_z00__0/P[47:0] is not pipelined (PREG=0). Pipelining the DSP48 output will improve performance and often saves power so it is suggested whenever possible to fully pipeline this function.  If this DSP48 function was inferred, it is suggested to describe an additional register stage after this function.  If the DSP48 was instantiated in the design, it is suggested to set the PREG attribute to 1.
WARNING: [DRC DPOP-1] PREG Output pipelining: DSP linienmodule_raw_acquisition_iir_z10 output linienmodule_raw_acquisition_iir_z10/P[47:0] is not pipelined (PREG=0). Pipelining the DSP48 output will improve performance and often saves power so it is suggested whenever possible to fully pipeline this function.  If this DSP48 function was inferred, it is suggested to describe an additional register stage after this function.  If the DSP48 was instantiated in the design, it is suggested to set the PREG attribute to 1.
WARNING: [DRC DPOP-1] PREG Output pipelining: DSP linienmodule_raw_acquisition_iir_z100 output linienmodule_raw_acquisition_iir_z100/P[47:0] is not pipelined (PREG=0). Pipelining the DSP48 output will improve performance and often saves power so it is suggested whenever possible to fully pipeline this function.  If this DSP48 function was inferred, it is suggested to describe an additional register stage after this function.  If the DSP48 was instantiated in the design, it is suggested to set the PREG attribute to 1.
WARNING: [DRC DPOP-1] PREG Output pipelining: DSP linienmodule_raw_acquisition_iir_z100__0 output linienmodule_raw_acquisition_iir_z100__0/P[47:0] is not pipelined (PREG=0). Pipelining the DSP48 output will improve performance and often saves power so it is suggested whenever possible to fully pipeline this function.  If this DSP48 function was inferred, it is suggested to describe an additional register stage after this function.  If the DSP48 was instantiated in the design, it is suggested to set the PREG attribute to 1.
WARNING: [DRC DPOP-1] PREG Output pipelining: DSP linienmodule_raw_acquisition_iir_z10__0 output linienmodule_raw_acquisition_iir_z10__0/P[47:0] is not pipelined (PREG=0). Pipelining the DSP48 output will improve performance and often saves power so it is suggested whenever possible to fully pipeline this function.  If this DSP48 function was inferred, it is suggested to describe an additional register stage after this function.  If the DSP48 was instantiated in the design, it is suggested to set the PREG attribute to 1.
WARNING: [DRC DPOP-1] PREG Output pipelining: DSP linienmodule_raw_acquisition_iir_z20 output linienmodule_raw_acquisition_iir_z20/P[47:0] is not pipelined (PREG=0). Pipelining the DSP48 output will improve performance and often saves power so it is suggested whenever possible to fully pipeline this function.  If this DSP48 function was inferred, it is suggested to describe an additional register stage after this function.  If the DSP48 was instantiated in the design, it is suggested to set the PREG attribute to 1.
WARNING: [DRC DPOP-1] PREG Output pipelining: DSP linienmodule_raw_acquisition_iir_z20__0 output linienmodule_raw_acquisition_iir_z20__0/P[47:0] is not pipelined (PREG=0). Pipelining the DSP48 output will improve performance and often saves power so it is suggested whenever possible to fully pipeline this function.  If this DSP48 function was inferred, it is suggested to describe an additional register stage after this function.  If the DSP48 was instantiated in the design, it is suggested to set the PREG attribute to 1.
WARNING: [DRC DPOP-1] PREG Output pipelining: DSP linienmodule_raw_acquisition_iir_z30 output linienmodule_raw_acquisition_iir_z30/P[47:0] is not pipelined (PREG=0). Pipelining the DSP48 output will improve performance and often saves power so it is suggested whenever possible to fully pipeline this function.  If this DSP48 function was inferred, it is suggested to describe an additional register stage after this function.  If the DSP48 was instantiated in the design, it is suggested to set the PREG attribute to 1.
WARNING: [DRC DPOP-1] PREG Output pipelining: DSP linienmodule_raw_acquisition_iir_z30__0 output linienmodule_raw_acquisition_iir_z30__0/P[47:0] is not pipelined (PREG=0). Pipelining the DSP48 output will improve performance and often saves power so it is suggested whenever possible to fully pipeline this function.  If this DSP48 function was inferred, it is suggested to describe an additional register stage after this function.  If the DSP48 was instantiated in the design, it is suggested to set the PREG attribute to 1.
WARNING: [DRC DPOP-1] PREG Output pipelining: DSP linienmodule_raw_acquisition_iir_z40 output linienmodule_raw_acquisition_iir_z40/P[47:0] is not pipelined (PREG=0). Pipelining the DSP48 output will improve performance and often saves power so it is suggested whenever possible to fully pipeline this function.  If this DSP48 function was inferred, it is suggested to describe an additional register stage after this function.  If the DSP48 was instantiated in the design, it is suggested to set the PREG attribute to 1.
WARNING: [DRC DPOP-1] PREG Output pipelining: DSP linienmodule_raw_acquisition_iir_z40__0 output linienmodule_raw_acquisition_iir_z40__0/P[47:0] is not pipelined (PREG=0). Pipelining the DSP48 output will improve performance and often saves power so it is suggested whenever possible to fully pipeline this function.  If this DSP48 function was inferred, it is suggested to describe an additional register stage after this function.  If the DSP48 was instantiated in the design, it is suggested to set the PREG attribute to 1.
WARNING: [DRC DPOP-1] PREG Output pipelining: DSP linienmodule_raw_acquisition_iir_z50 output linienmodule_raw_acquisition_iir_z50/P[47:0] is not pipelined (PREG=0). Pipelining the DSP48 output will improve performance and often saves power so it is suggested whenever possible to fully pipeline this function.  If this DSP48 function was inferred, it is suggested to describe an additional register stage after this function.  If the DSP48 was instantiated in the design, it is suggested to set the PREG attribute to 1.
WARNING: [DRC DPOP-1] PREG Output pipelining: DSP p_1_out__0 output p_1_out__0/P[47:0] is not pipelined (PREG=0). Pipelining the DSP48 output will improve performance and often saves power so it is suggested whenever possible to fully pipeline this function.  If this DSP48 function was inferred, it is suggested to describe an additional register stage after this function.  If the DSP48 was instantiated in the design, it is suggested to set the PREG attribute to 1.
WARNING: [DRC DPOP-1] PREG Output pipelining: DSP p_1_out__1 output p_1_out__1/P[47:0] is not pipelined (PREG=0). Pipelining the DSP48 output will improve performance and often saves power so it is suggested whenever possible to fully pipeline this function.  If this DSP48 function was inferred, it is suggested to describe an additional register stage after this function.  If the DSP48 was instantiated in the design, it is suggested to set the PREG attribute to 1.
WARNING: [DRC DPOP-2] MREG Output pipelining: DSP linienmodule_fast_a_iir0_z00 multiplier stage linienmodule_fast_a_iir0_z00/P[47:0] is not pipelined (MREG=0). Pipelining the multiplier function will improve performance and will save significant power so it is suggested whenever possible to fully pipeline this function.  If this multiplier was inferred, it is suggested to describe an additional register stage after this function.  If there is no registered adder/accumulator following the multiply function, two pipeline stages are suggested to allow both the MREG and PREG registers to be used.  If the DSP48 was instantiated in the design, it is suggested to set both the MREG and PREG attributes to 1 when performing multiply functions.
WARNING: [DRC DPOP-2] MREG Output pipelining: DSP linienmodule_fast_a_iir0_z10 multiplier stage linienmodule_fast_a_iir0_z10/P[47:0] is not pipelined (MREG=0). Pipelining the multiplier function will improve performance and will save significant power so it is suggested whenever possible to fully pipeline this function.  If this multiplier was inferred, it is suggested to describe an additional register stage after this function.  If there is no registered adder/accumulator following the multiply function, two pipeline stages are suggested to allow both the MREG and PREG registers to be used.  If the DSP48 was instantiated in the design, it is suggested to set both the MREG and PREG attributes to 1 when performing multiply functions.
WARNING: [DRC DPOP-2] MREG Output pipelining: DSP linienmodule_fast_a_iir0_z20 multiplier stage linienmodule_fast_a_iir0_z20/P[47:0] is not pipelined (MREG=0). Pipelining the multiplier function will improve performance and will save significant power so it is suggested whenever possible to fully pipeline this function.  If this multiplier was inferred, it is suggested to describe an additional register stage after this function.  If there is no registered adder/accumulator following the multiply function, two pipeline stages are suggested to allow both the MREG and PREG registers to be used.  If the DSP48 was instantiated in the design, it is suggested to set both the MREG and PREG attributes to 1 when performing multiply functions.
WARNING: [DRC DPOP-2] MREG Output pipelining: DSP linienmodule_fast_a_iir0_z20__0 multiplier stage linienmodule_fast_a_iir0_z20__0/P[47:0] is not pipelined (MREG=0). Pipelining the multiplier function will improve performance and will save significant power so it is suggested whenever possible to fully pipeline this function.  If this multiplier was inferred, it is suggested to describe an additional register stage after this function.  If there is no registered adder/accumulator following the multiply function, two pipeline stages are suggested to allow both the MREG and PREG registers to be used.  If the DSP48 was instantiated in the design, it is suggested to set both the MREG and PREG attributes to 1 when performing multiply functions.
WARNING: [DRC DPOP-2] MREG Output pipelining: DSP linienmodule_fast_a_iir0_z30 multiplier stage linienmodule_fast_a_iir0_z30/P[47:0] is not pipelined (MREG=0). Pipelining the multiplier function will improve performance and will save significant power so it is suggested whenever possible to fully pipeline this function.  If this multiplier was inferred, it is suggested to describe an additional register stage after this function.  If there is no registered adder/accumulator following the multiply function, two pipeline stages are suggested to allow both the MREG and PREG registers to be used.  If the DSP48 was instantiated in the design, it is suggested to set both the MREG and PREG attributes to 1 when performing multiply functions.
WARNING: [DRC DPOP-2] MREG Output pipelining: DSP linienmodule_fast_a_iir0_z30__0 multiplier stage linienmodule_fast_a_iir0_z30__0/P[47:0] is not pipelined (MREG=0). Pipelining the multiplier function will improve performance and will save significant power so it is suggested whenever possible to fully pipeline this function.  If this multiplier was inferred, it is suggested to describe an additional register stage after this function.  If there is no registered adder/accumulator following the multiply function, two pipeline stages are suggested to allow both the MREG and PREG registers to be used.  If the DSP48 was instantiated in the design, it is suggested to set both the MREG and PREG attributes to 1 when performing multiply functions.
WARNING: [DRC DPOP-2] MREG Output pipelining: DSP linienmodule_fast_a_iir0_z40 multiplier stage linienmodule_fast_a_iir0_z40/P[47:0] is not pipelined (MREG=0). Pipelining the multiplier function will improve performance and will save significant power so it is suggested whenever possible to fully pipeline this function.  If this multiplier was inferred, it is suggested to describe an additional register stage after this function.  If there is no registered adder/accumulator following the multiply function, two pipeline stages are suggested to allow both the MREG and PREG registers to be used.  If the DSP48 was instantiated in the design, it is suggested to set both the MREG and PREG attributes to 1 when performing multiply functions.
WARNING: [DRC DPOP-2] MREG Output pipelining: DSP linienmodule_fast_a_iir0_z40__0 multiplier stage linienmodule_fast_a_iir0_z40__0/P[47:0] is not pipelined (MREG=0). Pipelining the multiplier function will improve performance and will save significant power so it is suggested whenever possible to fully pipeline this function.  If this multiplier was inferred, it is suggested to describe an additional register stage after this function.  If there is no registered adder/accumulator following the multiply function, two pipeline stages are suggested to allow both the MREG and PREG registers to be used.  If the DSP48 was instantiated in the design, it is suggested to set both the MREG and PREG attributes to 1 when performing multiply functions.
WARNING: [DRC DPOP-2] MREG Output pipelining: DSP linienmodule_fast_a_iir0_z50 multiplier stage linienmodule_fast_a_iir0_z50/P[47:0] is not pipelined (MREG=0). Pipelining the multiplier function will improve performance and will save significant power so it is suggested whenever possible to fully pipeline this function.  If this multiplier was inferred, it is suggested to describe an additional register stage after this function.  If there is no registered adder/accumulator following the multiply function, two pipeline stages are suggested to allow both the MREG and PREG registers to be used.  If the DSP48 was instantiated in the design, it is suggested to set both the MREG and PREG attributes to 1 when performing multiply functions.
WARNING: [DRC DPOP-2] MREG Output pipelining: DSP linienmodule_fast_a_iir0_z50__0 multiplier stage linienmodule_fast_a_iir0_z50__0/P[47:0] is not pipelined (MREG=0). Pipelining the multiplier function will improve performance and will save significant power so it is suggested whenever possible to fully pipeline this function.  If this multiplier was inferred, it is suggested to describe an additional register stage after this function.  If there is no registered adder/accumulator following the multiply function, two pipeline stages are suggested to allow both the MREG and PREG registers to be used.  If the DSP48 was instantiated in the design, it is suggested to set both the MREG and PREG attributes to 1 when performing multiply functions.
WARNING: [DRC DPOP-2] MREG Output pipelining: DSP linienmodule_fast_a_iir0_z60 multiplier stage linienmodule_fast_a_iir0_z60/P[47:0] is not pipelined (MREG=0). Pipelining the multiplier function will improve performance and will save significant power so it is suggested whenever possible to fully pipeline this function.  If this multiplier was inferred, it is suggested to describe an additional register stage after this function.  If there is no registered adder/accumulator following the multiply function, two pipeline stages are suggested to allow both the MREG and PREG registers to be used.  If the DSP48 was instantiated in the design, it is suggested to set both the MREG and PREG attributes to 1 when performing multiply functions.
WARNING: [DRC DPOP-2] MREG Output pipelining: DSP linienmodule_fast_a_iir0_z60__0 multiplier stage linienmodule_fast_a_iir0_z60__0/P[47:0] is not pipelined (MREG=0). Pipelining the multiplier function will improve performance and will save significant power so it is suggested whenever possible to fully pipeline this function.  If this multiplier was inferred, it is suggested to describe an additional register stage after this function.  If there is no registered adder/accumulator following the multiply function, two pipeline stages are suggested to allow both the MREG and PREG registers to be used.  If the DSP48 was instantiated in the design, it is suggested to set both the MREG and PREG attributes to 1 when performing multiply functions.
WARNING: [DRC DPOP-2] MREG Output pipelining: DSP linienmodule_fast_a_iir0_z70 multiplier stage linienmodule_fast_a_iir0_z70/P[47:0] is not pipelined (MREG=0). Pipelining the multiplier function will improve performance and will save significant power so it is suggested whenever possible to fully pipeline this function.  If this multiplier was inferred, it is suggested to describe an additional register stage after this function.  If there is no registered adder/accumulator following the multiply function, two pipeline stages are suggested to allow both the MREG and PREG registers to be used.  If the DSP48 was instantiated in the design, it is suggested to set both the MREG and PREG attributes to 1 when performing multiply functions.
WARNING: [DRC DPOP-2] MREG Output pipelining: DSP linienmodule_fast_a_iir0_z70__0 multiplier stage linienmodule_fast_a_iir0_z70__0/P[47:0] is not pipelined (MREG=0). Pipelining the multiplier function will improve performance and will save significant power so it is suggested whenever possible to fully pipeline this function.  If this multiplier was inferred, it is suggested to describe an additional register stage after this function.  If there is no registered adder/accumulator following the multiply function, two pipeline stages are suggested to allow both the MREG and PREG registers to be used.  If the DSP48 was instantiated in the design, it is suggested to set both the MREG and PREG attributes to 1 when performing multiply functions.
WARNING: [DRC DPOP-2] MREG Output pipelining: DSP linienmodule_fast_a_iir1_z00 multiplier stage linienmodule_fast_a_iir1_z00/P[47:0] is not pipelined (MREG=0). Pipelining the multiplier function will improve performance and will save significant power so it is suggested whenever possible to fully pipeline this function.  If this multiplier was inferred, it is suggested to describe an additional register stage after this function.  If there is no registered adder/accumulator following the multiply function, two pipeline stages are suggested to allow both the MREG and PREG registers to be used.  If the DSP48 was instantiated in the design, it is suggested to set both the MREG and PREG attributes to 1 when performing multiply functions.
WARNING: [DRC DPOP-2] MREG Output pipelining: DSP linienmodule_fast_a_iir1_z10 multiplier stage linienmodule_fast_a_iir1_z10/P[47:0] is not pipelined (MREG=0). Pipelining the multiplier function will improve performance and will save significant power so it is suggested whenever possible to fully pipeline this function.  If this multiplier was inferred, it is suggested to describe an additional register stage after this function.  If there is no registered adder/accumulator following the multiply function, two pipeline stages are suggested to allow both the MREG and PREG registers to be used.  If the DSP48 was instantiated in the design, it is suggested to set both the MREG and PREG attributes to 1 when performing multiply functions.
WARNING: [DRC DPOP-2] MREG Output pipelining: DSP linienmodule_fast_a_iir1_z20 multiplier stage linienmodule_fast_a_iir1_z20/P[47:0] is not pipelined (MREG=0). Pipelining the multiplier function will improve performance and will save significant power so it is suggested whenever possible to fully pipeline this function.  If this multiplier was inferred, it is suggested to describe an additional register stage after this function.  If there is no registered adder/accumulator following the multiply function, two pipeline stages are suggested to allow both the MREG and PREG registers to be used.  If the DSP48 was instantiated in the design, it is suggested to set both the MREG and PREG attributes to 1 when performing multiply functions.
WARNING: [DRC DPOP-2] MREG Output pipelining: DSP linienmodule_fast_a_iir1_z20__0 multiplier stage linienmodule_fast_a_iir1_z20__0/P[47:0] is not pipelined (MREG=0). Pipelining the multiplier function will improve performance and will save significant power so it is suggested whenever possible to fully pipeline this function.  If this multiplier was inferred, it is suggested to describe an additional register stage after this function.  If there is no registered adder/accumulator following the multiply function, two pipeline stages are suggested to allow both the MREG and PREG registers to be used.  If the DSP48 was instantiated in the design, it is suggested to set both the MREG and PREG attributes to 1 when performing multiply functions.
WARNING: [DRC DPOP-2] MREG Output pipelining: DSP linienmodule_fast_a_iir1_z30 multiplier stage linienmodule_fast_a_iir1_z30/P[47:0] is not pipelined (MREG=0). Pipelining the multiplier function will improve performance and will save significant power so it is suggested whenever possible to fully pipeline this function.  If this multiplier was inferred, it is suggested to describe an additional register stage after this function.  If there is no registered adder/accumulator following the multiply function, two pipeline stages are suggested to allow both the MREG and PREG registers to be used.  If the DSP48 was instantiated in the design, it is suggested to set both the MREG and PREG attributes to 1 when performing multiply functions.
WARNING: [DRC DPOP-2] MREG Output pipelining: DSP linienmodule_fast_a_iir1_z30__0 multiplier stage linienmodule_fast_a_iir1_z30__0/P[47:0] is not pipelined (MREG=0). Pipelining the multiplier function will improve performance and will save significant power so it is suggested whenever possible to fully pipeline this function.  If this multiplier was inferred, it is suggested to describe an additional register stage after this function.  If there is no registered adder/accumulator following the multiply function, two pipeline stages are suggested to allow both the MREG and PREG registers to be used.  If the DSP48 was instantiated in the design, it is suggested to set both the MREG and PREG attributes to 1 when performing multiply functions.
WARNING: [DRC DPOP-2] MREG Output pipelining: DSP linienmodule_fast_a_iir1_z40 multiplier stage linienmodule_fast_a_iir1_z40/P[47:0] is not pipelined (MREG=0). Pipelining the multiplier function will improve performance and will save significant power so it is suggested whenever possible to fully pipeline this function.  If this multiplier was inferred, it is suggested to describe an additional register stage after this function.  If there is no registered adder/accumulator following the multiply function, two pipeline stages are suggested to allow both the MREG and PREG registers to be used.  If the DSP48 was instantiated in the design, it is suggested to set both the MREG and PREG attributes to 1 when performing multiply functions.
WARNING: [DRC DPOP-2] MREG Output pipelining: DSP linienmodule_fast_a_iir1_z40__0 multiplier stage linienmodule_fast_a_iir1_z40__0/P[47:0] is not pipelined (MREG=0). Pipelining the multiplier function will improve performance and will save significant power so it is suggested whenever possible to fully pipeline this function.  If this multiplier was inferred, it is suggested to describe an additional register stage after this function.  If there is no registered adder/accumulator following the multiply function, two pipeline stages are suggested to allow both the MREG and PREG registers to be used.  If the DSP48 was instantiated in the design, it is suggested to set both the MREG and PREG attributes to 1 when performing multiply functions.
WARNING: [DRC DPOP-2] MREG Output pipelining: DSP linienmodule_fast_a_iir1_z50 multiplier stage linienmodule_fast_a_iir1_z50/P[47:0] is not pipelined (MREG=0). Pipelining the multiplier function will improve performance and will save significant power so it is suggested whenever possible to fully pipeline this function.  If this multiplier was inferred, it is suggested to describe an additional register stage after this function.  If there is no registered adder/accumulator following the multiply function, two pipeline stages are suggested to allow both the MREG and PREG registers to be used.  If the DSP48 was instantiated in the design, it is suggested to set both the MREG and PREG attributes to 1 when performing multiply functions.
WARNING: [DRC DPOP-2] MREG Output pipelining: DSP linienmodule_fast_a_iir1_z50__0 multiplier stage linienmodule_fast_a_iir1_z50__0/P[47:0] is not pipelined (MREG=0). Pipelining the multiplier function will improve performance and will save significant power so it is suggested whenever possible to fully pipeline this function.  If this multiplier was inferred, it is suggested to describe an additional register stage after this function.  If there is no registered adder/accumulator following the multiply function, two pipeline stages are suggested to allow both the MREG and PREG registers to be used.  If the DSP48 was instantiated in the design, it is suggested to set both the MREG and PREG attributes to 1 when performing multiply functions.
WARNING: [DRC DPOP-2] MREG Output pipelining: DSP linienmodule_fast_a_iir1_z60 multiplier stage linienmodule_fast_a_iir1_z60/P[47:0] is not pipelined (MREG=0). Pipelining the multiplier function will improve performance and will save significant power so it is suggested whenever possible to fully pipeline this function.  If this multiplier was inferred, it is suggested to describe an additional register stage after this function.  If there is no registered adder/accumulator following the multiply function, two pipeline stages are suggested to allow both the MREG and PREG registers to be used.  If the DSP48 was instantiated in the design, it is suggested to set both the MREG and PREG attributes to 1 when performing multiply functions.
WARNING: [DRC DPOP-2] MREG Output pipelining: DSP linienmodule_fast_a_iir1_z60__0 multiplier stage linienmodule_fast_a_iir1_z60__0/P[47:0] is not pipelined (MREG=0). Pipelining the multiplier function will improve performance and will save significant power so it is suggested whenever possible to fully pipeline this function.  If this multiplier was inferred, it is suggested to describe an additional register stage after this function.  If there is no registered adder/accumulator following the multiply function, two pipeline stages are suggested to allow both the MREG and PREG registers to be used.  If the DSP48 was instantiated in the design, it is suggested to set both the MREG and PREG attributes to 1 when performing multiply functions.
WARNING: [DRC DPOP-2] MREG Output pipelining: DSP linienmodule_fast_a_iir1_z70 multiplier stage linienmodule_fast_a_iir1_z70/P[47:0] is not pipelined (MREG=0). Pipelining the multiplier function will improve performance and will save significant power so it is suggested whenever possible to fully pipeline this function.  If this multiplier was inferred, it is suggested to describe an additional register stage after this function.  If there is no registered adder/accumulator following the multiply function, two pipeline stages are suggested to allow both the MREG and PREG registers to be used.  If the DSP48 was instantiated in the design, it is suggested to set both the MREG and PREG attributes to 1 when performing multiply functions.
WARNING: [DRC DPOP-2] MREG Output pipelining: DSP linienmodule_fast_a_iir1_z70__0 multiplier stage linienmodule_fast_a_iir1_z70__0/P[47:0] is not pipelined (MREG=0). Pipelining the multiplier function will improve performance and will save significant power so it is suggested whenever possible to fully pipeline this function.  If this multiplier was inferred, it is suggested to describe an additional register stage after this function.  If there is no registered adder/accumulator following the multiply function, two pipeline stages are suggested to allow both the MREG and PREG registers to be used.  If the DSP48 was instantiated in the design, it is suggested to set both the MREG and PREG attributes to 1 when performing multiply functions.
WARNING: [DRC DPOP-2] MREG Output pipelining: DSP linienmodule_fast_b_iir0_z00 multiplier stage linienmodule_fast_b_iir0_z00/P[47:0] is not pipelined (MREG=0). Pipelining the multiplier function will improve performance and will save significant power so it is suggested whenever possible to fully pipeline this function.  If this multiplier was inferred, it is suggested to describe an additional register stage after this function.  If there is no registered adder/accumulator following the multiply function, two pipeline stages are suggested to allow both the MREG and PREG registers to be used.  If the DSP48 was instantiated in the design, it is suggested to set both the MREG and PREG attributes to 1 when performing multiply functions.
WARNING: [DRC DPOP-2] MREG Output pipelining: DSP linienmodule_fast_b_iir0_z10 multiplier stage linienmodule_fast_b_iir0_z10/P[47:0] is not pipelined (MREG=0). Pipelining the multiplier function will improve performance and will save significant power so it is suggested whenever possible to fully pipeline this function.  If this multiplier was inferred, it is suggested to describe an additional register stage after this function.  If there is no registered adder/accumulator following the multiply function, two pipeline stages are suggested to allow both the MREG and PREG registers to be used.  If the DSP48 was instantiated in the design, it is suggested to set both the MREG and PREG attributes to 1 when performing multiply functions.
WARNING: [DRC DPOP-2] MREG Output pipelining: DSP linienmodule_fast_b_iir0_z20 multiplier stage linienmodule_fast_b_iir0_z20/P[47:0] is not pipelined (MREG=0). Pipelining the multiplier function will improve performance and will save significant power so it is suggested whenever possible to fully pipeline this function.  If this multiplier was inferred, it is suggested to describe an additional register stage after this function.  If there is no registered adder/accumulator following the multiply function, two pipeline stages are suggested to allow both the MREG and PREG registers to be used.  If the DSP48 was instantiated in the design, it is suggested to set both the MREG and PREG attributes to 1 when performing multiply functions.
WARNING: [DRC DPOP-2] MREG Output pipelining: DSP linienmodule_fast_b_iir0_z20__0 multiplier stage linienmodule_fast_b_iir0_z20__0/P[47:0] is not pipelined (MREG=0). Pipelining the multiplier function will improve performance and will save significant power so it is suggested whenever possible to fully pipeline this function.  If this multiplier was inferred, it is suggested to describe an additional register stage after this function.  If there is no registered adder/accumulator following the multiply function, two pipeline stages are suggested to allow both the MREG and PREG registers to be used.  If the DSP48 was instantiated in the design, it is suggested to set both the MREG and PREG attributes to 1 when performing multiply functions.
WARNING: [DRC DPOP-2] MREG Output pipelining: DSP linienmodule_fast_b_iir0_z30 multiplier stage linienmodule_fast_b_iir0_z30/P[47:0] is not pipelined (MREG=0). Pipelining the multiplier function will improve performance and will save significant power so it is suggested whenever possible to fully pipeline this function.  If this multiplier was inferred, it is suggested to describe an additional register stage after this function.  If there is no registered adder/accumulator following the multiply function, two pipeline stages are suggested to allow both the MREG and PREG registers to be used.  If the DSP48 was instantiated in the design, it is suggested to set both the MREG and PREG attributes to 1 when performing multiply functions.
WARNING: [DRC DPOP-2] MREG Output pipelining: DSP linienmodule_fast_b_iir0_z30__0 multiplier stage linienmodule_fast_b_iir0_z30__0/P[47:0] is not pipelined (MREG=0). Pipelining the multiplier function will improve performance and will save significant power so it is suggested whenever possible to fully pipeline this function.  If this multiplier was inferred, it is suggested to describe an additional register stage after this function.  If there is no registered adder/accumulator following the multiply function, two pipeline stages are suggested to allow both the MREG and PREG registers to be used.  If the DSP48 was instantiated in the design, it is suggested to set both the MREG and PREG attributes to 1 when performing multiply functions.
WARNING: [DRC DPOP-2] MREG Output pipelining: DSP linienmodule_fast_b_iir0_z40 multiplier stage linienmodule_fast_b_iir0_z40/P[47:0] is not pipelined (MREG=0). Pipelining the multiplier function will improve performance and will save significant power so it is suggested whenever possible to fully pipeline this function.  If this multiplier was inferred, it is suggested to describe an additional register stage after this function.  If there is no registered adder/accumulator following the multiply function, two pipeline stages are suggested to allow both the MREG and PREG registers to be used.  If the DSP48 was instantiated in the design, it is suggested to set both the MREG and PREG attributes to 1 when performing multiply functions.
WARNING: [DRC DPOP-2] MREG Output pipelining: DSP linienmodule_fast_b_iir0_z40__0 multiplier stage linienmodule_fast_b_iir0_z40__0/P[47:0] is not pipelined (MREG=0). Pipelining the multiplier function will improve performance and will save significant power so it is suggested whenever possible to fully pipeline this function.  If this multiplier was inferred, it is suggested to describe an additional register stage after this function.  If there is no registered adder/accumulator following the multiply function, two pipeline stages are suggested to allow both the MREG and PREG registers to be used.  If the DSP48 was instantiated in the design, it is suggested to set both the MREG and PREG attributes to 1 when performing multiply functions.
WARNING: [DRC DPOP-2] MREG Output pipelining: DSP linienmodule_fast_b_iir0_z50 multiplier stage linienmodule_fast_b_iir0_z50/P[47:0] is not pipelined (MREG=0). Pipelining the multiplier function will improve performance and will save significant power so it is suggested whenever possible to fully pipeline this function.  If this multiplier was inferred, it is suggested to describe an additional register stage after this function.  If there is no registered adder/accumulator following the multiply function, two pipeline stages are suggested to allow both the MREG and PREG registers to be used.  If the DSP48 was instantiated in the design, it is suggested to set both the MREG and PREG attributes to 1 when performing multiply functions.
WARNING: [DRC DPOP-2] MREG Output pipelining: DSP linienmodule_fast_b_iir0_z50__0 multiplier stage linienmodule_fast_b_iir0_z50__0/P[47:0] is not pipelined (MREG=0). Pipelining the multiplier function will improve performance and will save significant power so it is suggested whenever possible to fully pipeline this function.  If this multiplier was inferred, it is suggested to describe an additional register stage after this function.  If there is no registered adder/accumulator following the multiply function, two pipeline stages are suggested to allow both the MREG and PREG registers to be used.  If the DSP48 was instantiated in the design, it is suggested to set both the MREG and PREG attributes to 1 when performing multiply functions.
WARNING: [DRC DPOP-2] MREG Output pipelining: DSP linienmodule_fast_b_iir0_z60 multiplier stage linienmodule_fast_b_iir0_z60/P[47:0] is not pipelined (MREG=0). Pipelining the multiplier function will improve performance and will save significant power so it is suggested whenever possible to fully pipeline this function.  If this multiplier was inferred, it is suggested to describe an additional register stage after this function.  If there is no registered adder/accumulator following the multiply function, two pipeline stages are suggested to allow both the MREG and PREG registers to be used.  If the DSP48 was instantiated in the design, it is suggested to set both the MREG and PREG attributes to 1 when performing multiply functions.
WARNING: [DRC DPOP-2] MREG Output pipelining: DSP linienmodule_fast_b_iir0_z60__0 multiplier stage linienmodule_fast_b_iir0_z60__0/P[47:0] is not pipelined (MREG=0). Pipelining the multiplier function will improve performance and will save significant power so it is suggested whenever possible to fully pipeline this function.  If this multiplier was inferred, it is suggested to describe an additional register stage after this function.  If there is no registered adder/accumulator following the multiply function, two pipeline stages are suggested to allow both the MREG and PREG registers to be used.  If the DSP48 was instantiated in the design, it is suggested to set both the MREG and PREG attributes to 1 when performing multiply functions.
WARNING: [DRC DPOP-2] MREG Output pipelining: DSP linienmodule_fast_b_iir0_z70 multiplier stage linienmodule_fast_b_iir0_z70/P[47:0] is not pipelined (MREG=0). Pipelining the multiplier function will improve performance and will save significant power so it is suggested whenever possible to fully pipeline this function.  If this multiplier was inferred, it is suggested to describe an additional register stage after this function.  If there is no registered adder/accumulator following the multiply function, two pipeline stages are suggested to allow both the MREG and PREG registers to be used.  If the DSP48 was instantiated in the design, it is suggested to set both the MREG and PREG attributes to 1 when performing multiply functions.
WARNING: [DRC DPOP-2] MREG Output pipelining: DSP linienmodule_fast_b_iir0_z70__0 multiplier stage linienmodule_fast_b_iir0_z70__0/P[47:0] is not pipelined (MREG=0). Pipelining the multiplier function will improve performance and will save significant power so it is suggested whenever possible to fully pipeline this function.  If this multiplier was inferred, it is suggested to describe an additional register stage after this function.  If there is no registered adder/accumulator following the multiply function, two pipeline stages are suggested to allow both the MREG and PREG registers to be used.  If the DSP48 was instantiated in the design, it is suggested to set both the MREG and PREG attributes to 1 when performing multiply functions.
WARNING: [DRC DPOP-2] MREG Output pipelining: DSP linienmodule_fast_b_iir1_z00 multiplier stage linienmodule_fast_b_iir1_z00/P[47:0] is not pipelined (MREG=0). Pipelining the multiplier function will improve performance and will save significant power so it is suggested whenever possible to fully pipeline this function.  If this multiplier was inferred, it is suggested to describe an additional register stage after this function.  If there is no registered adder/accumulator following the multiply function, two pipeline stages are suggested to allow both the MREG and PREG registers to be used.  If the DSP48 was instantiated in the design, it is suggested to set both the MREG and PREG attributes to 1 when performing multiply functions.
WARNING: [DRC DPOP-2] MREG Output pipelining: DSP linienmodule_fast_b_iir1_z10 multiplier stage linienmodule_fast_b_iir1_z10/P[47:0] is not pipelined (MREG=0). Pipelining the multiplier function will improve performance and will save significant power so it is suggested whenever possible to fully pipeline this function.  If this multiplier was inferred, it is suggested to describe an additional register stage after this function.  If there is no registered adder/accumulator following the multiply function, two pipeline stages are suggested to allow both the MREG and PREG registers to be used.  If the DSP48 was instantiated in the design, it is suggested to set both the MREG and PREG attributes to 1 when performing multiply functions.
WARNING: [DRC DPOP-2] MREG Output pipelining: DSP linienmodule_fast_b_iir1_z20 multiplier stage linienmodule_fast_b_iir1_z20/P[47:0] is not pipelined (MREG=0). Pipelining the multiplier function will improve performance and will save significant power so it is suggested whenever possible to fully pipeline this function.  If this multiplier was inferred, it is suggested to describe an additional register stage after this function.  If there is no registered adder/accumulator following the multiply function, two pipeline stages are suggested to allow both the MREG and PREG registers to be used.  If the DSP48 was instantiated in the design, it is suggested to set both the MREG and PREG attributes to 1 when performing multiply functions.
WARNING: [DRC DPOP-2] MREG Output pipelining: DSP linienmodule_fast_b_iir1_z20__0 multiplier stage linienmodule_fast_b_iir1_z20__0/P[47:0] is not pipelined (MREG=0). Pipelining the multiplier function will improve performance and will save significant power so it is suggested whenever possible to fully pipeline this function.  If this multiplier was inferred, it is suggested to describe an additional register stage after this function.  If there is no registered adder/accumulator following the multiply function, two pipeline stages are suggested to allow both the MREG and PREG registers to be used.  If the DSP48 was instantiated in the design, it is suggested to set both the MREG and PREG attributes to 1 when performing multiply functions.
WARNING: [DRC DPOP-2] MREG Output pipelining: DSP linienmodule_fast_b_iir1_z30 multiplier stage linienmodule_fast_b_iir1_z30/P[47:0] is not pipelined (MREG=0). Pipelining the multiplier function will improve performance and will save significant power so it is suggested whenever possible to fully pipeline this function.  If this multiplier was inferred, it is suggested to describe an additional register stage after this function.  If there is no registered adder/accumulator following the multiply function, two pipeline stages are suggested to allow both the MREG and PREG registers to be used.  If the DSP48 was instantiated in the design, it is suggested to set both the MREG and PREG attributes to 1 when performing multiply functions.
WARNING: [DRC DPOP-2] MREG Output pipelining: DSP linienmodule_fast_b_iir1_z30__0 multiplier stage linienmodule_fast_b_iir1_z30__0/P[47:0] is not pipelined (MREG=0). Pipelining the multiplier function will improve performance and will save significant power so it is suggested whenever possible to fully pipeline this function.  If this multiplier was inferred, it is suggested to describe an additional register stage after this function.  If there is no registered adder/accumulator following the multiply function, two pipeline stages are suggested to allow both the MREG and PREG registers to be used.  If the DSP48 was instantiated in the design, it is suggested to set both the MREG and PREG attributes to 1 when performing multiply functions.
WARNING: [DRC DPOP-2] MREG Output pipelining: DSP linienmodule_fast_b_iir1_z40 multiplier stage linienmodule_fast_b_iir1_z40/P[47:0] is not pipelined (MREG=0). Pipelining the multiplier function will improve performance and will save significant power so it is suggested whenever possible to fully pipeline this function.  If this multiplier was inferred, it is suggested to describe an additional register stage after this function.  If there is no registered adder/accumulator following the multiply function, two pipeline stages are suggested to allow both the MREG and PREG registers to be used.  If the DSP48 was instantiated in the design, it is suggested to set both the MREG and PREG attributes to 1 when performing multiply functions.
WARNING: [DRC DPOP-2] MREG Output pipelining: DSP linienmodule_fast_b_iir1_z40__0 multiplier stage linienmodule_fast_b_iir1_z40__0/P[47:0] is not pipelined (MREG=0). Pipelining the multiplier function will improve performance and will save significant power so it is suggested whenever possible to fully pipeline this function.  If this multiplier was inferred, it is suggested to describe an additional register stage after this function.  If there is no registered adder/accumulator following the multiply function, two pipeline stages are suggested to allow both the MREG and PREG registers to be used.  If the DSP48 was instantiated in the design, it is suggested to set both the MREG and PREG attributes to 1 when performing multiply functions.
WARNING: [DRC DPOP-2] MREG Output pipelining: DSP linienmodule_fast_b_iir1_z50 multiplier stage linienmodule_fast_b_iir1_z50/P[47:0] is not pipelined (MREG=0). Pipelining the multiplier function will improve performance and will save significant power so it is suggested whenever possible to fully pipeline this function.  If this multiplier was inferred, it is suggested to describe an additional register stage after this function.  If there is no registered adder/accumulator following the multiply function, two pipeline stages are suggested to allow both the MREG and PREG registers to be used.  If the DSP48 was instantiated in the design, it is suggested to set both the MREG and PREG attributes to 1 when performing multiply functions.
WARNING: [DRC DPOP-2] MREG Output pipelining: DSP linienmodule_fast_b_iir1_z50__0 multiplier stage linienmodule_fast_b_iir1_z50__0/P[47:0] is not pipelined (MREG=0). Pipelining the multiplier function will improve performance and will save significant power so it is suggested whenever possible to fully pipeline this function.  If this multiplier was inferred, it is suggested to describe an additional register stage after this function.  If there is no registered adder/accumulator following the multiply function, two pipeline stages are suggested to allow both the MREG and PREG registers to be used.  If the DSP48 was instantiated in the design, it is suggested to set both the MREG and PREG attributes to 1 when performing multiply functions.
WARNING: [DRC DPOP-2] MREG Output pipelining: DSP linienmodule_fast_b_iir1_z60 multiplier stage linienmodule_fast_b_iir1_z60/P[47:0] is not pipelined (MREG=0). Pipelining the multiplier function will improve performance and will save significant power so it is suggested whenever possible to fully pipeline this function.  If this multiplier was inferred, it is suggested to describe an additional register stage after this function.  If there is no registered adder/accumulator following the multiply function, two pipeline stages are suggested to allow both the MREG and PREG registers to be used.  If the DSP48 was instantiated in the design, it is suggested to set both the MREG and PREG attributes to 1 when performing multiply functions.
WARNING: [DRC DPOP-2] MREG Output pipelining: DSP linienmodule_fast_b_iir1_z60__0 multiplier stage linienmodule_fast_b_iir1_z60__0/P[47:0] is not pipelined (MREG=0). Pipelining the multiplier function will improve performance and will save significant power so it is suggested whenever possible to fully pipeline this function.  If this multiplier was inferred, it is suggested to describe an additional register stage after this function.  If there is no registered adder/accumulator following the multiply function, two pipeline stages are suggested to allow both the MREG and PREG registers to be used.  If the DSP48 was instantiated in the design, it is suggested to set both the MREG and PREG attributes to 1 when performing multiply functions.
WARNING: [DRC DPOP-2] MREG Output pipelining: DSP linienmodule_fast_b_iir1_z70 multiplier stage linienmodule_fast_b_iir1_z70/P[47:0] is not pipelined (MREG=0). Pipelining the multiplier function will improve performance and will save significant power so it is suggested whenever possible to fully pipeline this function.  If this multiplier was inferred, it is suggested to describe an additional register stage after this function.  If there is no registered adder/accumulator following the multiply function, two pipeline stages are suggested to allow both the MREG and PREG registers to be used.  If the DSP48 was instantiated in the design, it is suggested to set both the MREG and PREG attributes to 1 when performing multiply functions.
WARNING: [DRC DPOP-2] MREG Output pipelining: DSP linienmodule_fast_b_iir1_z70__0 multiplier stage linienmodule_fast_b_iir1_z70__0/P[47:0] is not pipelined (MREG=0). Pipelining the multiplier function will improve performance and will save significant power so it is suggested whenever possible to fully pipeline this function.  If this multiplier was inferred, it is suggested to describe an additional register stage after this function.  If there is no registered adder/accumulator following the multiply function, two pipeline stages are suggested to allow both the MREG and PREG registers to be used.  If the DSP48 was instantiated in the design, it is suggested to set both the MREG and PREG attributes to 1 when performing multiply functions.
WARNING: [DRC DPOP-2] MREG Output pipelining: DSP linienmodule_raw_acquisition_iir_z00 multiplier stage linienmodule_raw_acquisition_iir_z00/P[47:0] is not pipelined (MREG=0). Pipelining the multiplier function will improve performance and will save significant power so it is suggested whenever possible to fully pipeline this function.  If this multiplier was inferred, it is suggested to describe an additional register stage after this function.  If there is no registered adder/accumulator following the multiply function, two pipeline stages are suggested to allow both the MREG and PREG registers to be used.  If the DSP48 was instantiated in the design, it is suggested to set both the MREG and PREG attributes to 1 when performing multiply functions.
WARNING: [DRC DPOP-2] MREG Output pipelining: DSP linienmodule_raw_acquisition_iir_z00__0 multiplier stage linienmodule_raw_acquisition_iir_z00__0/P[47:0] is not pipelined (MREG=0). Pipelining the multiplier function will improve performance and will save significant power so it is suggested whenever possible to fully pipeline this function.  If this multiplier was inferred, it is suggested to describe an additional register stage after this function.  If there is no registered adder/accumulator following the multiply function, two pipeline stages are suggested to allow both the MREG and PREG registers to be used.  If the DSP48 was instantiated in the design, it is suggested to set both the MREG and PREG attributes to 1 when performing multiply functions.
WARNING: [DRC DPOP-2] MREG Output pipelining: DSP linienmodule_raw_acquisition_iir_z10 multiplier stage linienmodule_raw_acquisition_iir_z10/P[47:0] is not pipelined (MREG=0). Pipelining the multiplier function will improve performance and will save significant power so it is suggested whenever possible to fully pipeline this function.  If this multiplier was inferred, it is suggested to describe an additional register stage after this function.  If there is no registered adder/accumulator following the multiply function, two pipeline stages are suggested to allow both the MREG and PREG registers to be used.  If the DSP48 was instantiated in the design, it is suggested to set both the MREG and PREG attributes to 1 when performing multiply functions.
WARNING: [DRC DPOP-2] MREG Output pipelining: DSP linienmodule_raw_acquisition_iir_z100 multiplier stage linienmodule_raw_acquisition_iir_z100/P[47:0] is not pipelined (MREG=0). Pipelining the multiplier function will improve performance and will save significant power so it is suggested whenever possible to fully pipeline this function.  If this multiplier was inferred, it is suggested to describe an additional register stage after this function.  If there is no registered adder/accumulator following the multiply function, two pipeline stages are suggested to allow both the MREG and PREG registers to be used.  If the DSP48 was instantiated in the design, it is suggested to set both the MREG and PREG attributes to 1 when performing multiply functions.
WARNING: [DRC DPOP-2] MREG Output pipelining: DSP linienmodule_raw_acquisition_iir_z100__0 multiplier stage linienmodule_raw_acquisition_iir_z100__0/P[47:0] is not pipelined (MREG=0). Pipelining the multiplier function will improve performance and will save significant power so it is suggested whenever possible to fully pipeline this function.  If this multiplier was inferred, it is suggested to describe an additional register stage after this function.  If there is no registered adder/accumulator following the multiply function, two pipeline stages are suggested to allow both the MREG and PREG registers to be used.  If the DSP48 was instantiated in the design, it is suggested to set both the MREG and PREG attributes to 1 when performing multiply functions.
WARNING: [DRC DPOP-2] MREG Output pipelining: DSP linienmodule_raw_acquisition_iir_z10__0 multiplier stage linienmodule_raw_acquisition_iir_z10__0/P[47:0] is not pipelined (MREG=0). Pipelining the multiplier function will improve performance and will save significant power so it is suggested whenever possible to fully pipeline this function.  If this multiplier was inferred, it is suggested to describe an additional register stage after this function.  If there is no registered adder/accumulator following the multiply function, two pipeline stages are suggested to allow both the MREG and PREG registers to be used.  If the DSP48 was instantiated in the design, it is suggested to set both the MREG and PREG attributes to 1 when performing multiply functions.
WARNING: [DRC DPOP-2] MREG Output pipelining: DSP linienmodule_raw_acquisition_iir_z20 multiplier stage linienmodule_raw_acquisition_iir_z20/P[47:0] is not pipelined (MREG=0). Pipelining the multiplier function will improve performance and will save significant power so it is suggested whenever possible to fully pipeline this function.  If this multiplier was inferred, it is suggested to describe an additional register stage after this function.  If there is no registered adder/accumulator following the multiply function, two pipeline stages are suggested to allow both the MREG and PREG registers to be used.  If the DSP48 was instantiated in the design, it is suggested to set both the MREG and PREG attributes to 1 when performing multiply functions.
WARNING: [DRC DPOP-2] MREG Output pipelining: DSP linienmodule_raw_acquisition_iir_z20__0 multiplier stage linienmodule_raw_acquisition_iir_z20__0/P[47:0] is not pipelined (MREG=0). Pipelining the multiplier function will improve performance and will save significant power so it is suggested whenever possible to fully pipeline this function.  If this multiplier was inferred, it is suggested to describe an additional register stage after this function.  If there is no registered adder/accumulator following the multiply function, two pipeline stages are suggested to allow both the MREG and PREG registers to be used.  If the DSP48 was instantiated in the design, it is suggested to set both the MREG and PREG attributes to 1 when performing multiply functions.
WARNING: [DRC DPOP-2] MREG Output pipelining: DSP linienmodule_raw_acquisition_iir_z30 multiplier stage linienmodule_raw_acquisition_iir_z30/P[47:0] is not pipelined (MREG=0). Pipelining the multiplier function will improve performance and will save significant power so it is suggested whenever possible to fully pipeline this function.  If this multiplier was inferred, it is suggested to describe an additional register stage after this function.  If there is no registered adder/accumulator following the multiply function, two pipeline stages are suggested to allow both the MREG and PREG registers to be used.  If the DSP48 was instantiated in the design, it is suggested to set both the MREG and PREG attributes to 1 when performing multiply functions.
WARNING: [DRC DPOP-2] MREG Output pipelining: DSP linienmodule_raw_acquisition_iir_z30__0 multiplier stage linienmodule_raw_acquisition_iir_z30__0/P[47:0] is not pipelined (MREG=0). Pipelining the multiplier function will improve performance and will save significant power so it is suggested whenever possible to fully pipeline this function.  If this multiplier was inferred, it is suggested to describe an additional register stage after this function.  If there is no registered adder/accumulator following the multiply function, two pipeline stages are suggested to allow both the MREG and PREG registers to be used.  If the DSP48 was instantiated in the design, it is suggested to set both the MREG and PREG attributes to 1 when performing multiply functions.
WARNING: [DRC DPOP-2] MREG Output pipelining: DSP linienmodule_raw_acquisition_iir_z40 multiplier stage linienmodule_raw_acquisition_iir_z40/P[47:0] is not pipelined (MREG=0). Pipelining the multiplier function will improve performance and will save significant power so it is suggested whenever possible to fully pipeline this function.  If this multiplier was inferred, it is suggested to describe an additional register stage after this function.  If there is no registered adder/accumulator following the multiply function, two pipeline stages are suggested to allow both the MREG and PREG registers to be used.  If the DSP48 was instantiated in the design, it is suggested to set both the MREG and PREG attributes to 1 when performing multiply functions.
WARNING: [DRC DPOP-2] MREG Output pipelining: DSP linienmodule_raw_acquisition_iir_z40__0 multiplier stage linienmodule_raw_acquisition_iir_z40__0/P[47:0] is not pipelined (MREG=0). Pipelining the multiplier function will improve performance and will save significant power so it is suggested whenever possible to fully pipeline this function.  If this multiplier was inferred, it is suggested to describe an additional register stage after this function.  If there is no registered adder/accumulator following the multiply function, two pipeline stages are suggested to allow both the MREG and PREG registers to be used.  If the DSP48 was instantiated in the design, it is suggested to set both the MREG and PREG attributes to 1 when performing multiply functions.
WARNING: [DRC DPOP-2] MREG Output pipelining: DSP linienmodule_raw_acquisition_iir_z50 multiplier stage linienmodule_raw_acquisition_iir_z50/P[47:0] is not pipelined (MREG=0). Pipelining the multiplier function will improve performance and will save significant power so it is suggested whenever possible to fully pipeline this function.  If this multiplier was inferred, it is suggested to describe an additional register stage after this function.  If there is no registered adder/accumulator following the multiply function, two pipeline stages are suggested to allow both the MREG and PREG registers to be used.  If the DSP48 was instantiated in the design, it is suggested to set both the MREG and PREG attributes to 1 when performing multiply functions.
WARNING: [DRC DPOP-2] MREG Output pipelining: DSP p_1_out multiplier stage p_1_out/P[47:0] is not pipelined (MREG=0). Pipelining the multiplier function will improve performance and will save significant power so it is suggested whenever possible to fully pipeline this function.  If this multiplier was inferred, it is suggested to describe an additional register stage after this function.  If there is no registered adder/accumulator following the multiply function, two pipeline stages are suggested to allow both the MREG and PREG registers to be used.  If the DSP48 was instantiated in the design, it is suggested to set both the MREG and PREG attributes to 1 when performing multiply functions.
WARNING: [DRC DPOP-2] MREG Output pipelining: DSP p_1_out__0 multiplier stage p_1_out__0/P[47:0] is not pipelined (MREG=0). Pipelining the multiplier function will improve performance and will save significant power so it is suggested whenever possible to fully pipeline this function.  If this multiplier was inferred, it is suggested to describe an additional register stage after this function.  If there is no registered adder/accumulator following the multiply function, two pipeline stages are suggested to allow both the MREG and PREG registers to be used.  If the DSP48 was instantiated in the design, it is suggested to set both the MREG and PREG attributes to 1 when performing multiply functions.
WARNING: [DRC DPOP-2] MREG Output pipelining: DSP p_1_out__1 multiplier stage p_1_out__1/P[47:0] is not pipelined (MREG=0). Pipelining the multiplier function will improve performance and will save significant power so it is suggested whenever possible to fully pipeline this function.  If this multiplier was inferred, it is suggested to describe an additional register stage after this function.  If there is no registered adder/accumulator following the multiply function, two pipeline stages are suggested to allow both the MREG and PREG registers to be used.  If the DSP48 was instantiated in the design, it is suggested to set both the MREG and PREG attributes to 1 when performing multiply functions.
WARNING: [DRC DPREG-4] DSP48E1_PregDynOpmodeZmuxP:: The DSP48E1 cell p_1_out__0 with the given dynamic OPMODE[6:0] connections may lead to an unregistered asynchronous feedback path without the PREG attribute enabled. Please refer to the user guide and if one of the internal P feedback opmodes is possible for this design the PREG attribute must be set to 1, currently set to 0
WARNING: [DRC DPREG-4] DSP48E1_PregDynOpmodeZmuxP:: The DSP48E1 cell p_1_out__1 with the given dynamic OPMODE[6:0] connections may lead to an unregistered asynchronous feedback path without the PREG attribute enabled. Please refer to the user guide and if one of the internal P feedback opmodes is possible for this design the PREG attribute must be set to 1, currently set to 0
INFO: [Vivado 12-3199] DRC finished with 0 Errors, 189 Warnings
INFO: [Vivado 12-3200] Please refer to the DRC report (report_drc) for more information.
INFO: [Designutils 20-2272] Running write_bitstream with 8 threads.
Loading data files...
Loading site data...
Loading route data...
Processing options...
Creating bitmap...
Creating bitstream...
Writing bitstream ./top.bit...
INFO: [Vivado 12-1842] Bitgen Completed Successfully.
INFO: [Project 1-120] WebTalk data collection is mandatory when using a WebPACK part without a full Vivado license. To see the specific WebTalk data collected for your design, open the usage_statistics_webtalk.html or usage_statistics_webtalk.xml file in the implementation directory.
INFO: [Common 17-83] Releasing license: Implementation
9 Infos, 189 Warnings, 0 Critical Warnings and 0 Errors encountered.
write_bitstream completed successfully
write_bitstream: Time (s): cpu = 00:00:18 ; elapsed = 00:00:12 . Memory (MB): peak = 3541.773 ; gain = 53.402 ; free physical = 7061 ; free virtual = 31097
## quit
INFO: [Common 17-206] Exiting Vivado at Sun Jun 21 01:28:24 2026...
