#-----------------------------------------------------------
# Vivado v2025.2 (64-bit)
# SW Build 6299465 on Fri Nov 14 19:35:11 GMT 2025
# IP Build 6300035 on Fri Nov 14 10:48:45 MST 2025
# SharedData Build 6298862 on Thu Nov 13 04:50:51 MST 2025
# Start of session at: Thu Sep  3 15:38:22 2026
# Process ID         : 15164
# Current directory  : C:/UW-Madison/RA/linien/gateware/build
# Command line       : vivado.exe -mode batch -source top.tcl
# Log file           : C:/UW-Madison/RA/linien/gateware/build/vivado.log
# Journal file       : C:/UW-Madison/RA/linien/gateware/build\vivado.jou
# Running On         : TejaskumarBabel
# Platform           : Windows Server 2016 or Windows 10
# Operating System   : 26200
# Processor Detail   : AMD Ryzen 7 7435HS                             
# CPU Frequency      : 3094 MHz
# CPU Physical cores : 8
# CPU Logical cores  : 16
# Host memory        : 16849 MB
# Swap memory        : 17179 MB
# Total Virtual      : 34029 MB
# Available Virtual  : 6104 MB
#-----------------------------------------------------------
source top.tcl
# source "top_route.tcl"
## create_project -force -name top -part xc7z020-clg400-1
create_project: Time (s): cpu = 00:00:08 ; elapsed = 00:00:07 . Memory (MB): peak = 533.156 ; gain = 218.426
## set_property XPM_LIBRARIES {XPM_CDC XPM_MEMORY} [current_project]
## add_files {imports\UW-Madison\RA\linien\gateware\verilog\axi_slave.v}
## set_property library work [get_files {imports\UW-Madison\RA\linien\gateware\verilog\axi_slave.v}]
## add_files {imports\UW-Madison\RA\linien\gateware\verilog\bus_clk_bridge.v}
## set_property library work [get_files {imports\UW-Madison\RA\linien\gateware\verilog\bus_clk_bridge.v}]
## add_files {imports\UW-Madison\RA\linien\gateware\verilog\processing_system7_v5_4_processing_system7.v}
## set_property library work [get_files {imports\UW-Madison\RA\linien\gateware\verilog\processing_system7_v5_4_processing_system7.v}]
## add_files {imports\UW-Madison\RA\linien\gateware\verilog\red_pitaya_scope.v}
## set_property library work [get_files {imports\UW-Madison\RA\linien\gateware\verilog\red_pitaya_scope.v}]
## add_files {imports\UW-Madison\RA\linien\gateware\verilog\system_processing_system7_0_0.v}
## set_property library work [get_files {imports\UW-Madison\RA\linien\gateware\verilog\system_processing_system7_0_0.v}]
## add_files {imports\UW-Madison\RA\linien\src\ROM.sv}
## set_property library work [get_files {imports\UW-Madison\RA\linien\src\ROM.sv}]
## add_files {imports\UW-Madison\RA\linien\src\arb_wave.sv}
## set_property library work [get_files {imports\UW-Madison\RA\linien\src\arb_wave.sv}]
## add_files {imports\UW-Madison\RA\linien\src\bram.sv}
## set_property library work [get_files {imports\UW-Madison\RA\linien\src\bram.sv}]
## add_files {imports\UW-Madison\RA\linien\src\chirp_gen.sv}
## set_property library work [get_files {imports\UW-Madison\RA\linien\src\chirp_gen.sv}]
## add_files {imports\UW-Madison\RA\linien\src\control.sv}
## set_property library work [get_files {imports\UW-Madison\RA\linien\src\control.sv}]
## add_files {imports\UW-Madison\RA\linien\src\delay.sv}
## set_property library work [get_files {imports\UW-Madison\RA\linien\src\delay.sv}]
## add_files {imports\UW-Madison\RA\linien\src\direct_jump.sv}
## set_property library work [get_files {imports\UW-Madison\RA\linien\src\direct_jump.sv}]
## add_files {imports\UW-Madison\RA\linien\src\linear_ramp.sv}
## set_property library work [get_files {imports\UW-Madison\RA\linien\src\linear_ramp.sv}]
## add_files {imports\UW-Madison\RA\linien\src\sequence_top.sv}
## set_property library work [get_files {imports\UW-Madison\RA\linien\src\sequence_top.sv}]
## add_files {imports\UW-Madison\RA\linien\src\sinusoid.sv}
## set_property library work [get_files {imports\UW-Madison\RA\linien\src\sinusoid.sv}]
## add_files {imports\UW-Madison\RA\linien\src\temp_pwm.sv}
## set_property library work [get_files {imports\UW-Madison\RA\linien\src\temp_pwm.sv}]
## add_files {imports\UW-Madison\RA\linien\src\temp_sampler.sv}
## set_property library work [get_files {imports\UW-Madison\RA\linien\src\temp_sampler.sv}]
## add_files {top.v}
## set_property library work [get_files {top.v}]
## read_xdc top.xdc
## read_xdc -ref processing_system7_v5_4_processing_system7 ../verilog/system_processing_system7_0_0.xdc
## add_files -norecurse ../../src/sin_lut.mem
## synth_design -top top -part xc7z020-clg400-1
Command: synth_design -top top -part xc7z020-clg400-1
Starting synth_design
Attempting to get a license for feature 'Synthesis' and/or device 'xc7z020'
INFO: [Common 17-349] Got license for feature 'Synthesis' and/or device 'xc7z020'
INFO: [Device 21-403] Loading part xc7z020clg400-1
INFO: [Synth 8-7079] Multithreading enabled for synth_design using a maximum of 2 processes.
INFO: [Synth 8-7078] Launching helper process for spawning children vivado processes
INFO: [Synth 8-7075] Helper process launched with PID 35720
---------------------------------------------------------------------------------
Starting RTL Elaboration : Time (s): cpu = 00:00:06 ; elapsed = 00:00:06 . Memory (MB): peak = 1308.652 ; gain = 541.109
---------------------------------------------------------------------------------
INFO: [Synth 8-6157] synthesizing module 'top' from library 'work' [C:/UW-Madison/RA/linien/gateware/build/top.v:2]
INFO: [Synth 8-155] case statement is not full and has no default [C:/UW-Madison/RA/linien/gateware/build/top.v:7351]
INFO: [Synth 8-155] case statement is not full and has no default [C:/UW-Madison/RA/linien/gateware/build/top.v:7751]
INFO: [Synth 8-155] case statement is not full and has no default [C:/UW-Madison/RA/linien/gateware/build/top.v:8597]
INFO: [Synth 8-155] case statement is not full and has no default [C:/UW-Madison/RA/linien/gateware/build/top.v:9443]
INFO: [Synth 8-155] case statement is not full and has no default [C:/UW-Madison/RA/linien/gateware/build/top.v:9578]
INFO: [Synth 8-155] case statement is not full and has no default [C:/UW-Madison/RA/linien/gateware/build/top.v:9600]
INFO: [Synth 8-155] case statement is not full and has no default [C:/UW-Madison/RA/linien/gateware/build/top.v:10685]
INFO: [Synth 8-155] case statement is not full and has no default [C:/UW-Madison/RA/linien/gateware/build/top.v:10779]
INFO: [Synth 8-155] case statement is not full and has no default [C:/UW-Madison/RA/linien/gateware/build/top.v:10896]
INFO: [Synth 8-155] case statement is not full and has no default [C:/UW-Madison/RA/linien/gateware/build/top.v:10926]
INFO: [Synth 8-155] case statement is not full and has no default [C:/UW-Madison/RA/linien/gateware/build/top.v:11706]
INFO: [Synth 8-6157] synthesizing module 'axi_slave' from library 'work' [C:/UW-Madison/RA/linien/gateware/build/imports/UW-Madison/RA/linien/gateware/verilog/axi_slave.v:52]
	Parameter AXI_DW bound to: 6'b100000 
	Parameter AXI_AW bound to: 6'b100000 
	Parameter AXI_IW bound to: 4'b1100 
INFO: [Synth 8-6155] done synthesizing module 'axi_slave' from library 'work' (0#1) [C:/UW-Madison/RA/linien/gateware/build/imports/UW-Madison/RA/linien/gateware/verilog/axi_slave.v:52]
INFO: [Synth 8-6157] synthesizing module 'system_processing_system7_0_0' from library 'work' [C:/UW-Madison/RA/linien/gateware/build/imports/UW-Madison/RA/linien/gateware/verilog/system_processing_system7_0_0.v:53]
INFO: [Synth 8-6157] synthesizing module 'processing_system7_v5_4_processing_system7' from library 'work' [C:/UW-Madison/RA/linien/gateware/build/imports/UW-Madison/RA/linien/gateware/verilog/processing_system7_v5_4_processing_system7.v:152]
INFO: [Synth 8-6157] synthesizing module 'BUFG' [C:/AMDDesignTools/2025.2/Vivado/scripts/rt/data/unisim_comp.v:2678]
INFO: [Synth 8-6155] done synthesizing module 'BUFG' (0#1) [C:/AMDDesignTools/2025.2/Vivado/scripts/rt/data/unisim_comp.v:2678]
INFO: [Synth 8-6157] synthesizing module 'BIBUF' [C:/AMDDesignTools/2025.2/Vivado/scripts/rt/data/unisim_comp.v:2325]
INFO: [Synth 8-6155] done synthesizing module 'BIBUF' (0#1) [C:/AMDDesignTools/2025.2/Vivado/scripts/rt/data/unisim_comp.v:2325]
INFO: [Synth 8-6157] synthesizing module 'PS7' [C:/AMDDesignTools/2025.2/Vivado/scripts/rt/data/unisim_comp.v:140294]
INFO: [Synth 8-6155] done synthesizing module 'PS7' (0#1) [C:/AMDDesignTools/2025.2/Vivado/scripts/rt/data/unisim_comp.v:140294]
INFO: [Synth 8-6155] done synthesizing module 'processing_system7_v5_4_processing_system7' from library 'work' (0#1) [C:/UW-Madison/RA/linien/gateware/build/imports/UW-Madison/RA/linien/gateware/verilog/processing_system7_v5_4_processing_system7.v:152]
INFO: [Synth 8-7071] port 'M_AXI_GP0_ARESETN' of module 'processing_system7_v5_4_processing_system7' is unconnected for instance 'inst' [C:/UW-Madison/RA/linien/gateware/build/imports/UW-Madison/RA/linien/gateware/verilog/system_processing_system7_0_0.v:365]
INFO: [Synth 8-7071] port 'M_AXI_GP1_ARESETN' of module 'processing_system7_v5_4_processing_system7' is unconnected for instance 'inst' [C:/UW-Madison/RA/linien/gateware/build/imports/UW-Madison/RA/linien/gateware/verilog/system_processing_system7_0_0.v:365]
INFO: [Synth 8-7071] port 'S_AXI_GP0_ARESETN' of module 'processing_system7_v5_4_processing_system7' is unconnected for instance 'inst' [C:/UW-Madison/RA/linien/gateware/build/imports/UW-Madison/RA/linien/gateware/verilog/system_processing_system7_0_0.v:365]
INFO: [Synth 8-7071] port 'S_AXI_GP1_ARESETN' of module 'processing_system7_v5_4_processing_system7' is unconnected for instance 'inst' [C:/UW-Madison/RA/linien/gateware/build/imports/UW-Madison/RA/linien/gateware/verilog/system_processing_system7_0_0.v:365]
INFO: [Synth 8-7071] port 'S_AXI_ACP_ARESETN' of module 'processing_system7_v5_4_processing_system7' is unconnected for instance 'inst' [C:/UW-Madison/RA/linien/gateware/build/imports/UW-Madison/RA/linien/gateware/verilog/system_processing_system7_0_0.v:365]
INFO: [Synth 8-7071] port 'S_AXI_HP0_ARESETN' of module 'processing_system7_v5_4_processing_system7' is unconnected for instance 'inst' [C:/UW-Madison/RA/linien/gateware/build/imports/UW-Madison/RA/linien/gateware/verilog/system_processing_system7_0_0.v:365]
INFO: [Synth 8-7071] port 'S_AXI_HP1_ARESETN' of module 'processing_system7_v5_4_processing_system7' is unconnected for instance 'inst' [C:/UW-Madison/RA/linien/gateware/build/imports/UW-Madison/RA/linien/gateware/verilog/system_processing_system7_0_0.v:365]
INFO: [Synth 8-7071] port 'S_AXI_HP2_ARESETN' of module 'processing_system7_v5_4_processing_system7' is unconnected for instance 'inst' [C:/UW-Madison/RA/linien/gateware/build/imports/UW-Madison/RA/linien/gateware/verilog/system_processing_system7_0_0.v:365]
INFO: [Synth 8-7071] port 'S_AXI_HP3_ARESETN' of module 'processing_system7_v5_4_processing_system7' is unconnected for instance 'inst' [C:/UW-Madison/RA/linien/gateware/build/imports/UW-Madison/RA/linien/gateware/verilog/system_processing_system7_0_0.v:365]
INFO: [Synth 8-7071] port 'DMA0_RSTN' of module 'processing_system7_v5_4_processing_system7' is unconnected for instance 'inst' [C:/UW-Madison/RA/linien/gateware/build/imports/UW-Madison/RA/linien/gateware/verilog/system_processing_system7_0_0.v:365]
INFO: [Synth 8-7071] port 'DMA1_RSTN' of module 'processing_system7_v5_4_processing_system7' is unconnected for instance 'inst' [C:/UW-Madison/RA/linien/gateware/build/imports/UW-Madison/RA/linien/gateware/verilog/system_processing_system7_0_0.v:365]
INFO: [Synth 8-7071] port 'DMA2_RSTN' of module 'processing_system7_v5_4_processing_system7' is unconnected for instance 'inst' [C:/UW-Madison/RA/linien/gateware/build/imports/UW-Madison/RA/linien/gateware/verilog/system_processing_system7_0_0.v:365]
INFO: [Synth 8-7071] port 'DMA3_RSTN' of module 'processing_system7_v5_4_processing_system7' is unconnected for instance 'inst' [C:/UW-Madison/RA/linien/gateware/build/imports/UW-Madison/RA/linien/gateware/verilog/system_processing_system7_0_0.v:365]
INFO: [Synth 8-7023] instance 'inst' of module 'processing_system7_v5_4_processing_system7' has 686 connections declared, but only 673 given [C:/UW-Madison/RA/linien/gateware/build/imports/UW-Madison/RA/linien/gateware/verilog/system_processing_system7_0_0.v:365]
INFO: [Synth 8-6155] done synthesizing module 'system_processing_system7_0_0' from library 'work' (0#1) [C:/UW-Madison/RA/linien/gateware/build/imports/UW-Madison/RA/linien/gateware/verilog/system_processing_system7_0_0.v:53]
WARNING: [Synth 8-7071] port 'SPI0_SCLK_O' of module 'system_processing_system7_0_0' is unconnected for instance 'system_processing_system7_0_0' [C:/UW-Madison/RA/linien/gateware/build/top.v:11782]
WARNING: [Synth 8-7071] port 'SPI0_SCLK_T' of module 'system_processing_system7_0_0' is unconnected for instance 'system_processing_system7_0_0' [C:/UW-Madison/RA/linien/gateware/build/top.v:11782]
WARNING: [Synth 8-7071] port 'SPI0_MOSI_O' of module 'system_processing_system7_0_0' is unconnected for instance 'system_processing_system7_0_0' [C:/UW-Madison/RA/linien/gateware/build/top.v:11782]
WARNING: [Synth 8-7071] port 'SPI0_MOSI_T' of module 'system_processing_system7_0_0' is unconnected for instance 'system_processing_system7_0_0' [C:/UW-Madison/RA/linien/gateware/build/top.v:11782]
WARNING: [Synth 8-7071] port 'SPI0_MISO_O' of module 'system_processing_system7_0_0' is unconnected for instance 'system_processing_system7_0_0' [C:/UW-Madison/RA/linien/gateware/build/top.v:11782]
WARNING: [Synth 8-7071] port 'SPI0_MISO_T' of module 'system_processing_system7_0_0' is unconnected for instance 'system_processing_system7_0_0' [C:/UW-Madison/RA/linien/gateware/build/top.v:11782]
WARNING: [Synth 8-7071] port 'SPI0_SS_O' of module 'system_processing_system7_0_0' is unconnected for instance 'system_processing_system7_0_0' [C:/UW-Madison/RA/linien/gateware/build/top.v:11782]
WARNING: [Synth 8-7071] port 'SPI0_SS1_O' of module 'system_processing_system7_0_0' is unconnected for instance 'system_processing_system7_0_0' [C:/UW-Madison/RA/linien/gateware/build/top.v:11782]
WARNING: [Synth 8-7071] port 'SPI0_SS2_O' of module 'system_processing_system7_0_0' is unconnected for instance 'system_processing_system7_0_0' [C:/UW-Madison/RA/linien/gateware/build/top.v:11782]
WARNING: [Synth 8-7071] port 'SPI0_SS_T' of module 'system_processing_system7_0_0' is unconnected for instance 'system_processing_system7_0_0' [C:/UW-Madison/RA/linien/gateware/build/top.v:11782]
WARNING: [Synth 8-7071] port 'TTC0_WAVE0_OUT' of module 'system_processing_system7_0_0' is unconnected for instance 'system_processing_system7_0_0' [C:/UW-Madison/RA/linien/gateware/build/top.v:11782]
WARNING: [Synth 8-7071] port 'TTC0_WAVE1_OUT' of module 'system_processing_system7_0_0' is unconnected for instance 'system_processing_system7_0_0' [C:/UW-Madison/RA/linien/gateware/build/top.v:11782]
WARNING: [Synth 8-7071] port 'TTC0_WAVE2_OUT' of module 'system_processing_system7_0_0' is unconnected for instance 'system_processing_system7_0_0' [C:/UW-Madison/RA/linien/gateware/build/top.v:11782]
WARNING: [Synth 8-7071] port 'USB0_PORT_INDCTL' of module 'system_processing_system7_0_0' is unconnected for instance 'system_processing_system7_0_0' [C:/UW-Madison/RA/linien/gateware/build/top.v:11782]
WARNING: [Synth 8-7071] port 'USB0_VBUS_PWRSELECT' of module 'system_processing_system7_0_0' is unconnected for instance 'system_processing_system7_0_0' [C:/UW-Madison/RA/linien/gateware/build/top.v:11782]
WARNING: [Synth 8-7023] instance 'system_processing_system7_0_0' of module 'system_processing_system7_0_0' has 88 connections declared, but only 73 given [C:/UW-Madison/RA/linien/gateware/build/top.v:11782]
INFO: [Synth 8-6157] synthesizing module 'IBUFGDS' [C:/AMDDesignTools/2025.2/Vivado/scripts/rt/data/unisim_comp.v:83467]
INFO: [Synth 8-6155] done synthesizing module 'IBUFGDS' (0#1) [C:/AMDDesignTools/2025.2/Vivado/scripts/rt/data/unisim_comp.v:83467]
INFO: [Synth 8-6157] synthesizing module 'PLLE2_BASE' [C:/AMDDesignTools/2025.2/Vivado/scripts/rt/data/unisim_comp.v:133986]
	Parameter BANDWIDTH bound to: OPTIMIZED - type: string 
	Parameter CLKFBOUT_MULT bound to: 8 - type: integer 
	Parameter CLKFBOUT_PHASE bound to: 0.000000e+00 - type: double 
	Parameter CLKIN1_PERIOD bound to: 8.000000e+00 - type: double 
	Parameter CLKOUT0_DIVIDE bound to: 2 - type: integer 
	Parameter CLKOUT0_DUTY_CYCLE bound to: 5.000000e-01 - type: double 
	Parameter CLKOUT0_PHASE bound to: 0.000000e+00 - type: double 
	Parameter CLKOUT1_DIVIDE bound to: 4 - type: integer 
	Parameter CLKOUT1_DUTY_CYCLE bound to: 5.000000e-01 - type: double 
	Parameter CLKOUT1_PHASE bound to: 0.000000e+00 - type: double 
	Parameter CLKOUT2_DIVIDE bound to: 8 - type: integer 
	Parameter CLKOUT2_DUTY_CYCLE bound to: 5.000000e-01 - type: double 
	Parameter CLKOUT2_PHASE bound to: 0.000000e+00 - type: double 
	Parameter CLKOUT3_DIVIDE bound to: 120 - type: integer 
	Parameter CLKOUT3_DUTY_CYCLE bound to: 5.000000e-01 - type: double 
	Parameter CLKOUT3_PHASE bound to: 0.000000e+00 - type: double 
	Parameter CLKOUT4_DIVIDE bound to: 4 - type: integer 
	Parameter CLKOUT4_DUTY_CYCLE bound to: 5.000000e-01 - type: double 
	Parameter CLKOUT4_PHASE bound to: 0.000000e+00 - type: double 
	Parameter CLKOUT5_DIVIDE bound to: 4 - type: integer 
	Parameter CLKOUT5_DUTY_CYCLE bound to: 5.000000e-01 - type: double 
	Parameter CLKOUT5_PHASE bound to: 0.000000e+00 - type: double 
	Parameter DIVCLK_DIVIDE bound to: 1 - type: integer 
	Parameter REF_JITTER1 bound to: 1.000000e-02 - type: double 
	Parameter STARTUP_WAIT bound to: FALSE - type: string 
INFO: [Synth 8-6155] done synthesizing module 'PLLE2_BASE' (0#1) [C:/AMDDesignTools/2025.2/Vivado/scripts/rt/data/unisim_comp.v:133986]
INFO: [Synth 8-6157] synthesizing module 'FD' [C:/AMDDesignTools/2025.2/Vivado/scripts/rt/data/unisim_comp.v:49155]
	Parameter INIT bound to: 1'b1 
INFO: [Synth 8-6155] done synthesizing module 'FD' (0#1) [C:/AMDDesignTools/2025.2/Vivado/scripts/rt/data/unisim_comp.v:49155]
INFO: [Synth 8-6157] synthesizing module 'sequence_top' from library 'work' [C:/UW-Madison/RA/linien/gateware/build/imports/UW-Madison/RA/linien/src/sequence_top.sv:3]
	Parameter MAX_BLOCKS bound to: 16 - type: integer 
	Parameter DATA_WIDTH bound to: 32 - type: integer 
	Parameter V_DATA_WIDTH bound to: 14 - type: integer 
	Parameter NUM_BLOCK_TYPES bound to: 6 - type: integer 
	Parameter FSM_REGFILE_ADDR_WIDTH bound to: 9 - type: integer 
	Parameter AWG_REGFILE_ADDR_WIDTH bound to: 10 - type: integer 
INFO: [Synth 8-6157] synthesizing module 'bram' from library 'work' [C:/UW-Madison/RA/linien/gateware/build/imports/UW-Madison/RA/linien/src/bram.sv:28]
	Parameter ADDR_WIDTH bound to: 9 - type: integer 
	Parameter DATA_WIDTH bound to: 32 - type: integer 
INFO: [Synth 8-6155] done synthesizing module 'bram' from library 'work' (0#1) [C:/UW-Madison/RA/linien/gateware/build/imports/UW-Madison/RA/linien/src/bram.sv:28]
INFO: [Synth 8-6157] synthesizing module 'bram__parameterized0' from library 'work' [C:/UW-Madison/RA/linien/gateware/build/imports/UW-Madison/RA/linien/src/bram.sv:28]
	Parameter ADDR_WIDTH bound to: 10 - type: integer 
	Parameter DATA_WIDTH bound to: 14 - type: integer 
INFO: [Synth 8-6155] done synthesizing module 'bram__parameterized0' from library 'work' (0#1) [C:/UW-Madison/RA/linien/gateware/build/imports/UW-Madison/RA/linien/src/bram.sv:28]
INFO: [Synth 8-6157] synthesizing module 'control' from library 'work' [C:/UW-Madison/RA/linien/gateware/build/imports/UW-Madison/RA/linien/src/control.sv:30]
	Parameter MAX_BLOCKS bound to: 16 - type: integer 
	Parameter DATA_WIDTH bound to: 32 - type: integer 
INFO: [Synth 8-155] case statement is not full and has no default [C:/UW-Madison/RA/linien/gateware/build/imports/UW-Madison/RA/linien/src/control.sv:234]
INFO: [Synth 8-6155] done synthesizing module 'control' from library 'work' (0#1) [C:/UW-Madison/RA/linien/gateware/build/imports/UW-Madison/RA/linien/src/control.sv:30]
INFO: [Synth 8-6157] synthesizing module 'delay' from library 'work' [C:/UW-Madison/RA/linien/gateware/build/imports/UW-Madison/RA/linien/src/delay.sv:2]
	Parameter DATA_WIDTH bound to: 32 - type: integer 
INFO: [Synth 8-6155] done synthesizing module 'delay' from library 'work' (0#1) [C:/UW-Madison/RA/linien/gateware/build/imports/UW-Madison/RA/linien/src/delay.sv:2]
INFO: [Synth 8-6157] synthesizing module 'linear_ramp' from library 'work' [C:/UW-Madison/RA/linien/gateware/build/imports/UW-Madison/RA/linien/src/linear_ramp.sv:2]
	Parameter DATA_WIDTH bound to: 32 - type: integer 
INFO: [Synth 8-155] case statement is not full and has no default [C:/UW-Madison/RA/linien/gateware/build/imports/UW-Madison/RA/linien/src/linear_ramp.sv:27]
INFO: [Synth 8-6155] done synthesizing module 'linear_ramp' from library 'work' (0#1) [C:/UW-Madison/RA/linien/gateware/build/imports/UW-Madison/RA/linien/src/linear_ramp.sv:2]
INFO: [Synth 8-6157] synthesizing module 'direct_jump' from library 'work' [C:/UW-Madison/RA/linien/gateware/build/imports/UW-Madison/RA/linien/src/direct_jump.sv:3]
	Parameter DATA_WIDTH bound to: 32 - type: integer 
INFO: [Synth 8-6155] done synthesizing module 'direct_jump' from library 'work' (0#1) [C:/UW-Madison/RA/linien/gateware/build/imports/UW-Madison/RA/linien/src/direct_jump.sv:3]
INFO: [Synth 8-6157] synthesizing module 'chirp_gen' from library 'work' [C:/UW-Madison/RA/linien/gateware/build/imports/UW-Madison/RA/linien/src/chirp_gen.sv:7]
INFO: [Synth 8-6155] done synthesizing module 'chirp_gen' from library 'work' (0#1) [C:/UW-Madison/RA/linien/gateware/build/imports/UW-Madison/RA/linien/src/chirp_gen.sv:7]
INFO: [Synth 8-6157] synthesizing module 'sinusoid' from library 'work' [C:/UW-Madison/RA/linien/gateware/build/imports/UW-Madison/RA/linien/src/sinusoid.sv:14]
	Parameter DATA_WIDTH bound to: 32 - type: integer 
INFO: [Synth 8-155] case statement is not full and has no default [C:/UW-Madison/RA/linien/gateware/build/imports/UW-Madison/RA/linien/src/sinusoid.sv:54]
INFO: [Synth 8-6157] synthesizing module 'ROM' from library 'work' [C:/UW-Madison/RA/linien/gateware/build/imports/UW-Madison/RA/linien/src/ROM.sv:2]
	Parameter FILE bound to: sin_lut.mem - type: string 
	Parameter DATA_WIDTH bound to: 32'sb00000000000000000000000000001110 
	Parameter ADDR_WIDTH bound to: 32'sb00000000000000000000000000001001 
INFO: [Synth 8-3876] $readmem data file 'sin_lut.mem' is read successfully [C:/UW-Madison/RA/linien/gateware/build/imports/UW-Madison/RA/linien/src/ROM.sv:16]
INFO: [Synth 8-6155] done synthesizing module 'ROM' from library 'work' (0#1) [C:/UW-Madison/RA/linien/gateware/build/imports/UW-Madison/RA/linien/src/ROM.sv:2]
INFO: [Synth 8-6155] done synthesizing module 'sinusoid' from library 'work' (0#1) [C:/UW-Madison/RA/linien/gateware/build/imports/UW-Madison/RA/linien/src/sinusoid.sv:14]
INFO: [Synth 8-6157] synthesizing module 'arb_wave' from library 'work' [C:/UW-Madison/RA/linien/gateware/build/imports/UW-Madison/RA/linien/src/arb_wave.sv:4]
INFO: [Synth 8-155] case statement is not full and has no default [C:/UW-Madison/RA/linien/gateware/build/imports/UW-Madison/RA/linien/src/arb_wave.sv:26]
INFO: [Synth 8-6155] done synthesizing module 'arb_wave' from library 'work' (0#1) [C:/UW-Madison/RA/linien/gateware/build/imports/UW-Madison/RA/linien/src/arb_wave.sv:4]
INFO: [Synth 8-6155] done synthesizing module 'sequence_top' from library 'work' (0#1) [C:/UW-Madison/RA/linien/gateware/build/imports/UW-Madison/RA/linien/src/sequence_top.sv:3]
INFO: [Synth 8-6157] synthesizing module 'ODDR' [C:/AMDDesignTools/2025.2/Vivado/scripts/rt/data/unisim_comp.v:117225]
INFO: [Synth 8-6155] done synthesizing module 'ODDR' (0#1) [C:/AMDDesignTools/2025.2/Vivado/scripts/rt/data/unisim_comp.v:117225]
INFO: [Synth 8-6157] synthesizing module 'XADC' [C:/AMDDesignTools/2025.2/Vivado/scripts/rt/data/unisim_comp.v:171125]
	Parameter INIT_40 bound to: 16'b0000000000000000 
	Parameter INIT_41 bound to: 16'b0010111100001111 
	Parameter INIT_42 bound to: 16'b0000010000000000 
	Parameter INIT_48 bound to: 16'b0000100100000000 
	Parameter INIT_49 bound to: 16'b0000001100000011 
	Parameter INIT_4A bound to: 16'b0100011111100000 
	Parameter INIT_4B bound to: 16'b0000000000000000 
	Parameter INIT_4C bound to: 16'b0000100000000000 
	Parameter INIT_4D bound to: 16'b0000001100000011 
	Parameter INIT_4E bound to: 16'b0000000000000000 
	Parameter INIT_4F bound to: 16'b0000000000000000 
	Parameter INIT_50 bound to: 16'b1011010111101101 
	Parameter INIT_51 bound to: 16'b0101011111100100 
	Parameter INIT_52 bound to: 16'b1010000101000111 
	Parameter INIT_53 bound to: 16'b1100101000110011 
	Parameter INIT_54 bound to: 16'b1010100100111010 
	Parameter INIT_55 bound to: 16'b0101001011000110 
	Parameter INIT_56 bound to: 16'b1001010101010101 
	Parameter INIT_57 bound to: 16'b1010111001001110 
	Parameter INIT_58 bound to: 16'b0101100110011001 
	Parameter INIT_59 bound to: 16'b0101010101010101 
	Parameter INIT_5A bound to: 16'b1001100110011001 
	Parameter INIT_5B bound to: 16'b0110101010101010 
	Parameter INIT_5C bound to: 16'b0101000100010001 
	Parameter INIT_5D bound to: 16'b0101000100010001 
	Parameter INIT_5E bound to: 16'b1001000111101011 
	Parameter INIT_5F bound to: 16'b0110011001100110 
INFO: [Synth 8-6155] done synthesizing module 'XADC' (0#1) [C:/AMDDesignTools/2025.2/Vivado/scripts/rt/data/unisim_comp.v:171125]
WARNING: [Synth 8-689] width (7) of port connection 'CHANNEL' does not match port width (5) of module 'XADC' [C:/UW-Madison/RA/linien/gateware/build/top.v:12186]
WARNING: [Synth 8-7071] port 'JTAGBUSY' of module 'XADC' is unconnected for instance 'XADC' [C:/UW-Madison/RA/linien/gateware/build/top.v:12171]
WARNING: [Synth 8-7071] port 'JTAGLOCKED' of module 'XADC' is unconnected for instance 'XADC' [C:/UW-Madison/RA/linien/gateware/build/top.v:12171]
WARNING: [Synth 8-7071] port 'JTAGMODIFIED' of module 'XADC' is unconnected for instance 'XADC' [C:/UW-Madison/RA/linien/gateware/build/top.v:12171]
WARNING: [Synth 8-7071] port 'MUXADDR' of module 'XADC' is unconnected for instance 'XADC' [C:/UW-Madison/RA/linien/gateware/build/top.v:12171]
WARNING: [Synth 8-7023] instance 'XADC' of module 'XADC' has 24 connections declared, but only 20 given [C:/UW-Madison/RA/linien/gateware/build/top.v:12171]
INFO: [Synth 8-6157] synthesizing module 'DNA_PORT' [C:/AMDDesignTools/2025.2/Vivado/scripts/rt/data/unisim_comp.v:47654]
INFO: [Synth 8-6155] done synthesizing module 'DNA_PORT' (0#1) [C:/AMDDesignTools/2025.2/Vivado/scripts/rt/data/unisim_comp.v:47654]
INFO: [Synth 8-6157] synthesizing module 'red_pitaya_scope' from library 'work' [C:/UW-Madison/RA/linien/gateware/build/imports/UW-Madison/RA/linien/gateware/verilog/red_pitaya_scope.v:54]
WARNING: [Synth 8-693] zero replication count - replication ignored [C:/UW-Madison/RA/linien/gateware/build/imports/UW-Madison/RA/linien/gateware/verilog/red_pitaya_scope.v:606]
INFO: [Synth 8-6157] synthesizing module 'bus_clk_bridge' from library 'work' [C:/UW-Madison/RA/linien/gateware/build/imports/UW-Madison/RA/linien/gateware/verilog/bus_clk_bridge.v:38]
INFO: [Synth 8-6155] done synthesizing module 'bus_clk_bridge' from library 'work' (0#1) [C:/UW-Madison/RA/linien/gateware/build/imports/UW-Madison/RA/linien/gateware/verilog/bus_clk_bridge.v:38]
INFO: [Synth 8-6155] done synthesizing module 'red_pitaya_scope' from library 'work' (0#1) [C:/UW-Madison/RA/linien/gateware/build/imports/UW-Madison/RA/linien/gateware/verilog/red_pitaya_scope.v:54]
WARNING: [Synth 8-689] width (25) of port connection 'adc_a_i' does not match port width (14) of module 'red_pitaya_scope' [C:/UW-Madison/RA/linien/gateware/build/top.v:12251]
WARNING: [Synth 8-689] width (25) of port connection 'adc_a_q_i' does not match port width (14) of module 'red_pitaya_scope' [C:/UW-Madison/RA/linien/gateware/build/top.v:12252]
WARNING: [Synth 8-689] width (25) of port connection 'adc_b_i' does not match port width (14) of module 'red_pitaya_scope' [C:/UW-Madison/RA/linien/gateware/build/top.v:12253]
WARNING: [Synth 8-689] width (25) of port connection 'adc_b_q_i' does not match port width (14) of module 'red_pitaya_scope' [C:/UW-Madison/RA/linien/gateware/build/top.v:12254]
INFO: [Synth 8-6157] synthesizing module 'temp_pwm' from library 'work' [C:/UW-Madison/RA/linien/gateware/build/imports/UW-Madison/RA/linien/src/temp_pwm.sv:15]
INFO: [Synth 8-6155] done synthesizing module 'temp_pwm' from library 'work' (0#1) [C:/UW-Madison/RA/linien/gateware/build/imports/UW-Madison/RA/linien/src/temp_pwm.sv:15]
INFO: [Synth 8-6157] synthesizing module 'temp_sampler' from library 'work' [C:/UW-Madison/RA/linien/gateware/build/imports/UW-Madison/RA/linien/src/temp_sampler.sv:33]
	Parameter DELAY_CLKS bound to: 250000 - type: integer 
	Parameter WINDOW_LOG2 bound to: 16 - type: integer 
	Parameter FRAC_BITS bound to: 4 - type: integer 
INFO: [Synth 8-226] default block is never used [C:/UW-Madison/RA/linien/gateware/build/imports/UW-Madison/RA/linien/src/temp_sampler.sv:72]
INFO: [Synth 8-6155] done synthesizing module 'temp_sampler' from library 'work' (0#1) [C:/UW-Madison/RA/linien/gateware/build/imports/UW-Madison/RA/linien/src/temp_sampler.sv:33]
INFO: [Synth 8-6155] done synthesizing module 'top' from library 'work' (0#1) [C:/UW-Madison/RA/linien/gateware/build/top.v:2]
WARNING: [Synth 8-6014] Unused sequential element wr_wid_reg was removed.  [C:/UW-Madison/RA/linien/gateware/build/imports/UW-Madison/RA/linien/gateware/verilog/axi_slave.v:177]
WARNING: [Synth 8-6014] Unused sequential element axi_rvalid_o_reg was removed.  [C:/UW-Madison/RA/linien/gateware/build/imports/UW-Madison/RA/linien/gateware/verilog/axi_slave.v:202]
WARNING: [Synth 8-3848] Net ENET0_GMII_TX_EN in module/entity processing_system7_v5_4_processing_system7 does not have driver. [C:/UW-Madison/RA/linien/gateware/build/imports/UW-Madison/RA/linien/gateware/verilog/processing_system7_v5_4_processing_system7.v:212]
WARNING: [Synth 8-3848] Net ENET0_GMII_TX_ER in module/entity processing_system7_v5_4_processing_system7 does not have driver. [C:/UW-Madison/RA/linien/gateware/build/imports/UW-Madison/RA/linien/gateware/verilog/processing_system7_v5_4_processing_system7.v:213]
WARNING: [Synth 8-3848] Net ENET0_GMII_TXD in module/entity processing_system7_v5_4_processing_system7 does not have driver. [C:/UW-Madison/RA/linien/gateware/build/imports/UW-Madison/RA/linien/gateware/verilog/processing_system7_v5_4_processing_system7.v:229]
WARNING: [Synth 8-3848] Net ENET1_GMII_TX_EN in module/entity processing_system7_v5_4_processing_system7 does not have driver. [C:/UW-Madison/RA/linien/gateware/build/imports/UW-Madison/RA/linien/gateware/verilog/processing_system7_v5_4_processing_system7.v:243]
WARNING: [Synth 8-3848] Net ENET1_GMII_TX_ER in module/entity processing_system7_v5_4_processing_system7 does not have driver. [C:/UW-Madison/RA/linien/gateware/build/imports/UW-Madison/RA/linien/gateware/verilog/processing_system7_v5_4_processing_system7.v:244]
WARNING: [Synth 8-3848] Net ENET1_GMII_TXD in module/entity processing_system7_v5_4_processing_system7 does not have driver. [C:/UW-Madison/RA/linien/gateware/build/imports/UW-Madison/RA/linien/gateware/verilog/processing_system7_v5_4_processing_system7.v:258]
WARNING: [Synth 8-3848] Net TRACE_CTL_PIPE[0] in module/entity processing_system7_v5_4_processing_system7 does not have driver. [C:/UW-Madison/RA/linien/gateware/build/imports/UW-Madison/RA/linien/gateware/verilog/processing_system7_v5_4_processing_system7.v:1300]
WARNING: [Synth 8-3848] Net TRACE_DATA_PIPE[0] in module/entity processing_system7_v5_4_processing_system7 does not have driver. [C:/UW-Madison/RA/linien/gateware/build/imports/UW-Madison/RA/linien/gateware/verilog/processing_system7_v5_4_processing_system7.v:1301]
WARNING: [Synth 8-3848] Net TRACE_CLK_OUT in module/entity processing_system7_v5_4_processing_system7 does not have driver. [C:/UW-Madison/RA/linien/gateware/build/imports/UW-Madison/RA/linien/gateware/verilog/processing_system7_v5_4_processing_system7.v:405]
WARNING: [Synth 8-3848] Net ENET0_GMII_COL_i in module/entity processing_system7_v5_4_processing_system7 does not have driver. [C:/UW-Madison/RA/linien/gateware/build/imports/UW-Madison/RA/linien/gateware/verilog/processing_system7_v5_4_processing_system7.v:1048]
WARNING: [Synth 8-3848] Net ENET0_GMII_CRS_i in module/entity processing_system7_v5_4_processing_system7 does not have driver. [C:/UW-Madison/RA/linien/gateware/build/imports/UW-Madison/RA/linien/gateware/verilog/processing_system7_v5_4_processing_system7.v:1049]
WARNING: [Synth 8-3848] Net ENET0_GMII_RXD_i in module/entity processing_system7_v5_4_processing_system7 does not have driver. [C:/UW-Madison/RA/linien/gateware/build/imports/UW-Madison/RA/linien/gateware/verilog/processing_system7_v5_4_processing_system7.v:1052]
WARNING: [Synth 8-3848] Net ENET0_GMII_RX_DV_i in module/entity processing_system7_v5_4_processing_system7 does not have driver. [C:/UW-Madison/RA/linien/gateware/build/imports/UW-Madison/RA/linien/gateware/verilog/processing_system7_v5_4_processing_system7.v:1050]
WARNING: [Synth 8-3848] Net ENET0_GMII_RX_ER_i in module/entity processing_system7_v5_4_processing_system7 does not have driver. [C:/UW-Madison/RA/linien/gateware/build/imports/UW-Madison/RA/linien/gateware/verilog/processing_system7_v5_4_processing_system7.v:1051]
WARNING: [Synth 8-3848] Net ENET1_GMII_COL_i in module/entity processing_system7_v5_4_processing_system7 does not have driver. [C:/UW-Madison/RA/linien/gateware/build/imports/UW-Madison/RA/linien/gateware/verilog/processing_system7_v5_4_processing_system7.v:1057]
WARNING: [Synth 8-3848] Net ENET1_GMII_CRS_i in module/entity processing_system7_v5_4_processing_system7 does not have driver. [C:/UW-Madison/RA/linien/gateware/build/imports/UW-Madison/RA/linien/gateware/verilog/processing_system7_v5_4_processing_system7.v:1058]
WARNING: [Synth 8-3848] Net ENET1_GMII_RXD_i in module/entity processing_system7_v5_4_processing_system7 does not have driver. [C:/UW-Madison/RA/linien/gateware/build/imports/UW-Madison/RA/linien/gateware/verilog/processing_system7_v5_4_processing_system7.v:1061]
WARNING: [Synth 8-3848] Net ENET1_GMII_RX_DV_i in module/entity processing_system7_v5_4_processing_system7 does not have driver. [C:/UW-Madison/RA/linien/gateware/build/imports/UW-Madison/RA/linien/gateware/verilog/processing_system7_v5_4_processing_system7.v:1059]
WARNING: [Synth 8-3848] Net ENET1_GMII_RX_ER_i in module/entity processing_system7_v5_4_processing_system7 does not have driver. [C:/UW-Madison/RA/linien/gateware/build/imports/UW-Madison/RA/linien/gateware/verilog/processing_system7_v5_4_processing_system7.v:1060]
WARNING: [Synth 8-3848] Net FTMD_TRACEIN_ATID_i in module/entity processing_system7_v5_4_processing_system7 does not have driver. [C:/UW-Madison/RA/linien/gateware/build/imports/UW-Madison/RA/linien/gateware/verilog/processing_system7_v5_4_processing_system7.v:1070]
WARNING: [Synth 8-3848] Net FTMD_TRACEIN_DATA_i in module/entity processing_system7_v5_4_processing_system7 does not have driver. [C:/UW-Madison/RA/linien/gateware/build/imports/UW-Madison/RA/linien/gateware/verilog/processing_system7_v5_4_processing_system7.v:1068]
WARNING: [Synth 8-3848] Net FTMD_TRACEIN_VALID_i in module/entity processing_system7_v5_4_processing_system7 does not have driver. [C:/UW-Madison/RA/linien/gateware/build/imports/UW-Madison/RA/linien/gateware/verilog/processing_system7_v5_4_processing_system7.v:1069]
WARNING: [Synth 8-6014] Unused sequential element b_reg was removed.  [C:/UW-Madison/RA/linien/gateware/build/imports/UW-Madison/RA/linien/src/chirp_gen.sv:28]
WARNING: [Synth 8-6014] Unused sequential element active_ff_reg was removed.  [C:/UW-Madison/RA/linien/gateware/build/imports/UW-Madison/RA/linien/src/sinusoid.sv:105]
WARNING: [Synth 8-3848] Net block_drive[4] in module/entity sequence_top does not have driver. [C:/UW-Madison/RA/linien/gateware/build/imports/UW-Madison/RA/linien/src/sequence_top.sv:74]
WARNING: [Synth 8-6014] Unused sequential element adc_b_raddr_reg was removed.  [C:/UW-Madison/RA/linien/gateware/build/imports/UW-Madison/RA/linien/gateware/verilog/red_pitaya_scope.v:321]
WARNING: [Synth 8-6014] Unused sequential element adc_a_q_raddr_reg was removed.  [C:/UW-Madison/RA/linien/gateware/build/imports/UW-Madison/RA/linien/gateware/verilog/red_pitaya_scope.v:322]
WARNING: [Synth 8-6014] Unused sequential element adc_b_q_raddr_reg was removed.  [C:/UW-Madison/RA/linien/gateware/build/imports/UW-Madison/RA/linien/gateware/verilog/red_pitaya_scope.v:323]
WARNING: [Synth 8-6014] Unused sequential element linienmodule_slowchain_limitcsr_error_reg was removed.  [C:/UW-Madison/RA/linien/gateware/build/top.v:7136]
WARNING: [Synth 8-6014] Unused sequential element linienmodule_mod_cordic_y15_reg was removed.  [C:/UW-Madison/RA/linien/gateware/build/top.v:3561]
WARNING: [Synth 8-6014] Unused sequential element linienmodule_mod_cordic_z15_reg was removed.  [C:/UW-Madison/RA/linien/gateware/build/top.v:3562]
WARNING: [Synth 8-6014] Unused sequential element linienmodule_limit_error_signal_limitcsr_error_reg was removed.  [C:/UW-Madison/RA/linien/gateware/build/top.v:7254]
WARNING: [Synth 8-6014] Unused sequential element linienmodule_limit_fast1_limitcsr_error_reg was removed.  [C:/UW-Madison/RA/linien/gateware/build/top.v:7258]
WARNING: [Synth 8-6014] Unused sequential element linienmodule_limit_fast2_limitcsr_error_reg was removed.  [C:/UW-Madison/RA/linien/gateware/build/top.v:7262]
WARNING: [Synth 8-6014] Unused sequential element linienmodule_raw_acquisition_iir_error_reg was removed.  [C:/UW-Madison/RA/linien/gateware/build/top.v:7326]
WARNING: [Synth 8-6014] Unused sequential element linienmodule_fast_a_z15_reg was removed.  [C:/UW-Madison/RA/linien/gateware/build/top.v:3985]
WARNING: [Synth 8-6014] Unused sequential element linienmodule_fast_a_limitcsr0_limitcsr0_error0_reg was removed.  [C:/UW-Madison/RA/linien/gateware/build/top.v:7460]
WARNING: [Synth 8-6014] Unused sequential element linienmodule_fast_a_iir0_error0_reg was removed.  [C:/UW-Madison/RA/linien/gateware/build/top.v:7465]
WARNING: [Synth 8-6014] Unused sequential element linienmodule_fast_a_iir0_error1_reg was removed.  [C:/UW-Madison/RA/linien/gateware/build/top.v:7483]
WARNING: [Synth 8-6014] Unused sequential element linienmodule_fast_a_limitcsr0_limitcsr0_error1_reg was removed.  [C:/UW-Madison/RA/linien/gateware/build/top.v:7500]
WARNING: [Synth 8-6014] Unused sequential element linienmodule_fast_a_limitcsr1_limitcsr1_error0_reg was removed.  [C:/UW-Madison/RA/linien/gateware/build/top.v:7504]
WARNING: [Synth 8-6014] Unused sequential element linienmodule_fast_a_iir1_error0_reg was removed.  [C:/UW-Madison/RA/linien/gateware/build/top.v:7509]
WARNING: [Synth 8-6014] Unused sequential element linienmodule_fast_a_iir1_error1_reg was removed.  [C:/UW-Madison/RA/linien/gateware/build/top.v:7527]
WARNING: [Synth 8-6014] Unused sequential element linienmodule_fast_a_limitcsr1_limitcsr1_error1_reg was removed.  [C:/UW-Madison/RA/linien/gateware/build/top.v:7544]
WARNING: [Synth 8-6014] Unused sequential element linienmodule_fast_b_z15_reg was removed.  [C:/UW-Madison/RA/linien/gateware/build/top.v:4234]
WARNING: [Synth 8-6014] Unused sequential element linienmodule_fast_b_limitcsr0_limitcsr0_error0_reg was removed.  [C:/UW-Madison/RA/linien/gateware/build/top.v:7614]
WARNING: [Synth 8-6014] Unused sequential element linienmodule_fast_b_iir0_error0_reg was removed.  [C:/UW-Madison/RA/linien/gateware/build/top.v:7619]
WARNING: [Synth 8-6014] Unused sequential element linienmodule_fast_b_iir0_error1_reg was removed.  [C:/UW-Madison/RA/linien/gateware/build/top.v:7637]
WARNING: [Synth 8-6014] Unused sequential element linienmodule_fast_b_limitcsr0_limitcsr0_error1_reg was removed.  [C:/UW-Madison/RA/linien/gateware/build/top.v:7654]
WARNING: [Synth 8-6014] Unused sequential element linienmodule_fast_b_limitcsr1_limitcsr1_error0_reg was removed.  [C:/UW-Madison/RA/linien/gateware/build/top.v:7658]
WARNING: [Synth 8-6014] Unused sequential element linienmodule_fast_b_iir1_error0_reg was removed.  [C:/UW-Madison/RA/linien/gateware/build/top.v:7663]
WARNING: [Synth 8-6014] Unused sequential element linienmodule_fast_b_iir1_error1_reg was removed.  [C:/UW-Madison/RA/linien/gateware/build/top.v:7681]
WARNING: [Synth 8-6014] Unused sequential element linienmodule_fast_b_limitcsr1_limitcsr1_error1_reg was removed.  [C:/UW-Madison/RA/linien/gateware/build/top.v:7698]
WARNING: [Synth 8-6014] Unused sequential element linienmodule_fast_a_y_tap_re_reg was removed.  [C:/UW-Madison/RA/linien/gateware/build/top.v:8201]
WARNING: [Synth 8-6014] Unused sequential element linienmodule_fast_a_invert_re_reg was removed.  [C:/UW-Madison/RA/linien/gateware/build/top.v:8205]
WARNING: [Synth 8-6014] Unused sequential element linienmodule_fast_a_delay_re_reg was removed.  [C:/UW-Madison/RA/linien/gateware/build/top.v:8218]
WARNING: [Synth 8-6014] Unused sequential element linienmodule_fast_a_multiplier_re_reg was removed.  [C:/UW-Madison/RA/linien/gateware/build/top.v:8222]
WARNING: [Synth 8-6014] Unused sequential element linienmodule_fast_a_limitcsr0_min_re0_reg was removed.  [C:/UW-Madison/RA/linien/gateware/build/top.v:8235]
WARNING: [Synth 8-6014] Unused sequential element linienmodule_fast_a_limitcsr0_max_re0_reg was removed.  [C:/UW-Madison/RA/linien/gateware/build/top.v:8248]
WARNING: [Synth 8-6014] Unused sequential element linienmodule_fast_a_iir0_re0_reg was removed.  [C:/UW-Madison/RA/linien/gateware/build/top.v:8261]
WARNING: [Synth 8-6014] Unused sequential element linienmodule_fast_a_iir0_csrstorage0_re0_reg was removed.  [C:/UW-Madison/RA/linien/gateware/build/top.v:8274]
WARNING: [Synth 8-6014] Unused sequential element linienmodule_fast_a_iir0_csrstorage1_re0_reg was removed.  [C:/UW-Madison/RA/linien/gateware/build/top.v:8287]
WARNING: [Synth 8-6014] Unused sequential element linienmodule_fast_a_iir0_csrstorage2_re0_reg was removed.  [C:/UW-Madison/RA/linien/gateware/build/top.v:8300]
WARNING: [Synth 8-6014] Unused sequential element linienmodule_fast_a_iir0_re1_reg was removed.  [C:/UW-Madison/RA/linien/gateware/build/top.v:8313]
WARNING: [Synth 8-6014] Unused sequential element linienmodule_fast_a_iir0_csrstorage0_re1_reg was removed.  [C:/UW-Madison/RA/linien/gateware/build/top.v:8326]
WARNING: [Synth 8-6014] Unused sequential element linienmodule_fast_a_iir0_csrstorage1_re1_reg was removed.  [C:/UW-Madison/RA/linien/gateware/build/top.v:8339]
WARNING: [Synth 8-6014] Unused sequential element linienmodule_fast_a_iir0_csrstorage2_re1_reg was removed.  [C:/UW-Madison/RA/linien/gateware/build/top.v:8352]
WARNING: [Synth 8-6014] Unused sequential element linienmodule_fast_a_iir0_csrstorage3_re_reg was removed.  [C:/UW-Madison/RA/linien/gateware/build/top.v:8365]
WARNING: [Synth 8-6014] Unused sequential element linienmodule_fast_a_iir0_csrstorage4_re_reg was removed.  [C:/UW-Madison/RA/linien/gateware/build/top.v:8378]
WARNING: [Synth 8-6014] Unused sequential element linienmodule_fast_a_limitcsr0_min_re1_reg was removed.  [C:/UW-Madison/RA/linien/gateware/build/top.v:8391]
WARNING: [Synth 8-6014] Unused sequential element linienmodule_fast_a_limitcsr0_max_re1_reg was removed.  [C:/UW-Madison/RA/linien/gateware/build/top.v:8404]
WARNING: [Synth 8-6014] Unused sequential element linienmodule_fast_a_limitcsr1_min_re0_reg was removed.  [C:/UW-Madison/RA/linien/gateware/build/top.v:8417]
WARNING: [Synth 8-6014] Unused sequential element linienmodule_fast_a_limitcsr1_max_re0_reg was removed.  [C:/UW-Madison/RA/linien/gateware/build/top.v:8430]
WARNING: [Synth 8-6014] Unused sequential element linienmodule_fast_a_iir1_re0_reg was removed.  [C:/UW-Madison/RA/linien/gateware/build/top.v:8443]
WARNING: [Synth 8-6014] Unused sequential element linienmodule_fast_a_iir1_csrstorage3_re_reg was removed.  [C:/UW-Madison/RA/linien/gateware/build/top.v:8456]
WARNING: [Synth 8-6014] Unused sequential element linienmodule_fast_a_iir1_csrstorage4_re_reg was removed.  [C:/UW-Madison/RA/linien/gateware/build/top.v:8469]
WARNING: [Synth 8-6014] Unused sequential element linienmodule_fast_a_iir1_csrstorage5_re0_reg was removed.  [C:/UW-Madison/RA/linien/gateware/build/top.v:8482]
WARNING: [Synth 8-6014] Unused sequential element linienmodule_fast_a_iir1_re1_reg was removed.  [C:/UW-Madison/RA/linien/gateware/build/top.v:8495]
WARNING: [Synth 8-6014] Unused sequential element linienmodule_fast_a_iir1_csrstorage5_re1_reg was removed.  [C:/UW-Madison/RA/linien/gateware/build/top.v:8508]
WARNING: [Synth 8-6014] Unused sequential element linienmodule_fast_a_iir1_csrstorage6_re_reg was removed.  [C:/UW-Madison/RA/linien/gateware/build/top.v:8521]
WARNING: [Synth 8-6014] Unused sequential element linienmodule_fast_a_iir1_csrstorage7_re_reg was removed.  [C:/UW-Madison/RA/linien/gateware/build/top.v:8534]
WARNING: [Synth 8-6014] Unused sequential element linienmodule_fast_a_iir1_csrstorage8_re_reg was removed.  [C:/UW-Madison/RA/linien/gateware/build/top.v:8547]
WARNING: [Synth 8-6014] Unused sequential element linienmodule_fast_a_iir1_csrstorage9_re_reg was removed.  [C:/UW-Madison/RA/linien/gateware/build/top.v:8560]
WARNING: [Synth 8-6014] Unused sequential element linienmodule_fast_a_limitcsr1_min_re1_reg was removed.  [C:/UW-Madison/RA/linien/gateware/build/top.v:8573]
WARNING: [Synth 8-6014] Unused sequential element linienmodule_fast_a_limitcsr1_max_re1_reg was removed.  [C:/UW-Madison/RA/linien/gateware/build/top.v:8586]
WARNING: [Synth 8-6014] Unused sequential element linienmodule_csrstorage8_re_reg was removed.  [C:/UW-Madison/RA/linien/gateware/build/top.v:8590]
WARNING: [Synth 8-6014] Unused sequential element linienmodule_csrstorage9_re_reg was removed.  [C:/UW-Madison/RA/linien/gateware/build/top.v:8594]
WARNING: [Synth 8-6014] Unused sequential element linienmodule_fast_b_y_tap_re_reg was removed.  [C:/UW-Madison/RA/linien/gateware/build/top.v:9047]
WARNING: [Synth 8-6014] Unused sequential element linienmodule_fast_b_invert_re_reg was removed.  [C:/UW-Madison/RA/linien/gateware/build/top.v:9051]
WARNING: [Synth 8-6014] Unused sequential element linienmodule_fast_b_delay_re_reg was removed.  [C:/UW-Madison/RA/linien/gateware/build/top.v:9064]
WARNING: [Synth 8-6014] Unused sequential element linienmodule_fast_b_multiplier_re_reg was removed.  [C:/UW-Madison/RA/linien/gateware/build/top.v:9068]
WARNING: [Synth 8-6014] Unused sequential element linienmodule_fast_b_limitcsr0_min_re0_reg was removed.  [C:/UW-Madison/RA/linien/gateware/build/top.v:9081]
WARNING: [Synth 8-6014] Unused sequential element linienmodule_fast_b_limitcsr0_max_re0_reg was removed.  [C:/UW-Madison/RA/linien/gateware/build/top.v:9094]
WARNING: [Synth 8-6014] Unused sequential element linienmodule_fast_b_iir0_re0_reg was removed.  [C:/UW-Madison/RA/linien/gateware/build/top.v:9107]
WARNING: [Synth 8-6014] Unused sequential element linienmodule_fast_b_iir0_csrstorage0_re0_reg was removed.  [C:/UW-Madison/RA/linien/gateware/build/top.v:9120]
WARNING: [Synth 8-6014] Unused sequential element linienmodule_fast_b_iir0_csrstorage1_re0_reg was removed.  [C:/UW-Madison/RA/linien/gateware/build/top.v:9133]
WARNING: [Synth 8-6014] Unused sequential element linienmodule_fast_b_iir0_csrstorage2_re0_reg was removed.  [C:/UW-Madison/RA/linien/gateware/build/top.v:9146]
WARNING: [Synth 8-6014] Unused sequential element linienmodule_fast_b_iir0_re1_reg was removed.  [C:/UW-Madison/RA/linien/gateware/build/top.v:9159]
WARNING: [Synth 8-6014] Unused sequential element linienmodule_fast_b_iir0_csrstorage0_re1_reg was removed.  [C:/UW-Madison/RA/linien/gateware/build/top.v:9172]
WARNING: [Synth 8-6014] Unused sequential element linienmodule_fast_b_iir0_csrstorage1_re1_reg was removed.  [C:/UW-Madison/RA/linien/gateware/build/top.v:9185]
WARNING: [Synth 8-6014] Unused sequential element linienmodule_fast_b_iir0_csrstorage2_re1_reg was removed.  [C:/UW-Madison/RA/linien/gateware/build/top.v:9198]
WARNING: [Synth 8-6014] Unused sequential element linienmodule_fast_b_iir0_csrstorage3_re_reg was removed.  [C:/UW-Madison/RA/linien/gateware/build/top.v:9211]
WARNING: [Synth 8-6014] Unused sequential element linienmodule_fast_b_iir0_csrstorage4_re_reg was removed.  [C:/UW-Madison/RA/linien/gateware/build/top.v:9224]
WARNING: [Synth 8-6014] Unused sequential element linienmodule_fast_b_limitcsr0_min_re1_reg was removed.  [C:/UW-Madison/RA/linien/gateware/build/top.v:9237]
WARNING: [Synth 8-6014] Unused sequential element linienmodule_fast_b_limitcsr0_max_re1_reg was removed.  [C:/UW-Madison/RA/linien/gateware/build/top.v:9250]
WARNING: [Synth 8-6014] Unused sequential element linienmodule_fast_b_limitcsr1_min_re0_reg was removed.  [C:/UW-Madison/RA/linien/gateware/build/top.v:9263]
WARNING: [Synth 8-6014] Unused sequential element linienmodule_fast_b_limitcsr1_max_re0_reg was removed.  [C:/UW-Madison/RA/linien/gateware/build/top.v:9276]
WARNING: [Synth 8-6014] Unused sequential element linienmodule_fast_b_iir1_re0_reg was removed.  [C:/UW-Madison/RA/linien/gateware/build/top.v:9289]
WARNING: [Synth 8-6014] Unused sequential element linienmodule_fast_b_iir1_csrstorage3_re_reg was removed.  [C:/UW-Madison/RA/linien/gateware/build/top.v:9302]
WARNING: [Synth 8-6014] Unused sequential element linienmodule_fast_b_iir1_csrstorage4_re_reg was removed.  [C:/UW-Madison/RA/linien/gateware/build/top.v:9315]
WARNING: [Synth 8-6014] Unused sequential element linienmodule_fast_b_iir1_csrstorage5_re0_reg was removed.  [C:/UW-Madison/RA/linien/gateware/build/top.v:9328]
WARNING: [Synth 8-6014] Unused sequential element linienmodule_fast_b_iir1_re1_reg was removed.  [C:/UW-Madison/RA/linien/gateware/build/top.v:9341]
WARNING: [Synth 8-6014] Unused sequential element linienmodule_fast_b_iir1_csrstorage5_re1_reg was removed.  [C:/UW-Madison/RA/linien/gateware/build/top.v:9354]
WARNING: [Synth 8-6014] Unused sequential element linienmodule_fast_b_iir1_csrstorage6_re_reg was removed.  [C:/UW-Madison/RA/linien/gateware/build/top.v:9367]
WARNING: [Synth 8-6014] Unused sequential element linienmodule_fast_b_iir1_csrstorage7_re_reg was removed.  [C:/UW-Madison/RA/linien/gateware/build/top.v:9380]
WARNING: [Synth 8-6014] Unused sequential element linienmodule_fast_b_iir1_csrstorage8_re_reg was removed.  [C:/UW-Madison/RA/linien/gateware/build/top.v:9393]
WARNING: [Synth 8-6014] Unused sequential element linienmodule_fast_b_iir1_csrstorage9_re_reg was removed.  [C:/UW-Madison/RA/linien/gateware/build/top.v:9406]
WARNING: [Synth 8-6014] Unused sequential element linienmodule_fast_b_limitcsr1_min_re1_reg was removed.  [C:/UW-Madison/RA/linien/gateware/build/top.v:9419]
WARNING: [Synth 8-6014] Unused sequential element linienmodule_fast_b_limitcsr1_max_re1_reg was removed.  [C:/UW-Madison/RA/linien/gateware/build/top.v:9432]
WARNING: [Synth 8-6014] Unused sequential element linienmodule_csrstorage10_re_reg was removed.  [C:/UW-Madison/RA/linien/gateware/build/top.v:9436]
WARNING: [Synth 8-6014] Unused sequential element linienmodule_csrstorage11_re_reg was removed.  [C:/UW-Madison/RA/linien/gateware/build/top.v:9440]
INFO: [Common 17-14] Message 'Synth 8-6014' appears 100 times and further instances of the messages will be disabled. Use the Tcl command set_msg_config to change the current settings.
WARNING: [Synth 8-3917] design top has port adc_clk[1] driven by constant 1
WARNING: [Synth 8-3917] design top has port adc_clk[0] driven by constant 0
WARNING: [Synth 8-3917] design top has port adc_cdcs driven by constant 1
WARNING: [Synth 8-7129] Port sys_sel_i[3] in module bus_clk_bridge is either unconnected or has no load
WARNING: [Synth 8-7129] Port sys_sel_i[2] in module bus_clk_bridge is either unconnected or has no load
WARNING: [Synth 8-7129] Port sys_sel_i[1] in module bus_clk_bridge is either unconnected or has no load
WARNING: [Synth 8-7129] Port sys_sel_i[0] in module bus_clk_bridge is either unconnected or has no load
WARNING: [Synth 8-7129] Port i_param_data[31] in module direct_jump is either unconnected or has no load
WARNING: [Synth 8-7129] Port i_param_data[30] in module direct_jump is either unconnected or has no load
WARNING: [Synth 8-7129] Port i_param_data[29] in module direct_jump is either unconnected or has no load
WARNING: [Synth 8-7129] Port i_param_data[28] in module direct_jump is either unconnected or has no load
WARNING: [Synth 8-7129] Port i_param_data[27] in module direct_jump is either unconnected or has no load
WARNING: [Synth 8-7129] Port i_param_data[26] in module direct_jump is either unconnected or has no load
WARNING: [Synth 8-7129] Port i_param_data[25] in module direct_jump is either unconnected or has no load
WARNING: [Synth 8-7129] Port i_param_data[24] in module direct_jump is either unconnected or has no load
WARNING: [Synth 8-7129] Port i_param_data[23] in module direct_jump is either unconnected or has no load
WARNING: [Synth 8-7129] Port i_param_data[22] in module direct_jump is either unconnected or has no load
WARNING: [Synth 8-7129] Port i_param_data[21] in module direct_jump is either unconnected or has no load
WARNING: [Synth 8-7129] Port i_param_data[20] in module direct_jump is either unconnected or has no load
WARNING: [Synth 8-7129] Port i_param_data[19] in module direct_jump is either unconnected or has no load
WARNING: [Synth 8-7129] Port i_param_data[18] in module direct_jump is either unconnected or has no load
WARNING: [Synth 8-7129] Port i_param_data[17] in module direct_jump is either unconnected or has no load
WARNING: [Synth 8-7129] Port i_param_data[16] in module direct_jump is either unconnected or has no load
WARNING: [Synth 8-7129] Port i_param_data[15] in module direct_jump is either unconnected or has no load
WARNING: [Synth 8-7129] Port i_param_data[14] in module direct_jump is either unconnected or has no load
WARNING: [Synth 8-7129] Port i_param_data[31] in module delay is either unconnected or has no load
WARNING: [Synth 8-7129] Port i_param_data[30] in module delay is either unconnected or has no load
WARNING: [Synth 8-7129] Port i_param_data[29] in module delay is either unconnected or has no load
WARNING: [Synth 8-7129] Port i_param_data[28] in module delay is either unconnected or has no load
WARNING: [Synth 8-7129] Port i_param_data[27] in module delay is either unconnected or has no load
WARNING: [Synth 8-7129] Port i_param_data[26] in module delay is either unconnected or has no load
WARNING: [Synth 8-7129] Port i_param_data[25] in module delay is either unconnected or has no load
WARNING: [Synth 8-7129] Port i_param_data[24] in module delay is either unconnected or has no load
WARNING: [Synth 8-7129] Port i_param_data[23] in module delay is either unconnected or has no load
WARNING: [Synth 8-7129] Port i_param_data[22] in module delay is either unconnected or has no load
WARNING: [Synth 8-7129] Port i_param_data[21] in module delay is either unconnected or has no load
WARNING: [Synth 8-7129] Port i_param_data[20] in module delay is either unconnected or has no load
WARNING: [Synth 8-7129] Port i_param_data[19] in module delay is either unconnected or has no load
WARNING: [Synth 8-7129] Port i_param_data[18] in module delay is either unconnected or has no load
WARNING: [Synth 8-7129] Port i_param_data[17] in module delay is either unconnected or has no load
WARNING: [Synth 8-7129] Port i_param_data[16] in module delay is either unconnected or has no load
WARNING: [Synth 8-7129] Port i_param_data[15] in module delay is either unconnected or has no load
WARNING: [Synth 8-7129] Port i_param_data[14] in module delay is either unconnected or has no load
WARNING: [Synth 8-7129] Port ENET0_GMII_TX_EN in module processing_system7_v5_4_processing_system7 is either unconnected or has no load
WARNING: [Synth 8-7129] Port ENET0_GMII_TX_ER in module processing_system7_v5_4_processing_system7 is either unconnected or has no load
WARNING: [Synth 8-7129] Port ENET0_GMII_TXD[7] in module processing_system7_v5_4_processing_system7 is either unconnected or has no load
WARNING: [Synth 8-7129] Port ENET0_GMII_TXD[6] in module processing_system7_v5_4_processing_system7 is either unconnected or has no load
WARNING: [Synth 8-7129] Port ENET0_GMII_TXD[5] in module processing_system7_v5_4_processing_system7 is either unconnected or has no load
WARNING: [Synth 8-7129] Port ENET0_GMII_TXD[4] in module processing_system7_v5_4_processing_system7 is either unconnected or has no load
WARNING: [Synth 8-7129] Port ENET0_GMII_TXD[3] in module processing_system7_v5_4_processing_system7 is either unconnected or has no load
WARNING: [Synth 8-7129] Port ENET0_GMII_TXD[2] in module processing_system7_v5_4_processing_system7 is either unconnected or has no load
WARNING: [Synth 8-7129] Port ENET0_GMII_TXD[1] in module processing_system7_v5_4_processing_system7 is either unconnected or has no load
WARNING: [Synth 8-7129] Port ENET0_GMII_TXD[0] in module processing_system7_v5_4_processing_system7 is either unconnected or has no load
WARNING: [Synth 8-7129] Port ENET1_GMII_TX_EN in module processing_system7_v5_4_processing_system7 is either unconnected or has no load
WARNING: [Synth 8-7129] Port ENET1_GMII_TX_ER in module processing_system7_v5_4_processing_system7 is either unconnected or has no load
WARNING: [Synth 8-7129] Port ENET1_GMII_TXD[7] in module processing_system7_v5_4_processing_system7 is either unconnected or has no load
WARNING: [Synth 8-7129] Port ENET1_GMII_TXD[6] in module processing_system7_v5_4_processing_system7 is either unconnected or has no load
WARNING: [Synth 8-7129] Port ENET1_GMII_TXD[5] in module processing_system7_v5_4_processing_system7 is either unconnected or has no load
WARNING: [Synth 8-7129] Port ENET1_GMII_TXD[4] in module processing_system7_v5_4_processing_system7 is either unconnected or has no load
WARNING: [Synth 8-7129] Port ENET1_GMII_TXD[3] in module processing_system7_v5_4_processing_system7 is either unconnected or has no load
WARNING: [Synth 8-7129] Port ENET1_GMII_TXD[2] in module processing_system7_v5_4_processing_system7 is either unconnected or has no load
WARNING: [Synth 8-7129] Port ENET1_GMII_TXD[1] in module processing_system7_v5_4_processing_system7 is either unconnected or has no load
WARNING: [Synth 8-7129] Port ENET1_GMII_TXD[0] in module processing_system7_v5_4_processing_system7 is either unconnected or has no load
WARNING: [Synth 8-7129] Port TRACE_CTL in module processing_system7_v5_4_processing_system7 is either unconnected or has no load
WARNING: [Synth 8-7129] Port TRACE_DATA[31] in module processing_system7_v5_4_processing_system7 is either unconnected or has no load
WARNING: [Synth 8-7129] Port TRACE_DATA[30] in module processing_system7_v5_4_processing_system7 is either unconnected or has no load
WARNING: [Synth 8-7129] Port TRACE_DATA[29] in module processing_system7_v5_4_processing_system7 is either unconnected or has no load
WARNING: [Synth 8-7129] Port TRACE_DATA[28] in module processing_system7_v5_4_processing_system7 is either unconnected or has no load
WARNING: [Synth 8-7129] Port TRACE_DATA[27] in module processing_system7_v5_4_processing_system7 is either unconnected or has no load
WARNING: [Synth 8-7129] Port TRACE_DATA[26] in module processing_system7_v5_4_processing_system7 is either unconnected or has no load
WARNING: [Synth 8-7129] Port TRACE_DATA[25] in module processing_system7_v5_4_processing_system7 is either unconnected or has no load
WARNING: [Synth 8-7129] Port TRACE_DATA[24] in module processing_system7_v5_4_processing_system7 is either unconnected or has no load
WARNING: [Synth 8-7129] Port TRACE_DATA[23] in module processing_system7_v5_4_processing_system7 is either unconnected or has no load
WARNING: [Synth 8-7129] Port TRACE_DATA[22] in module processing_system7_v5_4_processing_system7 is either unconnected or has no load
WARNING: [Synth 8-7129] Port TRACE_DATA[21] in module processing_system7_v5_4_processing_system7 is either unconnected or has no load
WARNING: [Synth 8-7129] Port TRACE_DATA[20] in module processing_system7_v5_4_processing_system7 is either unconnected or has no load
WARNING: [Synth 8-7129] Port TRACE_DATA[19] in module processing_system7_v5_4_processing_system7 is either unconnected or has no load
WARNING: [Synth 8-7129] Port TRACE_DATA[18] in module processing_system7_v5_4_processing_system7 is either unconnected or has no load
WARNING: [Synth 8-7129] Port TRACE_DATA[17] in module processing_system7_v5_4_processing_system7 is either unconnected or has no load
WARNING: [Synth 8-7129] Port TRACE_DATA[16] in module processing_system7_v5_4_processing_system7 is either unconnected or has no load
WARNING: [Synth 8-7129] Port TRACE_DATA[15] in module processing_system7_v5_4_processing_system7 is either unconnected or has no load
WARNING: [Synth 8-7129] Port TRACE_DATA[14] in module processing_system7_v5_4_processing_system7 is either unconnected or has no load
WARNING: [Synth 8-7129] Port TRACE_DATA[13] in module processing_system7_v5_4_processing_system7 is either unconnected or has no load
WARNING: [Synth 8-7129] Port TRACE_DATA[12] in module processing_system7_v5_4_processing_system7 is either unconnected or has no load
WARNING: [Synth 8-7129] Port TRACE_DATA[11] in module processing_system7_v5_4_processing_system7 is either unconnected or has no load
WARNING: [Synth 8-7129] Port TRACE_DATA[10] in module processing_system7_v5_4_processing_system7 is either unconnected or has no load
WARNING: [Synth 8-7129] Port TRACE_DATA[9] in module processing_system7_v5_4_processing_system7 is either unconnected or has no load
WARNING: [Synth 8-7129] Port TRACE_DATA[8] in module processing_system7_v5_4_processing_system7 is either unconnected or has no load
WARNING: [Synth 8-7129] Port TRACE_DATA[7] in module processing_system7_v5_4_processing_system7 is either unconnected or has no load
WARNING: [Synth 8-7129] Port TRACE_DATA[6] in module processing_system7_v5_4_processing_system7 is either unconnected or has no load
WARNING: [Synth 8-7129] Port TRACE_DATA[5] in module processing_system7_v5_4_processing_system7 is either unconnected or has no load
WARNING: [Synth 8-7129] Port TRACE_DATA[4] in module processing_system7_v5_4_processing_system7 is either unconnected or has no load
WARNING: [Synth 8-7129] Port TRACE_DATA[3] in module processing_system7_v5_4_processing_system7 is either unconnected or has no load
WARNING: [Synth 8-7129] Port TRACE_DATA[2] in module processing_system7_v5_4_processing_system7 is either unconnected or has no load
WARNING: [Synth 8-7129] Port TRACE_DATA[1] in module processing_system7_v5_4_processing_system7 is either unconnected or has no load
WARNING: [Synth 8-7129] Port TRACE_DATA[0] in module processing_system7_v5_4_processing_system7 is either unconnected or has no load
WARNING: [Synth 8-7129] Port TRACE_CLK_OUT in module processing_system7_v5_4_processing_system7 is either unconnected or has no load
WARNING: [Synth 8-7129] Port ENET0_GMII_COL in module processing_system7_v5_4_processing_system7 is either unconnected or has no load
WARNING: [Synth 8-7129] Port ENET0_GMII_CRS in module processing_system7_v5_4_processing_system7 is either unconnected or has no load
WARNING: [Synth 8-7129] Port ENET0_GMII_RX_DV in module processing_system7_v5_4_processing_system7 is either unconnected or has no load
WARNING: [Synth 8-7129] Port ENET0_GMII_RX_ER in module processing_system7_v5_4_processing_system7 is either unconnected or has no load
WARNING: [Synth 8-7129] Port ENET0_GMII_RXD[7] in module processing_system7_v5_4_processing_system7 is either unconnected or has no load
WARNING: [Synth 8-7129] Port ENET0_GMII_RXD[6] in module processing_system7_v5_4_processing_system7 is either unconnected or has no load
INFO: [Common 17-14] Message 'Synth 8-7129' appears 100 times and further instances of the messages will be disabled. Use the Tcl command set_msg_config to change the current settings.
---------------------------------------------------------------------------------
Finished RTL Elaboration : Time (s): cpu = 00:00:10 ; elapsed = 00:00:12 . Memory (MB): peak = 1543.250 ; gain = 775.707
---------------------------------------------------------------------------------
---------------------------------------------------------------------------------
Start Handling Custom Attributes
---------------------------------------------------------------------------------
---------------------------------------------------------------------------------
Finished Handling Custom Attributes : Time (s): cpu = 00:00:11 ; elapsed = 00:00:12 . Memory (MB): peak = 1543.250 ; gain = 775.707
---------------------------------------------------------------------------------
---------------------------------------------------------------------------------
Finished RTL Optimization Phase 1 : Time (s): cpu = 00:00:11 ; elapsed = 00:00:12 . Memory (MB): peak = 1543.250 ; gain = 775.707
---------------------------------------------------------------------------------
Netlist sorting complete. Time (s): cpu = 00:00:00 ; elapsed = 00:00:00.340 . Memory (MB): peak = 1543.250 ; gain = 0.000
WARNING: [Netlist 29-345] The value of SIM_DEVICE on instance 'XADC' of type 'XADC' is '7SERIES'; it is being changed to match the current FPGA architecture, 'ZYNQ'. For functional simulation to match hardware behavior, the value of SIM_DEVICE should be changed in the source netlist. 
INFO: [Netlist 29-17] Analyzing 21 Unisim elements for replacement
INFO: [Netlist 29-28] Unisim Transformation completed in 0 CPU seconds
INFO: [Project 1-570] Preparing netlist for logic optimization

Processing XDC Constraints
Initializing timing engine
Parsing XDC File [C:/UW-Madison/RA/linien/gateware/build/top.xdc]
WARNING: [Vivado 12-627] No clocks matched 'clk125_p'. [C:/UW-Madison/RA/linien/gateware/build/top.xdc:368]
INFO: [Vivado 12-626] No clocks found. Please use 'create_clock' or 'create_generated_clock' command to create clocks. [C:/UW-Madison/RA/linien/gateware/build/top.xdc:368]
WARNING: [Vivado 12-627] No clocks matched 'clk_fpga_0'. [C:/UW-Madison/RA/linien/gateware/build/top.xdc:368]
INFO: [Vivado 12-626] No clocks found. Please use 'create_clock' or 'create_generated_clock' command to create clocks. [C:/UW-Madison/RA/linien/gateware/build/top.xdc:368]
CRITICAL WARNING: [Vivado 12-4739] set_clock_groups:No valid object(s) found for '-group [get_clocks -include_generated_clocks clk125_p]'. [C:/UW-Madison/RA/linien/gateware/build/top.xdc:368]
Resolution: Check if the specified object(s) exists in the current design. If it does, ensure that the correct design hierarchy was specified for the object. If you are working with clocks, make sure create_clock was used to create the clock object before it is referenced.
CRITICAL WARNING: [Vivado 12-4739] set_clock_groups:No valid object(s) found for '-group '. [C:/UW-Madison/RA/linien/gateware/build/top.xdc:368]
Resolution: Check if the specified object(s) exists in the current design. If it does, ensure that the correct design hierarchy was specified for the object. If you are working with clocks, make sure create_clock was used to create the clock object before it is referenced.
CRITICAL WARNING: [Vivado 12-4739] set_clock_groups:No valid object(s) found for '-group [get_clocks -include_generated_clocks clk_fpga_0]'. [C:/UW-Madison/RA/linien/gateware/build/top.xdc:368]
Resolution: Check if the specified object(s) exists in the current design. If it does, ensure that the correct design hierarchy was specified for the object. If you are working with clocks, make sure create_clock was used to create the clock object before it is referenced.
CRITICAL WARNING: [Vivado 12-4739] set_clock_groups:No valid object(s) found for '-group '. [C:/UW-Madison/RA/linien/gateware/build/top.xdc:368]
Resolution: Check if the specified object(s) exists in the current design. If it does, ensure that the correct design hierarchy was specified for the object. If you are working with clocks, make sure create_clock was used to create the clock object before it is referenced.
CRITICAL WARNING: [Constraints 18-4644] set_clock_groups: All clock groups specified are empty. Please specify atleast one clock group which is not empty. [C:/UW-Madison/RA/linien/gateware/build/top.xdc:368]
WARNING: [Vivado 12-180] No cells matched 'get_cells -filter {ars_ff1 == TRUE || ars_ff2 == TRUE}'. [C:/UW-Madison/RA/linien/gateware/build/top.xdc:374]
WARNING: [Vivado 12-508] No pins matched 'get_pins -filter {REF_PIN_NAME == PRE} -of [get_cells -filter {ars_ff1 == TRUE || ars_ff2 == TRUE}]'. [C:/UW-Madison/RA/linien/gateware/build/top.xdc:374]
WARNING: [Vivado 12-180] No cells matched 'get_cells -filter {ars_ff1 == TRUE}'. [C:/UW-Madison/RA/linien/gateware/build/top.xdc:376]
WARNING: [Vivado 12-508] No pins matched 'get_pins -filter {REF_PIN_NAME == Q} -of [get_cells -filter {ars_ff1 == TRUE}]'. [C:/UW-Madison/RA/linien/gateware/build/top.xdc:376]
WARNING: [Vivado 12-180] No cells matched 'get_cells -filter {ars_ff2 == TRUE}'. [C:/UW-Madison/RA/linien/gateware/build/top.xdc:376]
WARNING: [Vivado 12-508] No pins matched 'get_pins -filter {REF_PIN_NAME == D} -of [get_cells -filter {ars_ff2 == TRUE}]'. [C:/UW-Madison/RA/linien/gateware/build/top.xdc:376]
Finished Parsing XDC File [C:/UW-Madison/RA/linien/gateware/build/top.xdc]
INFO: [Project 1-236] Implementation specific constraints were found while reading constraint file [C:/UW-Madison/RA/linien/gateware/build/top.xdc]. These constraints will be ignored for synthesis but will be used in implementation. Impacted constraints are listed in the file [.Xil/top_propImpl.xdc].
Resolution: To avoid this warning, move constraints listed in [.Xil/top_propImpl.xdc] to another XDC file and exclude this new file from synthesis with the used_in_synthesis property (File Properties dialog in GUI) and re-run elaboration/synthesis.
Parsing XDC File [C:/UW-Madison/RA/linien/gateware/verilog/system_processing_system7_0_0.xdc] for cell 'system_processing_system7_0_0/inst'
Finished Parsing XDC File [C:/UW-Madison/RA/linien/gateware/verilog/system_processing_system7_0_0.xdc] for cell 'system_processing_system7_0_0/inst'
INFO: [Project 1-236] Implementation specific constraints were found while reading constraint file [C:/UW-Madison/RA/linien/gateware/verilog/system_processing_system7_0_0.xdc]. These constraints will be ignored for synthesis but will be used in implementation. Impacted constraints are listed in the file [.Xil/top_propImpl.xdc].
Resolution: To avoid this warning, move constraints listed in [.Xil/top_propImpl.xdc] to another XDC file and exclude this new file from synthesis with the used_in_synthesis property (File Properties dialog in GUI) and re-run elaboration/synthesis.
INFO: [Timing 38-2] Deriving generated clocks
Completed Processing XDC Constraints

Netlist sorting complete. Time (s): cpu = 00:00:00 ; elapsed = 00:00:00.018 . Memory (MB): peak = 1625.469 ; gain = 0.000
INFO: [Project 1-111] Unisim Transformation Summary:
  A total of 3 instances were transformed.
  FD => FDRE: 1 instance 
  IBUFGDS => IBUFDS: 1 instance 
  PLLE2_BASE => PLLE2_ADV: 1 instance 

Constraint Validation Runtime : Time (s): cpu = 00:00:00 ; elapsed = 00:00:00.160 . Memory (MB): peak = 1625.469 ; gain = 0.000
---------------------------------------------------------------------------------
Finished Constraint Validation : Time (s): cpu = 00:00:26 ; elapsed = 00:00:28 . Memory (MB): peak = 1625.469 ; gain = 857.926
---------------------------------------------------------------------------------
---------------------------------------------------------------------------------
Start Loading Part and Timing Information
---------------------------------------------------------------------------------
Loading part: xc7z020clg400-1
---------------------------------------------------------------------------------
Finished Loading Part and Timing Information : Time (s): cpu = 00:00:26 ; elapsed = 00:00:28 . Memory (MB): peak = 1625.469 ; gain = 857.926
---------------------------------------------------------------------------------
---------------------------------------------------------------------------------
Start Applying 'set_property' XDC Constraints
---------------------------------------------------------------------------------
---------------------------------------------------------------------------------
Finished applying 'set_property' XDC Constraints : Time (s): cpu = 00:00:28 ; elapsed = 00:00:31 . Memory (MB): peak = 1625.469 ; gain = 857.926
---------------------------------------------------------------------------------
INFO: [Synth 8-802] inferred FSM for state register 'state_reg' in module 'control'
INFO: [Synth 8-802] inferred FSM for state register 'state_reg' in module 'temp_sampler'
INFO: [Synth 8-802] inferred FSM for state register 'state_reg' in module 'top'
---------------------------------------------------------------------------------------------------
                   State |                     New Encoding |                Previous Encoding 
---------------------------------------------------------------------------------------------------
                    IDLE |                             0000 |                             0000
              FETCH_TYPE |                             0001 |                             0010
               LOAD_INIT |                             0010 |                             0011
             LOAD_PARAMS |                             0011 |                             0100
             START_BLOCK |                             0100 |                             0101
               WAIT_DONE |                             0101 |                             0110
          CAPTURE_VDRIVE |                             0110 |                             0111
                    DONE |                             0111 |                             1000
          ENABLE_CARRIER |                             1000 |                             0001
---------------------------------------------------------------------------------------------------
INFO: [Synth 8-3354] encoded FSM with state register 'state_reg' using encoding 'sequential' in module 'control'
---------------------------------------------------------------------------------------------------
                   State |                     New Encoding |                Previous Encoding 
---------------------------------------------------------------------------------------------------
                  S_IDLE |                               00 |                               00
                 S_DELAY |                               01 |                               01
                 S_ACCUM |                               10 |                               10
               S_PUBLISH |                               11 |                               11
---------------------------------------------------------------------------------------------------
INFO: [Synth 8-3354] encoded FSM with state register 'state_reg' using encoding 'sequential' in module 'temp_sampler'
---------------------------------------------------------------------------------------------------
                   State |                     New Encoding |                Previous Encoding 
---------------------------------------------------------------------------------------------------
                  iSTATE |                             0001 |                               00
*
                 iSTATE0 |                             0010 |                               01
                 iSTATE1 |                             0100 |                               10
                 iSTATE2 |                             1000 |                               11
---------------------------------------------------------------------------------------------------
INFO: [Synth 8-3354] encoded FSM with state register 'state_reg' using encoding 'one-hot' in module 'top'
---------------------------------------------------------------------------------
Finished RTL Optimization Phase 2 : Time (s): cpu = 00:00:35 ; elapsed = 00:00:38 . Memory (MB): peak = 1625.469 ; gain = 857.926
---------------------------------------------------------------------------------
---------------------------------------------------------------------------------
Start RTL Component Statistics 
---------------------------------------------------------------------------------
Detailed RTL Component Info : 
+---Adders : 
	   3 Input   84 Bit       Adders := 1     
	   3 Input   51 Bit       Adders := 1     
	   2 Input   50 Bit       Adders := 43    
	   2 Input   44 Bit       Adders := 1     
	   3 Input   37 Bit       Adders := 1     
	   3 Input   34 Bit       Adders := 1     
	   2 Input   33 Bit       Adders := 1     
	   2 Input   32 Bit       Adders := 6     
	   2 Input   30 Bit       Adders := 1     
	   3 Input   28 Bit       Adders := 4     
	   3 Input   26 Bit       Adders := 1     
	   2 Input   26 Bit       Adders := 4     
	   3 Input   23 Bit       Adders := 1     
	   2 Input   20 Bit       Adders := 4     
	   2 Input   18 Bit       Adders := 1     
	   5 Input   18 Bit       Adders := 2     
	   2 Input   17 Bit       Adders := 42    
	   3 Input   17 Bit       Adders := 90    
	   2 Input   16 Bit       Adders := 1     
	   4 Input   16 Bit       Adders := 4     
	   2 Input   15 Bit       Adders := 6     
	   3 Input   15 Bit       Adders := 3     
	   2 Input   14 Bit       Adders := 3     
	   3 Input   14 Bit       Adders := 2     
	   2 Input   12 Bit       Adders := 1     
	   2 Input   10 Bit       Adders := 1     
	   3 Input    9 Bit       Adders := 1     
	   2 Input    8 Bit       Adders := 2     
	   2 Input    6 Bit       Adders := 1     
	   2 Input    4 Bit       Adders := 1     
	   2 Input    3 Bit       Adders := 2     
+---XORs : 
	   2 Input      1 Bit         XORs := 7     
+---Registers : 
	               84 Bit    Registers := 1     
	               64 Bit    Registers := 1     
	               51 Bit    Registers := 1     
	               50 Bit    Registers := 52    
	               43 Bit    Registers := 1     
	               34 Bit    Registers := 3     
	               32 Bit    Registers := 33    
	               30 Bit    Registers := 2     
	               27 Bit    Registers := 9     
	               25 Bit    Registers := 139   
	               23 Bit    Registers := 3     
	               20 Bit    Registers := 4     
	               18 Bit    Registers := 49    
	               17 Bit    Registers := 133   
	               16 Bit    Registers := 7     
	               15 Bit    Registers := 4     
	               14 Bit    Registers := 73    
	               12 Bit    Registers := 10    
	               10 Bit    Registers := 2     
	                9 Bit    Registers := 12    
	                8 Bit    Registers := 66    
	                6 Bit    Registers := 1     
	                5 Bit    Registers := 1     
	                4 Bit    Registers := 24    
	                3 Bit    Registers := 4     
	                2 Bit    Registers := 19    
	                1 Bit    Registers := 70    
+---Multipliers : 
	              14x32  Multipliers := 1     
+---RAMs : 
	             224K Bit	(16384 X 14 bit)          RAMs := 4     
	              16K Bit	(512 X 32 bit)          RAMs := 1     
	              14K Bit	(1024 X 14 bit)          RAMs := 1     
+---ROMs : 
	                    ROMs := 1     
+---Muxes : 
	   5 Input   43 Bit        Muxes := 1     
	   2 Input   36 Bit        Muxes := 2     
	   2 Input   32 Bit        Muxes := 4     
	   9 Input   32 Bit        Muxes := 2     
	   3 Input   32 Bit        Muxes := 1     
	   4 Input   30 Bit        Muxes := 1     
	   2 Input   28 Bit        Muxes := 1     
	   2 Input   25 Bit        Muxes := 28    
	   4 Input   25 Bit        Muxes := 1     
	   3 Input   20 Bit        Muxes := 4     
	   4 Input   18 Bit        Muxes := 1     
	   2 Input   17 Bit        Muxes := 89    
	   4 Input   16 Bit        Muxes := 1     
	   2 Input   16 Bit        Muxes := 3     
	   2 Input   15 Bit        Muxes := 9     
	   2 Input   14 Bit        Muxes := 43    
	   4 Input   14 Bit        Muxes := 3     
	   9 Input   14 Bit        Muxes := 2     
	   2 Input   13 Bit        Muxes := 3     
	   2 Input   12 Bit        Muxes := 5     
	   2 Input   11 Bit        Muxes := 3     
	   2 Input   10 Bit        Muxes := 3     
	   2 Input    9 Bit        Muxes := 3     
	   5 Input    9 Bit        Muxes := 1     
	   2 Input    8 Bit        Muxes := 3     
	   4 Input    8 Bit        Muxes := 1     
	   2 Input    7 Bit        Muxes := 3     
	   2 Input    6 Bit        Muxes := 8     
	   9 Input    6 Bit        Muxes := 2     
	   4 Input    6 Bit        Muxes := 1     
	   2 Input    5 Bit        Muxes := 3     
	   2 Input    4 Bit        Muxes := 7     
	   5 Input    4 Bit        Muxes := 2     
	   4 Input    4 Bit        Muxes := 3     
	   9 Input    4 Bit        Muxes := 2     
	   2 Input    3 Bit        Muxes := 4     
	   6 Input    3 Bit        Muxes := 1     
	   9 Input    3 Bit        Muxes := 2     
	   4 Input    2 Bit        Muxes := 1     
	   6 Input    2 Bit        Muxes := 1     
	   5 Input    2 Bit        Muxes := 1     
	   2 Input    2 Bit        Muxes := 1     
	   4 Input    1 Bit        Muxes := 14    
	   2 Input    1 Bit        Muxes := 68    
	   7 Input    1 Bit        Muxes := 6     
	   9 Input    1 Bit        Muxes := 9     
	   6 Input    1 Bit        Muxes := 5     
---------------------------------------------------------------------------------
Finished RTL Component Statistics 
---------------------------------------------------------------------------------
---------------------------------------------------------------------------------
Start Part Resource Summary
---------------------------------------------------------------------------------
Part Resources:
DSPs: 220 (col length:60)
BRAMs: 280 (col length: RAMB18 60 RAMB36 30)
---------------------------------------------------------------------------------
Finished Part Resource Summary
---------------------------------------------------------------------------------
---------------------------------------------------------------------------------
Start Cross Boundary and Area Optimization
---------------------------------------------------------------------------------
DSP Report: Generating DSP linienmodule_slowchain_ki_mult0, operation Mode is: A*B.
DSP Report: operator linienmodule_slowchain_ki_mult0 is absorbed into DSP linienmodule_slowchain_ki_mult0.
DSP Report: Generating DSP linienmodule_slowchain_kd_mult, operation Mode is: A*B.
DSP Report: operator linienmodule_slowchain_kd_mult is absorbed into DSP linienmodule_slowchain_kd_mult.
DSP Report: Generating DSP linienmodule_slowchain_kp_mult, operation Mode is: A*B.
DSP Report: operator linienmodule_slowchain_kp_mult is absorbed into DSP linienmodule_slowchain_kp_mult.
DSP Report: Generating DSP linienmodule_raw_acquisition_iir_z100, operation Mode is: A2*B2.
DSP Report: register linienmodule_raw_acquisition_iir_z100 is absorbed into DSP linienmodule_raw_acquisition_iir_z100.
DSP Report: register linienmodule_raw_acquisition_iir_a1_reg is absorbed into DSP linienmodule_raw_acquisition_iir_z100.
DSP Report: operator linienmodule_raw_acquisition_iir_z100 is absorbed into DSP linienmodule_raw_acquisition_iir_z100.
DSP Report: operator linienmodule_raw_acquisition_iir_z100 is absorbed into DSP linienmodule_raw_acquisition_iir_z100.
DSP Report: Generating DSP linienmodule_raw_acquisition_iir_z100, operation Mode is: (PCIN>>17)+A2*B2.
DSP Report: register linienmodule_raw_acquisition_iir_y_reg is absorbed into DSP linienmodule_raw_acquisition_iir_z100.
DSP Report: register linienmodule_raw_acquisition_iir_a1_reg is absorbed into DSP linienmodule_raw_acquisition_iir_z100.
DSP Report: operator linienmodule_raw_acquisition_iir_z100 is absorbed into DSP linienmodule_raw_acquisition_iir_z100.
DSP Report: operator linienmodule_raw_acquisition_iir_z100 is absorbed into DSP linienmodule_raw_acquisition_iir_z100.
DSP Report: Generating DSP p_1_out, operation Mode is: (C or 0)+A*B.
DSP Report: operator linienmodule_pid_kp_mult is absorbed into DSP p_1_out.
DSP Report: operator linienmodule_pid_kp_mult is absorbed into DSP p_1_out.
DSP Report: Generating DSP linienmodule_mixed2, operation Mode is: (0 or C')+(A2*B or 0).
DSP Report: register linienmodule_fast_a_limitcsr0_limitcsr0_y1_reg is absorbed into DSP linienmodule_mixed2.
DSP Report: register linienmodule_mixed2 is absorbed into DSP linienmodule_mixed2.
DSP Report: operator linienmodule_mixed2 is absorbed into DSP linienmodule_mixed2.
DSP Report: Generating DSP linienmodule_mixed2, operation Mode is: A2*B.
DSP Report: register linienmodule_fast_b_limitcsr0_limitcsr0_y1_reg is absorbed into DSP linienmodule_mixed2.
DSP Report: operator linienmodule_mixed2 is absorbed into DSP linienmodule_mixed2.
DSP Report: Generating DSP O571, operation Mode is: PCIN+A2:B+C.
DSP Report: register O571 is absorbed into DSP O571.
DSP Report: operator O571 is absorbed into DSP O571.
DSP Report: Generating DSP mult_reg0, operation Mode is: A2*B2.
DSP Report: register lut_reg_reg is absorbed into DSP mult_reg0.
DSP Report: register mult_reg0 is absorbed into DSP mult_reg0.
DSP Report: operator mult_reg0 is absorbed into DSP mult_reg0.
DSP Report: operator mult_reg0 is absorbed into DSP mult_reg0.
DSP Report: Generating DSP mult_reg_reg, operation Mode is: (PCIN>>17)+A*B2.
DSP Report: register lut_reg_reg is absorbed into DSP mult_reg_reg.
DSP Report: register mult_reg_reg is absorbed into DSP mult_reg_reg.
DSP Report: operator mult_reg0 is absorbed into DSP mult_reg_reg.
DSP Report: operator mult_reg0 is absorbed into DSP mult_reg_reg.
DSP Report: Generating DSP linienmodule_raw_acquisition_iir_z90, operation Mode is: A2*B2.
DSP Report: register linienmodule_raw_acquisition_iir_z60 is absorbed into DSP linienmodule_raw_acquisition_iir_z90.
DSP Report: register linienmodule_raw_acquisition_iir_a2_reg is absorbed into DSP linienmodule_raw_acquisition_iir_z90.
DSP Report: operator linienmodule_raw_acquisition_iir_z90 is absorbed into DSP linienmodule_raw_acquisition_iir_z90.
DSP Report: operator linienmodule_raw_acquisition_iir_z90 is absorbed into DSP linienmodule_raw_acquisition_iir_z90.
DSP Report: Generating DSP linienmodule_raw_acquisition_iir_z90, operation Mode is: (PCIN>>17)+A2*B2.
DSP Report: register linienmodule_raw_acquisition_iir_y_reg is absorbed into DSP linienmodule_raw_acquisition_iir_z90.
DSP Report: register linienmodule_raw_acquisition_iir_a2_reg is absorbed into DSP linienmodule_raw_acquisition_iir_z90.
DSP Report: operator linienmodule_raw_acquisition_iir_z90 is absorbed into DSP linienmodule_raw_acquisition_iir_z90.
DSP Report: operator linienmodule_raw_acquisition_iir_z90 is absorbed into DSP linienmodule_raw_acquisition_iir_z90.
DSP Report: Generating DSP linienmodule_raw_acquisition_iir_z80, operation Mode is: A2*B2.
DSP Report: register linienmodule_raw_acquisition_iir_z60 is absorbed into DSP linienmodule_raw_acquisition_iir_z80.
DSP Report: register linienmodule_raw_acquisition_iir_a3_reg is absorbed into DSP linienmodule_raw_acquisition_iir_z80.
DSP Report: operator linienmodule_raw_acquisition_iir_z80 is absorbed into DSP linienmodule_raw_acquisition_iir_z80.
DSP Report: operator linienmodule_raw_acquisition_iir_z80 is absorbed into DSP linienmodule_raw_acquisition_iir_z80.
DSP Report: Generating DSP linienmodule_raw_acquisition_iir_z80, operation Mode is: (PCIN>>17)+A2*B2.
DSP Report: register linienmodule_raw_acquisition_iir_y_reg is absorbed into DSP linienmodule_raw_acquisition_iir_z80.
DSP Report: register linienmodule_raw_acquisition_iir_a3_reg is absorbed into DSP linienmodule_raw_acquisition_iir_z80.
DSP Report: operator linienmodule_raw_acquisition_iir_z80 is absorbed into DSP linienmodule_raw_acquisition_iir_z80.
DSP Report: operator linienmodule_raw_acquisition_iir_z80 is absorbed into DSP linienmodule_raw_acquisition_iir_z80.
DSP Report: Generating DSP linienmodule_raw_acquisition_iir_z70, operation Mode is: A2*B2.
DSP Report: register linienmodule_raw_acquisition_iir_a4_reg is absorbed into DSP linienmodule_raw_acquisition_iir_z70.
DSP Report: register linienmodule_raw_acquisition_iir_z60 is absorbed into DSP linienmodule_raw_acquisition_iir_z70.
DSP Report: operator linienmodule_raw_acquisition_iir_z70 is absorbed into DSP linienmodule_raw_acquisition_iir_z70.
DSP Report: operator linienmodule_raw_acquisition_iir_z70 is absorbed into DSP linienmodule_raw_acquisition_iir_z70.
DSP Report: Generating DSP linienmodule_raw_acquisition_iir_z70, operation Mode is: (PCIN>>17)+A*B2.
DSP Report: register linienmodule_raw_acquisition_iir_a4_reg is absorbed into DSP linienmodule_raw_acquisition_iir_z70.
DSP Report: register linienmodule_raw_acquisition_iir_y_reg is absorbed into DSP linienmodule_raw_acquisition_iir_z70.
DSP Report: operator linienmodule_raw_acquisition_iir_z70 is absorbed into DSP linienmodule_raw_acquisition_iir_z70.
DSP Report: operator linienmodule_raw_acquisition_iir_z70 is absorbed into DSP linienmodule_raw_acquisition_iir_z70.
DSP Report: Generating DSP linienmodule_raw_acquisition_iir_z60, operation Mode is: A2*B2.
DSP Report: register linienmodule_raw_acquisition_iir_a5_reg is absorbed into DSP linienmodule_raw_acquisition_iir_z60.
DSP Report: register linienmodule_raw_acquisition_iir_z60 is absorbed into DSP linienmodule_raw_acquisition_iir_z60.
DSP Report: operator linienmodule_raw_acquisition_iir_z60 is absorbed into DSP linienmodule_raw_acquisition_iir_z60.
DSP Report: operator linienmodule_raw_acquisition_iir_z60 is absorbed into DSP linienmodule_raw_acquisition_iir_z60.
DSP Report: Generating DSP linienmodule_raw_acquisition_iir_z60, operation Mode is: (PCIN>>17)+A*B2.
DSP Report: register linienmodule_raw_acquisition_iir_a5_reg is absorbed into DSP linienmodule_raw_acquisition_iir_z60.
DSP Report: register linienmodule_raw_acquisition_iir_y_reg is absorbed into DSP linienmodule_raw_acquisition_iir_z60.
DSP Report: operator linienmodule_raw_acquisition_iir_z60 is absorbed into DSP linienmodule_raw_acquisition_iir_z60.
DSP Report: operator linienmodule_raw_acquisition_iir_z60 is absorbed into DSP linienmodule_raw_acquisition_iir_z60.
DSP Report: Generating DSP p_1_out, operation Mode is: (C or 0)+A*B.
DSP Report: operator linienmodule_pid_kd_mult is absorbed into DSP p_1_out.
DSP Report: operator linienmodule_pid_kd_mult is absorbed into DSP p_1_out.
DSP Report: Generating DSP p_1_out, operation Mode is: (C or 0)+A*B.
DSP Report: operator linienmodule_pid_ki_mult0 is absorbed into DSP p_1_out.
DSP Report: operator linienmodule_pid_ki_mult0 is absorbed into DSP p_1_out.
WARNING: [Synth 8-3936] Found unconnected internal register 'i_bridge/addr_o_reg' and it is trimmed from '32' to '20' bits. [C:/UW-Madison/RA/linien/gateware/build/imports/UW-Madison/RA/linien/gateware/verilog/bus_clk_bridge.v:90]
WARNING: [Synth 8-3936] Found unconnected internal register 'bus_clk_bridge/wdata_o_reg' and it is trimmed from '32' to '8' bits. [C:/UW-Madison/RA/linien/gateware/build/imports/UW-Madison/RA/linien/gateware/verilog/bus_clk_bridge.v:91]
WARNING: [Synth 8-3936] Found unconnected internal register 'bus_clk_bridge/addr_o_reg' and it is trimmed from '32' to '16' bits. [C:/UW-Madison/RA/linien/gateware/build/imports/UW-Madison/RA/linien/gateware/verilog/bus_clk_bridge.v:90]
DSP Report: Generating DSP linienmodule_raw_acquisition_iir_z50, operation Mode is: A2*B2.
DSP Report: register linienmodule_raw_acquisition_iir_z50 is absorbed into DSP linienmodule_raw_acquisition_iir_z50.
DSP Report: register linienmodule_raw_acquisition_iir_b0_reg is absorbed into DSP linienmodule_raw_acquisition_iir_z50.
DSP Report: operator linienmodule_raw_acquisition_iir_z50 is absorbed into DSP linienmodule_raw_acquisition_iir_z50.
DSP Report: operator linienmodule_raw_acquisition_iir_z50 is absorbed into DSP linienmodule_raw_acquisition_iir_z50.
DSP Report: Generating DSP linienmodule_raw_acquisition_iir_z50, operation Mode is: (PCIN>>17)+A2*B2.
DSP Report: register linienmodule_limit_error_signal_limitcsr_y_reg is absorbed into DSP linienmodule_raw_acquisition_iir_z50.
DSP Report: register linienmodule_raw_acquisition_iir_b0_reg is absorbed into DSP linienmodule_raw_acquisition_iir_z50.
DSP Report: operator linienmodule_raw_acquisition_iir_z50 is absorbed into DSP linienmodule_raw_acquisition_iir_z50.
DSP Report: operator linienmodule_raw_acquisition_iir_z50 is absorbed into DSP linienmodule_raw_acquisition_iir_z50.
DSP Report: Generating DSP linienmodule_raw_acquisition_iir_z40, operation Mode is: A2*B2.
DSP Report: register linienmodule_raw_acquisition_iir_z40 is absorbed into DSP linienmodule_raw_acquisition_iir_z40.
DSP Report: register linienmodule_raw_acquisition_iir_b1_reg is absorbed into DSP linienmodule_raw_acquisition_iir_z40.
DSP Report: operator linienmodule_raw_acquisition_iir_z40 is absorbed into DSP linienmodule_raw_acquisition_iir_z40.
DSP Report: operator linienmodule_raw_acquisition_iir_z40 is absorbed into DSP linienmodule_raw_acquisition_iir_z40.
DSP Report: Generating DSP linienmodule_raw_acquisition_iir_z40, operation Mode is: (PCIN>>17)+A2*B2.
DSP Report: register linienmodule_limit_error_signal_limitcsr_y_reg is absorbed into DSP linienmodule_raw_acquisition_iir_z40.
DSP Report: register linienmodule_raw_acquisition_iir_b1_reg is absorbed into DSP linienmodule_raw_acquisition_iir_z40.
DSP Report: operator linienmodule_raw_acquisition_iir_z40 is absorbed into DSP linienmodule_raw_acquisition_iir_z40.
DSP Report: operator linienmodule_raw_acquisition_iir_z40 is absorbed into DSP linienmodule_raw_acquisition_iir_z40.
DSP Report: Generating DSP linienmodule_raw_acquisition_iir_z30, operation Mode is: A2*B2.
DSP Report: register linienmodule_raw_acquisition_iir_z30 is absorbed into DSP linienmodule_raw_acquisition_iir_z30.
DSP Report: register linienmodule_raw_acquisition_iir_b2_reg is absorbed into DSP linienmodule_raw_acquisition_iir_z30.
DSP Report: operator linienmodule_raw_acquisition_iir_z30 is absorbed into DSP linienmodule_raw_acquisition_iir_z30.
DSP Report: operator linienmodule_raw_acquisition_iir_z30 is absorbed into DSP linienmodule_raw_acquisition_iir_z30.
DSP Report: Generating DSP linienmodule_raw_acquisition_iir_z30, operation Mode is: (PCIN>>17)+A2*B2.
DSP Report: register linienmodule_limit_error_signal_limitcsr_y_reg is absorbed into DSP linienmodule_raw_acquisition_iir_z30.
DSP Report: register linienmodule_raw_acquisition_iir_b2_reg is absorbed into DSP linienmodule_raw_acquisition_iir_z30.
DSP Report: operator linienmodule_raw_acquisition_iir_z30 is absorbed into DSP linienmodule_raw_acquisition_iir_z30.
DSP Report: operator linienmodule_raw_acquisition_iir_z30 is absorbed into DSP linienmodule_raw_acquisition_iir_z30.
DSP Report: Generating DSP linienmodule_raw_acquisition_iir_z20, operation Mode is: A2*B2.
DSP Report: register linienmodule_raw_acquisition_iir_z20 is absorbed into DSP linienmodule_raw_acquisition_iir_z20.
DSP Report: register linienmodule_raw_acquisition_iir_b3_reg is absorbed into DSP linienmodule_raw_acquisition_iir_z20.
DSP Report: operator linienmodule_raw_acquisition_iir_z20 is absorbed into DSP linienmodule_raw_acquisition_iir_z20.
DSP Report: operator linienmodule_raw_acquisition_iir_z20 is absorbed into DSP linienmodule_raw_acquisition_iir_z20.
DSP Report: Generating DSP linienmodule_raw_acquisition_iir_z20, operation Mode is: (PCIN>>17)+A2*B2.
DSP Report: register linienmodule_limit_error_signal_limitcsr_y_reg is absorbed into DSP linienmodule_raw_acquisition_iir_z20.
DSP Report: register linienmodule_raw_acquisition_iir_b3_reg is absorbed into DSP linienmodule_raw_acquisition_iir_z20.
DSP Report: operator linienmodule_raw_acquisition_iir_z20 is absorbed into DSP linienmodule_raw_acquisition_iir_z20.
DSP Report: operator linienmodule_raw_acquisition_iir_z20 is absorbed into DSP linienmodule_raw_acquisition_iir_z20.
DSP Report: Generating DSP linienmodule_raw_acquisition_iir_z10, operation Mode is: A2*B2.
DSP Report: register linienmodule_raw_acquisition_iir_z10 is absorbed into DSP linienmodule_raw_acquisition_iir_z10.
DSP Report: register linienmodule_raw_acquisition_iir_b4_reg is absorbed into DSP linienmodule_raw_acquisition_iir_z10.
DSP Report: operator linienmodule_raw_acquisition_iir_z10 is absorbed into DSP linienmodule_raw_acquisition_iir_z10.
DSP Report: operator linienmodule_raw_acquisition_iir_z10 is absorbed into DSP linienmodule_raw_acquisition_iir_z10.
DSP Report: Generating DSP linienmodule_raw_acquisition_iir_z10, operation Mode is: (PCIN>>17)+A2*B2.
DSP Report: register linienmodule_limit_error_signal_limitcsr_y_reg is absorbed into DSP linienmodule_raw_acquisition_iir_z10.
DSP Report: register linienmodule_raw_acquisition_iir_b4_reg is absorbed into DSP linienmodule_raw_acquisition_iir_z10.
DSP Report: operator linienmodule_raw_acquisition_iir_z10 is absorbed into DSP linienmodule_raw_acquisition_iir_z10.
DSP Report: operator linienmodule_raw_acquisition_iir_z10 is absorbed into DSP linienmodule_raw_acquisition_iir_z10.
DSP Report: Generating DSP linienmodule_raw_acquisition_iir_z00, operation Mode is: A2*B2.
DSP Report: register linienmodule_raw_acquisition_iir_z00 is absorbed into DSP linienmodule_raw_acquisition_iir_z00.
DSP Report: register linienmodule_raw_acquisition_iir_b5_reg is absorbed into DSP linienmodule_raw_acquisition_iir_z00.
DSP Report: operator linienmodule_raw_acquisition_iir_z00 is absorbed into DSP linienmodule_raw_acquisition_iir_z00.
DSP Report: operator linienmodule_raw_acquisition_iir_z00 is absorbed into DSP linienmodule_raw_acquisition_iir_z00.
DSP Report: Generating DSP linienmodule_raw_acquisition_iir_z00, operation Mode is: (PCIN>>17)+A2*B2.
DSP Report: register linienmodule_limit_error_signal_limitcsr_y_reg is absorbed into DSP linienmodule_raw_acquisition_iir_z00.
DSP Report: register linienmodule_raw_acquisition_iir_b5_reg is absorbed into DSP linienmodule_raw_acquisition_iir_z00.
DSP Report: operator linienmodule_raw_acquisition_iir_z00 is absorbed into DSP linienmodule_raw_acquisition_iir_z00.
DSP Report: operator linienmodule_raw_acquisition_iir_z00 is absorbed into DSP linienmodule_raw_acquisition_iir_z00.
DSP Report: Generating DSP linienmodule_fast_a_iir1_z20, operation Mode is: A2*B2.
DSP Report: register linienmodule_fast_a_iir1_z30 is absorbed into DSP linienmodule_fast_a_iir1_z20.
DSP Report: register linienmodule_fast_a_iir1_a10_reg is absorbed into DSP linienmodule_fast_a_iir1_z20.
DSP Report: operator linienmodule_fast_a_iir1_z20 is absorbed into DSP linienmodule_fast_a_iir1_z20.
DSP Report: operator linienmodule_fast_a_iir1_z20 is absorbed into DSP linienmodule_fast_a_iir1_z20.
DSP Report: Generating DSP linienmodule_fast_a_iir1_z20, operation Mode is: (PCIN>>17)+A2*B2.
DSP Report: register linienmodule_fast_a_iir1_y0_reg is absorbed into DSP linienmodule_fast_a_iir1_z20.
DSP Report: register linienmodule_fast_a_iir1_a10_reg is absorbed into DSP linienmodule_fast_a_iir1_z20.
DSP Report: operator linienmodule_fast_a_iir1_z20 is absorbed into DSP linienmodule_fast_a_iir1_z20.
DSP Report: operator linienmodule_fast_a_iir1_z20 is absorbed into DSP linienmodule_fast_a_iir1_z20.
DSP Report: Generating DSP linienmodule_fast_a_iir1_z10, operation Mode is: A2*B2.
DSP Report: register linienmodule_fast_a_iir1_z10 is absorbed into DSP linienmodule_fast_a_iir1_z10.
DSP Report: register linienmodule_fast_a_iir1_b00_reg is absorbed into DSP linienmodule_fast_a_iir1_z10.
DSP Report: operator linienmodule_fast_a_iir1_z10 is absorbed into DSP linienmodule_fast_a_iir1_z10.
DSP Report: operator linienmodule_fast_a_iir1_z10 is absorbed into DSP linienmodule_fast_a_iir1_z10.
DSP Report: Generating DSP linienmodule_fast_a_iir1_z10, operation Mode is: (PCIN>>17)+A2*B2.
DSP Report: register linienmodule_fast_a_limitcsr1_limitcsr1_y0_reg is absorbed into DSP linienmodule_fast_a_iir1_z10.
DSP Report: register linienmodule_fast_a_iir1_b00_reg is absorbed into DSP linienmodule_fast_a_iir1_z10.
DSP Report: operator linienmodule_fast_a_iir1_z10 is absorbed into DSP linienmodule_fast_a_iir1_z10.
DSP Report: operator linienmodule_fast_a_iir1_z10 is absorbed into DSP linienmodule_fast_a_iir1_z10.
DSP Report: Generating DSP linienmodule_fast_a_iir1_z00, operation Mode is: A2*B2.
DSP Report: register linienmodule_fast_a_iir1_z00 is absorbed into DSP linienmodule_fast_a_iir1_z00.
DSP Report: register linienmodule_fast_a_iir1_b10_reg is absorbed into DSP linienmodule_fast_a_iir1_z00.
DSP Report: operator linienmodule_fast_a_iir1_z00 is absorbed into DSP linienmodule_fast_a_iir1_z00.
DSP Report: operator linienmodule_fast_a_iir1_z00 is absorbed into DSP linienmodule_fast_a_iir1_z00.
DSP Report: Generating DSP linienmodule_fast_a_iir1_z00, operation Mode is: (PCIN>>17)+A2*B2.
DSP Report: register linienmodule_fast_a_limitcsr1_limitcsr1_y0_reg is absorbed into DSP linienmodule_fast_a_iir1_z00.
DSP Report: register linienmodule_fast_a_iir1_b10_reg is absorbed into DSP linienmodule_fast_a_iir1_z00.
DSP Report: operator linienmodule_fast_a_iir1_z00 is absorbed into DSP linienmodule_fast_a_iir1_z00.
DSP Report: operator linienmodule_fast_a_iir1_z00 is absorbed into DSP linienmodule_fast_a_iir1_z00.
DSP Report: Generating DSP linienmodule_fast_a_iir1_z70, operation Mode is: A2*B2.
DSP Report: register linienmodule_fast_a_iir1_z60 is absorbed into DSP linienmodule_fast_a_iir1_z70.
DSP Report: register linienmodule_fast_a_iir1_a11_reg is absorbed into DSP linienmodule_fast_a_iir1_z70.
DSP Report: operator linienmodule_fast_a_iir1_z70 is absorbed into DSP linienmodule_fast_a_iir1_z70.
DSP Report: operator linienmodule_fast_a_iir1_z70 is absorbed into DSP linienmodule_fast_a_iir1_z70.
DSP Report: Generating DSP linienmodule_fast_a_iir1_z70, operation Mode is: (PCIN>>17)+A2*B2.
DSP Report: register linienmodule_fast_a_iir1_y1_reg is absorbed into DSP linienmodule_fast_a_iir1_z70.
DSP Report: register linienmodule_fast_a_iir1_a11_reg is absorbed into DSP linienmodule_fast_a_iir1_z70.
DSP Report: operator linienmodule_fast_a_iir1_z70 is absorbed into DSP linienmodule_fast_a_iir1_z70.
DSP Report: operator linienmodule_fast_a_iir1_z70 is absorbed into DSP linienmodule_fast_a_iir1_z70.
DSP Report: Generating DSP linienmodule_fast_a_iir1_z60, operation Mode is: A2*B2.
DSP Report: register linienmodule_fast_a_iir1_z60 is absorbed into DSP linienmodule_fast_a_iir1_z60.
DSP Report: register linienmodule_fast_a_iir1_a2_reg is absorbed into DSP linienmodule_fast_a_iir1_z60.
DSP Report: operator linienmodule_fast_a_iir1_z60 is absorbed into DSP linienmodule_fast_a_iir1_z60.
DSP Report: operator linienmodule_fast_a_iir1_z60 is absorbed into DSP linienmodule_fast_a_iir1_z60.
DSP Report: Generating DSP linienmodule_fast_a_iir1_z60, operation Mode is: (PCIN>>17)+A2*B2.
DSP Report: register linienmodule_fast_a_iir1_y1_reg is absorbed into DSP linienmodule_fast_a_iir1_z60.
DSP Report: register linienmodule_fast_a_iir1_a2_reg is absorbed into DSP linienmodule_fast_a_iir1_z60.
DSP Report: operator linienmodule_fast_a_iir1_z60 is absorbed into DSP linienmodule_fast_a_iir1_z60.
DSP Report: operator linienmodule_fast_a_iir1_z60 is absorbed into DSP linienmodule_fast_a_iir1_z60.
DSP Report: Generating DSP linienmodule_fast_a_iir1_z50, operation Mode is: A2*B2.
DSP Report: register linienmodule_fast_a_iir1_z30 is absorbed into DSP linienmodule_fast_a_iir1_z50.
DSP Report: register linienmodule_fast_a_iir1_b01_reg is absorbed into DSP linienmodule_fast_a_iir1_z50.
DSP Report: operator linienmodule_fast_a_iir1_z50 is absorbed into DSP linienmodule_fast_a_iir1_z50.
DSP Report: operator linienmodule_fast_a_iir1_z50 is absorbed into DSP linienmodule_fast_a_iir1_z50.
DSP Report: Generating DSP linienmodule_fast_a_iir1_z50, operation Mode is: (PCIN>>17)+A2*B2.
DSP Report: register linienmodule_fast_a_iir1_y0_reg is absorbed into DSP linienmodule_fast_a_iir1_z50.
DSP Report: register linienmodule_fast_a_iir1_b01_reg is absorbed into DSP linienmodule_fast_a_iir1_z50.
DSP Report: operator linienmodule_fast_a_iir1_z50 is absorbed into DSP linienmodule_fast_a_iir1_z50.
DSP Report: operator linienmodule_fast_a_iir1_z50 is absorbed into DSP linienmodule_fast_a_iir1_z50.
DSP Report: Generating DSP linienmodule_fast_a_iir1_z40, operation Mode is: A2*B2.
DSP Report: register linienmodule_fast_a_iir1_b11_reg is absorbed into DSP linienmodule_fast_a_iir1_z40.
DSP Report: register linienmodule_fast_a_iir1_z30 is absorbed into DSP linienmodule_fast_a_iir1_z40.
DSP Report: operator linienmodule_fast_a_iir1_z40 is absorbed into DSP linienmodule_fast_a_iir1_z40.
DSP Report: operator linienmodule_fast_a_iir1_z40 is absorbed into DSP linienmodule_fast_a_iir1_z40.
DSP Report: Generating DSP linienmodule_fast_a_iir1_z40, operation Mode is: (PCIN>>17)+A*B2.
DSP Report: register linienmodule_fast_a_iir1_b11_reg is absorbed into DSP linienmodule_fast_a_iir1_z40.
DSP Report: register linienmodule_fast_a_iir1_y0_reg is absorbed into DSP linienmodule_fast_a_iir1_z40.
DSP Report: operator linienmodule_fast_a_iir1_z40 is absorbed into DSP linienmodule_fast_a_iir1_z40.
DSP Report: operator linienmodule_fast_a_iir1_z40 is absorbed into DSP linienmodule_fast_a_iir1_z40.
DSP Report: Generating DSP linienmodule_fast_a_iir1_z30, operation Mode is: A2*B2.
DSP Report: register linienmodule_fast_a_iir1_b2_reg is absorbed into DSP linienmodule_fast_a_iir1_z30.
DSP Report: register linienmodule_fast_a_iir1_z30 is absorbed into DSP linienmodule_fast_a_iir1_z30.
DSP Report: operator linienmodule_fast_a_iir1_z30 is absorbed into DSP linienmodule_fast_a_iir1_z30.
DSP Report: operator linienmodule_fast_a_iir1_z30 is absorbed into DSP linienmodule_fast_a_iir1_z30.
DSP Report: Generating DSP linienmodule_fast_a_iir1_z30, operation Mode is: (PCIN>>17)+A*B2.
DSP Report: register linienmodule_fast_a_iir1_b2_reg is absorbed into DSP linienmodule_fast_a_iir1_z30.
DSP Report: register linienmodule_fast_a_iir1_y0_reg is absorbed into DSP linienmodule_fast_a_iir1_z30.
DSP Report: operator linienmodule_fast_a_iir1_z30 is absorbed into DSP linienmodule_fast_a_iir1_z30.
DSP Report: operator linienmodule_fast_a_iir1_z30 is absorbed into DSP linienmodule_fast_a_iir1_z30.
DSP Report: Generating DSP linienmodule_fast_a_iir0_z20, operation Mode is: A2*B2.
DSP Report: register linienmodule_fast_a_iir0_z20 is absorbed into DSP linienmodule_fast_a_iir0_z20.
DSP Report: register linienmodule_fast_a_iir0_a10_reg is absorbed into DSP linienmodule_fast_a_iir0_z20.
DSP Report: operator linienmodule_fast_a_iir0_z20 is absorbed into DSP linienmodule_fast_a_iir0_z20.
DSP Report: operator linienmodule_fast_a_iir0_z20 is absorbed into DSP linienmodule_fast_a_iir0_z20.
DSP Report: Generating DSP linienmodule_fast_a_iir0_z20, operation Mode is: (PCIN>>17)+A2*B2.
DSP Report: register linienmodule_fast_a_iir0_y0_reg is absorbed into DSP linienmodule_fast_a_iir0_z20.
DSP Report: register linienmodule_fast_a_iir0_a10_reg is absorbed into DSP linienmodule_fast_a_iir0_z20.
DSP Report: operator linienmodule_fast_a_iir0_z20 is absorbed into DSP linienmodule_fast_a_iir0_z20.
DSP Report: operator linienmodule_fast_a_iir0_z20 is absorbed into DSP linienmodule_fast_a_iir0_z20.
DSP Report: Generating DSP linienmodule_fast_a_iir0_z10, operation Mode is: A2*B2.
DSP Report: register linienmodule_fast_a_iir0_z10 is absorbed into DSP linienmodule_fast_a_iir0_z10.
DSP Report: register linienmodule_fast_a_iir0_b00_reg is absorbed into DSP linienmodule_fast_a_iir0_z10.
DSP Report: operator linienmodule_fast_a_iir0_z10 is absorbed into DSP linienmodule_fast_a_iir0_z10.
DSP Report: operator linienmodule_fast_a_iir0_z10 is absorbed into DSP linienmodule_fast_a_iir0_z10.
DSP Report: Generating DSP linienmodule_fast_a_iir0_z10, operation Mode is: (PCIN>>17)+A2*B2.
DSP Report: register linienmodule_fast_a_limitcsr0_limitcsr0_y0_reg is absorbed into DSP linienmodule_fast_a_iir0_z10.
DSP Report: register linienmodule_fast_a_iir0_b00_reg is absorbed into DSP linienmodule_fast_a_iir0_z10.
DSP Report: operator linienmodule_fast_a_iir0_z10 is absorbed into DSP linienmodule_fast_a_iir0_z10.
DSP Report: operator linienmodule_fast_a_iir0_z10 is absorbed into DSP linienmodule_fast_a_iir0_z10.
DSP Report: Generating DSP linienmodule_fast_a_iir0_z00, operation Mode is: A2*B2.
DSP Report: register linienmodule_fast_a_iir0_z00 is absorbed into DSP linienmodule_fast_a_iir0_z00.
DSP Report: register linienmodule_fast_a_iir0_b10_reg is absorbed into DSP linienmodule_fast_a_iir0_z00.
DSP Report: operator linienmodule_fast_a_iir0_z00 is absorbed into DSP linienmodule_fast_a_iir0_z00.
DSP Report: operator linienmodule_fast_a_iir0_z00 is absorbed into DSP linienmodule_fast_a_iir0_z00.
DSP Report: Generating DSP linienmodule_fast_a_iir0_z00, operation Mode is: (PCIN>>17)+A2*B2.
DSP Report: register linienmodule_fast_a_limitcsr0_limitcsr0_y0_reg is absorbed into DSP linienmodule_fast_a_iir0_z00.
DSP Report: register linienmodule_fast_a_iir0_b10_reg is absorbed into DSP linienmodule_fast_a_iir0_z00.
DSP Report: operator linienmodule_fast_a_iir0_z00 is absorbed into DSP linienmodule_fast_a_iir0_z00.
DSP Report: operator linienmodule_fast_a_iir0_z00 is absorbed into DSP linienmodule_fast_a_iir0_z00.
DSP Report: Generating DSP linienmodule_fast_a_iir0_z70, operation Mode is: A2*B2.
DSP Report: register linienmodule_fast_a_iir0_z70 is absorbed into DSP linienmodule_fast_a_iir0_z70.
DSP Report: register linienmodule_fast_a_iir0_a11_reg is absorbed into DSP linienmodule_fast_a_iir0_z70.
DSP Report: operator linienmodule_fast_a_iir0_z70 is absorbed into DSP linienmodule_fast_a_iir0_z70.
DSP Report: operator linienmodule_fast_a_iir0_z70 is absorbed into DSP linienmodule_fast_a_iir0_z70.
DSP Report: Generating DSP linienmodule_fast_a_iir0_z70, operation Mode is: (PCIN>>17)+A2*B2.
DSP Report: register linienmodule_fast_a_iir0_y1_reg is absorbed into DSP linienmodule_fast_a_iir0_z70.
DSP Report: register linienmodule_fast_a_iir0_a11_reg is absorbed into DSP linienmodule_fast_a_iir0_z70.
DSP Report: operator linienmodule_fast_a_iir0_z70 is absorbed into DSP linienmodule_fast_a_iir0_z70.
DSP Report: operator linienmodule_fast_a_iir0_z70 is absorbed into DSP linienmodule_fast_a_iir0_z70.
DSP Report: Generating DSP linienmodule_fast_a_iir0_z60, operation Mode is: A2*B2.
DSP Report: register linienmodule_fast_a_iir0_z70 is absorbed into DSP linienmodule_fast_a_iir0_z60.
DSP Report: register linienmodule_fast_a_iir0_a2_reg is absorbed into DSP linienmodule_fast_a_iir0_z60.
DSP Report: operator linienmodule_fast_a_iir0_z60 is absorbed into DSP linienmodule_fast_a_iir0_z60.
DSP Report: operator linienmodule_fast_a_iir0_z60 is absorbed into DSP linienmodule_fast_a_iir0_z60.
DSP Report: Generating DSP linienmodule_fast_a_iir0_z60, operation Mode is: (PCIN>>17)+A2*B2.
DSP Report: register linienmodule_fast_a_iir0_y1_reg is absorbed into DSP linienmodule_fast_a_iir0_z60.
DSP Report: register linienmodule_fast_a_iir0_a2_reg is absorbed into DSP linienmodule_fast_a_iir0_z60.
DSP Report: operator linienmodule_fast_a_iir0_z60 is absorbed into DSP linienmodule_fast_a_iir0_z60.
DSP Report: operator linienmodule_fast_a_iir0_z60 is absorbed into DSP linienmodule_fast_a_iir0_z60.
DSP Report: Generating DSP linienmodule_fast_a_iir0_z50, operation Mode is: A2*B2.
DSP Report: register linienmodule_fast_a_iir0_z20 is absorbed into DSP linienmodule_fast_a_iir0_z50.
DSP Report: register linienmodule_fast_a_iir0_b01_reg is absorbed into DSP linienmodule_fast_a_iir0_z50.
DSP Report: operator linienmodule_fast_a_iir0_z50 is absorbed into DSP linienmodule_fast_a_iir0_z50.
DSP Report: operator linienmodule_fast_a_iir0_z50 is absorbed into DSP linienmodule_fast_a_iir0_z50.
DSP Report: Generating DSP linienmodule_fast_a_iir0_z50, operation Mode is: (PCIN>>17)+A2*B2.
DSP Report: register linienmodule_fast_a_iir0_y0_reg is absorbed into DSP linienmodule_fast_a_iir0_z50.
DSP Report: register linienmodule_fast_a_iir0_b01_reg is absorbed into DSP linienmodule_fast_a_iir0_z50.
DSP Report: operator linienmodule_fast_a_iir0_z50 is absorbed into DSP linienmodule_fast_a_iir0_z50.
DSP Report: operator linienmodule_fast_a_iir0_z50 is absorbed into DSP linienmodule_fast_a_iir0_z50.
DSP Report: Generating DSP linienmodule_fast_a_iir0_z40, operation Mode is: A2*B2.
DSP Report: register linienmodule_fast_a_iir0_b11_reg is absorbed into DSP linienmodule_fast_a_iir0_z40.
DSP Report: register linienmodule_fast_a_iir0_z20 is absorbed into DSP linienmodule_fast_a_iir0_z40.
DSP Report: operator linienmodule_fast_a_iir0_z40 is absorbed into DSP linienmodule_fast_a_iir0_z40.
DSP Report: operator linienmodule_fast_a_iir0_z40 is absorbed into DSP linienmodule_fast_a_iir0_z40.
DSP Report: Generating DSP linienmodule_fast_a_iir0_z40, operation Mode is: (PCIN>>17)+A*B2.
DSP Report: register linienmodule_fast_a_iir0_b11_reg is absorbed into DSP linienmodule_fast_a_iir0_z40.
DSP Report: register linienmodule_fast_a_iir0_y0_reg is absorbed into DSP linienmodule_fast_a_iir0_z40.
DSP Report: operator linienmodule_fast_a_iir0_z40 is absorbed into DSP linienmodule_fast_a_iir0_z40.
DSP Report: operator linienmodule_fast_a_iir0_z40 is absorbed into DSP linienmodule_fast_a_iir0_z40.
DSP Report: Generating DSP linienmodule_fast_a_iir0_z30, operation Mode is: A2*B2.
DSP Report: register linienmodule_fast_a_iir0_b2_reg is absorbed into DSP linienmodule_fast_a_iir0_z30.
DSP Report: register linienmodule_fast_a_iir0_z20 is absorbed into DSP linienmodule_fast_a_iir0_z30.
DSP Report: operator linienmodule_fast_a_iir0_z30 is absorbed into DSP linienmodule_fast_a_iir0_z30.
DSP Report: operator linienmodule_fast_a_iir0_z30 is absorbed into DSP linienmodule_fast_a_iir0_z30.
DSP Report: Generating DSP linienmodule_fast_a_iir0_z30, operation Mode is: (PCIN>>17)+A*B2.
DSP Report: register linienmodule_fast_a_iir0_b2_reg is absorbed into DSP linienmodule_fast_a_iir0_z30.
DSP Report: register linienmodule_fast_a_iir0_y0_reg is absorbed into DSP linienmodule_fast_a_iir0_z30.
DSP Report: operator linienmodule_fast_a_iir0_z30 is absorbed into DSP linienmodule_fast_a_iir0_z30.
DSP Report: operator linienmodule_fast_a_iir0_z30 is absorbed into DSP linienmodule_fast_a_iir0_z30.
DSP Report: Generating DSP linienmodule_fast_b_iir0_z20, operation Mode is: A2*B2.
DSP Report: register linienmodule_fast_b_iir0_z30 is absorbed into DSP linienmodule_fast_b_iir0_z20.
DSP Report: register linienmodule_fast_b_iir0_a10_reg is absorbed into DSP linienmodule_fast_b_iir0_z20.
DSP Report: operator linienmodule_fast_b_iir0_z20 is absorbed into DSP linienmodule_fast_b_iir0_z20.
DSP Report: operator linienmodule_fast_b_iir0_z20 is absorbed into DSP linienmodule_fast_b_iir0_z20.
DSP Report: Generating DSP linienmodule_fast_b_iir0_z20, operation Mode is: (PCIN>>17)+A2*B2.
DSP Report: register linienmodule_fast_b_iir0_y0_reg is absorbed into DSP linienmodule_fast_b_iir0_z20.
DSP Report: register linienmodule_fast_b_iir0_a10_reg is absorbed into DSP linienmodule_fast_b_iir0_z20.
DSP Report: operator linienmodule_fast_b_iir0_z20 is absorbed into DSP linienmodule_fast_b_iir0_z20.
DSP Report: operator linienmodule_fast_b_iir0_z20 is absorbed into DSP linienmodule_fast_b_iir0_z20.
DSP Report: Generating DSP linienmodule_fast_b_iir0_z10, operation Mode is: A2*B2.
DSP Report: register linienmodule_fast_b_iir0_z10 is absorbed into DSP linienmodule_fast_b_iir0_z10.
DSP Report: register linienmodule_fast_b_iir0_b00_reg is absorbed into DSP linienmodule_fast_b_iir0_z10.
DSP Report: operator linienmodule_fast_b_iir0_z10 is absorbed into DSP linienmodule_fast_b_iir0_z10.
DSP Report: operator linienmodule_fast_b_iir0_z10 is absorbed into DSP linienmodule_fast_b_iir0_z10.
DSP Report: Generating DSP linienmodule_fast_b_iir0_z10, operation Mode is: (PCIN>>17)+A2*B2.
DSP Report: register linienmodule_fast_b_limitcsr0_limitcsr0_y0_reg is absorbed into DSP linienmodule_fast_b_iir0_z10.
DSP Report: register linienmodule_fast_b_iir0_b00_reg is absorbed into DSP linienmodule_fast_b_iir0_z10.
DSP Report: operator linienmodule_fast_b_iir0_z10 is absorbed into DSP linienmodule_fast_b_iir0_z10.
DSP Report: operator linienmodule_fast_b_iir0_z10 is absorbed into DSP linienmodule_fast_b_iir0_z10.
DSP Report: Generating DSP linienmodule_fast_b_iir0_z00, operation Mode is: A2*B2.
DSP Report: register linienmodule_fast_b_iir0_z00 is absorbed into DSP linienmodule_fast_b_iir0_z00.
DSP Report: register linienmodule_fast_b_iir0_b10_reg is absorbed into DSP linienmodule_fast_b_iir0_z00.
DSP Report: operator linienmodule_fast_b_iir0_z00 is absorbed into DSP linienmodule_fast_b_iir0_z00.
DSP Report: operator linienmodule_fast_b_iir0_z00 is absorbed into DSP linienmodule_fast_b_iir0_z00.
DSP Report: Generating DSP linienmodule_fast_b_iir0_z00, operation Mode is: (PCIN>>17)+A2*B2.
DSP Report: register linienmodule_fast_b_limitcsr0_limitcsr0_y0_reg is absorbed into DSP linienmodule_fast_b_iir0_z00.
DSP Report: register linienmodule_fast_b_iir0_b10_reg is absorbed into DSP linienmodule_fast_b_iir0_z00.
DSP Report: operator linienmodule_fast_b_iir0_z00 is absorbed into DSP linienmodule_fast_b_iir0_z00.
DSP Report: operator linienmodule_fast_b_iir0_z00 is absorbed into DSP linienmodule_fast_b_iir0_z00.
DSP Report: Generating DSP linienmodule_fast_b_iir0_z70, operation Mode is: A2*B2.
DSP Report: register linienmodule_fast_b_iir0_z60 is absorbed into DSP linienmodule_fast_b_iir0_z70.
DSP Report: register linienmodule_fast_b_iir0_a11_reg is absorbed into DSP linienmodule_fast_b_iir0_z70.
DSP Report: operator linienmodule_fast_b_iir0_z70 is absorbed into DSP linienmodule_fast_b_iir0_z70.
DSP Report: operator linienmodule_fast_b_iir0_z70 is absorbed into DSP linienmodule_fast_b_iir0_z70.
DSP Report: Generating DSP linienmodule_fast_b_iir0_z70, operation Mode is: (PCIN>>17)+A2*B2.
DSP Report: register linienmodule_fast_b_iir0_y1_reg is absorbed into DSP linienmodule_fast_b_iir0_z70.
DSP Report: register linienmodule_fast_b_iir0_a11_reg is absorbed into DSP linienmodule_fast_b_iir0_z70.
DSP Report: operator linienmodule_fast_b_iir0_z70 is absorbed into DSP linienmodule_fast_b_iir0_z70.
DSP Report: operator linienmodule_fast_b_iir0_z70 is absorbed into DSP linienmodule_fast_b_iir0_z70.
DSP Report: Generating DSP linienmodule_fast_b_iir0_z60, operation Mode is: A2*B2.
DSP Report: register linienmodule_fast_b_iir0_z60 is absorbed into DSP linienmodule_fast_b_iir0_z60.
DSP Report: register linienmodule_fast_b_iir0_a2_reg is absorbed into DSP linienmodule_fast_b_iir0_z60.
DSP Report: operator linienmodule_fast_b_iir0_z60 is absorbed into DSP linienmodule_fast_b_iir0_z60.
DSP Report: operator linienmodule_fast_b_iir0_z60 is absorbed into DSP linienmodule_fast_b_iir0_z60.
DSP Report: Generating DSP linienmodule_fast_b_iir0_z60, operation Mode is: (PCIN>>17)+A2*B2.
DSP Report: register linienmodule_fast_b_iir0_y1_reg is absorbed into DSP linienmodule_fast_b_iir0_z60.
DSP Report: register linienmodule_fast_b_iir0_a2_reg is absorbed into DSP linienmodule_fast_b_iir0_z60.
DSP Report: operator linienmodule_fast_b_iir0_z60 is absorbed into DSP linienmodule_fast_b_iir0_z60.
DSP Report: operator linienmodule_fast_b_iir0_z60 is absorbed into DSP linienmodule_fast_b_iir0_z60.
DSP Report: Generating DSP linienmodule_fast_b_iir0_z50, operation Mode is: A2*B2.
DSP Report: register linienmodule_fast_b_iir0_z30 is absorbed into DSP linienmodule_fast_b_iir0_z50.
DSP Report: register linienmodule_fast_b_iir0_b01_reg is absorbed into DSP linienmodule_fast_b_iir0_z50.
DSP Report: operator linienmodule_fast_b_iir0_z50 is absorbed into DSP linienmodule_fast_b_iir0_z50.
DSP Report: operator linienmodule_fast_b_iir0_z50 is absorbed into DSP linienmodule_fast_b_iir0_z50.
DSP Report: Generating DSP linienmodule_fast_b_iir0_z50, operation Mode is: (PCIN>>17)+A2*B2.
DSP Report: register linienmodule_fast_b_iir0_y0_reg is absorbed into DSP linienmodule_fast_b_iir0_z50.
DSP Report: register linienmodule_fast_b_iir0_b01_reg is absorbed into DSP linienmodule_fast_b_iir0_z50.
DSP Report: operator linienmodule_fast_b_iir0_z50 is absorbed into DSP linienmodule_fast_b_iir0_z50.
DSP Report: operator linienmodule_fast_b_iir0_z50 is absorbed into DSP linienmodule_fast_b_iir0_z50.
DSP Report: Generating DSP linienmodule_fast_b_iir0_z40, operation Mode is: A2*B2.
DSP Report: register linienmodule_fast_b_iir0_b11_reg is absorbed into DSP linienmodule_fast_b_iir0_z40.
DSP Report: register linienmodule_fast_b_iir0_z30 is absorbed into DSP linienmodule_fast_b_iir0_z40.
DSP Report: operator linienmodule_fast_b_iir0_z40 is absorbed into DSP linienmodule_fast_b_iir0_z40.
DSP Report: operator linienmodule_fast_b_iir0_z40 is absorbed into DSP linienmodule_fast_b_iir0_z40.
DSP Report: Generating DSP linienmodule_fast_b_iir0_z40, operation Mode is: (PCIN>>17)+A*B2.
DSP Report: register linienmodule_fast_b_iir0_b11_reg is absorbed into DSP linienmodule_fast_b_iir0_z40.
DSP Report: register linienmodule_fast_b_iir0_y0_reg is absorbed into DSP linienmodule_fast_b_iir0_z40.
DSP Report: operator linienmodule_fast_b_iir0_z40 is absorbed into DSP linienmodule_fast_b_iir0_z40.
DSP Report: operator linienmodule_fast_b_iir0_z40 is absorbed into DSP linienmodule_fast_b_iir0_z40.
DSP Report: Generating DSP linienmodule_fast_b_iir0_z30, operation Mode is: A2*B2.
DSP Report: register linienmodule_fast_b_iir0_b2_reg is absorbed into DSP linienmodule_fast_b_iir0_z30.
DSP Report: register linienmodule_fast_b_iir0_z30 is absorbed into DSP linienmodule_fast_b_iir0_z30.
DSP Report: operator linienmodule_fast_b_iir0_z30 is absorbed into DSP linienmodule_fast_b_iir0_z30.
DSP Report: operator linienmodule_fast_b_iir0_z30 is absorbed into DSP linienmodule_fast_b_iir0_z30.
DSP Report: Generating DSP linienmodule_fast_b_iir0_z30, operation Mode is: (PCIN>>17)+A*B2.
DSP Report: register linienmodule_fast_b_iir0_b2_reg is absorbed into DSP linienmodule_fast_b_iir0_z30.
DSP Report: register linienmodule_fast_b_iir0_y0_reg is absorbed into DSP linienmodule_fast_b_iir0_z30.
DSP Report: operator linienmodule_fast_b_iir0_z30 is absorbed into DSP linienmodule_fast_b_iir0_z30.
DSP Report: operator linienmodule_fast_b_iir0_z30 is absorbed into DSP linienmodule_fast_b_iir0_z30.
DSP Report: Generating DSP linienmodule_fast_b_iir1_z20, operation Mode is: A2*B2.
DSP Report: register linienmodule_fast_b_iir1_z30 is absorbed into DSP linienmodule_fast_b_iir1_z20.
DSP Report: register linienmodule_fast_b_iir1_a10_reg is absorbed into DSP linienmodule_fast_b_iir1_z20.
DSP Report: operator linienmodule_fast_b_iir1_z20 is absorbed into DSP linienmodule_fast_b_iir1_z20.
DSP Report: operator linienmodule_fast_b_iir1_z20 is absorbed into DSP linienmodule_fast_b_iir1_z20.
DSP Report: Generating DSP linienmodule_fast_b_iir1_z20, operation Mode is: (PCIN>>17)+A2*B2.
DSP Report: register linienmodule_fast_b_iir1_y0_reg is absorbed into DSP linienmodule_fast_b_iir1_z20.
DSP Report: register linienmodule_fast_b_iir1_a10_reg is absorbed into DSP linienmodule_fast_b_iir1_z20.
DSP Report: operator linienmodule_fast_b_iir1_z20 is absorbed into DSP linienmodule_fast_b_iir1_z20.
DSP Report: operator linienmodule_fast_b_iir1_z20 is absorbed into DSP linienmodule_fast_b_iir1_z20.
DSP Report: Generating DSP linienmodule_fast_b_iir1_z10, operation Mode is: A2*B2.
DSP Report: register linienmodule_fast_b_iir1_z10 is absorbed into DSP linienmodule_fast_b_iir1_z10.
DSP Report: register linienmodule_fast_b_iir1_b00_reg is absorbed into DSP linienmodule_fast_b_iir1_z10.
DSP Report: operator linienmodule_fast_b_iir1_z10 is absorbed into DSP linienmodule_fast_b_iir1_z10.
DSP Report: operator linienmodule_fast_b_iir1_z10 is absorbed into DSP linienmodule_fast_b_iir1_z10.
DSP Report: Generating DSP linienmodule_fast_b_iir1_z10, operation Mode is: (PCIN>>17)+A2*B2.
DSP Report: register linienmodule_fast_b_limitcsr1_limitcsr1_y0_reg is absorbed into DSP linienmodule_fast_b_iir1_z10.
DSP Report: register linienmodule_fast_b_iir1_b00_reg is absorbed into DSP linienmodule_fast_b_iir1_z10.
DSP Report: operator linienmodule_fast_b_iir1_z10 is absorbed into DSP linienmodule_fast_b_iir1_z10.
DSP Report: operator linienmodule_fast_b_iir1_z10 is absorbed into DSP linienmodule_fast_b_iir1_z10.
DSP Report: Generating DSP linienmodule_fast_b_iir1_z00, operation Mode is: A2*B2.
DSP Report: register linienmodule_fast_b_iir1_z00 is absorbed into DSP linienmodule_fast_b_iir1_z00.
DSP Report: register linienmodule_fast_b_iir1_b10_reg is absorbed into DSP linienmodule_fast_b_iir1_z00.
DSP Report: operator linienmodule_fast_b_iir1_z00 is absorbed into DSP linienmodule_fast_b_iir1_z00.
DSP Report: operator linienmodule_fast_b_iir1_z00 is absorbed into DSP linienmodule_fast_b_iir1_z00.
DSP Report: Generating DSP linienmodule_fast_b_iir1_z00, operation Mode is: (PCIN>>17)+A2*B2.
DSP Report: register linienmodule_fast_b_limitcsr1_limitcsr1_y0_reg is absorbed into DSP linienmodule_fast_b_iir1_z00.
DSP Report: register linienmodule_fast_b_iir1_b10_reg is absorbed into DSP linienmodule_fast_b_iir1_z00.
DSP Report: operator linienmodule_fast_b_iir1_z00 is absorbed into DSP linienmodule_fast_b_iir1_z00.
DSP Report: operator linienmodule_fast_b_iir1_z00 is absorbed into DSP linienmodule_fast_b_iir1_z00.
DSP Report: Generating DSP linienmodule_fast_b_iir1_z70, operation Mode is: A2*B2.
DSP Report: register linienmodule_fast_b_iir1_z60 is absorbed into DSP linienmodule_fast_b_iir1_z70.
DSP Report: register linienmodule_fast_b_iir1_a11_reg is absorbed into DSP linienmodule_fast_b_iir1_z70.
DSP Report: operator linienmodule_fast_b_iir1_z70 is absorbed into DSP linienmodule_fast_b_iir1_z70.
DSP Report: operator linienmodule_fast_b_iir1_z70 is absorbed into DSP linienmodule_fast_b_iir1_z70.
DSP Report: Generating DSP linienmodule_fast_b_iir1_z70, operation Mode is: (PCIN>>17)+A2*B2.
DSP Report: register linienmodule_fast_b_iir1_y1_reg is absorbed into DSP linienmodule_fast_b_iir1_z70.
DSP Report: register linienmodule_fast_b_iir1_a11_reg is absorbed into DSP linienmodule_fast_b_iir1_z70.
DSP Report: operator linienmodule_fast_b_iir1_z70 is absorbed into DSP linienmodule_fast_b_iir1_z70.
DSP Report: operator linienmodule_fast_b_iir1_z70 is absorbed into DSP linienmodule_fast_b_iir1_z70.
DSP Report: Generating DSP linienmodule_fast_b_iir1_z60, operation Mode is: A2*B2.
DSP Report: register linienmodule_fast_b_iir1_z60 is absorbed into DSP linienmodule_fast_b_iir1_z60.
DSP Report: register linienmodule_fast_b_iir1_a2_reg is absorbed into DSP linienmodule_fast_b_iir1_z60.
DSP Report: operator linienmodule_fast_b_iir1_z60 is absorbed into DSP linienmodule_fast_b_iir1_z60.
DSP Report: operator linienmodule_fast_b_iir1_z60 is absorbed into DSP linienmodule_fast_b_iir1_z60.
DSP Report: Generating DSP linienmodule_fast_b_iir1_z60, operation Mode is: (PCIN>>17)+A2*B2.
DSP Report: register linienmodule_fast_b_iir1_y1_reg is absorbed into DSP linienmodule_fast_b_iir1_z60.
DSP Report: register linienmodule_fast_b_iir1_a2_reg is absorbed into DSP linienmodule_fast_b_iir1_z60.
DSP Report: operator linienmodule_fast_b_iir1_z60 is absorbed into DSP linienmodule_fast_b_iir1_z60.
DSP Report: operator linienmodule_fast_b_iir1_z60 is absorbed into DSP linienmodule_fast_b_iir1_z60.
DSP Report: Generating DSP linienmodule_fast_b_iir1_z50, operation Mode is: A2*B2.
DSP Report: register linienmodule_fast_b_iir1_z30 is absorbed into DSP linienmodule_fast_b_iir1_z50.
DSP Report: register linienmodule_fast_b_iir1_b01_reg is absorbed into DSP linienmodule_fast_b_iir1_z50.
DSP Report: operator linienmodule_fast_b_iir1_z50 is absorbed into DSP linienmodule_fast_b_iir1_z50.
DSP Report: operator linienmodule_fast_b_iir1_z50 is absorbed into DSP linienmodule_fast_b_iir1_z50.
DSP Report: Generating DSP linienmodule_fast_b_iir1_z50, operation Mode is: (PCIN>>17)+A2*B2.
DSP Report: register linienmodule_fast_b_iir1_y0_reg is absorbed into DSP linienmodule_fast_b_iir1_z50.
DSP Report: register linienmodule_fast_b_iir1_b01_reg is absorbed into DSP linienmodule_fast_b_iir1_z50.
DSP Report: operator linienmodule_fast_b_iir1_z50 is absorbed into DSP linienmodule_fast_b_iir1_z50.
DSP Report: operator linienmodule_fast_b_iir1_z50 is absorbed into DSP linienmodule_fast_b_iir1_z50.
DSP Report: Generating DSP linienmodule_fast_b_iir1_z40, operation Mode is: A2*B2.
DSP Report: register linienmodule_fast_b_iir1_b11_reg is absorbed into DSP linienmodule_fast_b_iir1_z40.
DSP Report: register linienmodule_fast_b_iir1_z30 is absorbed into DSP linienmodule_fast_b_iir1_z40.
DSP Report: operator linienmodule_fast_b_iir1_z40 is absorbed into DSP linienmodule_fast_b_iir1_z40.
DSP Report: operator linienmodule_fast_b_iir1_z40 is absorbed into DSP linienmodule_fast_b_iir1_z40.
DSP Report: Generating DSP linienmodule_fast_b_iir1_z40, operation Mode is: (PCIN>>17)+A*B2.
DSP Report: register linienmodule_fast_b_iir1_b11_reg is absorbed into DSP linienmodule_fast_b_iir1_z40.
DSP Report: register linienmodule_fast_b_iir1_y0_reg is absorbed into DSP linienmodule_fast_b_iir1_z40.
DSP Report: operator linienmodule_fast_b_iir1_z40 is absorbed into DSP linienmodule_fast_b_iir1_z40.
DSP Report: operator linienmodule_fast_b_iir1_z40 is absorbed into DSP linienmodule_fast_b_iir1_z40.
DSP Report: Generating DSP linienmodule_fast_b_iir1_z30, operation Mode is: A2*B2.
DSP Report: register linienmodule_fast_b_iir1_b2_reg is absorbed into DSP linienmodule_fast_b_iir1_z30.
DSP Report: register linienmodule_fast_b_iir1_z30 is absorbed into DSP linienmodule_fast_b_iir1_z30.
DSP Report: operator linienmodule_fast_b_iir1_z30 is absorbed into DSP linienmodule_fast_b_iir1_z30.
DSP Report: operator linienmodule_fast_b_iir1_z30 is absorbed into DSP linienmodule_fast_b_iir1_z30.
DSP Report: Generating DSP linienmodule_fast_b_iir1_z30, operation Mode is: (PCIN>>17)+A*B2.
DSP Report: register linienmodule_fast_b_iir1_b2_reg is absorbed into DSP linienmodule_fast_b_iir1_z30.
DSP Report: register linienmodule_fast_b_iir1_y0_reg is absorbed into DSP linienmodule_fast_b_iir1_z30.
DSP Report: operator linienmodule_fast_b_iir1_z30 is absorbed into DSP linienmodule_fast_b_iir1_z30.
DSP Report: operator linienmodule_fast_b_iir1_z30 is absorbed into DSP linienmodule_fast_b_iir1_z30.
WARNING: [Synth 8-3917] design top has port adc_clk[1] driven by constant 1
WARNING: [Synth 8-3917] design top has port adc_clk[0] driven by constant 0
WARNING: [Synth 8-3917] design top has port adc_cdcs driven by constant 1
---------------------------------------------------------------------------------
Finished Cross Boundary and Area Optimization : Time (s): cpu = 00:01:22 ; elapsed = 00:01:27 . Memory (MB): peak = 1824.172 ; gain = 1056.629
---------------------------------------------------------------------------------
 Sort Area is top__GCB2 p_1_out_15 : 0 0 : 2570 2570 : Used 1 time 100
 Sort Area is top__GCB2 p_1_out_16 : 0 0 : 2570 2570 : Used 1 time 100
 Sort Area is top__GCB0 p_1_out_7 : 0 0 : 2570 2570 : Used 1 time 100
 Sort Area is top__GCB4 linienmodule_fast_a_iir0_z00_25 : 0 0 : 3449 4806 : Used 1 time 0
 Sort Area is top__GCB4 linienmodule_fast_a_iir0_z00_25 : 0 1 : 1357 4806 : Used 1 time 0
 Sort Area is top__GCB4 linienmodule_fast_a_iir0_z10_26 : 0 0 : 3449 4806 : Used 1 time 0
 Sort Area is top__GCB4 linienmodule_fast_a_iir0_z10_26 : 0 1 : 1357 4806 : Used 1 time 0
 Sort Area is top__GCB4 linienmodule_fast_a_iir0_z20_27 : 0 0 : 3449 4806 : Used 1 time 0
 Sort Area is top__GCB4 linienmodule_fast_a_iir0_z20_27 : 0 1 : 1357 4806 : Used 1 time 0
 Sort Area is top__GCB4 linienmodule_fast_a_iir0_z30_28 : 0 0 : 3449 4806 : Used 1 time 0
 Sort Area is top__GCB4 linienmodule_fast_a_iir0_z30_28 : 0 1 : 1357 4806 : Used 1 time 0
 Sort Area is top__GCB4 linienmodule_fast_a_iir0_z40_29 : 0 0 : 3449 4806 : Used 1 time 0
 Sort Area is top__GCB4 linienmodule_fast_a_iir0_z40_29 : 0 1 : 1357 4806 : Used 1 time 0
 Sort Area is top__GCB4 linienmodule_fast_a_iir0_z50_2a : 0 0 : 3449 4806 : Used 1 time 0
 Sort Area is top__GCB4 linienmodule_fast_a_iir0_z50_2a : 0 1 : 1357 4806 : Used 1 time 0
 Sort Area is top__GCB4 linienmodule_fast_a_iir0_z60_2b : 0 0 : 3449 4806 : Used 1 time 0
 Sort Area is top__GCB4 linienmodule_fast_a_iir0_z60_2b : 0 1 : 1357 4806 : Used 1 time 0
 Sort Area is top__GCB4 linienmodule_fast_a_iir0_z70_2c : 0 0 : 3449 4806 : Used 1 time 0
 Sort Area is top__GCB4 linienmodule_fast_a_iir0_z70_2c : 0 1 : 1357 4806 : Used 1 time 0
 Sort Area is top__GCB4 linienmodule_fast_a_iir1_z00_1d : 0 0 : 3449 4806 : Used 1 time 0
 Sort Area is top__GCB4 linienmodule_fast_a_iir1_z00_1d : 0 1 : 1357 4806 : Used 1 time 0
 Sort Area is top__GCB4 linienmodule_fast_a_iir1_z10_1e : 0 0 : 3449 4806 : Used 1 time 0
 Sort Area is top__GCB4 linienmodule_fast_a_iir1_z10_1e : 0 1 : 1357 4806 : Used 1 time 0
 Sort Area is top__GCB4 linienmodule_fast_a_iir1_z20_1f : 0 0 : 3449 4806 : Used 1 time 0
 Sort Area is top__GCB4 linienmodule_fast_a_iir1_z20_1f : 0 1 : 1357 4806 : Used 1 time 0
 Sort Area is top__GCB4 linienmodule_fast_a_iir1_z30_20 : 0 0 : 3449 4806 : Used 1 time 0
 Sort Area is top__GCB4 linienmodule_fast_a_iir1_z30_20 : 0 1 : 1357 4806 : Used 1 time 0
 Sort Area is top__GCB4 linienmodule_fast_a_iir1_z40_21 : 0 0 : 3449 4806 : Used 1 time 0
 Sort Area is top__GCB4 linienmodule_fast_a_iir1_z40_21 : 0 1 : 1357 4806 : Used 1 time 0
 Sort Area is top__GCB4 linienmodule_fast_a_iir1_z50_22 : 0 0 : 3449 4806 : Used 1 time 0
 Sort Area is top__GCB4 linienmodule_fast_a_iir1_z50_22 : 0 1 : 1357 4806 : Used 1 time 0
 Sort Area is top__GCB4 linienmodule_fast_a_iir1_z60_23 : 0 0 : 3449 4806 : Used 1 time 0
 Sort Area is top__GCB4 linienmodule_fast_a_iir1_z60_23 : 0 1 : 1357 4806 : Used 1 time 0
 Sort Area is top__GCB4 linienmodule_fast_a_iir1_z70_24 : 0 0 : 3449 4806 : Used 1 time 0
 Sort Area is top__GCB4 linienmodule_fast_a_iir1_z70_24 : 0 1 : 1357 4806 : Used 1 time 0
 Sort Area is top__GCB4 linienmodule_fast_b_iir0_z00_2d : 0 0 : 3449 4806 : Used 1 time 0
 Sort Area is top__GCB4 linienmodule_fast_b_iir0_z00_2d : 0 1 : 1357 4806 : Used 1 time 0
 Sort Area is top__GCB4 linienmodule_fast_b_iir0_z10_2e : 0 0 : 3449 4806 : Used 1 time 0
 Sort Area is top__GCB4 linienmodule_fast_b_iir0_z10_2e : 0 1 : 1357 4806 : Used 1 time 0
 Sort Area is top__GCB4 linienmodule_fast_b_iir0_z20_2f : 0 0 : 3449 4806 : Used 1 time 0
 Sort Area is top__GCB4 linienmodule_fast_b_iir0_z20_2f : 0 1 : 1357 4806 : Used 1 time 0
 Sort Area is top__GCB4 linienmodule_fast_b_iir0_z30_30 : 0 0 : 3449 4806 : Used 1 time 0
 Sort Area is top__GCB4 linienmodule_fast_b_iir0_z30_30 : 0 1 : 1357 4806 : Used 1 time 0
 Sort Area is top__GCB4 linienmodule_fast_b_iir0_z40_31 : 0 0 : 3449 4806 : Used 1 time 0
 Sort Area is top__GCB4 linienmodule_fast_b_iir0_z40_31 : 0 1 : 1357 4806 : Used 1 time 0
 Sort Area is top__GCB4 linienmodule_fast_b_iir0_z50_32 : 0 0 : 3449 4806 : Used 1 time 0
 Sort Area is top__GCB4 linienmodule_fast_b_iir0_z50_32 : 0 1 : 1357 4806 : Used 1 time 0
 Sort Area is top__GCB4 linienmodule_fast_b_iir0_z60_33 : 0 0 : 3449 4806 : Used 1 time 0
 Sort Area is top__GCB4 linienmodule_fast_b_iir0_z60_33 : 0 1 : 1357 4806 : Used 1 time 0
 Sort Area is top__GCB4 linienmodule_fast_b_iir0_z70_34 : 0 0 : 3449 4806 : Used 1 time 0
 Sort Area is top__GCB4 linienmodule_fast_b_iir0_z70_34 : 0 1 : 1357 4806 : Used 1 time 0
 Sort Area is top__GCB4 linienmodule_fast_b_iir1_z00_35 : 0 0 : 3449 4806 : Used 1 time 0
 Sort Area is top__GCB4 linienmodule_fast_b_iir1_z00_35 : 0 1 : 1357 4806 : Used 1 time 0
 Sort Area is top__GCB4 linienmodule_fast_b_iir1_z10_36 : 0 0 : 3449 4806 : Used 1 time 0
 Sort Area is top__GCB4 linienmodule_fast_b_iir1_z10_36 : 0 1 : 1357 4806 : Used 1 time 0
 Sort Area is top__GCB4 linienmodule_fast_b_iir1_z20_37 : 0 0 : 3449 4806 : Used 1 time 0
 Sort Area is top__GCB4 linienmodule_fast_b_iir1_z20_37 : 0 1 : 1357 4806 : Used 1 time 0
 Sort Area is top__GCB4 linienmodule_fast_b_iir1_z30_38 : 0 0 : 3449 4806 : Used 1 time 0
 Sort Area is top__GCB4 linienmodule_fast_b_iir1_z30_38 : 0 1 : 1357 4806 : Used 1 time 0
 Sort Area is top__GCB4 linienmodule_fast_b_iir1_z40_39 : 0 0 : 3449 4806 : Used 1 time 0
 Sort Area is top__GCB4 linienmodule_fast_b_iir1_z40_39 : 0 1 : 1357 4806 : Used 1 time 0
 Sort Area is top__GCB4 linienmodule_fast_b_iir1_z50_3a : 0 0 : 3449 4806 : Used 1 time 0
 Sort Area is top__GCB4 linienmodule_fast_b_iir1_z50_3a : 0 1 : 1357 4806 : Used 1 time 0
 Sort Area is top__GCB4 linienmodule_fast_b_iir1_z60_3b : 0 0 : 3449 4806 : Used 1 time 0
 Sort Area is top__GCB4 linienmodule_fast_b_iir1_z60_3b : 0 1 : 1357 4806 : Used 1 time 0
 Sort Area is top__GCB4 linienmodule_fast_b_iir1_z70_3c : 0 0 : 3449 4806 : Used 1 time 0
 Sort Area is top__GCB4 linienmodule_fast_b_iir1_z70_3c : 0 1 : 1357 4806 : Used 1 time 0
 Sort Area is top__GCB3 linienmodule_raw_acquisition_iir_z00_17 : 0 0 : 3449 4806 : Used 1 time 0
 Sort Area is top__GCB3 linienmodule_raw_acquisition_iir_z00_17 : 0 1 : 1357 4806 : Used 1 time 0
 Sort Area is top__GCB0 linienmodule_raw_acquisition_iir_z100_4 : 0 0 : 3449 4806 : Used 1 time 0
 Sort Area is top__GCB0 linienmodule_raw_acquisition_iir_z100_4 : 0 1 : 1357 4806 : Used 1 time 0
 Sort Area is top__GCB3 linienmodule_raw_acquisition_iir_z10_18 : 0 0 : 3449 4806 : Used 1 time 0
 Sort Area is top__GCB3 linienmodule_raw_acquisition_iir_z10_18 : 0 1 : 1357 4806 : Used 1 time 0
 Sort Area is top__GCB3 linienmodule_raw_acquisition_iir_z20_19 : 0 0 : 3449 4806 : Used 1 time 0
 Sort Area is top__GCB3 linienmodule_raw_acquisition_iir_z20_19 : 0 1 : 1357 4806 : Used 1 time 0
 Sort Area is top__GCB3 linienmodule_raw_acquisition_iir_z30_1a : 0 0 : 3449 4806 : Used 1 time 0
 Sort Area is top__GCB3 linienmodule_raw_acquisition_iir_z30_1a : 0 1 : 1357 4806 : Used 1 time 0
 Sort Area is top__GCB3 linienmodule_raw_acquisition_iir_z40_1b : 0 0 : 3449 4806 : Used 1 time 0
 Sort Area is top__GCB3 linienmodule_raw_acquisition_iir_z40_1b : 0 1 : 1357 4806 : Used 1 time 0
 Sort Area is top__GCB3 linienmodule_raw_acquisition_iir_z50_1c : 0 0 : 3449 4806 : Used 1 time 0
 Sort Area is top__GCB3 linienmodule_raw_acquisition_iir_z50_1c : 0 1 : 1357 4806 : Used 1 time 0
 Sort Area is top__GCB2 linienmodule_raw_acquisition_iir_z60_11 : 0 0 : 3449 4806 : Used 1 time 0
 Sort Area is top__GCB2 linienmodule_raw_acquisition_iir_z60_11 : 0 1 : 1357 4806 : Used 1 time 0
 Sort Area is top__GCB2 linienmodule_raw_acquisition_iir_z70_12 : 0 0 : 3449 4806 : Used 1 time 0
 Sort Area is top__GCB2 linienmodule_raw_acquisition_iir_z70_12 : 0 1 : 1357 4806 : Used 1 time 0
 Sort Area is top__GCB2 linienmodule_raw_acquisition_iir_z80_13 : 0 0 : 3449 4806 : Used 1 time 0
 Sort Area is top__GCB2 linienmodule_raw_acquisition_iir_z80_13 : 0 1 : 1357 4806 : Used 1 time 0
 Sort Area is top__GCB2 linienmodule_raw_acquisition_iir_z90_14 : 0 0 : 3449 4806 : Used 1 time 0
 Sort Area is top__GCB2 linienmodule_raw_acquisition_iir_z90_14 : 0 1 : 1357 4806 : Used 1 time 0
 Sort Area is top__GCB2 mult_reg0_e : 0 0 : 2027 3813 : Used 1 time 0
 Sort Area is top__GCB2 mult_reg0_e : 0 1 : 1786 3813 : Used 1 time 0
 Sort Area is top__GCB1 linienmodule_mixed2_b : 0 0 : 1654 1959 : Used 1 time 0
 Sort Area is top__GCB1 linienmodule_mixed2_b : 0 1 : 305 1959 : Used 1 time 0
 Sort Area is top__GCB1 linienmodule_mixed2_9 : 0 0 : 1583 1583 : Used 1 time 0
 Sort Area is top__GCB0 linienmodule_slowchain_kd_mult_2 : 0 0 : 1578 1578 : Used 1 time 0
 Sort Area is top__GCB0 linienmodule_slowchain_ki_mult0_3 : 0 0 : 1578 1578 : Used 1 time 0
 Sort Area is top__GCB0 linienmodule_slowchain_kp_mult_0 : 0 0 : 1578 1578 : Used 1 time 0
---------------------------------------------------------------------------------
Start ROM, RAM, DSP, Shift Register and Retiming Reporting
---------------------------------------------------------------------------------

Block RAM: Preliminary Mapping Report (see note below)
+---------------------+-----------------------------------+------------------------+---+---+------------------------+---+---+------------------+--------+--------+
|Module Name          | RTL Object                        | PORT A (Depth x Width) | W | R | PORT B (Depth x Width) | W | R | Ports driving FF | RAMB18 | RAMB36 | 
+---------------------+-----------------------------------+------------------------+---+---+------------------------+---+---+------------------+--------+--------+
|top                  | sequence_top/fsm_reg_file/mem_reg | 512 x 32(READ_FIRST)   | W |   | 512 x 32(WRITE_FIRST)  |   | R | Port A and B     | 1      | 0      | 
|top                  | sequence_top/BRAM/mem_reg         | 1 K x 14(READ_FIRST)   | W |   | 1 K x 14(WRITE_FIRST)  |   | R | Port A and B     | 1      | 0      | 
|i_3/red_pitaya_scope | adc_a_buf_reg                     | 16 K x 14(READ_FIRST)  | W |   | 16 K x 14(WRITE_FIRST) |   | R | Port A and B     | 0      | 7      | 
|i_3/red_pitaya_scope | adc_b_buf_reg                     | 16 K x 14(READ_FIRST)  | W |   | 16 K x 14(WRITE_FIRST) |   | R | Port A and B     | 0      | 7      | 
|i_3/red_pitaya_scope | adc_a_q_buf_reg                   | 16 K x 14(READ_FIRST)  | W |   | 16 K x 14(WRITE_FIRST) |   | R | Port A and B     | 0      | 7      | 
|i_3/red_pitaya_scope | adc_b_q_buf_reg                   | 16 K x 14(READ_FIRST)  | W |   | 16 K x 14(WRITE_FIRST) |   | R | Port A and B     | 0      | 7      | 
+---------------------+-----------------------------------+------------------------+---+---+------------------------+---+---+------------------+--------+--------+

Note: The table above is a preliminary report that shows the Block RAMs at the current stage of the synthesis flow. Some Block RAMs may be reimplemented as non Block RAM primitives later in the synthesis flow. Multiple instantiated Block RAMs are reported only once. 

DSP: Preliminary Mapping Report (see note below. The ' indicates corresponding REG is set)
+------------+-----------------------+--------+--------+--------+--------+--------+------+------+------+------+-------+------+------+
|Module Name | DSP Mapping           | A Size | B Size | C Size | D Size | P Size | AREG | BREG | CREG | DREG | ADREG | MREG | PREG | 
+------------+-----------------------+--------+--------+--------+--------+--------+------+------+------+------+-------+------+------+
|top         | A*B                   | 15     | 14     | -      | -      | 29     | 0    | 0    | -    | -    | -     | 0    | 0    | 
|top         | A*B                   | 15     | 14     | -      | -      | 29     | 0    | 0    | -    | -    | -     | 0    | 0    | 
|top         | A*B                   | 15     | 14     | -      | -      | 29     | 0    | 0    | -    | -    | -     | 0    | 0    | 
|top         | A2*B2                 | 25     | 18     | -      | -      | 48     | 1    | 1    | -    | -    | -     | 0    | 0    | 
|top         | (PCIN>>17)+A2*B2      | 25     | 8      | -      | -      | 33     | 1    | 1    | -    | -    | -     | 0    | 0    | 
|top         | (C or 0)+A*B          | 25     | 14     | 13     | -      | 39     | 0    | 0    | 0    | -    | -     | 0    | 0    | 
|top         | (0 or C')+(A2*B or 0) | 25     | 10     | 35     | -      | 35     | 1    | 0    | 1    | -    | -     | 0    | 0    | 
|top         | A2*B                  | 25     | 10     | -      | -      | 35     | 1    | 0    | -    | -    | -     | 0    | 0    | 
|top         | PCIN+A2:B+C           | 15     | 18     | 36     | -      | -1     | 1    | 0    | 0    | -    | -     | 0    | 0    | 
|sinusoid    | A2*B2                 | 18     | 14     | -      | -      | 48     | 1    | 1    | -    | -    | -     | 0    | 0    | 
|sinusoid    | (PCIN>>17)+A*B2       | 15     | 14     | -      | -      | 48     | 0    | 1    | -    | -    | -     | 0    | 1    | 
|top         | A2*B2                 | 25     | 18     | -      | -      | 48     | 1    | 1    | -    | -    | -     | 0    | 0    | 
|top         | (PCIN>>17)+A2*B2      | 25     | 8      | -      | -      | 33     | 1    | 1    | -    | -    | -     | 0    | 0    | 
|top         | A2*B2                 | 25     | 18     | -      | -      | 48     | 1    | 1    | -    | -    | -     | 0    | 0    | 
|top         | (PCIN>>17)+A2*B2      | 25     | 8      | -      | -      | 33     | 1    | 1    | -    | -    | -     | 0    | 0    | 
|top         | A2*B2                 | 25     | 18     | -      | -      | 48     | 1    | 1    | -    | -    | -     | 0    | 0    | 
|top         | (PCIN>>17)+A*B2       | 25     | 8      | -      | -      | 33     | 1    | 1    | -    | -    | -     | 0    | 0    | 
|top         | A2*B2                 | 25     | 18     | -      | -      | 48     | 1    | 1    | -    | -    | -     | 0    | 0    | 
|top         | (PCIN>>17)+A*B2       | 25     | 8      | -      | -      | 33     | 1    | 1    | -    | -    | -     | 0    | 0    | 
|top         | (C or 0)+A*B          | 25     | 14     | 13     | -      | 39     | 0    | 0    | 0    | -    | -     | 0    | 0    | 
|top         | (C or 0)+A*B          | 25     | 14     | 13     | -      | 39     | 0    | 0    | 0    | -    | -     | 0    | 0    | 
|top         | A2*B2                 | 25     | 18     | -      | -      | 48     | 1    | 1    | -    | -    | -     | 0    | 0    | 
|top         | (PCIN>>17)+A2*B2      | 25     | 8      | -      | -      | 33     | 1    | 1    | -    | -    | -     | 0    | 0    | 
|top         | A2*B2                 | 25     | 18     | -      | -      | 48     | 1    | 1    | -    | -    | -     | 0    | 0    | 
|top         | (PCIN>>17)+A2*B2      | 25     | 8      | -      | -      | 33     | 1    | 1    | -    | -    | -     | 0    | 0    | 
|top         | A2*B2                 | 25     | 18     | -      | -      | 48     | 1    | 1    | -    | -    | -     | 0    | 0    | 
|top         | (PCIN>>17)+A2*B2      | 25     | 8      | -      | -      | 33     | 1    | 1    | -    | -    | -     | 0    | 0    | 
|top         | A2*B2                 | 25     | 18     | -      | -      | 48     | 1    | 1    | -    | -    | -     | 0    | 0    | 
|top         | (PCIN>>17)+A2*B2      | 25     | 8      | -      | -      | 33     | 1    | 1    | -    | -    | -     | 0    | 0    | 
|top         | A2*B2                 | 25     | 18     | -      | -      | 48     | 1    | 1    | -    | -    | -     | 0    | 0    | 
|top         | (PCIN>>17)+A2*B2      | 25     | 8      | -      | -      | 33     | 1    | 1    | -    | -    | -     | 0    | 0    | 
|top         | A2*B2                 | 25     | 18     | -      | -      | 48     | 1    | 1    | -    | -    | -     | 0    | 0    | 
|top         | (PCIN>>17)+A2*B2      | 25     | 8      | -      | -      | 33     | 1    | 1    | -    | -    | -     | 0    | 0    | 
|top         | A2*B2                 | 25     | 18     | -      | -      | 48     | 1    | 1    | -    | -    | -     | 0    | 0    | 
|top         | (PCIN>>17)+A2*B2      | 25     | 8      | -      | -      | 33     | 1    | 1    | -    | -    | -     | 0    | 0    | 
|top         | A2*B2                 | 25     | 18     | -      | -      | 48     | 1    | 1    | -    | -    | -     | 0    | 0    | 
|top         | (PCIN>>17)+A2*B2      | 25     | 8      | -      | -      | 33     | 1    | 1    | -    | -    | -     | 0    | 0    | 
|top         | A2*B2                 | 25     | 18     | -      | -      | 48     | 1    | 1    | -    | -    | -     | 0    | 0    | 
|top         | (PCIN>>17)+A2*B2      | 25     | 8      | -      | -      | 33     | 1    | 1    | -    | -    | -     | 0    | 0    | 
|top         | A2*B2                 | 25     | 18     | -      | -      | 48     | 1    | 1    | -    | -    | -     | 0    | 0    | 
|top         | (PCIN>>17)+A2*B2      | 25     | 8      | -      | -      | 33     | 1    | 1    | -    | -    | -     | 0    | 0    | 
|top         | A2*B2                 | 25     | 18     | -      | -      | 48     | 1    | 1    | -    | -    | -     | 0    | 0    | 
|top         | (PCIN>>17)+A2*B2      | 25     | 8      | -      | -      | 33     | 1    | 1    | -    | -    | -     | 0    | 0    | 
|top         | A2*B2                 | 25     | 18     | -      | -      | 48     | 1    | 1    | -    | -    | -     | 0    | 0    | 
|top         | (PCIN>>17)+A2*B2      | 25     | 8      | -      | -      | 33     | 1    | 1    | -    | -    | -     | 0    | 0    | 
|top         | A2*B2                 | 25     | 18     | -      | -      | 48     | 1    | 1    | -    | -    | -     | 0    | 0    | 
|top         | (PCIN>>17)+A*B2       | 25     | 8      | -      | -      | 33     | 1    | 1    | -    | -    | -     | 0    | 0    | 
|top         | A2*B2                 | 25     | 18     | -      | -      | 48     | 1    | 1    | -    | -    | -     | 0    | 0    | 
|top         | (PCIN>>17)+A*B2       | 25     | 8      | -      | -      | 33     | 1    | 1    | -    | -    | -     | 0    | 0    | 
|top         | A2*B2                 | 25     | 18     | -      | -      | 48     | 1    | 1    | -    | -    | -     | 0    | 0    | 
|top         | (PCIN>>17)+A2*B2      | 25     | 8      | -      | -      | 33     | 1    | 1    | -    | -    | -     | 0    | 0    | 
|top         | A2*B2                 | 25     | 18     | -      | -      | 48     | 1    | 1    | -    | -    | -     | 0    | 0    | 
|top         | (PCIN>>17)+A2*B2      | 25     | 8      | -      | -      | 33     | 1    | 1    | -    | -    | -     | 0    | 0    | 
|top         | A2*B2                 | 25     | 18     | -      | -      | 48     | 1    | 1    | -    | -    | -     | 0    | 0    | 
|top         | (PCIN>>17)+A2*B2      | 25     | 8      | -      | -      | 33     | 1    | 1    | -    | -    | -     | 0    | 0    | 
|top         | A2*B2                 | 25     | 18     | -      | -      | 48     | 1    | 1    | -    | -    | -     | 0    | 0    | 
|top         | (PCIN>>17)+A2*B2      | 25     | 8      | -      | -      | 33     | 1    | 1    | -    | -    | -     | 0    | 0    | 
|top         | A2*B2                 | 25     | 18     | -      | -      | 48     | 1    | 1    | -    | -    | -     | 0    | 0    | 
|top         | (PCIN>>17)+A2*B2      | 25     | 8      | -      | -      | 33     | 1    | 1    | -    | -    | -     | 0    | 0    | 
|top         | A2*B2                 | 25     | 18     | -      | -      | 48     | 1    | 1    | -    | -    | -     | 0    | 0    | 
|top         | (PCIN>>17)+A2*B2      | 25     | 8      | -      | -      | 33     | 1    | 1    | -    | -    | -     | 0    | 0    | 
|top         | A2*B2                 | 25     | 18     | -      | -      | 48     | 1    | 1    | -    | -    | -     | 0    | 0    | 
|top         | (PCIN>>17)+A*B2       | 25     | 8      | -      | -      | 33     | 1    | 1    | -    | -    | -     | 0    | 0    | 
|top         | A2*B2                 | 25     | 18     | -      | -      | 48     | 1    | 1    | -    | -    | -     | 0    | 0    | 
|top         | (PCIN>>17)+A*B2       | 25     | 8      | -      | -      | 33     | 1    | 1    | -    | -    | -     | 0    | 0    | 
|top         | A2*B2                 | 25     | 18     | -      | -      | 48     | 1    | 1    | -    | -    | -     | 0    | 0    | 
|top         | (PCIN>>17)+A2*B2      | 25     | 8      | -      | -      | 33     | 1    | 1    | -    | -    | -     | 0    | 0    | 
|top         | A2*B2                 | 25     | 18     | -      | -      | 48     | 1    | 1    | -    | -    | -     | 0    | 0    | 
|top         | (PCIN>>17)+A2*B2      | 25     | 8      | -      | -      | 33     | 1    | 1    | -    | -    | -     | 0    | 0    | 
|top         | A2*B2                 | 25     | 18     | -      | -      | 48     | 1    | 1    | -    | -    | -     | 0    | 0    | 
|top         | (PCIN>>17)+A2*B2      | 25     | 8      | -      | -      | 33     | 1    | 1    | -    | -    | -     | 0    | 0    | 
|top         | A2*B2                 | 25     | 18     | -      | -      | 48     | 1    | 1    | -    | -    | -     | 0    | 0    | 
|top         | (PCIN>>17)+A2*B2      | 25     | 8      | -      | -      | 33     | 1    | 1    | -    | -    | -     | 0    | 0    | 
|top         | A2*B2                 | 25     | 18     | -      | -      | 48     | 1    | 1    | -    | -    | -     | 0    | 0    | 
|top         | (PCIN>>17)+A2*B2      | 25     | 8      | -      | -      | 33     | 1    | 1    | -    | -    | -     | 0    | 0    | 
|top         | A2*B2                 | 25     | 18     | -      | -      | 48     | 1    | 1    | -    | -    | -     | 0    | 0    | 
|top         | (PCIN>>17)+A2*B2      | 25     | 8      | -      | -      | 33     | 1    | 1    | -    | -    | -     | 0    | 0    | 
|top         | A2*B2                 | 25     | 18     | -      | -      | 48     | 1    | 1    | -    | -    | -     | 0    | 0    | 
|top         | (PCIN>>17)+A*B2       | 25     | 8      | -      | -      | 33     | 1    | 1    | -    | -    | -     | 0    | 0    | 
|top         | A2*B2                 | 25     | 18     | -      | -      | 48     | 1    | 1    | -    | -    | -     | 0    | 0    | 
|top         | (PCIN>>17)+A*B2       | 25     | 8      | -      | -      | 33     | 1    | 1    | -    | -    | -     | 0    | 0    | 
|top         | A2*B2                 | 25     | 18     | -      | -      | 48     | 1    | 1    | -    | -    | -     | 0    | 0    | 
|top         | (PCIN>>17)+A2*B2      | 25     | 8      | -      | -      | 33     | 1    | 1    | -    | -    | -     | 0    | 0    | 
|top         | A2*B2                 | 25     | 18     | -      | -      | 48     | 1    | 1    | -    | -    | -     | 0    | 0    | 
|top         | (PCIN>>17)+A2*B2      | 25     | 8      | -      | -      | 33     | 1    | 1    | -    | -    | -     | 0    | 0    | 
|top         | A2*B2                 | 25     | 18     | -      | -      | 48     | 1    | 1    | -    | -    | -     | 0    | 0    | 
|top         | (PCIN>>17)+A2*B2      | 25     | 8      | -      | -      | 33     | 1    | 1    | -    | -    | -     | 0    | 0    | 
|top         | A2*B2                 | 25     | 18     | -      | -      | 48     | 1    | 1    | -    | -    | -     | 0    | 0    | 
|top         | (PCIN>>17)+A2*B2      | 25     | 8      | -      | -      | 33     | 1    | 1    | -    | -    | -     | 0    | 0    | 
|top         | A2*B2                 | 25     | 18     | -      | -      | 48     | 1    | 1    | -    | -    | -     | 0    | 0    | 
|top         | (PCIN>>17)+A2*B2      | 25     | 8      | -      | -      | 33     | 1    | 1    | -    | -    | -     | 0    | 0    | 
|top         | A2*B2                 | 25     | 18     | -      | -      | 48     | 1    | 1    | -    | -    | -     | 0    | 0    | 
|top         | (PCIN>>17)+A2*B2      | 25     | 8      | -      | -      | 33     | 1    | 1    | -    | -    | -     | 0    | 0    | 
|top         | A2*B2                 | 25     | 18     | -      | -      | 48     | 1    | 1    | -    | -    | -     | 0    | 0    | 
|top         | (PCIN>>17)+A*B2       | 25     | 8      | -      | -      | 33     | 1    | 1    | -    | -    | -     | 0    | 0    | 
|top         | A2*B2                 | 25     | 18     | -      | -      | 48     | 1    | 1    | -    | -    | -     | 0    | 0    | 
|top         | (PCIN>>17)+A*B2       | 25     | 8      | -      | -      | 33     | 1    | 1    | -    | -    | -     | 0    | 0    | 
+------------+-----------------------+--------+--------+--------+--------+--------+------+------+------+------+-------+------+------+

Note: The table above is a preliminary report that shows the DSPs inferred at the current stage of the synthesis flow. Some DSP may be reimplemented as non DSP primitives later in the synthesis flow. Multiple instantiated DSPs are reported only once.
---------------------------------------------------------------------------------
Finished ROM, RAM, DSP, Shift Register and Retiming Reporting
---------------------------------------------------------------------------------
---------------------------------------------------------------------------------
Start Applying XDC Timing Constraints
---------------------------------------------------------------------------------
---------------------------------------------------------------------------------
Finished Applying XDC Timing Constraints : Time (s): cpu = 00:01:32 ; elapsed = 00:01:39 . Memory (MB): peak = 1970.301 ; gain = 1202.758
---------------------------------------------------------------------------------
---------------------------------------------------------------------------------
Start Timing Optimization
---------------------------------------------------------------------------------
---------------------------------------------------------------------------------
Finished Timing Optimization : Time (s): cpu = 00:02:54 ; elapsed = 00:03:04 . Memory (MB): peak = 2313.617 ; gain = 1546.074
---------------------------------------------------------------------------------
---------------------------------------------------------------------------------
Start ROM, RAM, DSP, Shift Register and Retiming Reporting
---------------------------------------------------------------------------------

Block RAM: Final Mapping Report
+---------------------+-----------------------------------+------------------------+---+---+------------------------+---+---+------------------+--------+--------+
|Module Name          | RTL Object                        | PORT A (Depth x Width) | W | R | PORT B (Depth x Width) | W | R | Ports driving FF | RAMB18 | RAMB36 | 
+---------------------+-----------------------------------+------------------------+---+---+------------------------+---+---+------------------+--------+--------+
|i_3/red_pitaya_scope | adc_a_buf_reg                     | 16 K x 14(READ_FIRST)  | W |   | 16 K x 14(WRITE_FIRST) |   | R | Port A and B     | 0      | 7      | 
|i_3/red_pitaya_scope | adc_b_buf_reg                     | 16 K x 14(READ_FIRST)  | W |   | 16 K x 14(WRITE_FIRST) |   | R | Port A and B     | 0      | 7      | 
|i_3/red_pitaya_scope | adc_a_q_buf_reg                   | 16 K x 14(READ_FIRST)  | W |   | 16 K x 14(WRITE_FIRST) |   | R | Port A and B     | 0      | 7      | 
|i_3/red_pitaya_scope | adc_b_q_buf_reg                   | 16 K x 14(READ_FIRST)  | W |   | 16 K x 14(WRITE_FIRST) |   | R | Port A and B     | 0      | 7      | 
|top                  | sequence_top/fsm_reg_file/mem_reg | 512 x 32(READ_FIRST)   | W |   | 512 x 32(WRITE_FIRST)  |   | R | Port A and B     | 1      | 0      | 
|top                  | sequence_top/BRAM/mem_reg         | 1 K x 14(READ_FIRST)   | W |   | 1 K x 14(WRITE_FIRST)  |   | R | Port A and B     | 1      | 0      | 
+---------------------+-----------------------------------+------------------------+---+---+------------------------+---+---+------------------+--------+--------+

---------------------------------------------------------------------------------
Finished ROM, RAM, DSP, Shift Register and Retiming Reporting
---------------------------------------------------------------------------------
---------------------------------------------------------------------------------
Start Technology Mapping
---------------------------------------------------------------------------------
INFO: [Synth 8-7052] The timing for the instance red_pitaya_scope/adc_a_buf_reg_0 (implemented as a Block RAM) might be sub-optimal as no optional output register could be merged into the ram block. Providing additional output register may help in improving timing.
INFO: [Synth 8-7052] The timing for the instance red_pitaya_scope/adc_a_buf_reg_1 (implemented as a Block RAM) might be sub-optimal as no optional output register could be merged into the ram block. Providing additional output register may help in improving timing.
INFO: [Synth 8-7052] The timing for the instance red_pitaya_scope/adc_a_buf_reg_2 (implemented as a Block RAM) might be sub-optimal as no optional output register could be merged into the ram block. Providing additional output register may help in improving timing.
INFO: [Synth 8-7052] The timing for the instance red_pitaya_scope/adc_a_buf_reg_3 (implemented as a Block RAM) might be sub-optimal as no optional output register could be merged into the ram block. Providing additional output register may help in improving timing.
INFO: [Synth 8-7052] The timing for the instance red_pitaya_scope/adc_a_buf_reg_4 (implemented as a Block RAM) might be sub-optimal as no optional output register could be merged into the ram block. Providing additional output register may help in improving timing.
INFO: [Synth 8-7052] The timing for the instance red_pitaya_scope/adc_a_buf_reg_5 (implemented as a Block RAM) might be sub-optimal as no optional output register could be merged into the ram block. Providing additional output register may help in improving timing.
INFO: [Synth 8-7052] The timing for the instance red_pitaya_scope/adc_a_buf_reg_6 (implemented as a Block RAM) might be sub-optimal as no optional output register could be merged into the ram block. Providing additional output register may help in improving timing.
INFO: [Synth 8-7052] The timing for the instance red_pitaya_scope/adc_b_buf_reg_0 (implemented as a Block RAM) might be sub-optimal as no optional output register could be merged into the ram block. Providing additional output register may help in improving timing.
INFO: [Synth 8-7052] The timing for the instance red_pitaya_scope/adc_b_buf_reg_1 (implemented as a Block RAM) might be sub-optimal as no optional output register could be merged into the ram block. Providing additional output register may help in improving timing.
INFO: [Synth 8-7052] The timing for the instance red_pitaya_scope/adc_b_buf_reg_2 (implemented as a Block RAM) might be sub-optimal as no optional output register could be merged into the ram block. Providing additional output register may help in improving timing.
INFO: [Synth 8-7052] The timing for the instance red_pitaya_scope/adc_b_buf_reg_3 (implemented as a Block RAM) might be sub-optimal as no optional output register could be merged into the ram block. Providing additional output register may help in improving timing.
INFO: [Synth 8-7052] The timing for the instance red_pitaya_scope/adc_b_buf_reg_4 (implemented as a Block RAM) might be sub-optimal as no optional output register could be merged into the ram block. Providing additional output register may help in improving timing.
INFO: [Synth 8-7052] The timing for the instance red_pitaya_scope/adc_b_buf_reg_5 (implemented as a Block RAM) might be sub-optimal as no optional output register could be merged into the ram block. Providing additional output register may help in improving timing.
INFO: [Synth 8-7052] The timing for the instance red_pitaya_scope/adc_b_buf_reg_6 (implemented as a Block RAM) might be sub-optimal as no optional output register could be merged into the ram block. Providing additional output register may help in improving timing.
INFO: [Synth 8-7052] The timing for the instance red_pitaya_scope/adc_a_q_buf_reg_0 (implemented as a Block RAM) might be sub-optimal as no optional output register could be merged into the ram block. Providing additional output register may help in improving timing.
INFO: [Synth 8-7052] The timing for the instance red_pitaya_scope/adc_a_q_buf_reg_1 (implemented as a Block RAM) might be sub-optimal as no optional output register could be merged into the ram block. Providing additional output register may help in improving timing.
INFO: [Synth 8-7052] The timing for the instance red_pitaya_scope/adc_a_q_buf_reg_2 (implemented as a Block RAM) might be sub-optimal as no optional output register could be merged into the ram block. Providing additional output register may help in improving timing.
INFO: [Synth 8-7052] The timing for the instance red_pitaya_scope/adc_a_q_buf_reg_3 (implemented as a Block RAM) might be sub-optimal as no optional output register could be merged into the ram block. Providing additional output register may help in improving timing.
INFO: [Synth 8-7052] The timing for the instance red_pitaya_scope/adc_a_q_buf_reg_4 (implemented as a Block RAM) might be sub-optimal as no optional output register could be merged into the ram block. Providing additional output register may help in improving timing.
INFO: [Synth 8-7052] The timing for the instance red_pitaya_scope/adc_a_q_buf_reg_5 (implemented as a Block RAM) might be sub-optimal as no optional output register could be merged into the ram block. Providing additional output register may help in improving timing.
INFO: [Synth 8-7052] The timing for the instance red_pitaya_scope/adc_a_q_buf_reg_6 (implemented as a Block RAM) might be sub-optimal as no optional output register could be merged into the ram block. Providing additional output register may help in improving timing.
INFO: [Synth 8-7052] The timing for the instance red_pitaya_scope/adc_b_q_buf_reg_0 (implemented as a Block RAM) might be sub-optimal as no optional output register could be merged into the ram block. Providing additional output register may help in improving timing.
INFO: [Synth 8-7052] The timing for the instance red_pitaya_scope/adc_b_q_buf_reg_1 (implemented as a Block RAM) might be sub-optimal as no optional output register could be merged into the ram block. Providing additional output register may help in improving timing.
INFO: [Synth 8-7052] The timing for the instance red_pitaya_scope/adc_b_q_buf_reg_2 (implemented as a Block RAM) might be sub-optimal as no optional output register could be merged into the ram block. Providing additional output register may help in improving timing.
INFO: [Synth 8-7052] The timing for the instance red_pitaya_scope/adc_b_q_buf_reg_3 (implemented as a Block RAM) might be sub-optimal as no optional output register could be merged into the ram block. Providing additional output register may help in improving timing.
INFO: [Synth 8-7052] The timing for the instance red_pitaya_scope/adc_b_q_buf_reg_4 (implemented as a Block RAM) might be sub-optimal as no optional output register could be merged into the ram block. Providing additional output register may help in improving timing.
INFO: [Synth 8-7052] The timing for the instance red_pitaya_scope/adc_b_q_buf_reg_5 (implemented as a Block RAM) might be sub-optimal as no optional output register could be merged into the ram block. Providing additional output register may help in improving timing.
INFO: [Synth 8-7052] The timing for the instance red_pitaya_scope/adc_b_q_buf_reg_6 (implemented as a Block RAM) might be sub-optimal as no optional output register could be merged into the ram block. Providing additional output register may help in improving timing.
INFO: [Synth 8-7052] The timing for the instance sequence_top/fsm_reg_file/mem_reg (implemented as a Block RAM) might be sub-optimal as no optional output register could be merged into the ram block. Providing additional output register may help in improving timing.
INFO: [Synth 8-7052] The timing for the instance sequence_top/u_sinusoid/sin_lut/o_rd_data_reg (implemented as a Block RAM) might be sub-optimal as no optional output register could be merged into the ram block. Providing additional output register may help in improving timing.
---------------------------------------------------------------------------------
Finished Technology Mapping : Time (s): cpu = 00:03:08 ; elapsed = 00:03:19 . Memory (MB): peak = 2327.586 ; gain = 1560.043
---------------------------------------------------------------------------------
---------------------------------------------------------------------------------
Start IO Insertion
---------------------------------------------------------------------------------
---------------------------------------------------------------------------------
Start Flattening Before IO Insertion
---------------------------------------------------------------------------------
---------------------------------------------------------------------------------
Finished Flattening Before IO Insertion
---------------------------------------------------------------------------------
---------------------------------------------------------------------------------
Start Final Netlist Cleanup
---------------------------------------------------------------------------------
---------------------------------------------------------------------------------
Finished Final Netlist Cleanup
---------------------------------------------------------------------------------
---------------------------------------------------------------------------------
Finished IO Insertion : Time (s): cpu = 00:03:15 ; elapsed = 00:03:26 . Memory (MB): peak = 2379.098 ; gain = 1611.555
---------------------------------------------------------------------------------
---------------------------------------------------------------------------------
Start Renaming Generated Instances
---------------------------------------------------------------------------------
---------------------------------------------------------------------------------
Finished Renaming Generated Instances : Time (s): cpu = 00:03:15 ; elapsed = 00:03:26 . Memory (MB): peak = 2379.098 ; gain = 1611.555
---------------------------------------------------------------------------------
---------------------------------------------------------------------------------
Start Rebuilding User Hierarchy
---------------------------------------------------------------------------------
---------------------------------------------------------------------------------
Finished Rebuilding User Hierarchy : Time (s): cpu = 00:03:18 ; elapsed = 00:03:30 . Memory (MB): peak = 2379.098 ; gain = 1611.555
---------------------------------------------------------------------------------
---------------------------------------------------------------------------------
Start Renaming Generated Ports
---------------------------------------------------------------------------------
---------------------------------------------------------------------------------
Finished Renaming Generated Ports : Time (s): cpu = 00:03:18 ; elapsed = 00:03:30 . Memory (MB): peak = 2379.098 ; gain = 1611.555
---------------------------------------------------------------------------------
---------------------------------------------------------------------------------
Start Handling Custom Attributes
---------------------------------------------------------------------------------
---------------------------------------------------------------------------------
Finished Handling Custom Attributes : Time (s): cpu = 00:03:19 ; elapsed = 00:03:30 . Memory (MB): peak = 2379.098 ; gain = 1611.555
---------------------------------------------------------------------------------
---------------------------------------------------------------------------------
Start Renaming Generated Nets
---------------------------------------------------------------------------------
---------------------------------------------------------------------------------
Finished Renaming Generated Nets : Time (s): cpu = 00:03:19 ; elapsed = 00:03:30 . Memory (MB): peak = 2379.098 ; gain = 1611.555
---------------------------------------------------------------------------------
---------------------------------------------------------------------------------
Start Writing Synthesis Report
---------------------------------------------------------------------------------

DSP Final Report (the ' indicates corresponding REG is set)
+------------+-------------------+--------+--------+--------+--------+--------+------+------+------+------+-------+------+------+
|Module Name | DSP Mapping       | A Size | B Size | C Size | D Size | P Size | AREG | BREG | CREG | DREG | ADREG | MREG | PREG | 
+------------+-------------------+--------+--------+--------+--------+--------+------+------+------+------+-------+------+------+
|top         | Dynamic           | -      | -      | -      | -      | 0      | -    | -    | -    | -    | -     | 0    | 0    | 
|top         | A'*B              | 30     | 9      | -      | -      | 35     | 1    | 0    | -    | -    | -     | 0    | 0    | 
|top         | Dynamic           | -      | -      | -      | -      | 37     | -    | -    | -    | -    | -     | 0    | 0    | 
|top         | A'*B'             | 30     | 17     | -      | -      | 48     | 1    | 1    | -    | -    | -     | 0    | 0    | 
|top         | PCIN>>17+A'*B'    | 30     | 18     | -      | -      | 33     | 1    | 1    | -    | -    | -     | 0    | 0    | 
|top         | A'*B'             | 30     | 17     | -      | -      | 48     | 1    | 1    | -    | -    | -     | 0    | 0    | 
|top         | PCIN>>17+A'*B'    | 30     | 18     | -      | -      | 33     | 1    | 1    | -    | -    | -     | 0    | 0    | 
|top         | A'*B'             | 30     | 17     | -      | -      | 48     | 1    | 1    | -    | -    | -     | 0    | 0    | 
|top         | PCIN>>17+A'*B'    | 30     | 18     | -      | -      | 33     | 1    | 1    | -    | -    | -     | 0    | 0    | 
|top         | A'*B'             | 30     | 17     | -      | -      | 48     | 1    | 1    | -    | -    | -     | 0    | 0    | 
|top         | PCIN>>17+A'*B'    | 30     | 18     | -      | -      | 33     | 1    | 1    | -    | -    | -     | 0    | 0    | 
|top         | A'*B'             | 30     | 17     | -      | -      | 48     | 1    | 1    | -    | -    | -     | 0    | 0    | 
|top         | PCIN>>17+A'*B'    | 30     | 18     | -      | -      | 33     | 1    | 1    | -    | -    | -     | 0    | 0    | 
|top         | A'*B'             | 30     | 17     | -      | -      | 48     | 1    | 1    | -    | -    | -     | 0    | 0    | 
|top         | PCIN>>17+A'*B'    | 30     | 18     | -      | -      | 33     | 1    | 1    | -    | -    | -     | 0    | 0    | 
|top         | Dynamic           | -      | -      | -      | -      | 39     | -    | -    | -    | -    | -     | 0    | 0    | 
|top         | A*B               | 30     | 18     | -      | -      | 29     | 0    | 0    | -    | -    | -     | 0    | 0    | 
|top         | (A*B)'            | 30     | 18     | -      | -      | 29     | 0    | 0    | -    | -    | -     | 0    | 1    | 
|top         | A*B               | 30     | 18     | -      | -      | 29     | 0    | 0    | -    | -    | -     | 0    | 0    | 
|top         | A'*B'             | 30     | 17     | -      | -      | 48     | 1    | 1    | -    | -    | -     | 0    | 0    | 
|top         | PCIN>>17+A'*B'    | 30     | 18     | -      | -      | 33     | 1    | 1    | -    | -    | -     | 0    | 0    | 
|top         | Dynamic           | -      | -      | -      | -      | 39     | -    | -    | -    | -    | -     | 0    | 0    | 
|top         | A'*B'             | 30     | 17     | -      | -      | 48     | 1    | 1    | -    | -    | -     | 0    | 0    | 
|top         | PCIN>>17+A'*B'    | 30     | 18     | -      | -      | 33     | 1    | 1    | -    | -    | -     | 0    | 0    | 
|top         | A'*B'             | 30     | 17     | -      | -      | 48     | 1    | 1    | -    | -    | -     | 0    | 0    | 
|top         | PCIN>>17+A'*B'    | 30     | 18     | -      | -      | 33     | 1    | 1    | -    | -    | -     | 0    | 0    | 
|top         | A'*B'             | 30     | 17     | -      | -      | 48     | 1    | 1    | -    | -    | -     | 0    | 0    | 
|top         | PCIN>>17+A'*B'    | 30     | 18     | -      | -      | 33     | 1    | 1    | -    | -    | -     | 0    | 0    | 
|top         | A'*B'             | 30     | 17     | -      | -      | 48     | 1    | 1    | -    | -    | -     | 0    | 0    | 
|top         | PCIN>>17+A'*B'    | 30     | 18     | -      | -      | 33     | 1    | 1    | -    | -    | -     | 0    | 0    | 
|top         | Dynamic           | -      | -      | -      | -      | 39     | -    | -    | -    | -    | -     | 0    | 1    | 
|top         | A'*B'             | 30     | 17     | -      | -      | 48     | 1    | 1    | -    | -    | -     | 0    | 0    | 
|top         | PCIN>>17+A'*B'    | 30     | 18     | -      | -      | 33     | 1    | 1    | -    | -    | -     | 0    | 0    | 
|top         | A'*B'             | 30     | 17     | -      | -      | 48     | 1    | 1    | -    | -    | -     | 0    | 0    | 
|top         | PCIN>>17+(A*B)'   | 30     | 18     | -      | -      | 33     | 0    | 0    | -    | -    | -     | 1    | 0    | 
|top         | A'*B'             | 30     | 17     | -      | -      | 48     | 1    | 1    | -    | -    | -     | 0    | 0    | 
|top         | PCIN>>17+(A*B)'   | 30     | 18     | -      | -      | 33     | 0    | 0    | -    | -    | -     | 1    | 0    | 
|top         | A'*B'             | 30     | 17     | -      | -      | 48     | 1    | 1    | -    | -    | -     | 0    | 0    | 
|top         | PCIN>>17+A'*B'    | 30     | 18     | -      | -      | 33     | 1    | 1    | -    | -    | -     | 0    | 0    | 
|top         | A'*B'             | 30     | 17     | -      | -      | 48     | 1    | 1    | -    | -    | -     | 0    | 0    | 
|top         | PCIN>>17+A'*B'    | 30     | 18     | -      | -      | 33     | 1    | 1    | -    | -    | -     | 0    | 0    | 
|top         | A'*B'             | 30     | 17     | -      | -      | 48     | 1    | 1    | -    | -    | -     | 0    | 0    | 
|top         | PCIN>>17+A'*B'    | 30     | 18     | -      | -      | 33     | 1    | 1    | -    | -    | -     | 0    | 0    | 
|top         | A'*B'             | 30     | 17     | -      | -      | 48     | 1    | 1    | -    | -    | -     | 0    | 0    | 
|top         | PCIN>>17+A'*B'    | 30     | 18     | -      | -      | 33     | 1    | 1    | -    | -    | -     | 0    | 0    | 
|top         | A'*B'             | 30     | 17     | -      | -      | 48     | 1    | 1    | -    | -    | -     | 0    | 0    | 
|top         | PCIN>>17+A'*B'    | 30     | 18     | -      | -      | 33     | 1    | 1    | -    | -    | -     | 0    | 0    | 
|top         | A'*B'             | 30     | 17     | -      | -      | 48     | 1    | 1    | -    | -    | -     | 0    | 0    | 
|top         | PCIN>>17+A'*B'    | 30     | 18     | -      | -      | 33     | 1    | 1    | -    | -    | -     | 0    | 0    | 
|top         | A'*B'             | 30     | 17     | -      | -      | 48     | 1    | 1    | -    | -    | -     | 0    | 0    | 
|top         | PCIN>>17+(A*B)'   | 30     | 18     | -      | -      | 33     | 0    | 0    | -    | -    | -     | 1    | 0    | 
|top         | A'*B'             | 30     | 17     | -      | -      | 48     | 1    | 1    | -    | -    | -     | 0    | 0    | 
|top         | PCIN>>17+(A*B)'   | 30     | 18     | -      | -      | 33     | 0    | 0    | -    | -    | -     | 1    | 0    | 
|top         | A'*B'             | 30     | 17     | -      | -      | 48     | 1    | 1    | -    | -    | -     | 0    | 0    | 
|top         | PCIN>>17+A'*B'    | 30     | 18     | -      | -      | 33     | 1    | 1    | -    | -    | -     | 0    | 0    | 
|top         | A'*B'             | 30     | 17     | -      | -      | 48     | 1    | 1    | -    | -    | -     | 0    | 0    | 
|top         | PCIN>>17+A'*B'    | 30     | 18     | -      | -      | 33     | 1    | 1    | -    | -    | -     | 0    | 0    | 
|top         | A'*B'             | 30     | 17     | -      | -      | 48     | 1    | 1    | -    | -    | -     | 0    | 0    | 
|top         | PCIN>>17+A'*B'    | 30     | 18     | -      | -      | 33     | 1    | 1    | -    | -    | -     | 0    | 0    | 
|top         | A'*B'             | 30     | 17     | -      | -      | 48     | 1    | 1    | -    | -    | -     | 0    | 0    | 
|top         | PCIN>>17+A'*B'    | 30     | 18     | -      | -      | 33     | 1    | 1    | -    | -    | -     | 0    | 0    | 
|top         | A'*B'             | 30     | 17     | -      | -      | 48     | 1    | 1    | -    | -    | -     | 0    | 0    | 
|top         | PCIN>>17+A'*B'    | 30     | 18     | -      | -      | 33     | 1    | 1    | -    | -    | -     | 0    | 0    | 
|top         | A'*B'             | 30     | 17     | -      | -      | 48     | 1    | 1    | -    | -    | -     | 0    | 0    | 
|top         | PCIN>>17+A'*B'    | 30     | 18     | -      | -      | 33     | 1    | 1    | -    | -    | -     | 0    | 0    | 
|top         | A'*B'             | 30     | 17     | -      | -      | 48     | 1    | 1    | -    | -    | -     | 0    | 0    | 
|top         | PCIN>>17+(A*B)'   | 30     | 18     | -      | -      | 33     | 0    | 0    | -    | -    | -     | 1    | 0    | 
|top         | A'*B'             | 30     | 17     | -      | -      | 48     | 1    | 1    | -    | -    | -     | 0    | 0    | 
|top         | PCIN>>17+(A*B)'   | 30     | 18     | -      | -      | 33     | 0    | 0    | -    | -    | -     | 1    | 0    | 
|top         | A'*B'             | 30     | 17     | -      | -      | 48     | 1    | 1    | -    | -    | -     | 0    | 0    | 
|top         | PCIN>>17+A'*B'    | 30     | 18     | -      | -      | 33     | 1    | 1    | -    | -    | -     | 0    | 0    | 
|top         | A'*B'             | 30     | 17     | -      | -      | 48     | 1    | 1    | -    | -    | -     | 0    | 0    | 
|top         | PCIN>>17+A'*B'    | 30     | 18     | -      | -      | 33     | 1    | 1    | -    | -    | -     | 0    | 0    | 
|top         | A'*B'             | 30     | 17     | -      | -      | 48     | 1    | 1    | -    | -    | -     | 0    | 0    | 
|top         | PCIN>>17+A'*B'    | 30     | 18     | -      | -      | 33     | 1    | 1    | -    | -    | -     | 0    | 0    | 
|top         | A'*B'             | 30     | 17     | -      | -      | 48     | 1    | 1    | -    | -    | -     | 0    | 0    | 
|top         | PCIN>>17+A'*B'    | 30     | 18     | -      | -      | 33     | 1    | 1    | -    | -    | -     | 0    | 0    | 
|top         | A'*B'             | 30     | 17     | -      | -      | 48     | 1    | 1    | -    | -    | -     | 0    | 0    | 
|top         | PCIN>>17+A'*B'    | 30     | 18     | -      | -      | 33     | 1    | 1    | -    | -    | -     | 0    | 0    | 
|top         | A'*B'             | 30     | 17     | -      | -      | 48     | 1    | 1    | -    | -    | -     | 0    | 0    | 
|top         | PCIN>>17+A'*B'    | 30     | 18     | -      | -      | 33     | 1    | 1    | -    | -    | -     | 0    | 0    | 
|top         | A'*B'             | 30     | 17     | -      | -      | 48     | 1    | 1    | -    | -    | -     | 0    | 0    | 
|top         | PCIN>>17+(A*B)'   | 30     | 18     | -      | -      | 33     | 0    | 0    | -    | -    | -     | 1    | 0    | 
|top         | A'*B'             | 30     | 17     | -      | -      | 48     | 1    | 1    | -    | -    | -     | 0    | 0    | 
|top         | PCIN>>17+(A*B)'   | 30     | 18     | -      | -      | 33     | 0    | 0    | -    | -    | -     | 1    | 0    | 
|top         | A'*B'             | 30     | 17     | -      | -      | 48     | 1    | 1    | -    | -    | -     | 0    | 0    | 
|top         | PCIN>>17+A'*B'    | 30     | 18     | -      | -      | 33     | 1    | 1    | -    | -    | -     | 0    | 0    | 
|top         | A'*B'             | 30     | 17     | -      | -      | 48     | 1    | 1    | -    | -    | -     | 0    | 0    | 
|top         | PCIN>>17+A'*B'    | 30     | 18     | -      | -      | 33     | 1    | 1    | -    | -    | -     | 0    | 0    | 
|top         | A'*B'             | 30     | 17     | -      | -      | 48     | 1    | 1    | -    | -    | -     | 0    | 0    | 
|top         | PCIN>>17+A'*B'    | 30     | 18     | -      | -      | 33     | 1    | 1    | -    | -    | -     | 0    | 0    | 
|top         | A'*B'             | 30     | 17     | -      | -      | 48     | 1    | 1    | -    | -    | -     | 0    | 0    | 
|top         | PCIN>>17+A'*B'    | 30     | 18     | -      | -      | 33     | 1    | 1    | -    | -    | -     | 0    | 0    | 
|top         | A'*B'             | 30     | 17     | -      | -      | 48     | 1    | 1    | -    | -    | -     | 0    | 0    | 
|top         | PCIN>>17+A'*B'    | 30     | 18     | -      | -      | 33     | 1    | 1    | -    | -    | -     | 0    | 0    | 
|sinusoid    | A'*B'             | 17     | 18     | -      | -      | 48     | 1    | 1    | -    | -    | -     | 0    | 0    | 
|sinusoid    | (PCIN>>17+A'*B')' | 30     | 18     | -      | -      | 48     | 1    | 1    | -    | -    | -     | 0    | 1    | 
+------------+-------------------+--------+--------+--------+--------+--------+------+------+------+------+-------+------+------+


Report BlackBoxes: 
+-+--------------+----------+
| |BlackBox name |Instances |
+-+--------------+----------+
+-+--------------+----------+

Report Cell Usage: 
+------+-----------+------+
|      |Cell       |Count |
+------+-----------+------+
|1     |BIBUF      |   130|
|2     |BUFG       |    11|
|3     |CARRY4     |  1788|
|4     |DNA_PORT   |     1|
|5     |DSP48E1    |    97|
|14    |LUT1       |   420|
|15    |LUT2       |  3678|
|16    |LUT3       |  2299|
|17    |LUT4       |  2193|
|18    |LUT5       |  1787|
|19    |LUT6       |  2216|
|20    |MUXF7      |   418|
|21    |MUXF8      |   101|
|22    |ODDR       |    17|
|23    |PLLE2_BASE |     1|
|24    |PS7        |     1|
|25    |RAMB18E1   |     3|
|28    |RAMB36E1   |    28|
|29    |XADC       |     1|
|30    |FD         |     1|
|31    |FDRE       | 10988|
|32    |FDSE       |   371|
|33    |IBUF       |    36|
|34    |IBUFGDS    |     1|
|35    |IOBUF      |    16|
|36    |OBUF       |    33|
+------+-----------+------+
---------------------------------------------------------------------------------
Finished Writing Synthesis Report : Time (s): cpu = 00:03:19 ; elapsed = 00:03:30 . Memory (MB): peak = 2379.098 ; gain = 1611.555
---------------------------------------------------------------------------------
Synthesis finished with 0 errors, 0 critical warnings and 6 warnings.
Synthesis Optimization Runtime : Time (s): cpu = 00:03:00 ; elapsed = 00:03:21 . Memory (MB): peak = 2379.098 ; gain = 1529.336
Synthesis Optimization Complete : Time (s): cpu = 00:03:19 ; elapsed = 00:03:31 . Memory (MB): peak = 2379.098 ; gain = 1611.555
INFO: [Project 1-571] Translating synthesized netlist
INFO: [Common 17-41] Interrupt caught. Command should exit soon.
Netlist sorting complete. Time (s): cpu = 00:00:01 ; elapsed = 00:00:00.385 . Memory (MB): peak = 2400.824 ; gain = 0.000
WARNING: [Netlist 29-345] The value of SIM_DEVICE on instance 'XADC' of type 'XADC' is '7SERIES'; it is being changed to match the current FPGA architecture, 'ZYNQ'. For functional simulation to match hardware behavior, the value of SIM_DEVICE should be changed in the source netlist. 
INFO: [Netlist 29-17] Analyzing 2472 Unisim elements for replacement
INFO: [Netlist 29-28] Unisim Transformation completed in 0 CPU seconds
WARNING: [Netlist 29-101] Netlist 'top' is not ideal for floorplanning, since the cellview 'top' contains a large number of primitives.  Please consider enabling hierarchy in synthesis if you want to do floorplanning.
INFO: [Common 17-83] Releasing license: Synthesis
144 Infos, 270 Warnings, 5 Critical Warnings and 0 Errors encountered.
synth_design completed successfully
synth_design: Time (s): cpu = 00:03:25 ; elapsed = 00:03:40 . Memory (MB): peak = 2400.879 ; gain = 1867.723
INFO: [Common 17-344] 'source' was cancelled
INFO: [Common 17-206] Exiting Vivado at Thu Sep  3 15:42:14 2026...
