#-----------------------------------------------------------
# Vivado v2025.2 (64-bit)
# SW Build 6299465 on Fri Nov 14 12:34:56 MST 2025
# IP Build 6300035 on Fri Nov 14 10:48:45 MST 2025
# SharedData Build 6298862 on Thu Nov 13 04:50:51 MST 2025
# Start of session at: Mon Sep 21 16:28:37 2026
# Process ID         : 885964
# Current directory  : /home/vedaant/school/quantum_work/linien/gateware/build
# Command line       : vivado -mode batch -source top.tcl
# Log file           : /home/vedaant/school/quantum_work/linien/gateware/build/vivado.log
# Journal file       : /home/vedaant/school/quantum_work/linien/gateware/build/vivado.jou
# Running On         : cachyos-x8664
# Platform           : cachyos
# Operating System   : CachyOS
# Processor Detail   : AMD RYZEN AI MAX+ 395 w/ Radeon 8060S
# CPU Frequency      : 5117.697 MHz
# CPU Physical cores : 16
# CPU Logical cores  : 32
# Host memory        : 29034 MB
# Swap memory        : 29034 MB
# Total Virtual      : 58068 MB
# Available Virtual  : 44345 MB
#-----------------------------------------------------------
source top.tcl
# source "top_route.tcl"
## create_project -force -name top -part xc7z020-clg400-1
## set_property XPM_LIBRARIES {XPM_CDC XPM_MEMORY} [current_project]
## add_files {imports/home/vedaant/school/quantum_work/linien/gateware/verilog/axi_slave.v}
## set_property library work [get_files {imports/home/vedaant/school/quantum_work/linien/gateware/verilog/axi_slave.v}]
## add_files {imports/home/vedaant/school/quantum_work/linien/gateware/verilog/bus_clk_bridge.v}
## set_property library work [get_files {imports/home/vedaant/school/quantum_work/linien/gateware/verilog/bus_clk_bridge.v}]
## add_files {imports/home/vedaant/school/quantum_work/linien/gateware/verilog/processing_system7_v5_4_processing_system7.v}
## set_property library work [get_files {imports/home/vedaant/school/quantum_work/linien/gateware/verilog/processing_system7_v5_4_processing_system7.v}]
## add_files {imports/home/vedaant/school/quantum_work/linien/gateware/verilog/red_pitaya_scope.v}
## set_property library work [get_files {imports/home/vedaant/school/quantum_work/linien/gateware/verilog/red_pitaya_scope.v}]
## add_files {imports/home/vedaant/school/quantum_work/linien/gateware/verilog/system_processing_system7_0_0.v}
## set_property library work [get_files {imports/home/vedaant/school/quantum_work/linien/gateware/verilog/system_processing_system7_0_0.v}]
## add_files {imports/home/vedaant/school/quantum_work/linien/src/ROM.sv}
## set_property library work [get_files {imports/home/vedaant/school/quantum_work/linien/src/ROM.sv}]
## add_files {imports/home/vedaant/school/quantum_work/linien/src/arb_wave.sv}
## set_property library work [get_files {imports/home/vedaant/school/quantum_work/linien/src/arb_wave.sv}]
## add_files {imports/home/vedaant/school/quantum_work/linien/src/bram.sv}
## set_property library work [get_files {imports/home/vedaant/school/quantum_work/linien/src/bram.sv}]
## add_files {imports/home/vedaant/school/quantum_work/linien/src/chirp_gen.sv}
## set_property library work [get_files {imports/home/vedaant/school/quantum_work/linien/src/chirp_gen.sv}]
## add_files {imports/home/vedaant/school/quantum_work/linien/src/control.sv}
## set_property library work [get_files {imports/home/vedaant/school/quantum_work/linien/src/control.sv}]
## add_files {imports/home/vedaant/school/quantum_work/linien/src/delay.sv}
## set_property library work [get_files {imports/home/vedaant/school/quantum_work/linien/src/delay.sv}]
## add_files {imports/home/vedaant/school/quantum_work/linien/src/direct_jump.sv}
## set_property library work [get_files {imports/home/vedaant/school/quantum_work/linien/src/direct_jump.sv}]
## add_files {imports/home/vedaant/school/quantum_work/linien/src/linear_ramp.sv}
## set_property library work [get_files {imports/home/vedaant/school/quantum_work/linien/src/linear_ramp.sv}]
## add_files {imports/home/vedaant/school/quantum_work/linien/src/sequence_top.sv}
## set_property library work [get_files {imports/home/vedaant/school/quantum_work/linien/src/sequence_top.sv}]
## add_files {imports/home/vedaant/school/quantum_work/linien/src/sinusoid.sv}
## set_property library work [get_files {imports/home/vedaant/school/quantum_work/linien/src/sinusoid.sv}]
## add_files {imports/home/vedaant/school/quantum_work/linien/src/temp_pwm.sv}
## set_property library work [get_files {imports/home/vedaant/school/quantum_work/linien/src/temp_pwm.sv}]
## add_files {imports/home/vedaant/school/quantum_work/linien/src/temp_sampler.sv}
## set_property library work [get_files {imports/home/vedaant/school/quantum_work/linien/src/temp_sampler.sv}]
## add_files {top.v}
## set_property library work [get_files {top.v}]
## read_xdc top.xdc
## read_xdc -ref processing_system7_v5_4_processing_system7 ../verilog/system_processing_system7_0_0.xdc
## add_files -norecurse ../../src/sin_lut.mem
## synth_design -top top -part xc7z020-clg400-1
Command: synth_design -top top -part xc7z020-clg400-1
Starting synth_design
Attempting to get a license for feature 'Synthesis' and/or device 'xc7z020'
INFO: [Common 17-349] Got license for feature 'Synthesis' and/or device 'xc7z020'
INFO: [Device 21-403] Loading part xc7z020clg400-1
INFO: [Synth 8-7079] Multithreading enabled for synth_design using a maximum of 7 processes.
INFO: [Synth 8-7078] Launching helper process for spawning children vivado processes
INFO: [Synth 8-7075] Helper process launched with PID 886157
---------------------------------------------------------------------------------
Starting RTL Elaboration : Time (s): cpu = 00:00:02 ; elapsed = 00:00:02 . Memory (MB): peak = 2235.961 ; gain = 483.156 ; free physical = 2956 ; free virtual = 41016
---------------------------------------------------------------------------------
INFO: [Synth 8-6157] synthesizing module 'top' from library 'work' [/home/vedaant/school/quantum_work/linien/gateware/build/top.v:2]
INFO: [Synth 8-155] case statement is not full and has no default [/home/vedaant/school/quantum_work/linien/gateware/build/top.v:8055]
INFO: [Synth 8-155] case statement is not full and has no default [/home/vedaant/school/quantum_work/linien/gateware/build/top.v:8456]
INFO: [Synth 8-155] case statement is not full and has no default [/home/vedaant/school/quantum_work/linien/gateware/build/top.v:9302]
INFO: [Synth 8-155] case statement is not full and has no default [/home/vedaant/school/quantum_work/linien/gateware/build/top.v:10148]
INFO: [Synth 8-155] case statement is not full and has no default [/home/vedaant/school/quantum_work/linien/gateware/build/top.v:10283]
INFO: [Synth 8-155] case statement is not full and has no default [/home/vedaant/school/quantum_work/linien/gateware/build/top.v:10305]
INFO: [Synth 8-155] case statement is not full and has no default [/home/vedaant/school/quantum_work/linien/gateware/build/top.v:11727]
INFO: [Synth 8-155] case statement is not full and has no default [/home/vedaant/school/quantum_work/linien/gateware/build/top.v:11821]
INFO: [Synth 8-155] case statement is not full and has no default [/home/vedaant/school/quantum_work/linien/gateware/build/top.v:11938]
INFO: [Synth 8-155] case statement is not full and has no default [/home/vedaant/school/quantum_work/linien/gateware/build/top.v:11968]
INFO: [Synth 8-155] case statement is not full and has no default [/home/vedaant/school/quantum_work/linien/gateware/build/top.v:12796]
INFO: [Synth 8-6157] synthesizing module 'axi_slave' from library 'work' [/home/vedaant/school/quantum_work/linien/gateware/build/imports/home/vedaant/school/quantum_work/linien/gateware/verilog/axi_slave.v:52]
	Parameter AXI_DW bound to: 6'b100000 
	Parameter AXI_AW bound to: 6'b100000 
	Parameter AXI_IW bound to: 4'b1100 
INFO: [Synth 8-6155] done synthesizing module 'axi_slave' from library 'work' (0#1) [/home/vedaant/school/quantum_work/linien/gateware/build/imports/home/vedaant/school/quantum_work/linien/gateware/verilog/axi_slave.v:52]
INFO: [Synth 8-6157] synthesizing module 'system_processing_system7_0_0' from library 'work' [/home/vedaant/school/quantum_work/linien/gateware/build/imports/home/vedaant/school/quantum_work/linien/gateware/verilog/system_processing_system7_0_0.v:53]
INFO: [Synth 8-6157] synthesizing module 'processing_system7_v5_4_processing_system7' from library 'work' [/home/vedaant/school/quantum_work/linien/gateware/build/imports/home/vedaant/school/quantum_work/linien/gateware/verilog/processing_system7_v5_4_processing_system7.v:152]
INFO: [Synth 8-6157] synthesizing module 'BUFG' [/home/vedaant/Applications/2025.2/Vivado/scripts/rt/data/unisim_comp.v:2678]
INFO: [Synth 8-6155] done synthesizing module 'BUFG' (0#1) [/home/vedaant/Applications/2025.2/Vivado/scripts/rt/data/unisim_comp.v:2678]
INFO: [Synth 8-6157] synthesizing module 'BIBUF' [/home/vedaant/Applications/2025.2/Vivado/scripts/rt/data/unisim_comp.v:2325]
INFO: [Synth 8-6155] done synthesizing module 'BIBUF' (0#1) [/home/vedaant/Applications/2025.2/Vivado/scripts/rt/data/unisim_comp.v:2325]
INFO: [Synth 8-6157] synthesizing module 'PS7' [/home/vedaant/Applications/2025.2/Vivado/scripts/rt/data/unisim_comp.v:140294]
INFO: [Synth 8-6155] done synthesizing module 'PS7' (0#1) [/home/vedaant/Applications/2025.2/Vivado/scripts/rt/data/unisim_comp.v:140294]
INFO: [Synth 8-6155] done synthesizing module 'processing_system7_v5_4_processing_system7' from library 'work' (0#1) [/home/vedaant/school/quantum_work/linien/gateware/build/imports/home/vedaant/school/quantum_work/linien/gateware/verilog/processing_system7_v5_4_processing_system7.v:152]
INFO: [Synth 8-7071] port 'M_AXI_GP0_ARESETN' of module 'processing_system7_v5_4_processing_system7' is unconnected for instance 'inst' [/home/vedaant/school/quantum_work/linien/gateware/build/imports/home/vedaant/school/quantum_work/linien/gateware/verilog/system_processing_system7_0_0.v:365]
INFO: [Synth 8-7071] port 'M_AXI_GP1_ARESETN' of module 'processing_system7_v5_4_processing_system7' is unconnected for instance 'inst' [/home/vedaant/school/quantum_work/linien/gateware/build/imports/home/vedaant/school/quantum_work/linien/gateware/verilog/system_processing_system7_0_0.v:365]
INFO: [Synth 8-7071] port 'S_AXI_GP0_ARESETN' of module 'processing_system7_v5_4_processing_system7' is unconnected for instance 'inst' [/home/vedaant/school/quantum_work/linien/gateware/build/imports/home/vedaant/school/quantum_work/linien/gateware/verilog/system_processing_system7_0_0.v:365]
INFO: [Synth 8-7071] port 'S_AXI_GP1_ARESETN' of module 'processing_system7_v5_4_processing_system7' is unconnected for instance 'inst' [/home/vedaant/school/quantum_work/linien/gateware/build/imports/home/vedaant/school/quantum_work/linien/gateware/verilog/system_processing_system7_0_0.v:365]
INFO: [Synth 8-7071] port 'S_AXI_ACP_ARESETN' of module 'processing_system7_v5_4_processing_system7' is unconnected for instance 'inst' [/home/vedaant/school/quantum_work/linien/gateware/build/imports/home/vedaant/school/quantum_work/linien/gateware/verilog/system_processing_system7_0_0.v:365]
INFO: [Synth 8-7071] port 'S_AXI_HP0_ARESETN' of module 'processing_system7_v5_4_processing_system7' is unconnected for instance 'inst' [/home/vedaant/school/quantum_work/linien/gateware/build/imports/home/vedaant/school/quantum_work/linien/gateware/verilog/system_processing_system7_0_0.v:365]
INFO: [Synth 8-7071] port 'S_AXI_HP1_ARESETN' of module 'processing_system7_v5_4_processing_system7' is unconnected for instance 'inst' [/home/vedaant/school/quantum_work/linien/gateware/build/imports/home/vedaant/school/quantum_work/linien/gateware/verilog/system_processing_system7_0_0.v:365]
INFO: [Synth 8-7071] port 'S_AXI_HP2_ARESETN' of module 'processing_system7_v5_4_processing_system7' is unconnected for instance 'inst' [/home/vedaant/school/quantum_work/linien/gateware/build/imports/home/vedaant/school/quantum_work/linien/gateware/verilog/system_processing_system7_0_0.v:365]
INFO: [Synth 8-7071] port 'S_AXI_HP3_ARESETN' of module 'processing_system7_v5_4_processing_system7' is unconnected for instance 'inst' [/home/vedaant/school/quantum_work/linien/gateware/build/imports/home/vedaant/school/quantum_work/linien/gateware/verilog/system_processing_system7_0_0.v:365]
INFO: [Synth 8-7071] port 'DMA0_RSTN' of module 'processing_system7_v5_4_processing_system7' is unconnected for instance 'inst' [/home/vedaant/school/quantum_work/linien/gateware/build/imports/home/vedaant/school/quantum_work/linien/gateware/verilog/system_processing_system7_0_0.v:365]
INFO: [Synth 8-7071] port 'DMA1_RSTN' of module 'processing_system7_v5_4_processing_system7' is unconnected for instance 'inst' [/home/vedaant/school/quantum_work/linien/gateware/build/imports/home/vedaant/school/quantum_work/linien/gateware/verilog/system_processing_system7_0_0.v:365]
INFO: [Synth 8-7071] port 'DMA2_RSTN' of module 'processing_system7_v5_4_processing_system7' is unconnected for instance 'inst' [/home/vedaant/school/quantum_work/linien/gateware/build/imports/home/vedaant/school/quantum_work/linien/gateware/verilog/system_processing_system7_0_0.v:365]
INFO: [Synth 8-7071] port 'DMA3_RSTN' of module 'processing_system7_v5_4_processing_system7' is unconnected for instance 'inst' [/home/vedaant/school/quantum_work/linien/gateware/build/imports/home/vedaant/school/quantum_work/linien/gateware/verilog/system_processing_system7_0_0.v:365]
INFO: [Synth 8-7023] instance 'inst' of module 'processing_system7_v5_4_processing_system7' has 686 connections declared, but only 673 given [/home/vedaant/school/quantum_work/linien/gateware/build/imports/home/vedaant/school/quantum_work/linien/gateware/verilog/system_processing_system7_0_0.v:365]
INFO: [Synth 8-6155] done synthesizing module 'system_processing_system7_0_0' from library 'work' (0#1) [/home/vedaant/school/quantum_work/linien/gateware/build/imports/home/vedaant/school/quantum_work/linien/gateware/verilog/system_processing_system7_0_0.v:53]
WARNING: [Synth 8-7071] port 'SPI0_SCLK_O' of module 'system_processing_system7_0_0' is unconnected for instance 'system_processing_system7_0_0' [/home/vedaant/school/quantum_work/linien/gateware/build/top.v:12872]
WARNING: [Synth 8-7071] port 'SPI0_SCLK_T' of module 'system_processing_system7_0_0' is unconnected for instance 'system_processing_system7_0_0' [/home/vedaant/school/quantum_work/linien/gateware/build/top.v:12872]
WARNING: [Synth 8-7071] port 'SPI0_MOSI_O' of module 'system_processing_system7_0_0' is unconnected for instance 'system_processing_system7_0_0' [/home/vedaant/school/quantum_work/linien/gateware/build/top.v:12872]
WARNING: [Synth 8-7071] port 'SPI0_MOSI_T' of module 'system_processing_system7_0_0' is unconnected for instance 'system_processing_system7_0_0' [/home/vedaant/school/quantum_work/linien/gateware/build/top.v:12872]
WARNING: [Synth 8-7071] port 'SPI0_MISO_O' of module 'system_processing_system7_0_0' is unconnected for instance 'system_processing_system7_0_0' [/home/vedaant/school/quantum_work/linien/gateware/build/top.v:12872]
WARNING: [Synth 8-7071] port 'SPI0_MISO_T' of module 'system_processing_system7_0_0' is unconnected for instance 'system_processing_system7_0_0' [/home/vedaant/school/quantum_work/linien/gateware/build/top.v:12872]
WARNING: [Synth 8-7071] port 'SPI0_SS_O' of module 'system_processing_system7_0_0' is unconnected for instance 'system_processing_system7_0_0' [/home/vedaant/school/quantum_work/linien/gateware/build/top.v:12872]
WARNING: [Synth 8-7071] port 'SPI0_SS1_O' of module 'system_processing_system7_0_0' is unconnected for instance 'system_processing_system7_0_0' [/home/vedaant/school/quantum_work/linien/gateware/build/top.v:12872]
WARNING: [Synth 8-7071] port 'SPI0_SS2_O' of module 'system_processing_system7_0_0' is unconnected for instance 'system_processing_system7_0_0' [/home/vedaant/school/quantum_work/linien/gateware/build/top.v:12872]
WARNING: [Synth 8-7071] port 'SPI0_SS_T' of module 'system_processing_system7_0_0' is unconnected for instance 'system_processing_system7_0_0' [/home/vedaant/school/quantum_work/linien/gateware/build/top.v:12872]
WARNING: [Synth 8-7071] port 'TTC0_WAVE0_OUT' of module 'system_processing_system7_0_0' is unconnected for instance 'system_processing_system7_0_0' [/home/vedaant/school/quantum_work/linien/gateware/build/top.v:12872]
WARNING: [Synth 8-7071] port 'TTC0_WAVE1_OUT' of module 'system_processing_system7_0_0' is unconnected for instance 'system_processing_system7_0_0' [/home/vedaant/school/quantum_work/linien/gateware/build/top.v:12872]
WARNING: [Synth 8-7071] port 'TTC0_WAVE2_OUT' of module 'system_processing_system7_0_0' is unconnected for instance 'system_processing_system7_0_0' [/home/vedaant/school/quantum_work/linien/gateware/build/top.v:12872]
WARNING: [Synth 8-7071] port 'USB0_PORT_INDCTL' of module 'system_processing_system7_0_0' is unconnected for instance 'system_processing_system7_0_0' [/home/vedaant/school/quantum_work/linien/gateware/build/top.v:12872]
WARNING: [Synth 8-7071] port 'USB0_VBUS_PWRSELECT' of module 'system_processing_system7_0_0' is unconnected for instance 'system_processing_system7_0_0' [/home/vedaant/school/quantum_work/linien/gateware/build/top.v:12872]
WARNING: [Synth 8-7023] instance 'system_processing_system7_0_0' of module 'system_processing_system7_0_0' has 88 connections declared, but only 73 given [/home/vedaant/school/quantum_work/linien/gateware/build/top.v:12872]
INFO: [Synth 8-6157] synthesizing module 'IBUFGDS' [/home/vedaant/Applications/2025.2/Vivado/scripts/rt/data/unisim_comp.v:83467]
INFO: [Synth 8-6155] done synthesizing module 'IBUFGDS' (0#1) [/home/vedaant/Applications/2025.2/Vivado/scripts/rt/data/unisim_comp.v:83467]
INFO: [Synth 8-6157] synthesizing module 'PLLE2_BASE' [/home/vedaant/Applications/2025.2/Vivado/scripts/rt/data/unisim_comp.v:133986]
	Parameter BANDWIDTH bound to: OPTIMIZED - type: string 
	Parameter CLKFBOUT_MULT bound to: 8 - type: integer 
	Parameter CLKFBOUT_PHASE bound to: 0.000000e+00 - type: double 
	Parameter CLKIN1_PERIOD bound to: 8.000000e+00 - type: double 
	Parameter CLKOUT0_DIVIDE bound to: 2 - type: integer 
	Parameter CLKOUT0_DUTY_CYCLE bound to: 5.000000e-01 - type: double 
	Parameter CLKOUT0_PHASE bound to: 0.000000e+00 - type: double 
	Parameter CLKOUT1_DIVIDE bound to: 4 - type: integer 
	Parameter CLKOUT1_DUTY_CYCLE bound to: 5.000000e-01 - type: double 
	Parameter CLKOUT1_PHASE bound to: 0.000000e+00 - type: double 
	Parameter CLKOUT2_DIVIDE bound to: 8 - type: integer 
	Parameter CLKOUT2_DUTY_CYCLE bound to: 5.000000e-01 - type: double 
	Parameter CLKOUT2_PHASE bound to: 0.000000e+00 - type: double 
	Parameter CLKOUT3_DIVIDE bound to: 120 - type: integer 
	Parameter CLKOUT3_DUTY_CYCLE bound to: 5.000000e-01 - type: double 
	Parameter CLKOUT3_PHASE bound to: 0.000000e+00 - type: double 
	Parameter CLKOUT4_DIVIDE bound to: 4 - type: integer 
	Parameter CLKOUT4_DUTY_CYCLE bound to: 5.000000e-01 - type: double 
	Parameter CLKOUT4_PHASE bound to: 0.000000e+00 - type: double 
	Parameter CLKOUT5_DIVIDE bound to: 4 - type: integer 
	Parameter CLKOUT5_DUTY_CYCLE bound to: 5.000000e-01 - type: double 
	Parameter CLKOUT5_PHASE bound to: 0.000000e+00 - type: double 
	Parameter DIVCLK_DIVIDE bound to: 1 - type: integer 
	Parameter REF_JITTER1 bound to: 1.000000e-02 - type: double 
	Parameter STARTUP_WAIT bound to: FALSE - type: string 
INFO: [Synth 8-6155] done synthesizing module 'PLLE2_BASE' (0#1) [/home/vedaant/Applications/2025.2/Vivado/scripts/rt/data/unisim_comp.v:133986]
INFO: [Synth 8-6157] synthesizing module 'FD' [/home/vedaant/Applications/2025.2/Vivado/scripts/rt/data/unisim_comp.v:49155]
	Parameter INIT bound to: 1'b1 
INFO: [Synth 8-6155] done synthesizing module 'FD' (0#1) [/home/vedaant/Applications/2025.2/Vivado/scripts/rt/data/unisim_comp.v:49155]
INFO: [Synth 8-6157] synthesizing module 'sequence_top' from library 'work' [/home/vedaant/school/quantum_work/linien/gateware/build/imports/home/vedaant/school/quantum_work/linien/src/sequence_top.sv:3]
	Parameter MAX_BLOCKS bound to: 16 - type: integer 
	Parameter DATA_WIDTH bound to: 32 - type: integer 
	Parameter V_DATA_WIDTH bound to: 14 - type: integer 
	Parameter NUM_BLOCK_TYPES bound to: 6 - type: integer 
	Parameter FSM_REGFILE_ADDR_WIDTH bound to: 9 - type: integer 
	Parameter AWG_REGFILE_ADDR_WIDTH bound to: 10 - type: integer 
INFO: [Synth 8-6157] synthesizing module 'bram' from library 'work' [/home/vedaant/school/quantum_work/linien/gateware/build/imports/home/vedaant/school/quantum_work/linien/src/bram.sv:28]
	Parameter ADDR_WIDTH bound to: 9 - type: integer 
	Parameter DATA_WIDTH bound to: 32 - type: integer 
INFO: [Synth 8-6155] done synthesizing module 'bram' from library 'work' (0#1) [/home/vedaant/school/quantum_work/linien/gateware/build/imports/home/vedaant/school/quantum_work/linien/src/bram.sv:28]
INFO: [Synth 8-6157] synthesizing module 'bram__parameterized0' from library 'work' [/home/vedaant/school/quantum_work/linien/gateware/build/imports/home/vedaant/school/quantum_work/linien/src/bram.sv:28]
	Parameter ADDR_WIDTH bound to: 10 - type: integer 
	Parameter DATA_WIDTH bound to: 14 - type: integer 
INFO: [Synth 8-6155] done synthesizing module 'bram__parameterized0' from library 'work' (0#1) [/home/vedaant/school/quantum_work/linien/gateware/build/imports/home/vedaant/school/quantum_work/linien/src/bram.sv:28]
INFO: [Synth 8-6157] synthesizing module 'control' from library 'work' [/home/vedaant/school/quantum_work/linien/gateware/build/imports/home/vedaant/school/quantum_work/linien/src/control.sv:30]
	Parameter MAX_BLOCKS bound to: 16 - type: integer 
	Parameter DATA_WIDTH bound to: 32 - type: integer 
INFO: [Synth 8-155] case statement is not full and has no default [/home/vedaant/school/quantum_work/linien/gateware/build/imports/home/vedaant/school/quantum_work/linien/src/control.sv:235]
INFO: [Synth 8-6155] done synthesizing module 'control' from library 'work' (0#1) [/home/vedaant/school/quantum_work/linien/gateware/build/imports/home/vedaant/school/quantum_work/linien/src/control.sv:30]
INFO: [Synth 8-6157] synthesizing module 'delay' from library 'work' [/home/vedaant/school/quantum_work/linien/gateware/build/imports/home/vedaant/school/quantum_work/linien/src/delay.sv:2]
	Parameter DATA_WIDTH bound to: 32 - type: integer 
INFO: [Synth 8-6155] done synthesizing module 'delay' from library 'work' (0#1) [/home/vedaant/school/quantum_work/linien/gateware/build/imports/home/vedaant/school/quantum_work/linien/src/delay.sv:2]
INFO: [Synth 8-6157] synthesizing module 'linear_ramp' from library 'work' [/home/vedaant/school/quantum_work/linien/gateware/build/imports/home/vedaant/school/quantum_work/linien/src/linear_ramp.sv:2]
	Parameter DATA_WIDTH bound to: 32 - type: integer 
INFO: [Synth 8-155] case statement is not full and has no default [/home/vedaant/school/quantum_work/linien/gateware/build/imports/home/vedaant/school/quantum_work/linien/src/linear_ramp.sv:27]
INFO: [Synth 8-6155] done synthesizing module 'linear_ramp' from library 'work' (0#1) [/home/vedaant/school/quantum_work/linien/gateware/build/imports/home/vedaant/school/quantum_work/linien/src/linear_ramp.sv:2]
INFO: [Synth 8-6157] synthesizing module 'direct_jump' from library 'work' [/home/vedaant/school/quantum_work/linien/gateware/build/imports/home/vedaant/school/quantum_work/linien/src/direct_jump.sv:3]
	Parameter DATA_WIDTH bound to: 32 - type: integer 
INFO: [Synth 8-6155] done synthesizing module 'direct_jump' from library 'work' (0#1) [/home/vedaant/school/quantum_work/linien/gateware/build/imports/home/vedaant/school/quantum_work/linien/src/direct_jump.sv:3]
INFO: [Synth 8-6157] synthesizing module 'chirp_gen' from library 'work' [/home/vedaant/school/quantum_work/linien/gateware/build/imports/home/vedaant/school/quantum_work/linien/src/chirp_gen.sv:7]
INFO: [Synth 8-6155] done synthesizing module 'chirp_gen' from library 'work' (0#1) [/home/vedaant/school/quantum_work/linien/gateware/build/imports/home/vedaant/school/quantum_work/linien/src/chirp_gen.sv:7]
INFO: [Synth 8-6157] synthesizing module 'sinusoid' from library 'work' [/home/vedaant/school/quantum_work/linien/gateware/build/imports/home/vedaant/school/quantum_work/linien/src/sinusoid.sv:14]
	Parameter DATA_WIDTH bound to: 32 - type: integer 
INFO: [Synth 8-155] case statement is not full and has no default [/home/vedaant/school/quantum_work/linien/gateware/build/imports/home/vedaant/school/quantum_work/linien/src/sinusoid.sv:54]
INFO: [Synth 8-6157] synthesizing module 'ROM' from library 'work' [/home/vedaant/school/quantum_work/linien/gateware/build/imports/home/vedaant/school/quantum_work/linien/src/ROM.sv:2]
	Parameter FILE bound to: sin_lut.mem - type: string 
	Parameter DATA_WIDTH bound to: 32'sb00000000000000000000000000001110 
	Parameter ADDR_WIDTH bound to: 32'sb00000000000000000000000000001001 
INFO: [Synth 8-3876] $readmem data file 'sin_lut.mem' is read successfully [/home/vedaant/school/quantum_work/linien/gateware/build/imports/home/vedaant/school/quantum_work/linien/src/ROM.sv:16]
INFO: [Synth 8-6155] done synthesizing module 'ROM' from library 'work' (0#1) [/home/vedaant/school/quantum_work/linien/gateware/build/imports/home/vedaant/school/quantum_work/linien/src/ROM.sv:2]
INFO: [Synth 8-6155] done synthesizing module 'sinusoid' from library 'work' (0#1) [/home/vedaant/school/quantum_work/linien/gateware/build/imports/home/vedaant/school/quantum_work/linien/src/sinusoid.sv:14]
INFO: [Synth 8-6157] synthesizing module 'arb_wave' from library 'work' [/home/vedaant/school/quantum_work/linien/gateware/build/imports/home/vedaant/school/quantum_work/linien/src/arb_wave.sv:4]
INFO: [Synth 8-155] case statement is not full and has no default [/home/vedaant/school/quantum_work/linien/gateware/build/imports/home/vedaant/school/quantum_work/linien/src/arb_wave.sv:26]
INFO: [Synth 8-6155] done synthesizing module 'arb_wave' from library 'work' (0#1) [/home/vedaant/school/quantum_work/linien/gateware/build/imports/home/vedaant/school/quantum_work/linien/src/arb_wave.sv:4]
INFO: [Synth 8-6155] done synthesizing module 'sequence_top' from library 'work' (0#1) [/home/vedaant/school/quantum_work/linien/gateware/build/imports/home/vedaant/school/quantum_work/linien/src/sequence_top.sv:3]
INFO: [Synth 8-6157] synthesizing module 'ODDR' [/home/vedaant/Applications/2025.2/Vivado/scripts/rt/data/unisim_comp.v:117225]
INFO: [Synth 8-6155] done synthesizing module 'ODDR' (0#1) [/home/vedaant/Applications/2025.2/Vivado/scripts/rt/data/unisim_comp.v:117225]
INFO: [Synth 8-6157] synthesizing module 'XADC' [/home/vedaant/Applications/2025.2/Vivado/scripts/rt/data/unisim_comp.v:171125]
	Parameter INIT_40 bound to: 16'b0000000000000000 
	Parameter INIT_41 bound to: 16'b0010111100001111 
	Parameter INIT_42 bound to: 16'b0000010000000000 
	Parameter INIT_48 bound to: 16'b0000100100000000 
	Parameter INIT_49 bound to: 16'b0000001100000011 
	Parameter INIT_4A bound to: 16'b0100011111100000 
	Parameter INIT_4B bound to: 16'b0000000000000000 
	Parameter INIT_4C bound to: 16'b0000100000000000 
	Parameter INIT_4D bound to: 16'b0000001100000011 
	Parameter INIT_4E bound to: 16'b0000000000000000 
	Parameter INIT_4F bound to: 16'b0000000000000000 
	Parameter INIT_50 bound to: 16'b1011010111101101 
	Parameter INIT_51 bound to: 16'b0101011111100100 
	Parameter INIT_52 bound to: 16'b1010000101000111 
	Parameter INIT_53 bound to: 16'b1100101000110011 
	Parameter INIT_54 bound to: 16'b1010100100111010 
	Parameter INIT_55 bound to: 16'b0101001011000110 
	Parameter INIT_56 bound to: 16'b1001010101010101 
	Parameter INIT_57 bound to: 16'b1010111001001110 
	Parameter INIT_58 bound to: 16'b0101100110011001 
	Parameter INIT_59 bound to: 16'b0101010101010101 
	Parameter INIT_5A bound to: 16'b1001100110011001 
	Parameter INIT_5B bound to: 16'b0110101010101010 
	Parameter INIT_5C bound to: 16'b0101000100010001 
	Parameter INIT_5D bound to: 16'b0101000100010001 
	Parameter INIT_5E bound to: 16'b1001000111101011 
	Parameter INIT_5F bound to: 16'b0110011001100110 
INFO: [Synth 8-6155] done synthesizing module 'XADC' (0#1) [/home/vedaant/Applications/2025.2/Vivado/scripts/rt/data/unisim_comp.v:171125]
WARNING: [Synth 8-689] width (7) of port connection 'CHANNEL' does not match port width (5) of module 'XADC' [/home/vedaant/school/quantum_work/linien/gateware/build/top.v:13292]
WARNING: [Synth 8-7071] port 'JTAGBUSY' of module 'XADC' is unconnected for instance 'XADC' [/home/vedaant/school/quantum_work/linien/gateware/build/top.v:13277]
WARNING: [Synth 8-7071] port 'JTAGLOCKED' of module 'XADC' is unconnected for instance 'XADC' [/home/vedaant/school/quantum_work/linien/gateware/build/top.v:13277]
WARNING: [Synth 8-7071] port 'JTAGMODIFIED' of module 'XADC' is unconnected for instance 'XADC' [/home/vedaant/school/quantum_work/linien/gateware/build/top.v:13277]
WARNING: [Synth 8-7071] port 'MUXADDR' of module 'XADC' is unconnected for instance 'XADC' [/home/vedaant/school/quantum_work/linien/gateware/build/top.v:13277]
WARNING: [Synth 8-7023] instance 'XADC' of module 'XADC' has 24 connections declared, but only 20 given [/home/vedaant/school/quantum_work/linien/gateware/build/top.v:13277]
INFO: [Synth 8-6157] synthesizing module 'DNA_PORT' [/home/vedaant/Applications/2025.2/Vivado/scripts/rt/data/unisim_comp.v:47654]
INFO: [Synth 8-6155] done synthesizing module 'DNA_PORT' (0#1) [/home/vedaant/Applications/2025.2/Vivado/scripts/rt/data/unisim_comp.v:47654]
INFO: [Synth 8-6157] synthesizing module 'red_pitaya_scope' from library 'work' [/home/vedaant/school/quantum_work/linien/gateware/build/imports/home/vedaant/school/quantum_work/linien/gateware/verilog/red_pitaya_scope.v:54]
WARNING: [Synth 8-693] zero replication count - replication ignored [/home/vedaant/school/quantum_work/linien/gateware/build/imports/home/vedaant/school/quantum_work/linien/gateware/verilog/red_pitaya_scope.v:764]
INFO: [Synth 8-6157] synthesizing module 'bus_clk_bridge' from library 'work' [/home/vedaant/school/quantum_work/linien/gateware/build/imports/home/vedaant/school/quantum_work/linien/gateware/verilog/bus_clk_bridge.v:38]
INFO: [Synth 8-6155] done synthesizing module 'bus_clk_bridge' from library 'work' (0#1) [/home/vedaant/school/quantum_work/linien/gateware/build/imports/home/vedaant/school/quantum_work/linien/gateware/verilog/bus_clk_bridge.v:38]
INFO: [Synth 8-6155] done synthesizing module 'red_pitaya_scope' from library 'work' (0#1) [/home/vedaant/school/quantum_work/linien/gateware/build/imports/home/vedaant/school/quantum_work/linien/gateware/verilog/red_pitaya_scope.v:54]
WARNING: [Synth 8-689] width (25) of port connection 'adc_a_i' does not match port width (14) of module 'red_pitaya_scope' [/home/vedaant/school/quantum_work/linien/gateware/build/top.v:13357]
WARNING: [Synth 8-689] width (25) of port connection 'adc_a_q_i' does not match port width (14) of module 'red_pitaya_scope' [/home/vedaant/school/quantum_work/linien/gateware/build/top.v:13358]
WARNING: [Synth 8-689] width (25) of port connection 'adc_b_i' does not match port width (14) of module 'red_pitaya_scope' [/home/vedaant/school/quantum_work/linien/gateware/build/top.v:13359]
WARNING: [Synth 8-689] width (25) of port connection 'adc_b_q_i' does not match port width (14) of module 'red_pitaya_scope' [/home/vedaant/school/quantum_work/linien/gateware/build/top.v:13360]
INFO: [Synth 8-6157] synthesizing module 'temp_pwm' from library 'work' [/home/vedaant/school/quantum_work/linien/gateware/build/imports/home/vedaant/school/quantum_work/linien/src/temp_pwm.sv:15]
INFO: [Synth 8-6155] done synthesizing module 'temp_pwm' from library 'work' (0#1) [/home/vedaant/school/quantum_work/linien/gateware/build/imports/home/vedaant/school/quantum_work/linien/src/temp_pwm.sv:15]
INFO: [Synth 8-6157] synthesizing module 'temp_sampler' from library 'work' [/home/vedaant/school/quantum_work/linien/gateware/build/imports/home/vedaant/school/quantum_work/linien/src/temp_sampler.sv:34]
	Parameter DELAY_CLKS bound to: 250000 - type: integer 
	Parameter WINDOW_LOG2 bound to: 16 - type: integer 
	Parameter FRAC_BITS bound to: 4 - type: integer 
INFO: [Synth 8-226] default block is never used [/home/vedaant/school/quantum_work/linien/gateware/build/imports/home/vedaant/school/quantum_work/linien/src/temp_sampler.sv:73]
INFO: [Synth 8-6155] done synthesizing module 'temp_sampler' from library 'work' (0#1) [/home/vedaant/school/quantum_work/linien/gateware/build/imports/home/vedaant/school/quantum_work/linien/src/temp_sampler.sv:34]
INFO: [Synth 8-6155] done synthesizing module 'top' from library 'work' (0#1) [/home/vedaant/school/quantum_work/linien/gateware/build/top.v:2]
WARNING: [Synth 8-6014] Unused sequential element wr_wid_reg was removed.  [/home/vedaant/school/quantum_work/linien/gateware/build/imports/home/vedaant/school/quantum_work/linien/gateware/verilog/axi_slave.v:177]
WARNING: [Synth 8-6014] Unused sequential element axi_rvalid_o_reg was removed.  [/home/vedaant/school/quantum_work/linien/gateware/build/imports/home/vedaant/school/quantum_work/linien/gateware/verilog/axi_slave.v:202]
WARNING: [Synth 8-3848] Net ENET0_GMII_TX_EN in module/entity processing_system7_v5_4_processing_system7 does not have driver. [/home/vedaant/school/quantum_work/linien/gateware/build/imports/home/vedaant/school/quantum_work/linien/gateware/verilog/processing_system7_v5_4_processing_system7.v:212]
WARNING: [Synth 8-3848] Net ENET0_GMII_TX_ER in module/entity processing_system7_v5_4_processing_system7 does not have driver. [/home/vedaant/school/quantum_work/linien/gateware/build/imports/home/vedaant/school/quantum_work/linien/gateware/verilog/processing_system7_v5_4_processing_system7.v:213]
WARNING: [Synth 8-3848] Net ENET0_GMII_TXD in module/entity processing_system7_v5_4_processing_system7 does not have driver. [/home/vedaant/school/quantum_work/linien/gateware/build/imports/home/vedaant/school/quantum_work/linien/gateware/verilog/processing_system7_v5_4_processing_system7.v:229]
WARNING: [Synth 8-3848] Net ENET1_GMII_TX_EN in module/entity processing_system7_v5_4_processing_system7 does not have driver. [/home/vedaant/school/quantum_work/linien/gateware/build/imports/home/vedaant/school/quantum_work/linien/gateware/verilog/processing_system7_v5_4_processing_system7.v:243]
WARNING: [Synth 8-3848] Net ENET1_GMII_TX_ER in module/entity processing_system7_v5_4_processing_system7 does not have driver. [/home/vedaant/school/quantum_work/linien/gateware/build/imports/home/vedaant/school/quantum_work/linien/gateware/verilog/processing_system7_v5_4_processing_system7.v:244]
WARNING: [Synth 8-3848] Net ENET1_GMII_TXD in module/entity processing_system7_v5_4_processing_system7 does not have driver. [/home/vedaant/school/quantum_work/linien/gateware/build/imports/home/vedaant/school/quantum_work/linien/gateware/verilog/processing_system7_v5_4_processing_system7.v:258]
WARNING: [Synth 8-3848] Net TRACE_CTL_PIPE[0] in module/entity processing_system7_v5_4_processing_system7 does not have driver. [/home/vedaant/school/quantum_work/linien/gateware/build/imports/home/vedaant/school/quantum_work/linien/gateware/verilog/processing_system7_v5_4_processing_system7.v:1300]
WARNING: [Synth 8-3848] Net TRACE_DATA_PIPE[0] in module/entity processing_system7_v5_4_processing_system7 does not have driver. [/home/vedaant/school/quantum_work/linien/gateware/build/imports/home/vedaant/school/quantum_work/linien/gateware/verilog/processing_system7_v5_4_processing_system7.v:1301]
WARNING: [Synth 8-3848] Net TRACE_CLK_OUT in module/entity processing_system7_v5_4_processing_system7 does not have driver. [/home/vedaant/school/quantum_work/linien/gateware/build/imports/home/vedaant/school/quantum_work/linien/gateware/verilog/processing_system7_v5_4_processing_system7.v:405]
WARNING: [Synth 8-3848] Net ENET0_GMII_COL_i in module/entity processing_system7_v5_4_processing_system7 does not have driver. [/home/vedaant/school/quantum_work/linien/gateware/build/imports/home/vedaant/school/quantum_work/linien/gateware/verilog/processing_system7_v5_4_processing_system7.v:1048]
WARNING: [Synth 8-3848] Net ENET0_GMII_CRS_i in module/entity processing_system7_v5_4_processing_system7 does not have driver. [/home/vedaant/school/quantum_work/linien/gateware/build/imports/home/vedaant/school/quantum_work/linien/gateware/verilog/processing_system7_v5_4_processing_system7.v:1049]
WARNING: [Synth 8-3848] Net ENET0_GMII_RXD_i in module/entity processing_system7_v5_4_processing_system7 does not have driver. [/home/vedaant/school/quantum_work/linien/gateware/build/imports/home/vedaant/school/quantum_work/linien/gateware/verilog/processing_system7_v5_4_processing_system7.v:1052]
WARNING: [Synth 8-3848] Net ENET0_GMII_RX_DV_i in module/entity processing_system7_v5_4_processing_system7 does not have driver. [/home/vedaant/school/quantum_work/linien/gateware/build/imports/home/vedaant/school/quantum_work/linien/gateware/verilog/processing_system7_v5_4_processing_system7.v:1050]
WARNING: [Synth 8-3848] Net ENET0_GMII_RX_ER_i in module/entity processing_system7_v5_4_processing_system7 does not have driver. [/home/vedaant/school/quantum_work/linien/gateware/build/imports/home/vedaant/school/quantum_work/linien/gateware/verilog/processing_system7_v5_4_processing_system7.v:1051]
WARNING: [Synth 8-3848] Net ENET1_GMII_COL_i in module/entity processing_system7_v5_4_processing_system7 does not have driver. [/home/vedaant/school/quantum_work/linien/gateware/build/imports/home/vedaant/school/quantum_work/linien/gateware/verilog/processing_system7_v5_4_processing_system7.v:1057]
WARNING: [Synth 8-3848] Net ENET1_GMII_CRS_i in module/entity processing_system7_v5_4_processing_system7 does not have driver. [/home/vedaant/school/quantum_work/linien/gateware/build/imports/home/vedaant/school/quantum_work/linien/gateware/verilog/processing_system7_v5_4_processing_system7.v:1058]
WARNING: [Synth 8-3848] Net ENET1_GMII_RXD_i in module/entity processing_system7_v5_4_processing_system7 does not have driver. [/home/vedaant/school/quantum_work/linien/gateware/build/imports/home/vedaant/school/quantum_work/linien/gateware/verilog/processing_system7_v5_4_processing_system7.v:1061]
WARNING: [Synth 8-3848] Net ENET1_GMII_RX_DV_i in module/entity processing_system7_v5_4_processing_system7 does not have driver. [/home/vedaant/school/quantum_work/linien/gateware/build/imports/home/vedaant/school/quantum_work/linien/gateware/verilog/processing_system7_v5_4_processing_system7.v:1059]
WARNING: [Synth 8-3848] Net ENET1_GMII_RX_ER_i in module/entity processing_system7_v5_4_processing_system7 does not have driver. [/home/vedaant/school/quantum_work/linien/gateware/build/imports/home/vedaant/school/quantum_work/linien/gateware/verilog/processing_system7_v5_4_processing_system7.v:1060]
WARNING: [Synth 8-3848] Net FTMD_TRACEIN_ATID_i in module/entity processing_system7_v5_4_processing_system7 does not have driver. [/home/vedaant/school/quantum_work/linien/gateware/build/imports/home/vedaant/school/quantum_work/linien/gateware/verilog/processing_system7_v5_4_processing_system7.v:1070]
WARNING: [Synth 8-3848] Net FTMD_TRACEIN_DATA_i in module/entity processing_system7_v5_4_processing_system7 does not have driver. [/home/vedaant/school/quantum_work/linien/gateware/build/imports/home/vedaant/school/quantum_work/linien/gateware/verilog/processing_system7_v5_4_processing_system7.v:1068]
WARNING: [Synth 8-3848] Net FTMD_TRACEIN_VALID_i in module/entity processing_system7_v5_4_processing_system7 does not have driver. [/home/vedaant/school/quantum_work/linien/gateware/build/imports/home/vedaant/school/quantum_work/linien/gateware/verilog/processing_system7_v5_4_processing_system7.v:1069]
WARNING: [Synth 8-6014] Unused sequential element b_reg was removed.  [/home/vedaant/school/quantum_work/linien/gateware/build/imports/home/vedaant/school/quantum_work/linien/src/chirp_gen.sv:28]
WARNING: [Synth 8-6014] Unused sequential element active_ff_reg was removed.  [/home/vedaant/school/quantum_work/linien/gateware/build/imports/home/vedaant/school/quantum_work/linien/src/sinusoid.sv:105]
WARNING: [Synth 8-3848] Net block_drive[4] in module/entity sequence_top does not have driver. [/home/vedaant/school/quantum_work/linien/gateware/build/imports/home/vedaant/school/quantum_work/linien/src/sequence_top.sv:76]
WARNING: [Synth 8-6014] Unused sequential element adc_b_raddr_reg was removed.  [/home/vedaant/school/quantum_work/linien/gateware/build/imports/home/vedaant/school/quantum_work/linien/gateware/verilog/red_pitaya_scope.v:476]
WARNING: [Synth 8-6014] Unused sequential element adc_a_q_raddr_reg was removed.  [/home/vedaant/school/quantum_work/linien/gateware/build/imports/home/vedaant/school/quantum_work/linien/gateware/verilog/red_pitaya_scope.v:477]
WARNING: [Synth 8-6014] Unused sequential element adc_b_q_raddr_reg was removed.  [/home/vedaant/school/quantum_work/linien/gateware/build/imports/home/vedaant/school/quantum_work/linien/gateware/verilog/red_pitaya_scope.v:478]
WARNING: [Synth 8-6014] Unused sequential element linienmodule_slowchain_limitcsr_error_reg was removed.  [/home/vedaant/school/quantum_work/linien/gateware/build/top.v:7787]
WARNING: [Synth 8-6014] Unused sequential element linienmodule_mod_cordic31_reg was removed.  [/home/vedaant/school/quantum_work/linien/gateware/build/top.v:3866]
WARNING: [Synth 8-6014] Unused sequential element linienmodule_mod_cordic47_reg was removed.  [/home/vedaant/school/quantum_work/linien/gateware/build/top.v:3867]
WARNING: [Synth 8-6014] Unused sequential element linienmodule_sweep_sweep_sequence_stop_reg_reg was removed.  [/home/vedaant/school/quantum_work/linien/gateware/build/top.v:7890]
WARNING: [Synth 8-6014] Unused sequential element linienmodule_limit_error_signal_limitcsr_error_reg was removed.  [/home/vedaant/school/quantum_work/linien/gateware/build/top.v:7916]
WARNING: [Synth 8-6014] Unused sequential element linienmodule_limit_fast1_limitcsr_error_reg was removed.  [/home/vedaant/school/quantum_work/linien/gateware/build/top.v:7920]
WARNING: [Synth 8-6014] Unused sequential element linienmodule_limit_fast2_limitcsr_error_reg was removed.  [/home/vedaant/school/quantum_work/linien/gateware/build/top.v:7924]
WARNING: [Synth 8-6014] Unused sequential element linienmodule_raw_acquisition_iir_error_reg was removed.  [/home/vedaant/school/quantum_work/linien/gateware/build/top.v:8030]
WARNING: [Synth 8-6014] Unused sequential element linienmodule_fast_a_cordic47_reg was removed.  [/home/vedaant/school/quantum_work/linien/gateware/build/top.v:4373]
WARNING: [Synth 8-6014] Unused sequential element linienmodule_fast_a_limitcsr0_limitcsr0_error0_reg was removed.  [/home/vedaant/school/quantum_work/linien/gateware/build/top.v:8164]
WARNING: [Synth 8-6014] Unused sequential element linienmodule_fast_a_iir0_error0_reg was removed.  [/home/vedaant/school/quantum_work/linien/gateware/build/top.v:8169]
WARNING: [Synth 8-6014] Unused sequential element linienmodule_fast_a_iir0_error1_reg was removed.  [/home/vedaant/school/quantum_work/linien/gateware/build/top.v:8187]
WARNING: [Synth 8-6014] Unused sequential element linienmodule_fast_a_limitcsr0_limitcsr0_error1_reg was removed.  [/home/vedaant/school/quantum_work/linien/gateware/build/top.v:8204]
WARNING: [Synth 8-6014] Unused sequential element linienmodule_fast_a_limitcsr1_limitcsr1_error0_reg was removed.  [/home/vedaant/school/quantum_work/linien/gateware/build/top.v:8208]
WARNING: [Synth 8-6014] Unused sequential element linienmodule_fast_a_iir1_error0_reg was removed.  [/home/vedaant/school/quantum_work/linien/gateware/build/top.v:8213]
WARNING: [Synth 8-6014] Unused sequential element linienmodule_fast_a_iir1_error1_reg was removed.  [/home/vedaant/school/quantum_work/linien/gateware/build/top.v:8231]
WARNING: [Synth 8-6014] Unused sequential element linienmodule_fast_a_limitcsr1_limitcsr1_error1_reg was removed.  [/home/vedaant/school/quantum_work/linien/gateware/build/top.v:8248]
WARNING: [Synth 8-6014] Unused sequential element linienmodule_fast_b_cordic47_reg was removed.  [/home/vedaant/school/quantum_work/linien/gateware/build/top.v:4622]
WARNING: [Synth 8-6014] Unused sequential element linienmodule_fast_b_limitcsr0_limitcsr0_error0_reg was removed.  [/home/vedaant/school/quantum_work/linien/gateware/build/top.v:8318]
WARNING: [Synth 8-6014] Unused sequential element linienmodule_fast_b_iir0_error0_reg was removed.  [/home/vedaant/school/quantum_work/linien/gateware/build/top.v:8323]
WARNING: [Synth 8-6014] Unused sequential element linienmodule_fast_b_iir0_error1_reg was removed.  [/home/vedaant/school/quantum_work/linien/gateware/build/top.v:8341]
WARNING: [Synth 8-6014] Unused sequential element linienmodule_fast_b_limitcsr0_limitcsr0_error1_reg was removed.  [/home/vedaant/school/quantum_work/linien/gateware/build/top.v:8358]
WARNING: [Synth 8-6014] Unused sequential element linienmodule_fast_b_limitcsr1_limitcsr1_error0_reg was removed.  [/home/vedaant/school/quantum_work/linien/gateware/build/top.v:8362]
WARNING: [Synth 8-6014] Unused sequential element linienmodule_fast_b_iir1_error0_reg was removed.  [/home/vedaant/school/quantum_work/linien/gateware/build/top.v:8367]
WARNING: [Synth 8-6014] Unused sequential element linienmodule_fast_b_iir1_error1_reg was removed.  [/home/vedaant/school/quantum_work/linien/gateware/build/top.v:8385]
WARNING: [Synth 8-6014] Unused sequential element linienmodule_fast_b_limitcsr1_limitcsr1_error1_reg was removed.  [/home/vedaant/school/quantum_work/linien/gateware/build/top.v:8402]
WARNING: [Synth 8-6014] Unused sequential element linienmodule_fast_a_y_tap_re_reg was removed.  [/home/vedaant/school/quantum_work/linien/gateware/build/top.v:8906]
WARNING: [Synth 8-6014] Unused sequential element linienmodule_fast_a_invert_re_reg was removed.  [/home/vedaant/school/quantum_work/linien/gateware/build/top.v:8910]
WARNING: [Synth 8-6014] Unused sequential element linienmodule_fast_a_delay_re_reg was removed.  [/home/vedaant/school/quantum_work/linien/gateware/build/top.v:8923]
WARNING: [Synth 8-6014] Unused sequential element linienmodule_fast_a_multiplier_re_reg was removed.  [/home/vedaant/school/quantum_work/linien/gateware/build/top.v:8927]
WARNING: [Synth 8-6014] Unused sequential element linienmodule_fast_a_limitcsr0_min_re0_reg was removed.  [/home/vedaant/school/quantum_work/linien/gateware/build/top.v:8940]
WARNING: [Synth 8-6014] Unused sequential element linienmodule_fast_a_limitcsr0_max_re0_reg was removed.  [/home/vedaant/school/quantum_work/linien/gateware/build/top.v:8953]
WARNING: [Synth 8-6014] Unused sequential element linienmodule_fast_a_iir0_re0_reg was removed.  [/home/vedaant/school/quantum_work/linien/gateware/build/top.v:8966]
WARNING: [Synth 8-6014] Unused sequential element linienmodule_fast_a_iir0_csrstorage0_re0_reg was removed.  [/home/vedaant/school/quantum_work/linien/gateware/build/top.v:8979]
WARNING: [Synth 8-6014] Unused sequential element linienmodule_fast_a_iir0_csrstorage1_re0_reg was removed.  [/home/vedaant/school/quantum_work/linien/gateware/build/top.v:8992]
WARNING: [Synth 8-6014] Unused sequential element linienmodule_fast_a_iir0_csrstorage2_re0_reg was removed.  [/home/vedaant/school/quantum_work/linien/gateware/build/top.v:9005]
WARNING: [Synth 8-6014] Unused sequential element linienmodule_fast_a_iir0_re1_reg was removed.  [/home/vedaant/school/quantum_work/linien/gateware/build/top.v:9018]
WARNING: [Synth 8-6014] Unused sequential element linienmodule_fast_a_iir0_csrstorage0_re1_reg was removed.  [/home/vedaant/school/quantum_work/linien/gateware/build/top.v:9031]
WARNING: [Synth 8-6014] Unused sequential element linienmodule_fast_a_iir0_csrstorage1_re1_reg was removed.  [/home/vedaant/school/quantum_work/linien/gateware/build/top.v:9044]
WARNING: [Synth 8-6014] Unused sequential element linienmodule_fast_a_iir0_csrstorage2_re1_reg was removed.  [/home/vedaant/school/quantum_work/linien/gateware/build/top.v:9057]
WARNING: [Synth 8-6014] Unused sequential element linienmodule_fast_a_iir0_csrstorage3_re_reg was removed.  [/home/vedaant/school/quantum_work/linien/gateware/build/top.v:9070]
WARNING: [Synth 8-6014] Unused sequential element linienmodule_fast_a_iir0_csrstorage4_re_reg was removed.  [/home/vedaant/school/quantum_work/linien/gateware/build/top.v:9083]
WARNING: [Synth 8-6014] Unused sequential element linienmodule_fast_a_limitcsr0_min_re1_reg was removed.  [/home/vedaant/school/quantum_work/linien/gateware/build/top.v:9096]
WARNING: [Synth 8-6014] Unused sequential element linienmodule_fast_a_limitcsr0_max_re1_reg was removed.  [/home/vedaant/school/quantum_work/linien/gateware/build/top.v:9109]
WARNING: [Synth 8-6014] Unused sequential element linienmodule_fast_a_limitcsr1_min_re0_reg was removed.  [/home/vedaant/school/quantum_work/linien/gateware/build/top.v:9122]
WARNING: [Synth 8-6014] Unused sequential element linienmodule_fast_a_limitcsr1_max_re0_reg was removed.  [/home/vedaant/school/quantum_work/linien/gateware/build/top.v:9135]
WARNING: [Synth 8-6014] Unused sequential element linienmodule_fast_a_iir1_re0_reg was removed.  [/home/vedaant/school/quantum_work/linien/gateware/build/top.v:9148]
WARNING: [Synth 8-6014] Unused sequential element linienmodule_fast_a_iir1_csrstorage3_re_reg was removed.  [/home/vedaant/school/quantum_work/linien/gateware/build/top.v:9161]
WARNING: [Synth 8-6014] Unused sequential element linienmodule_fast_a_iir1_csrstorage4_re_reg was removed.  [/home/vedaant/school/quantum_work/linien/gateware/build/top.v:9174]
WARNING: [Synth 8-6014] Unused sequential element linienmodule_fast_a_iir1_csrstorage5_re0_reg was removed.  [/home/vedaant/school/quantum_work/linien/gateware/build/top.v:9187]
WARNING: [Synth 8-6014] Unused sequential element linienmodule_fast_a_iir1_re1_reg was removed.  [/home/vedaant/school/quantum_work/linien/gateware/build/top.v:9200]
WARNING: [Synth 8-6014] Unused sequential element linienmodule_fast_a_iir1_csrstorage5_re1_reg was removed.  [/home/vedaant/school/quantum_work/linien/gateware/build/top.v:9213]
WARNING: [Synth 8-6014] Unused sequential element linienmodule_fast_a_iir1_csrstorage6_re_reg was removed.  [/home/vedaant/school/quantum_work/linien/gateware/build/top.v:9226]
WARNING: [Synth 8-6014] Unused sequential element linienmodule_fast_a_iir1_csrstorage7_re_reg was removed.  [/home/vedaant/school/quantum_work/linien/gateware/build/top.v:9239]
WARNING: [Synth 8-6014] Unused sequential element linienmodule_fast_a_iir1_csrstorage8_re_reg was removed.  [/home/vedaant/school/quantum_work/linien/gateware/build/top.v:9252]
WARNING: [Synth 8-6014] Unused sequential element linienmodule_fast_a_iir1_csrstorage9_re_reg was removed.  [/home/vedaant/school/quantum_work/linien/gateware/build/top.v:9265]
WARNING: [Synth 8-6014] Unused sequential element linienmodule_fast_a_limitcsr1_min_re1_reg was removed.  [/home/vedaant/school/quantum_work/linien/gateware/build/top.v:9278]
WARNING: [Synth 8-6014] Unused sequential element linienmodule_fast_a_limitcsr1_max_re1_reg was removed.  [/home/vedaant/school/quantum_work/linien/gateware/build/top.v:9291]
WARNING: [Synth 8-6014] Unused sequential element linienmodule_csrstorage8_re_reg was removed.  [/home/vedaant/school/quantum_work/linien/gateware/build/top.v:9295]
WARNING: [Synth 8-6014] Unused sequential element linienmodule_csrstorage9_re_reg was removed.  [/home/vedaant/school/quantum_work/linien/gateware/build/top.v:9299]
WARNING: [Synth 8-6014] Unused sequential element linienmodule_fast_b_y_tap_re_reg was removed.  [/home/vedaant/school/quantum_work/linien/gateware/build/top.v:9752]
WARNING: [Synth 8-6014] Unused sequential element linienmodule_fast_b_invert_re_reg was removed.  [/home/vedaant/school/quantum_work/linien/gateware/build/top.v:9756]
WARNING: [Synth 8-6014] Unused sequential element linienmodule_fast_b_delay_re_reg was removed.  [/home/vedaant/school/quantum_work/linien/gateware/build/top.v:9769]
WARNING: [Synth 8-6014] Unused sequential element linienmodule_fast_b_multiplier_re_reg was removed.  [/home/vedaant/school/quantum_work/linien/gateware/build/top.v:9773]
WARNING: [Synth 8-6014] Unused sequential element linienmodule_fast_b_limitcsr0_min_re0_reg was removed.  [/home/vedaant/school/quantum_work/linien/gateware/build/top.v:9786]
WARNING: [Synth 8-6014] Unused sequential element linienmodule_fast_b_limitcsr0_max_re0_reg was removed.  [/home/vedaant/school/quantum_work/linien/gateware/build/top.v:9799]
WARNING: [Synth 8-6014] Unused sequential element linienmodule_fast_b_iir0_re0_reg was removed.  [/home/vedaant/school/quantum_work/linien/gateware/build/top.v:9812]
WARNING: [Synth 8-6014] Unused sequential element linienmodule_fast_b_iir0_csrstorage0_re0_reg was removed.  [/home/vedaant/school/quantum_work/linien/gateware/build/top.v:9825]
WARNING: [Synth 8-6014] Unused sequential element linienmodule_fast_b_iir0_csrstorage1_re0_reg was removed.  [/home/vedaant/school/quantum_work/linien/gateware/build/top.v:9838]
WARNING: [Synth 8-6014] Unused sequential element linienmodule_fast_b_iir0_csrstorage2_re0_reg was removed.  [/home/vedaant/school/quantum_work/linien/gateware/build/top.v:9851]
WARNING: [Synth 8-6014] Unused sequential element linienmodule_fast_b_iir0_re1_reg was removed.  [/home/vedaant/school/quantum_work/linien/gateware/build/top.v:9864]
WARNING: [Synth 8-6014] Unused sequential element linienmodule_fast_b_iir0_csrstorage0_re1_reg was removed.  [/home/vedaant/school/quantum_work/linien/gateware/build/top.v:9877]
WARNING: [Synth 8-6014] Unused sequential element linienmodule_fast_b_iir0_csrstorage1_re1_reg was removed.  [/home/vedaant/school/quantum_work/linien/gateware/build/top.v:9890]
WARNING: [Synth 8-6014] Unused sequential element linienmodule_fast_b_iir0_csrstorage2_re1_reg was removed.  [/home/vedaant/school/quantum_work/linien/gateware/build/top.v:9903]
WARNING: [Synth 8-6014] Unused sequential element linienmodule_fast_b_iir0_csrstorage3_re_reg was removed.  [/home/vedaant/school/quantum_work/linien/gateware/build/top.v:9916]
WARNING: [Synth 8-6014] Unused sequential element linienmodule_fast_b_iir0_csrstorage4_re_reg was removed.  [/home/vedaant/school/quantum_work/linien/gateware/build/top.v:9929]
WARNING: [Synth 8-6014] Unused sequential element linienmodule_fast_b_limitcsr0_min_re1_reg was removed.  [/home/vedaant/school/quantum_work/linien/gateware/build/top.v:9942]
WARNING: [Synth 8-6014] Unused sequential element linienmodule_fast_b_limitcsr0_max_re1_reg was removed.  [/home/vedaant/school/quantum_work/linien/gateware/build/top.v:9955]
WARNING: [Synth 8-6014] Unused sequential element linienmodule_fast_b_limitcsr1_min_re0_reg was removed.  [/home/vedaant/school/quantum_work/linien/gateware/build/top.v:9968]
WARNING: [Synth 8-6014] Unused sequential element linienmodule_fast_b_limitcsr1_max_re0_reg was removed.  [/home/vedaant/school/quantum_work/linien/gateware/build/top.v:9981]
WARNING: [Synth 8-6014] Unused sequential element linienmodule_fast_b_iir1_re0_reg was removed.  [/home/vedaant/school/quantum_work/linien/gateware/build/top.v:9994]
WARNING: [Synth 8-6014] Unused sequential element linienmodule_fast_b_iir1_csrstorage3_re_reg was removed.  [/home/vedaant/school/quantum_work/linien/gateware/build/top.v:10007]
WARNING: [Synth 8-6014] Unused sequential element linienmodule_fast_b_iir1_csrstorage4_re_reg was removed.  [/home/vedaant/school/quantum_work/linien/gateware/build/top.v:10020]
WARNING: [Synth 8-6014] Unused sequential element linienmodule_fast_b_iir1_csrstorage5_re0_reg was removed.  [/home/vedaant/school/quantum_work/linien/gateware/build/top.v:10033]
WARNING: [Synth 8-6014] Unused sequential element linienmodule_fast_b_iir1_re1_reg was removed.  [/home/vedaant/school/quantum_work/linien/gateware/build/top.v:10046]
WARNING: [Synth 8-6014] Unused sequential element linienmodule_fast_b_iir1_csrstorage5_re1_reg was removed.  [/home/vedaant/school/quantum_work/linien/gateware/build/top.v:10059]
WARNING: [Synth 8-6014] Unused sequential element linienmodule_fast_b_iir1_csrstorage6_re_reg was removed.  [/home/vedaant/school/quantum_work/linien/gateware/build/top.v:10072]
WARNING: [Synth 8-6014] Unused sequential element linienmodule_fast_b_iir1_csrstorage7_re_reg was removed.  [/home/vedaant/school/quantum_work/linien/gateware/build/top.v:10085]
WARNING: [Synth 8-6014] Unused sequential element linienmodule_fast_b_iir1_csrstorage8_re_reg was removed.  [/home/vedaant/school/quantum_work/linien/gateware/build/top.v:10098]
WARNING: [Synth 8-6014] Unused sequential element linienmodule_fast_b_iir1_csrstorage9_re_reg was removed.  [/home/vedaant/school/quantum_work/linien/gateware/build/top.v:10111]
WARNING: [Synth 8-6014] Unused sequential element linienmodule_fast_b_limitcsr1_min_re1_reg was removed.  [/home/vedaant/school/quantum_work/linien/gateware/build/top.v:10124]
WARNING: [Synth 8-6014] Unused sequential element linienmodule_fast_b_limitcsr1_max_re1_reg was removed.  [/home/vedaant/school/quantum_work/linien/gateware/build/top.v:10137]
WARNING: [Synth 8-6014] Unused sequential element linienmodule_csrstorage10_re_reg was removed.  [/home/vedaant/school/quantum_work/linien/gateware/build/top.v:10141]
INFO: [Common 17-14] Message 'Synth 8-6014' appears 100 times and further instances of the messages will be disabled. Use the Tcl command set_msg_config to change the current settings.
WARNING: [Synth 8-3917] design top has port adc_clk[1] driven by constant 1
WARNING: [Synth 8-3917] design top has port adc_clk[0] driven by constant 0
WARNING: [Synth 8-3917] design top has port adc_cdcs driven by constant 1
WARNING: [Synth 8-3917] design top has port user_led_6 driven by constant 0
WARNING: [Synth 8-3917] design top has port user_led_7 driven by constant 0
WARNING: [Synth 8-7129] Port sys_sel_i[3] in module bus_clk_bridge is either unconnected or has no load
WARNING: [Synth 8-7129] Port sys_sel_i[2] in module bus_clk_bridge is either unconnected or has no load
WARNING: [Synth 8-7129] Port sys_sel_i[1] in module bus_clk_bridge is either unconnected or has no load
WARNING: [Synth 8-7129] Port sys_sel_i[0] in module bus_clk_bridge is either unconnected or has no load
WARNING: [Synth 8-7129] Port i_param_data[31] in module direct_jump is either unconnected or has no load
WARNING: [Synth 8-7129] Port i_param_data[30] in module direct_jump is either unconnected or has no load
WARNING: [Synth 8-7129] Port i_param_data[29] in module direct_jump is either unconnected or has no load
WARNING: [Synth 8-7129] Port i_param_data[28] in module direct_jump is either unconnected or has no load
WARNING: [Synth 8-7129] Port i_param_data[27] in module direct_jump is either unconnected or has no load
WARNING: [Synth 8-7129] Port i_param_data[26] in module direct_jump is either unconnected or has no load
WARNING: [Synth 8-7129] Port i_param_data[25] in module direct_jump is either unconnected or has no load
WARNING: [Synth 8-7129] Port i_param_data[24] in module direct_jump is either unconnected or has no load
WARNING: [Synth 8-7129] Port i_param_data[23] in module direct_jump is either unconnected or has no load
WARNING: [Synth 8-7129] Port i_param_data[22] in module direct_jump is either unconnected or has no load
WARNING: [Synth 8-7129] Port i_param_data[21] in module direct_jump is either unconnected or has no load
WARNING: [Synth 8-7129] Port i_param_data[20] in module direct_jump is either unconnected or has no load
WARNING: [Synth 8-7129] Port i_param_data[19] in module direct_jump is either unconnected or has no load
WARNING: [Synth 8-7129] Port i_param_data[18] in module direct_jump is either unconnected or has no load
WARNING: [Synth 8-7129] Port i_param_data[17] in module direct_jump is either unconnected or has no load
WARNING: [Synth 8-7129] Port i_param_data[16] in module direct_jump is either unconnected or has no load
WARNING: [Synth 8-7129] Port i_param_data[15] in module direct_jump is either unconnected or has no load
WARNING: [Synth 8-7129] Port i_param_data[14] in module direct_jump is either unconnected or has no load
WARNING: [Synth 8-7129] Port i_param_data[31] in module delay is either unconnected or has no load
WARNING: [Synth 8-7129] Port i_param_data[30] in module delay is either unconnected or has no load
WARNING: [Synth 8-7129] Port i_param_data[29] in module delay is either unconnected or has no load
WARNING: [Synth 8-7129] Port i_param_data[28] in module delay is either unconnected or has no load
WARNING: [Synth 8-7129] Port i_param_data[27] in module delay is either unconnected or has no load
WARNING: [Synth 8-7129] Port i_param_data[26] in module delay is either unconnected or has no load
WARNING: [Synth 8-7129] Port i_param_data[25] in module delay is either unconnected or has no load
WARNING: [Synth 8-7129] Port i_param_data[24] in module delay is either unconnected or has no load
WARNING: [Synth 8-7129] Port i_param_data[23] in module delay is either unconnected or has no load
WARNING: [Synth 8-7129] Port i_param_data[22] in module delay is either unconnected or has no load
WARNING: [Synth 8-7129] Port i_param_data[21] in module delay is either unconnected or has no load
WARNING: [Synth 8-7129] Port i_param_data[20] in module delay is either unconnected or has no load
WARNING: [Synth 8-7129] Port i_param_data[19] in module delay is either unconnected or has no load
WARNING: [Synth 8-7129] Port i_param_data[18] in module delay is either unconnected or has no load
WARNING: [Synth 8-7129] Port i_param_data[17] in module delay is either unconnected or has no load
WARNING: [Synth 8-7129] Port i_param_data[16] in module delay is either unconnected or has no load
WARNING: [Synth 8-7129] Port i_param_data[15] in module delay is either unconnected or has no load
WARNING: [Synth 8-7129] Port i_param_data[14] in module delay is either unconnected or has no load
WARNING: [Synth 8-7129] Port ENET0_GMII_TX_EN in module processing_system7_v5_4_processing_system7 is either unconnected or has no load
WARNING: [Synth 8-7129] Port ENET0_GMII_TX_ER in module processing_system7_v5_4_processing_system7 is either unconnected or has no load
WARNING: [Synth 8-7129] Port ENET0_GMII_TXD[7] in module processing_system7_v5_4_processing_system7 is either unconnected or has no load
WARNING: [Synth 8-7129] Port ENET0_GMII_TXD[6] in module processing_system7_v5_4_processing_system7 is either unconnected or has no load
WARNING: [Synth 8-7129] Port ENET0_GMII_TXD[5] in module processing_system7_v5_4_processing_system7 is either unconnected or has no load
WARNING: [Synth 8-7129] Port ENET0_GMII_TXD[4] in module processing_system7_v5_4_processing_system7 is either unconnected or has no load
WARNING: [Synth 8-7129] Port ENET0_GMII_TXD[3] in module processing_system7_v5_4_processing_system7 is either unconnected or has no load
WARNING: [Synth 8-7129] Port ENET0_GMII_TXD[2] in module processing_system7_v5_4_processing_system7 is either unconnected or has no load
WARNING: [Synth 8-7129] Port ENET0_GMII_TXD[1] in module processing_system7_v5_4_processing_system7 is either unconnected or has no load
WARNING: [Synth 8-7129] Port ENET0_GMII_TXD[0] in module processing_system7_v5_4_processing_system7 is either unconnected or has no load
WARNING: [Synth 8-7129] Port ENET1_GMII_TX_EN in module processing_system7_v5_4_processing_system7 is either unconnected or has no load
WARNING: [Synth 8-7129] Port ENET1_GMII_TX_ER in module processing_system7_v5_4_processing_system7 is either unconnected or has no load
WARNING: [Synth 8-7129] Port ENET1_GMII_TXD[7] in module processing_system7_v5_4_processing_system7 is either unconnected or has no load
WARNING: [Synth 8-7129] Port ENET1_GMII_TXD[6] in module processing_system7_v5_4_processing_system7 is either unconnected or has no load
WARNING: [Synth 8-7129] Port ENET1_GMII_TXD[5] in module processing_system7_v5_4_processing_system7 is either unconnected or has no load
WARNING: [Synth 8-7129] Port ENET1_GMII_TXD[4] in module processing_system7_v5_4_processing_system7 is either unconnected or has no load
WARNING: [Synth 8-7129] Port ENET1_GMII_TXD[3] in module processing_system7_v5_4_processing_system7 is either unconnected or has no load
WARNING: [Synth 8-7129] Port ENET1_GMII_TXD[2] in module processing_system7_v5_4_processing_system7 is either unconnected or has no load
WARNING: [Synth 8-7129] Port ENET1_GMII_TXD[1] in module processing_system7_v5_4_processing_system7 is either unconnected or has no load
WARNING: [Synth 8-7129] Port ENET1_GMII_TXD[0] in module processing_system7_v5_4_processing_system7 is either unconnected or has no load
WARNING: [Synth 8-7129] Port TRACE_CTL in module processing_system7_v5_4_processing_system7 is either unconnected or has no load
WARNING: [Synth 8-7129] Port TRACE_DATA[31] in module processing_system7_v5_4_processing_system7 is either unconnected or has no load
WARNING: [Synth 8-7129] Port TRACE_DATA[30] in module processing_system7_v5_4_processing_system7 is either unconnected or has no load
WARNING: [Synth 8-7129] Port TRACE_DATA[29] in module processing_system7_v5_4_processing_system7 is either unconnected or has no load
WARNING: [Synth 8-7129] Port TRACE_DATA[28] in module processing_system7_v5_4_processing_system7 is either unconnected or has no load
WARNING: [Synth 8-7129] Port TRACE_DATA[27] in module processing_system7_v5_4_processing_system7 is either unconnected or has no load
WARNING: [Synth 8-7129] Port TRACE_DATA[26] in module processing_system7_v5_4_processing_system7 is either unconnected or has no load
WARNING: [Synth 8-7129] Port TRACE_DATA[25] in module processing_system7_v5_4_processing_system7 is either unconnected or has no load
WARNING: [Synth 8-7129] Port TRACE_DATA[24] in module processing_system7_v5_4_processing_system7 is either unconnected or has no load
WARNING: [Synth 8-7129] Port TRACE_DATA[23] in module processing_system7_v5_4_processing_system7 is either unconnected or has no load
WARNING: [Synth 8-7129] Port TRACE_DATA[22] in module processing_system7_v5_4_processing_system7 is either unconnected or has no load
WARNING: [Synth 8-7129] Port TRACE_DATA[21] in module processing_system7_v5_4_processing_system7 is either unconnected or has no load
WARNING: [Synth 8-7129] Port TRACE_DATA[20] in module processing_system7_v5_4_processing_system7 is either unconnected or has no load
WARNING: [Synth 8-7129] Port TRACE_DATA[19] in module processing_system7_v5_4_processing_system7 is either unconnected or has no load
WARNING: [Synth 8-7129] Port TRACE_DATA[18] in module processing_system7_v5_4_processing_system7 is either unconnected or has no load
WARNING: [Synth 8-7129] Port TRACE_DATA[17] in module processing_system7_v5_4_processing_system7 is either unconnected or has no load
WARNING: [Synth 8-7129] Port TRACE_DATA[16] in module processing_system7_v5_4_processing_system7 is either unconnected or has no load
WARNING: [Synth 8-7129] Port TRACE_DATA[15] in module processing_system7_v5_4_processing_system7 is either unconnected or has no load
WARNING: [Synth 8-7129] Port TRACE_DATA[14] in module processing_system7_v5_4_processing_system7 is either unconnected or has no load
WARNING: [Synth 8-7129] Port TRACE_DATA[13] in module processing_system7_v5_4_processing_system7 is either unconnected or has no load
WARNING: [Synth 8-7129] Port TRACE_DATA[12] in module processing_system7_v5_4_processing_system7 is either unconnected or has no load
WARNING: [Synth 8-7129] Port TRACE_DATA[11] in module processing_system7_v5_4_processing_system7 is either unconnected or has no load
WARNING: [Synth 8-7129] Port TRACE_DATA[10] in module processing_system7_v5_4_processing_system7 is either unconnected or has no load
WARNING: [Synth 8-7129] Port TRACE_DATA[9] in module processing_system7_v5_4_processing_system7 is either unconnected or has no load
WARNING: [Synth 8-7129] Port TRACE_DATA[8] in module processing_system7_v5_4_processing_system7 is either unconnected or has no load
WARNING: [Synth 8-7129] Port TRACE_DATA[7] in module processing_system7_v5_4_processing_system7 is either unconnected or has no load
WARNING: [Synth 8-7129] Port TRACE_DATA[6] in module processing_system7_v5_4_processing_system7 is either unconnected or has no load
WARNING: [Synth 8-7129] Port TRACE_DATA[5] in module processing_system7_v5_4_processing_system7 is either unconnected or has no load
WARNING: [Synth 8-7129] Port TRACE_DATA[4] in module processing_system7_v5_4_processing_system7 is either unconnected or has no load
WARNING: [Synth 8-7129] Port TRACE_DATA[3] in module processing_system7_v5_4_processing_system7 is either unconnected or has no load
WARNING: [Synth 8-7129] Port TRACE_DATA[2] in module processing_system7_v5_4_processing_system7 is either unconnected or has no load
WARNING: [Synth 8-7129] Port TRACE_DATA[1] in module processing_system7_v5_4_processing_system7 is either unconnected or has no load
WARNING: [Synth 8-7129] Port TRACE_DATA[0] in module processing_system7_v5_4_processing_system7 is either unconnected or has no load
WARNING: [Synth 8-7129] Port TRACE_CLK_OUT in module processing_system7_v5_4_processing_system7 is either unconnected or has no load
WARNING: [Synth 8-7129] Port ENET0_GMII_COL in module processing_system7_v5_4_processing_system7 is either unconnected or has no load
WARNING: [Synth 8-7129] Port ENET0_GMII_CRS in module processing_system7_v5_4_processing_system7 is either unconnected or has no load
WARNING: [Synth 8-7129] Port ENET0_GMII_RX_DV in module processing_system7_v5_4_processing_system7 is either unconnected or has no load
WARNING: [Synth 8-7129] Port ENET0_GMII_RX_ER in module processing_system7_v5_4_processing_system7 is either unconnected or has no load
WARNING: [Synth 8-7129] Port ENET0_GMII_RXD[7] in module processing_system7_v5_4_processing_system7 is either unconnected or has no load
WARNING: [Synth 8-7129] Port ENET0_GMII_RXD[6] in module processing_system7_v5_4_processing_system7 is either unconnected or has no load
INFO: [Common 17-14] Message 'Synth 8-7129' appears 100 times and further instances of the messages will be disabled. Use the Tcl command set_msg_config to change the current settings.
---------------------------------------------------------------------------------
Finished RTL Elaboration : Time (s): cpu = 00:00:04 ; elapsed = 00:00:04 . Memory (MB): peak = 2414.898 ; gain = 662.094 ; free physical = 2750 ; free virtual = 40814
---------------------------------------------------------------------------------
---------------------------------------------------------------------------------
Start Handling Custom Attributes
---------------------------------------------------------------------------------
---------------------------------------------------------------------------------
Finished Handling Custom Attributes : Time (s): cpu = 00:00:04 ; elapsed = 00:00:04 . Memory (MB): peak = 2414.898 ; gain = 662.094 ; free physical = 2749 ; free virtual = 40813
---------------------------------------------------------------------------------
---------------------------------------------------------------------------------
Finished RTL Optimization Phase 1 : Time (s): cpu = 00:00:04 ; elapsed = 00:00:04 . Memory (MB): peak = 2414.898 ; gain = 662.094 ; free physical = 2749 ; free virtual = 40813
---------------------------------------------------------------------------------
Netlist sorting complete. Time (s): cpu = 00:00:00.11 ; elapsed = 00:00:00.1 . Memory (MB): peak = 2414.898 ; gain = 0.000 ; free physical = 2749 ; free virtual = 40813
WARNING: [Netlist 29-345] The value of SIM_DEVICE on instance 'XADC' of type 'XADC' is '7SERIES'; it is being changed to match the current FPGA architecture, 'ZYNQ'. For functional simulation to match hardware behavior, the value of SIM_DEVICE should be changed in the source netlist. 
INFO: [Netlist 29-17] Analyzing 21 Unisim elements for replacement
INFO: [Netlist 29-28] Unisim Transformation completed in 0 CPU seconds
INFO: [Project 1-570] Preparing netlist for logic optimization

Processing XDC Constraints
Initializing timing engine
Parsing XDC File [/home/vedaant/school/quantum_work/linien/gateware/build/top.xdc]
WARNING: [Vivado 12-627] No clocks matched 'clk125_p'. [/home/vedaant/school/quantum_work/linien/gateware/build/top.xdc:368]
INFO: [Vivado 12-626] No clocks found. Please use 'create_clock' or 'create_generated_clock' command to create clocks. [/home/vedaant/school/quantum_work/linien/gateware/build/top.xdc:368]
WARNING: [Vivado 12-627] No clocks matched 'clk_fpga_0'. [/home/vedaant/school/quantum_work/linien/gateware/build/top.xdc:368]
INFO: [Vivado 12-626] No clocks found. Please use 'create_clock' or 'create_generated_clock' command to create clocks. [/home/vedaant/school/quantum_work/linien/gateware/build/top.xdc:368]
CRITICAL WARNING: [Vivado 12-4739] set_clock_groups:No valid object(s) found for '-group [get_clocks -include_generated_clocks clk125_p]'. [/home/vedaant/school/quantum_work/linien/gateware/build/top.xdc:368]
Resolution: Check if the specified object(s) exists in the current design. If it does, ensure that the correct design hierarchy was specified for the object. If you are working with clocks, make sure create_clock was used to create the clock object before it is referenced.
CRITICAL WARNING: [Vivado 12-4739] set_clock_groups:No valid object(s) found for '-group '. [/home/vedaant/school/quantum_work/linien/gateware/build/top.xdc:368]
Resolution: Check if the specified object(s) exists in the current design. If it does, ensure that the correct design hierarchy was specified for the object. If you are working with clocks, make sure create_clock was used to create the clock object before it is referenced.
CRITICAL WARNING: [Vivado 12-4739] set_clock_groups:No valid object(s) found for '-group [get_clocks -include_generated_clocks clk_fpga_0]'. [/home/vedaant/school/quantum_work/linien/gateware/build/top.xdc:368]
Resolution: Check if the specified object(s) exists in the current design. If it does, ensure that the correct design hierarchy was specified for the object. If you are working with clocks, make sure create_clock was used to create the clock object before it is referenced.
CRITICAL WARNING: [Vivado 12-4739] set_clock_groups:No valid object(s) found for '-group '. [/home/vedaant/school/quantum_work/linien/gateware/build/top.xdc:368]
Resolution: Check if the specified object(s) exists in the current design. If it does, ensure that the correct design hierarchy was specified for the object. If you are working with clocks, make sure create_clock was used to create the clock object before it is referenced.
CRITICAL WARNING: [Constraints 18-4644] set_clock_groups: All clock groups specified are empty. Please specify atleast one clock group which is not empty. [/home/vedaant/school/quantum_work/linien/gateware/build/top.xdc:368]
WARNING: [Vivado 12-180] No cells matched 'get_cells -filter {ars_ff1 == TRUE || ars_ff2 == TRUE}'. [/home/vedaant/school/quantum_work/linien/gateware/build/top.xdc:374]
WARNING: [Vivado 12-508] No pins matched 'get_pins -filter {REF_PIN_NAME == PRE} -of [get_cells -filter {ars_ff1 == TRUE || ars_ff2 == TRUE}]'. [/home/vedaant/school/quantum_work/linien/gateware/build/top.xdc:374]
WARNING: [Vivado 12-180] No cells matched 'get_cells -filter {ars_ff1 == TRUE}'. [/home/vedaant/school/quantum_work/linien/gateware/build/top.xdc:376]
WARNING: [Vivado 12-508] No pins matched 'get_pins -filter {REF_PIN_NAME == Q} -of [get_cells -filter {ars_ff1 == TRUE}]'. [/home/vedaant/school/quantum_work/linien/gateware/build/top.xdc:376]
WARNING: [Vivado 12-180] No cells matched 'get_cells -filter {ars_ff2 == TRUE}'. [/home/vedaant/school/quantum_work/linien/gateware/build/top.xdc:376]
WARNING: [Vivado 12-508] No pins matched 'get_pins -filter {REF_PIN_NAME == D} -of [get_cells -filter {ars_ff2 == TRUE}]'. [/home/vedaant/school/quantum_work/linien/gateware/build/top.xdc:376]
Finished Parsing XDC File [/home/vedaant/school/quantum_work/linien/gateware/build/top.xdc]
INFO: [Project 1-236] Implementation specific constraints were found while reading constraint file [/home/vedaant/school/quantum_work/linien/gateware/build/top.xdc]. These constraints will be ignored for synthesis but will be used in implementation. Impacted constraints are listed in the file [.Xil/top_propImpl.xdc].
Resolution: To avoid this warning, move constraints listed in [.Xil/top_propImpl.xdc] to another XDC file and exclude this new file from synthesis with the used_in_synthesis property (File Properties dialog in GUI) and re-run elaboration/synthesis.
Parsing XDC File [/home/vedaant/school/quantum_work/linien/gateware/verilog/system_processing_system7_0_0.xdc] for cell 'system_processing_system7_0_0/inst'
Finished Parsing XDC File [/home/vedaant/school/quantum_work/linien/gateware/verilog/system_processing_system7_0_0.xdc] for cell 'system_processing_system7_0_0/inst'
INFO: [Project 1-236] Implementation specific constraints were found while reading constraint file [/home/vedaant/school/quantum_work/linien/gateware/verilog/system_processing_system7_0_0.xdc]. These constraints will be ignored for synthesis but will be used in implementation. Impacted constraints are listed in the file [.Xil/top_propImpl.xdc].
Resolution: To avoid this warning, move constraints listed in [.Xil/top_propImpl.xdc] to another XDC file and exclude this new file from synthesis with the used_in_synthesis property (File Properties dialog in GUI) and re-run elaboration/synthesis.
INFO: [Timing 38-2] Deriving generated clocks
Completed Processing XDC Constraints

Netlist sorting complete. Time (s): cpu = 00:00:00 ; elapsed = 00:00:00 . Memory (MB): peak = 2493.699 ; gain = 0.000 ; free physical = 2736 ; free virtual = 40806
INFO: [Project 1-111] Unisim Transformation Summary:
  A total of 3 instances were transformed.
  FD => FDRE: 1 instance 
  IBUFGDS => IBUFDS: 1 instance 
  PLLE2_BASE => PLLE2_ADV: 1 instance 

Constraint Validation Runtime : Time (s): cpu = 00:00:00.03 ; elapsed = 00:00:00.02 . Memory (MB): peak = 2493.734 ; gain = 0.000 ; free physical = 2736 ; free virtual = 40806
---------------------------------------------------------------------------------
Finished Constraint Validation : Time (s): cpu = 00:00:10 ; elapsed = 00:00:09 . Memory (MB): peak = 2493.734 ; gain = 740.930 ; free physical = 2739 ; free virtual = 40809
---------------------------------------------------------------------------------
---------------------------------------------------------------------------------
Start Loading Part and Timing Information
---------------------------------------------------------------------------------
Loading part: xc7z020clg400-1
---------------------------------------------------------------------------------
Finished Loading Part and Timing Information : Time (s): cpu = 00:00:10 ; elapsed = 00:00:09 . Memory (MB): peak = 2501.703 ; gain = 748.898 ; free physical = 2739 ; free virtual = 40809
---------------------------------------------------------------------------------
---------------------------------------------------------------------------------
Start Applying 'set_property' XDC Constraints
---------------------------------------------------------------------------------
---------------------------------------------------------------------------------
Finished applying 'set_property' XDC Constraints : Time (s): cpu = 00:00:11 ; elapsed = 00:00:11 . Memory (MB): peak = 2501.703 ; gain = 748.898 ; free physical = 2749 ; free virtual = 40819
---------------------------------------------------------------------------------
INFO: [Synth 8-802] inferred FSM for state register 'state_reg' in module 'control'
INFO: [Synth 8-802] inferred FSM for state register 'state_reg' in module 'temp_sampler'
INFO: [Synth 8-802] inferred FSM for state register 'state_reg' in module 'top'
---------------------------------------------------------------------------------------------------
                   State |                     New Encoding |                Previous Encoding 
---------------------------------------------------------------------------------------------------
                    IDLE |                             0000 |                             0000
              FETCH_TYPE |                             0001 |                             0010
               LOAD_INIT |                             0010 |                             0011
             LOAD_PARAMS |                             0011 |                             0100
             START_BLOCK |                             0100 |                             0101
               WAIT_DONE |                             0101 |                             0110
          CAPTURE_VDRIVE |                             0110 |                             0111
                    DONE |                             0111 |                             1000
          ENABLE_CARRIER |                             1000 |                             0001
---------------------------------------------------------------------------------------------------
INFO: [Synth 8-3354] encoded FSM with state register 'state_reg' using encoding 'sequential' in module 'control'
---------------------------------------------------------------------------------------------------
                   State |                     New Encoding |                Previous Encoding 
---------------------------------------------------------------------------------------------------
                  S_IDLE |                               00 |                               00
                 S_DELAY |                               01 |                               01
                 S_ACCUM |                               10 |                               10
               S_PUBLISH |                               11 |                               11
---------------------------------------------------------------------------------------------------
INFO: [Synth 8-3354] encoded FSM with state register 'state_reg' using encoding 'sequential' in module 'temp_sampler'
WARNING: [Synth 8-6430] The Block RAM "top/dynamic_delay_mem_reg" may get memory collision error if read and write address collide. Use attribute (* rw_addr_collision= "yes" *) to avoid collision 
---------------------------------------------------------------------------------------------------
                   State |                     New Encoding |                Previous Encoding 
---------------------------------------------------------------------------------------------------
                  iSTATE |                             0001 |                               00
*
                 iSTATE0 |                             0010 |                               01
                 iSTATE1 |                             0100 |                               10
                 iSTATE2 |                             1000 |                               11
---------------------------------------------------------------------------------------------------
INFO: [Synth 8-3354] encoded FSM with state register 'state_reg' using encoding 'one-hot' in module 'top'
---------------------------------------------------------------------------------
Finished RTL Optimization Phase 2 : Time (s): cpu = 00:00:15 ; elapsed = 00:00:14 . Memory (MB): peak = 2501.703 ; gain = 748.898 ; free physical = 2749 ; free virtual = 40818
---------------------------------------------------------------------------------
RAM Pipeline Warning: Read Address Register Found For RAM dynamic_delay_mem_reg. We will not be able to pipeline it. This may degrade performance. 
---------------------------------------------------------------------------------
Start RTL Component Statistics 
---------------------------------------------------------------------------------
Detailed RTL Component Info : 
+---Adders : 
	   3 Input   84 Bit       Adders := 1     
	   3 Input   51 Bit       Adders := 1     
	   2 Input   50 Bit       Adders := 43    
	   2 Input   44 Bit       Adders := 1     
	   3 Input   39 Bit       Adders := 1     
	   3 Input   37 Bit       Adders := 1     
	   3 Input   34 Bit       Adders := 1     
	   2 Input   33 Bit       Adders := 1     
	   2 Input   32 Bit       Adders := 6     
	   2 Input   30 Bit       Adders := 1     
	   3 Input   29 Bit       Adders := 1     
	   2 Input   29 Bit       Adders := 1     
	   2 Input   28 Bit       Adders := 1     
	   3 Input   28 Bit       Adders := 4     
	   3 Input   26 Bit       Adders := 1     
	   2 Input   26 Bit       Adders := 4     
	   3 Input   23 Bit       Adders := 1     
	   2 Input   20 Bit       Adders := 4     
	   5 Input   18 Bit       Adders := 2     
	   2 Input   18 Bit       Adders := 1     
	   3 Input   17 Bit       Adders := 90    
	   2 Input   17 Bit       Adders := 42    
	   3 Input   16 Bit       Adders := 1     
	   4 Input   16 Bit       Adders := 4     
	   2 Input   16 Bit       Adders := 1     
	   2 Input   15 Bit       Adders := 6     
	   3 Input   15 Bit       Adders := 3     
	   2 Input   14 Bit       Adders := 4     
	   3 Input   14 Bit       Adders := 2     
	   2 Input   13 Bit       Adders := 1     
	   3 Input   13 Bit       Adders := 1     
	   2 Input   12 Bit       Adders := 1     
	   2 Input   10 Bit       Adders := 1     
	   3 Input    9 Bit       Adders := 1     
	   2 Input    8 Bit       Adders := 2     
	   2 Input    6 Bit       Adders := 1     
	   2 Input    4 Bit       Adders := 1     
	   2 Input    3 Bit       Adders := 3     
+---XORs : 
	   2 Input      1 Bit         XORs := 7     
+---Registers : 
	               84 Bit    Registers := 1     
	               64 Bit    Registers := 1     
	               51 Bit    Registers := 1     
	               50 Bit    Registers := 52    
	               43 Bit    Registers := 1     
	               39 Bit    Registers := 1     
	               34 Bit    Registers := 3     
	               32 Bit    Registers := 33    
	               30 Bit    Registers := 2     
	               28 Bit    Registers := 8     
	               27 Bit    Registers := 9     
	               25 Bit    Registers := 139   
	               23 Bit    Registers := 3     
	               20 Bit    Registers := 4     
	               18 Bit    Registers := 49    
	               17 Bit    Registers := 133   
	               16 Bit    Registers := 7     
	               15 Bit    Registers := 4     
	               14 Bit    Registers := 94    
	               13 Bit    Registers := 1     
	               12 Bit    Registers := 10    
	               10 Bit    Registers := 2     
	                9 Bit    Registers := 3     
	                8 Bit    Registers := 66    
	                6 Bit    Registers := 1     
	                5 Bit    Registers := 1     
	                4 Bit    Registers := 24    
	                3 Bit    Registers := 6     
	                2 Bit    Registers := 19    
	                1 Bit    Registers := 73    
+---Multipliers : 
	              14x32  Multipliers := 1     
+---RAMs : 
	             224K Bit	(16384 X 14 bit)          RAMs := 4     
	             223K Bit	(8191 X 28 bit)          RAMs := 1     
	              16K Bit	(512 X 32 bit)          RAMs := 1     
	              14K Bit	(1024 X 14 bit)          RAMs := 1     
+---ROMs : 
	                    ROMs := 1     
+---Muxes : 
	   5 Input   43 Bit        Muxes := 1     
	   4 Input   39 Bit        Muxes := 1     
	   2 Input   39 Bit        Muxes := 2     
	   2 Input   36 Bit        Muxes := 2     
	   2 Input   32 Bit        Muxes := 4     
	   9 Input   32 Bit        Muxes := 2     
	   3 Input   32 Bit        Muxes := 1     
	   4 Input   30 Bit        Muxes := 1     
	   2 Input   29 Bit        Muxes := 1     
	   2 Input   28 Bit        Muxes := 3     
	   2 Input   25 Bit        Muxes := 28    
	   4 Input   25 Bit        Muxes := 1     
	   3 Input   20 Bit        Muxes := 4     
	   4 Input   18 Bit        Muxes := 1     
	   2 Input   17 Bit        Muxes := 89    
	   2 Input   16 Bit        Muxes := 5     
	   4 Input   16 Bit        Muxes := 1     
	   2 Input   15 Bit        Muxes := 9     
	   2 Input   14 Bit        Muxes := 48    
	   9 Input   14 Bit        Muxes := 2     
	   4 Input   14 Bit        Muxes := 3     
	   3 Input   14 Bit        Muxes := 1     
	   2 Input   13 Bit        Muxes := 3     
	   2 Input   12 Bit        Muxes := 5     
	   2 Input   11 Bit        Muxes := 3     
	   2 Input   10 Bit        Muxes := 3     
	   5 Input    9 Bit        Muxes := 1     
	   2 Input    9 Bit        Muxes := 3     
	   2 Input    8 Bit        Muxes := 3     
	   4 Input    8 Bit        Muxes := 1     
	   2 Input    7 Bit        Muxes := 3     
	   2 Input    6 Bit        Muxes := 8     
	   9 Input    6 Bit        Muxes := 2     
	   4 Input    6 Bit        Muxes := 1     
	   2 Input    5 Bit        Muxes := 3     
	   5 Input    4 Bit        Muxes := 2     
	   9 Input    4 Bit        Muxes := 2     
	   2 Input    4 Bit        Muxes := 7     
	   4 Input    4 Bit        Muxes := 3     
	   6 Input    3 Bit        Muxes := 1     
	   2 Input    3 Bit        Muxes := 4     
	   9 Input    3 Bit        Muxes := 2     
	   6 Input    2 Bit        Muxes := 1     
	   5 Input    2 Bit        Muxes := 1     
	   4 Input    2 Bit        Muxes := 1     
	   2 Input    2 Bit        Muxes := 1     
	   9 Input    1 Bit        Muxes := 9     
	   2 Input    1 Bit        Muxes := 77    
	   4 Input    1 Bit        Muxes := 14    
	   6 Input    1 Bit        Muxes := 5     
	   7 Input    1 Bit        Muxes := 6     
---------------------------------------------------------------------------------
Finished RTL Component Statistics 
---------------------------------------------------------------------------------
---------------------------------------------------------------------------------
Start Part Resource Summary
---------------------------------------------------------------------------------
Part Resources:
DSPs: 220 (col length:60)
BRAMs: 280 (col length: RAMB18 60 RAMB36 30)
---------------------------------------------------------------------------------
Finished Part Resource Summary
---------------------------------------------------------------------------------
---------------------------------------------------------------------------------
Start Cross Boundary and Area Optimization
---------------------------------------------------------------------------------
DSP Report: Generating DSP mult_reg0, operation Mode is: A2*B2.
DSP Report: register lut_reg_reg is absorbed into DSP mult_reg0.
DSP Report: register mult_reg0 is absorbed into DSP mult_reg0.
DSP Report: operator mult_reg0 is absorbed into DSP mult_reg0.
DSP Report: operator mult_reg0 is absorbed into DSP mult_reg0.
DSP Report: Generating DSP mult_reg_reg, operation Mode is: (PCIN>>17)+A*B2.
DSP Report: register lut_reg_reg is absorbed into DSP mult_reg_reg.
DSP Report: register mult_reg_reg is absorbed into DSP mult_reg_reg.
DSP Report: operator mult_reg0 is absorbed into DSP mult_reg_reg.
DSP Report: operator mult_reg0 is absorbed into DSP mult_reg_reg.
DSP Report: Generating DSP linienmodule_slowchain_ki_mult0, operation Mode is: A*B.
DSP Report: operator linienmodule_slowchain_ki_mult0 is absorbed into DSP linienmodule_slowchain_ki_mult0.
DSP Report: Generating DSP linienmodule_slowchain_kd_mult, operation Mode is: A*B.
DSP Report: operator linienmodule_slowchain_kd_mult is absorbed into DSP linienmodule_slowchain_kd_mult.
DSP Report: Generating DSP linienmodule_slowchain_kp_mult, operation Mode is: A*B.
DSP Report: operator linienmodule_slowchain_kp_mult is absorbed into DSP linienmodule_slowchain_kp_mult.
DSP Report: Generating DSP p_1_out, operation Mode is: (C or 0)+A*B.
DSP Report: operator linienmodule_pid_kp_mult is absorbed into DSP p_1_out.
DSP Report: operator linienmodule_pid_kp_mult is absorbed into DSP p_1_out.
DSP Report: Generating DSP p_1_out, operation Mode is: (C or 0)+A*B.
DSP Report: operator linienmodule_pid_kd_mult is absorbed into DSP p_1_out.
DSP Report: operator linienmodule_pid_kd_mult is absorbed into DSP p_1_out.
DSP Report: Generating DSP p_1_out, operation Mode is: (C or 0)+A*B.
DSP Report: operator linienmodule_pid_ki_mult0 is absorbed into DSP p_1_out.
DSP Report: operator linienmodule_pid_ki_mult0 is absorbed into DSP p_1_out.
DSP Report: Generating DSP linienmodule_raw_acquisition_iir_z50, operation Mode is: A2*B2.
DSP Report: register linienmodule_raw_acquisition_iir_z50 is absorbed into DSP linienmodule_raw_acquisition_iir_z50.
DSP Report: register linienmodule_raw_acquisition_iir_b0_reg is absorbed into DSP linienmodule_raw_acquisition_iir_z50.
DSP Report: operator linienmodule_raw_acquisition_iir_z50 is absorbed into DSP linienmodule_raw_acquisition_iir_z50.
DSP Report: operator linienmodule_raw_acquisition_iir_z50 is absorbed into DSP linienmodule_raw_acquisition_iir_z50.
DSP Report: Generating DSP linienmodule_raw_acquisition_iir_z50, operation Mode is: (PCIN>>17)+A2*B2.
DSP Report: register linienmodule_limit_error_signal_limitcsr_y_reg is absorbed into DSP linienmodule_raw_acquisition_iir_z50.
DSP Report: register linienmodule_raw_acquisition_iir_b0_reg is absorbed into DSP linienmodule_raw_acquisition_iir_z50.
DSP Report: operator linienmodule_raw_acquisition_iir_z50 is absorbed into DSP linienmodule_raw_acquisition_iir_z50.
DSP Report: operator linienmodule_raw_acquisition_iir_z50 is absorbed into DSP linienmodule_raw_acquisition_iir_z50.
DSP Report: Generating DSP linienmodule_raw_acquisition_iir_z40, operation Mode is: A2*B2.
DSP Report: register linienmodule_raw_acquisition_iir_z40 is absorbed into DSP linienmodule_raw_acquisition_iir_z40.
DSP Report: register linienmodule_raw_acquisition_iir_b1_reg is absorbed into DSP linienmodule_raw_acquisition_iir_z40.
DSP Report: operator linienmodule_raw_acquisition_iir_z40 is absorbed into DSP linienmodule_raw_acquisition_iir_z40.
DSP Report: operator linienmodule_raw_acquisition_iir_z40 is absorbed into DSP linienmodule_raw_acquisition_iir_z40.
DSP Report: Generating DSP linienmodule_raw_acquisition_iir_z40, operation Mode is: (PCIN>>17)+A2*B2.
DSP Report: register linienmodule_limit_error_signal_limitcsr_y_reg is absorbed into DSP linienmodule_raw_acquisition_iir_z40.
DSP Report: register linienmodule_raw_acquisition_iir_b1_reg is absorbed into DSP linienmodule_raw_acquisition_iir_z40.
DSP Report: operator linienmodule_raw_acquisition_iir_z40 is absorbed into DSP linienmodule_raw_acquisition_iir_z40.
DSP Report: operator linienmodule_raw_acquisition_iir_z40 is absorbed into DSP linienmodule_raw_acquisition_iir_z40.
DSP Report: Generating DSP linienmodule_raw_acquisition_iir_z30, operation Mode is: A2*B2.
DSP Report: register linienmodule_raw_acquisition_iir_z30 is absorbed into DSP linienmodule_raw_acquisition_iir_z30.
DSP Report: register linienmodule_raw_acquisition_iir_b2_reg is absorbed into DSP linienmodule_raw_acquisition_iir_z30.
DSP Report: operator linienmodule_raw_acquisition_iir_z30 is absorbed into DSP linienmodule_raw_acquisition_iir_z30.
DSP Report: operator linienmodule_raw_acquisition_iir_z30 is absorbed into DSP linienmodule_raw_acquisition_iir_z30.
DSP Report: Generating DSP linienmodule_raw_acquisition_iir_z30, operation Mode is: (PCIN>>17)+A2*B2.
DSP Report: register linienmodule_limit_error_signal_limitcsr_y_reg is absorbed into DSP linienmodule_raw_acquisition_iir_z30.
DSP Report: register linienmodule_raw_acquisition_iir_b2_reg is absorbed into DSP linienmodule_raw_acquisition_iir_z30.
DSP Report: operator linienmodule_raw_acquisition_iir_z30 is absorbed into DSP linienmodule_raw_acquisition_iir_z30.
DSP Report: operator linienmodule_raw_acquisition_iir_z30 is absorbed into DSP linienmodule_raw_acquisition_iir_z30.
DSP Report: Generating DSP linienmodule_raw_acquisition_iir_z20, operation Mode is: A2*B2.
DSP Report: register linienmodule_raw_acquisition_iir_z20 is absorbed into DSP linienmodule_raw_acquisition_iir_z20.
DSP Report: register linienmodule_raw_acquisition_iir_b3_reg is absorbed into DSP linienmodule_raw_acquisition_iir_z20.
DSP Report: operator linienmodule_raw_acquisition_iir_z20 is absorbed into DSP linienmodule_raw_acquisition_iir_z20.
DSP Report: operator linienmodule_raw_acquisition_iir_z20 is absorbed into DSP linienmodule_raw_acquisition_iir_z20.
DSP Report: Generating DSP linienmodule_raw_acquisition_iir_z20, operation Mode is: (PCIN>>17)+A2*B2.
DSP Report: register linienmodule_limit_error_signal_limitcsr_y_reg is absorbed into DSP linienmodule_raw_acquisition_iir_z20.
DSP Report: register linienmodule_raw_acquisition_iir_b3_reg is absorbed into DSP linienmodule_raw_acquisition_iir_z20.
DSP Report: operator linienmodule_raw_acquisition_iir_z20 is absorbed into DSP linienmodule_raw_acquisition_iir_z20.
DSP Report: operator linienmodule_raw_acquisition_iir_z20 is absorbed into DSP linienmodule_raw_acquisition_iir_z20.
DSP Report: Generating DSP linienmodule_raw_acquisition_iir_z10, operation Mode is: A2*B2.
DSP Report: register linienmodule_raw_acquisition_iir_z10 is absorbed into DSP linienmodule_raw_acquisition_iir_z10.
DSP Report: register linienmodule_raw_acquisition_iir_b4_reg is absorbed into DSP linienmodule_raw_acquisition_iir_z10.
DSP Report: operator linienmodule_raw_acquisition_iir_z10 is absorbed into DSP linienmodule_raw_acquisition_iir_z10.
DSP Report: operator linienmodule_raw_acquisition_iir_z10 is absorbed into DSP linienmodule_raw_acquisition_iir_z10.
DSP Report: Generating DSP linienmodule_raw_acquisition_iir_z10, operation Mode is: (PCIN>>17)+A2*B2.
DSP Report: register linienmodule_limit_error_signal_limitcsr_y_reg is absorbed into DSP linienmodule_raw_acquisition_iir_z10.
DSP Report: register linienmodule_raw_acquisition_iir_b4_reg is absorbed into DSP linienmodule_raw_acquisition_iir_z10.
DSP Report: operator linienmodule_raw_acquisition_iir_z10 is absorbed into DSP linienmodule_raw_acquisition_iir_z10.
DSP Report: operator linienmodule_raw_acquisition_iir_z10 is absorbed into DSP linienmodule_raw_acquisition_iir_z10.
DSP Report: Generating DSP linienmodule_raw_acquisition_iir_z00, operation Mode is: A2*B2.
DSP Report: register linienmodule_raw_acquisition_iir_z00 is absorbed into DSP linienmodule_raw_acquisition_iir_z00.
DSP Report: register linienmodule_raw_acquisition_iir_b5_reg is absorbed into DSP linienmodule_raw_acquisition_iir_z00.
DSP Report: operator linienmodule_raw_acquisition_iir_z00 is absorbed into DSP linienmodule_raw_acquisition_iir_z00.
DSP Report: operator linienmodule_raw_acquisition_iir_z00 is absorbed into DSP linienmodule_raw_acquisition_iir_z00.
DSP Report: Generating DSP linienmodule_raw_acquisition_iir_z00, operation Mode is: (PCIN>>17)+A2*B2.
DSP Report: register linienmodule_limit_error_signal_limitcsr_y_reg is absorbed into DSP linienmodule_raw_acquisition_iir_z00.
DSP Report: register linienmodule_raw_acquisition_iir_b5_reg is absorbed into DSP linienmodule_raw_acquisition_iir_z00.
DSP Report: operator linienmodule_raw_acquisition_iir_z00 is absorbed into DSP linienmodule_raw_acquisition_iir_z00.
DSP Report: operator linienmodule_raw_acquisition_iir_z00 is absorbed into DSP linienmodule_raw_acquisition_iir_z00.
DSP Report: Generating DSP linienmodule_raw_acquisition_iir_z100, operation Mode is: A2*B2.
DSP Report: register linienmodule_raw_acquisition_iir_z60 is absorbed into DSP linienmodule_raw_acquisition_iir_z100.
DSP Report: register linienmodule_raw_acquisition_iir_a1_reg is absorbed into DSP linienmodule_raw_acquisition_iir_z100.
DSP Report: operator linienmodule_raw_acquisition_iir_z100 is absorbed into DSP linienmodule_raw_acquisition_iir_z100.
DSP Report: operator linienmodule_raw_acquisition_iir_z100 is absorbed into DSP linienmodule_raw_acquisition_iir_z100.
DSP Report: Generating DSP linienmodule_raw_acquisition_iir_z100, operation Mode is: (PCIN>>17)+A2*B2.
DSP Report: register linienmodule_raw_acquisition_iir_y0_reg is absorbed into DSP linienmodule_raw_acquisition_iir_z100.
DSP Report: register linienmodule_raw_acquisition_iir_a1_reg is absorbed into DSP linienmodule_raw_acquisition_iir_z100.
DSP Report: operator linienmodule_raw_acquisition_iir_z100 is absorbed into DSP linienmodule_raw_acquisition_iir_z100.
DSP Report: operator linienmodule_raw_acquisition_iir_z100 is absorbed into DSP linienmodule_raw_acquisition_iir_z100.
DSP Report: Generating DSP linienmodule_raw_acquisition_iir_z90, operation Mode is: A2*B2.
DSP Report: register linienmodule_raw_acquisition_iir_z60 is absorbed into DSP linienmodule_raw_acquisition_iir_z90.
DSP Report: register linienmodule_raw_acquisition_iir_a2_reg is absorbed into DSP linienmodule_raw_acquisition_iir_z90.
DSP Report: operator linienmodule_raw_acquisition_iir_z90 is absorbed into DSP linienmodule_raw_acquisition_iir_z90.
DSP Report: operator linienmodule_raw_acquisition_iir_z90 is absorbed into DSP linienmodule_raw_acquisition_iir_z90.
DSP Report: Generating DSP linienmodule_raw_acquisition_iir_z90, operation Mode is: (PCIN>>17)+A2*B2.
DSP Report: register linienmodule_raw_acquisition_iir_y0_reg is absorbed into DSP linienmodule_raw_acquisition_iir_z90.
DSP Report: register linienmodule_raw_acquisition_iir_a2_reg is absorbed into DSP linienmodule_raw_acquisition_iir_z90.
DSP Report: operator linienmodule_raw_acquisition_iir_z90 is absorbed into DSP linienmodule_raw_acquisition_iir_z90.
DSP Report: operator linienmodule_raw_acquisition_iir_z90 is absorbed into DSP linienmodule_raw_acquisition_iir_z90.
DSP Report: Generating DSP linienmodule_raw_acquisition_iir_z80, operation Mode is: A2*B2.
DSP Report: register linienmodule_raw_acquisition_iir_a3_reg is absorbed into DSP linienmodule_raw_acquisition_iir_z80.
DSP Report: register linienmodule_raw_acquisition_iir_z60 is absorbed into DSP linienmodule_raw_acquisition_iir_z80.
DSP Report: operator linienmodule_raw_acquisition_iir_z80 is absorbed into DSP linienmodule_raw_acquisition_iir_z80.
DSP Report: operator linienmodule_raw_acquisition_iir_z80 is absorbed into DSP linienmodule_raw_acquisition_iir_z80.
DSP Report: Generating DSP linienmodule_raw_acquisition_iir_z80, operation Mode is: (PCIN>>17)+A*B2.
DSP Report: register linienmodule_raw_acquisition_iir_a3_reg is absorbed into DSP linienmodule_raw_acquisition_iir_z80.
DSP Report: register linienmodule_raw_acquisition_iir_y0_reg is absorbed into DSP linienmodule_raw_acquisition_iir_z80.
DSP Report: operator linienmodule_raw_acquisition_iir_z80 is absorbed into DSP linienmodule_raw_acquisition_iir_z80.
DSP Report: operator linienmodule_raw_acquisition_iir_z80 is absorbed into DSP linienmodule_raw_acquisition_iir_z80.
DSP Report: Generating DSP linienmodule_raw_acquisition_iir_z70, operation Mode is: A2*B2.
DSP Report: register linienmodule_raw_acquisition_iir_a4_reg is absorbed into DSP linienmodule_raw_acquisition_iir_z70.
DSP Report: register linienmodule_raw_acquisition_iir_z60 is absorbed into DSP linienmodule_raw_acquisition_iir_z70.
DSP Report: operator linienmodule_raw_acquisition_iir_z70 is absorbed into DSP linienmodule_raw_acquisition_iir_z70.
DSP Report: operator linienmodule_raw_acquisition_iir_z70 is absorbed into DSP linienmodule_raw_acquisition_iir_z70.
DSP Report: Generating DSP linienmodule_raw_acquisition_iir_z70, operation Mode is: (PCIN>>17)+A*B2.
DSP Report: register linienmodule_raw_acquisition_iir_a4_reg is absorbed into DSP linienmodule_raw_acquisition_iir_z70.
DSP Report: register linienmodule_raw_acquisition_iir_y0_reg is absorbed into DSP linienmodule_raw_acquisition_iir_z70.
DSP Report: operator linienmodule_raw_acquisition_iir_z70 is absorbed into DSP linienmodule_raw_acquisition_iir_z70.
DSP Report: operator linienmodule_raw_acquisition_iir_z70 is absorbed into DSP linienmodule_raw_acquisition_iir_z70.
DSP Report: Generating DSP linienmodule_raw_acquisition_iir_z60, operation Mode is: A2*B2.
DSP Report: register linienmodule_raw_acquisition_iir_a5_reg is absorbed into DSP linienmodule_raw_acquisition_iir_z60.
DSP Report: register linienmodule_raw_acquisition_iir_z60 is absorbed into DSP linienmodule_raw_acquisition_iir_z60.
DSP Report: operator linienmodule_raw_acquisition_iir_z60 is absorbed into DSP linienmodule_raw_acquisition_iir_z60.
DSP Report: operator linienmodule_raw_acquisition_iir_z60 is absorbed into DSP linienmodule_raw_acquisition_iir_z60.
DSP Report: Generating DSP linienmodule_raw_acquisition_iir_z60, operation Mode is: (PCIN>>17)+A*B2.
DSP Report: register linienmodule_raw_acquisition_iir_a5_reg is absorbed into DSP linienmodule_raw_acquisition_iir_z60.
DSP Report: register linienmodule_raw_acquisition_iir_y0_reg is absorbed into DSP linienmodule_raw_acquisition_iir_z60.
DSP Report: operator linienmodule_raw_acquisition_iir_z60 is absorbed into DSP linienmodule_raw_acquisition_iir_z60.
DSP Report: operator linienmodule_raw_acquisition_iir_z60 is absorbed into DSP linienmodule_raw_acquisition_iir_z60.
DSP Report: Generating DSP linienmodule_fast_a_iir1_z20, operation Mode is: A2*B2.
DSP Report: register linienmodule_fast_a_iir1_z50 is absorbed into DSP linienmodule_fast_a_iir1_z20.
DSP Report: register linienmodule_fast_a_iir1_a10_reg is absorbed into DSP linienmodule_fast_a_iir1_z20.
DSP Report: operator linienmodule_fast_a_iir1_z20 is absorbed into DSP linienmodule_fast_a_iir1_z20.
DSP Report: operator linienmodule_fast_a_iir1_z20 is absorbed into DSP linienmodule_fast_a_iir1_z20.
DSP Report: Generating DSP linienmodule_fast_a_iir1_z20, operation Mode is: (PCIN>>17)+A2*B2.
DSP Report: register linienmodule_fast_a_iir1_y0_reg is absorbed into DSP linienmodule_fast_a_iir1_z20.
DSP Report: register linienmodule_fast_a_iir1_a10_reg is absorbed into DSP linienmodule_fast_a_iir1_z20.
DSP Report: operator linienmodule_fast_a_iir1_z20 is absorbed into DSP linienmodule_fast_a_iir1_z20.
DSP Report: operator linienmodule_fast_a_iir1_z20 is absorbed into DSP linienmodule_fast_a_iir1_z20.
DSP Report: Generating DSP linienmodule_fast_b_iir1_z20, operation Mode is: A2*B2.
DSP Report: register linienmodule_fast_b_iir1_z30 is absorbed into DSP linienmodule_fast_b_iir1_z20.
DSP Report: register linienmodule_fast_b_iir1_a10_reg is absorbed into DSP linienmodule_fast_b_iir1_z20.
DSP Report: operator linienmodule_fast_b_iir1_z20 is absorbed into DSP linienmodule_fast_b_iir1_z20.
DSP Report: operator linienmodule_fast_b_iir1_z20 is absorbed into DSP linienmodule_fast_b_iir1_z20.
DSP Report: Generating DSP linienmodule_fast_b_iir1_z20, operation Mode is: (PCIN>>17)+A2*B2.
DSP Report: register linienmodule_fast_b_iir1_y0_reg is absorbed into DSP linienmodule_fast_b_iir1_z20.
DSP Report: register linienmodule_fast_b_iir1_a10_reg is absorbed into DSP linienmodule_fast_b_iir1_z20.
DSP Report: operator linienmodule_fast_b_iir1_z20 is absorbed into DSP linienmodule_fast_b_iir1_z20.
DSP Report: operator linienmodule_fast_b_iir1_z20 is absorbed into DSP linienmodule_fast_b_iir1_z20.
DSP Report: Generating DSP linienmodule_fast_b_iir1_z10, operation Mode is: A2*B2.
DSP Report: register linienmodule_fast_b_iir1_z10 is absorbed into DSP linienmodule_fast_b_iir1_z10.
DSP Report: register linienmodule_fast_b_iir1_b00_reg is absorbed into DSP linienmodule_fast_b_iir1_z10.
DSP Report: operator linienmodule_fast_b_iir1_z10 is absorbed into DSP linienmodule_fast_b_iir1_z10.
DSP Report: operator linienmodule_fast_b_iir1_z10 is absorbed into DSP linienmodule_fast_b_iir1_z10.
DSP Report: Generating DSP linienmodule_fast_b_iir1_z10, operation Mode is: (PCIN>>17)+A2*B2.
DSP Report: register linienmodule_fast_b_limitcsr1_limitcsr1_y0_reg is absorbed into DSP linienmodule_fast_b_iir1_z10.
DSP Report: register linienmodule_fast_b_iir1_b00_reg is absorbed into DSP linienmodule_fast_b_iir1_z10.
DSP Report: operator linienmodule_fast_b_iir1_z10 is absorbed into DSP linienmodule_fast_b_iir1_z10.
DSP Report: operator linienmodule_fast_b_iir1_z10 is absorbed into DSP linienmodule_fast_b_iir1_z10.
DSP Report: Generating DSP linienmodule_fast_b_iir1_z00, operation Mode is: A2*B2.
DSP Report: register linienmodule_fast_b_iir1_z00 is absorbed into DSP linienmodule_fast_b_iir1_z00.
DSP Report: register linienmodule_fast_b_iir1_b10_reg is absorbed into DSP linienmodule_fast_b_iir1_z00.
DSP Report: operator linienmodule_fast_b_iir1_z00 is absorbed into DSP linienmodule_fast_b_iir1_z00.
DSP Report: operator linienmodule_fast_b_iir1_z00 is absorbed into DSP linienmodule_fast_b_iir1_z00.
DSP Report: Generating DSP linienmodule_fast_b_iir1_z00, operation Mode is: (PCIN>>17)+A2*B2.
DSP Report: register linienmodule_fast_b_limitcsr1_limitcsr1_y0_reg is absorbed into DSP linienmodule_fast_b_iir1_z00.
DSP Report: register linienmodule_fast_b_iir1_b10_reg is absorbed into DSP linienmodule_fast_b_iir1_z00.
DSP Report: operator linienmodule_fast_b_iir1_z00 is absorbed into DSP linienmodule_fast_b_iir1_z00.
DSP Report: operator linienmodule_fast_b_iir1_z00 is absorbed into DSP linienmodule_fast_b_iir1_z00.
DSP Report: Generating DSP linienmodule_fast_b_iir1_z70, operation Mode is: A2*B2.
DSP Report: register linienmodule_fast_b_iir1_z60 is absorbed into DSP linienmodule_fast_b_iir1_z70.
DSP Report: register linienmodule_fast_b_iir1_a11_reg is absorbed into DSP linienmodule_fast_b_iir1_z70.
DSP Report: operator linienmodule_fast_b_iir1_z70 is absorbed into DSP linienmodule_fast_b_iir1_z70.
DSP Report: operator linienmodule_fast_b_iir1_z70 is absorbed into DSP linienmodule_fast_b_iir1_z70.
DSP Report: Generating DSP linienmodule_fast_b_iir1_z70, operation Mode is: (PCIN>>17)+A2*B2.
DSP Report: register linienmodule_fast_b_iir1_y2_reg is absorbed into DSP linienmodule_fast_b_iir1_z70.
DSP Report: register linienmodule_fast_b_iir1_a11_reg is absorbed into DSP linienmodule_fast_b_iir1_z70.
DSP Report: operator linienmodule_fast_b_iir1_z70 is absorbed into DSP linienmodule_fast_b_iir1_z70.
DSP Report: operator linienmodule_fast_b_iir1_z70 is absorbed into DSP linienmodule_fast_b_iir1_z70.
DSP Report: Generating DSP linienmodule_fast_b_iir1_z60, operation Mode is: A2*B2.
DSP Report: register linienmodule_fast_b_iir1_z60 is absorbed into DSP linienmodule_fast_b_iir1_z60.
DSP Report: register linienmodule_fast_b_iir1_a2_reg is absorbed into DSP linienmodule_fast_b_iir1_z60.
DSP Report: operator linienmodule_fast_b_iir1_z60 is absorbed into DSP linienmodule_fast_b_iir1_z60.
DSP Report: operator linienmodule_fast_b_iir1_z60 is absorbed into DSP linienmodule_fast_b_iir1_z60.
DSP Report: Generating DSP linienmodule_fast_b_iir1_z60, operation Mode is: (PCIN>>17)+A2*B2.
DSP Report: register linienmodule_fast_b_iir1_y2_reg is absorbed into DSP linienmodule_fast_b_iir1_z60.
DSP Report: register linienmodule_fast_b_iir1_a2_reg is absorbed into DSP linienmodule_fast_b_iir1_z60.
DSP Report: operator linienmodule_fast_b_iir1_z60 is absorbed into DSP linienmodule_fast_b_iir1_z60.
DSP Report: operator linienmodule_fast_b_iir1_z60 is absorbed into DSP linienmodule_fast_b_iir1_z60.
DSP Report: Generating DSP linienmodule_fast_b_iir1_z50, operation Mode is: A2*B2.
DSP Report: register linienmodule_fast_b_iir1_z30 is absorbed into DSP linienmodule_fast_b_iir1_z50.
DSP Report: register linienmodule_fast_b_iir1_b01_reg is absorbed into DSP linienmodule_fast_b_iir1_z50.
DSP Report: operator linienmodule_fast_b_iir1_z50 is absorbed into DSP linienmodule_fast_b_iir1_z50.
DSP Report: operator linienmodule_fast_b_iir1_z50 is absorbed into DSP linienmodule_fast_b_iir1_z50.
DSP Report: Generating DSP linienmodule_fast_b_iir1_z50, operation Mode is: (PCIN>>17)+A2*B2.
DSP Report: register linienmodule_fast_b_iir1_y0_reg is absorbed into DSP linienmodule_fast_b_iir1_z50.
DSP Report: register linienmodule_fast_b_iir1_b01_reg is absorbed into DSP linienmodule_fast_b_iir1_z50.
DSP Report: operator linienmodule_fast_b_iir1_z50 is absorbed into DSP linienmodule_fast_b_iir1_z50.
DSP Report: operator linienmodule_fast_b_iir1_z50 is absorbed into DSP linienmodule_fast_b_iir1_z50.
DSP Report: Generating DSP linienmodule_fast_b_iir1_z40, operation Mode is: A2*B2.
DSP Report: register linienmodule_fast_b_iir1_b11_reg is absorbed into DSP linienmodule_fast_b_iir1_z40.
DSP Report: register linienmodule_fast_b_iir1_z30 is absorbed into DSP linienmodule_fast_b_iir1_z40.
DSP Report: operator linienmodule_fast_b_iir1_z40 is absorbed into DSP linienmodule_fast_b_iir1_z40.
DSP Report: operator linienmodule_fast_b_iir1_z40 is absorbed into DSP linienmodule_fast_b_iir1_z40.
DSP Report: Generating DSP linienmodule_fast_b_iir1_z40, operation Mode is: (PCIN>>17)+A*B2.
DSP Report: register linienmodule_fast_b_iir1_b11_reg is absorbed into DSP linienmodule_fast_b_iir1_z40.
DSP Report: register linienmodule_fast_b_iir1_y0_reg is absorbed into DSP linienmodule_fast_b_iir1_z40.
DSP Report: operator linienmodule_fast_b_iir1_z40 is absorbed into DSP linienmodule_fast_b_iir1_z40.
DSP Report: operator linienmodule_fast_b_iir1_z40 is absorbed into DSP linienmodule_fast_b_iir1_z40.
DSP Report: Generating DSP linienmodule_fast_b_iir1_z30, operation Mode is: A2*B2.
DSP Report: register linienmodule_fast_b_iir1_b2_reg is absorbed into DSP linienmodule_fast_b_iir1_z30.
DSP Report: register linienmodule_fast_b_iir1_z30 is absorbed into DSP linienmodule_fast_b_iir1_z30.
DSP Report: operator linienmodule_fast_b_iir1_z30 is absorbed into DSP linienmodule_fast_b_iir1_z30.
DSP Report: operator linienmodule_fast_b_iir1_z30 is absorbed into DSP linienmodule_fast_b_iir1_z30.
DSP Report: Generating DSP linienmodule_fast_b_iir1_z30, operation Mode is: (PCIN>>17)+A*B2.
DSP Report: register linienmodule_fast_b_iir1_b2_reg is absorbed into DSP linienmodule_fast_b_iir1_z30.
DSP Report: register linienmodule_fast_b_iir1_y0_reg is absorbed into DSP linienmodule_fast_b_iir1_z30.
DSP Report: operator linienmodule_fast_b_iir1_z30 is absorbed into DSP linienmodule_fast_b_iir1_z30.
DSP Report: operator linienmodule_fast_b_iir1_z30 is absorbed into DSP linienmodule_fast_b_iir1_z30.
DSP Report: Generating DSP linienmodule_fast_b_iir0_z20, operation Mode is: A2*B2.
DSP Report: register linienmodule_fast_b_iir0_z30 is absorbed into DSP linienmodule_fast_b_iir0_z20.
DSP Report: register linienmodule_fast_b_iir0_a10_reg is absorbed into DSP linienmodule_fast_b_iir0_z20.
DSP Report: operator linienmodule_fast_b_iir0_z20 is absorbed into DSP linienmodule_fast_b_iir0_z20.
DSP Report: operator linienmodule_fast_b_iir0_z20 is absorbed into DSP linienmodule_fast_b_iir0_z20.
DSP Report: Generating DSP linienmodule_fast_b_iir0_z20, operation Mode is: (PCIN>>17)+A2*B2.
DSP Report: register linienmodule_fast_b_iir0_y0_reg is absorbed into DSP linienmodule_fast_b_iir0_z20.
DSP Report: register linienmodule_fast_b_iir0_a10_reg is absorbed into DSP linienmodule_fast_b_iir0_z20.
DSP Report: operator linienmodule_fast_b_iir0_z20 is absorbed into DSP linienmodule_fast_b_iir0_z20.
DSP Report: operator linienmodule_fast_b_iir0_z20 is absorbed into DSP linienmodule_fast_b_iir0_z20.
DSP Report: Generating DSP linienmodule_fast_b_iir0_z10, operation Mode is: A2*B2.
DSP Report: register linienmodule_fast_b_iir0_z10 is absorbed into DSP linienmodule_fast_b_iir0_z10.
DSP Report: register linienmodule_fast_b_iir0_b00_reg is absorbed into DSP linienmodule_fast_b_iir0_z10.
DSP Report: operator linienmodule_fast_b_iir0_z10 is absorbed into DSP linienmodule_fast_b_iir0_z10.
DSP Report: operator linienmodule_fast_b_iir0_z10 is absorbed into DSP linienmodule_fast_b_iir0_z10.
DSP Report: Generating DSP linienmodule_fast_b_iir0_z10, operation Mode is: (PCIN>>17)+A2*B2.
DSP Report: register linienmodule_fast_b_limitcsr0_limitcsr0_y0_reg is absorbed into DSP linienmodule_fast_b_iir0_z10.
DSP Report: register linienmodule_fast_b_iir0_b00_reg is absorbed into DSP linienmodule_fast_b_iir0_z10.
DSP Report: operator linienmodule_fast_b_iir0_z10 is absorbed into DSP linienmodule_fast_b_iir0_z10.
DSP Report: operator linienmodule_fast_b_iir0_z10 is absorbed into DSP linienmodule_fast_b_iir0_z10.
DSP Report: Generating DSP linienmodule_fast_b_iir0_z00, operation Mode is: A2*B2.
DSP Report: register linienmodule_fast_b_iir0_z00 is absorbed into DSP linienmodule_fast_b_iir0_z00.
DSP Report: register linienmodule_fast_b_iir0_b10_reg is absorbed into DSP linienmodule_fast_b_iir0_z00.
DSP Report: operator linienmodule_fast_b_iir0_z00 is absorbed into DSP linienmodule_fast_b_iir0_z00.
DSP Report: operator linienmodule_fast_b_iir0_z00 is absorbed into DSP linienmodule_fast_b_iir0_z00.
DSP Report: Generating DSP linienmodule_fast_b_iir0_z00, operation Mode is: (PCIN>>17)+A2*B2.
DSP Report: register linienmodule_fast_b_limitcsr0_limitcsr0_y0_reg is absorbed into DSP linienmodule_fast_b_iir0_z00.
DSP Report: register linienmodule_fast_b_iir0_b10_reg is absorbed into DSP linienmodule_fast_b_iir0_z00.
DSP Report: operator linienmodule_fast_b_iir0_z00 is absorbed into DSP linienmodule_fast_b_iir0_z00.
DSP Report: operator linienmodule_fast_b_iir0_z00 is absorbed into DSP linienmodule_fast_b_iir0_z00.
DSP Report: Generating DSP linienmodule_fast_b_iir0_z70, operation Mode is: A2*B2.
DSP Report: register linienmodule_fast_b_iir0_z60 is absorbed into DSP linienmodule_fast_b_iir0_z70.
DSP Report: register linienmodule_fast_b_iir0_a11_reg is absorbed into DSP linienmodule_fast_b_iir0_z70.
DSP Report: operator linienmodule_fast_b_iir0_z70 is absorbed into DSP linienmodule_fast_b_iir0_z70.
DSP Report: operator linienmodule_fast_b_iir0_z70 is absorbed into DSP linienmodule_fast_b_iir0_z70.
DSP Report: Generating DSP linienmodule_fast_b_iir0_z70, operation Mode is: (PCIN>>17)+A2*B2.
DSP Report: register linienmodule_fast_b_iir0_y2_reg is absorbed into DSP linienmodule_fast_b_iir0_z70.
DSP Report: register linienmodule_fast_b_iir0_a11_reg is absorbed into DSP linienmodule_fast_b_iir0_z70.
DSP Report: operator linienmodule_fast_b_iir0_z70 is absorbed into DSP linienmodule_fast_b_iir0_z70.
DSP Report: operator linienmodule_fast_b_iir0_z70 is absorbed into DSP linienmodule_fast_b_iir0_z70.
DSP Report: Generating DSP linienmodule_fast_b_iir0_z60, operation Mode is: A2*B2.
DSP Report: register linienmodule_fast_b_iir0_z60 is absorbed into DSP linienmodule_fast_b_iir0_z60.
DSP Report: register linienmodule_fast_b_iir0_a2_reg is absorbed into DSP linienmodule_fast_b_iir0_z60.
DSP Report: operator linienmodule_fast_b_iir0_z60 is absorbed into DSP linienmodule_fast_b_iir0_z60.
DSP Report: operator linienmodule_fast_b_iir0_z60 is absorbed into DSP linienmodule_fast_b_iir0_z60.
DSP Report: Generating DSP linienmodule_fast_b_iir0_z60, operation Mode is: (PCIN>>17)+A2*B2.
DSP Report: register linienmodule_fast_b_iir0_y2_reg is absorbed into DSP linienmodule_fast_b_iir0_z60.
DSP Report: register linienmodule_fast_b_iir0_a2_reg is absorbed into DSP linienmodule_fast_b_iir0_z60.
DSP Report: operator linienmodule_fast_b_iir0_z60 is absorbed into DSP linienmodule_fast_b_iir0_z60.
DSP Report: operator linienmodule_fast_b_iir0_z60 is absorbed into DSP linienmodule_fast_b_iir0_z60.
DSP Report: Generating DSP linienmodule_fast_b_iir0_z50, operation Mode is: A2*B2.
DSP Report: register linienmodule_fast_b_iir0_z30 is absorbed into DSP linienmodule_fast_b_iir0_z50.
DSP Report: register linienmodule_fast_b_iir0_b01_reg is absorbed into DSP linienmodule_fast_b_iir0_z50.
DSP Report: operator linienmodule_fast_b_iir0_z50 is absorbed into DSP linienmodule_fast_b_iir0_z50.
DSP Report: operator linienmodule_fast_b_iir0_z50 is absorbed into DSP linienmodule_fast_b_iir0_z50.
DSP Report: Generating DSP linienmodule_fast_b_iir0_z50, operation Mode is: (PCIN>>17)+A2*B2.
DSP Report: register linienmodule_fast_b_iir0_y0_reg is absorbed into DSP linienmodule_fast_b_iir0_z50.
DSP Report: register linienmodule_fast_b_iir0_b01_reg is absorbed into DSP linienmodule_fast_b_iir0_z50.
DSP Report: operator linienmodule_fast_b_iir0_z50 is absorbed into DSP linienmodule_fast_b_iir0_z50.
DSP Report: operator linienmodule_fast_b_iir0_z50 is absorbed into DSP linienmodule_fast_b_iir0_z50.
DSP Report: Generating DSP linienmodule_fast_b_iir0_z40, operation Mode is: A2*B2.
DSP Report: register linienmodule_fast_b_iir0_b11_reg is absorbed into DSP linienmodule_fast_b_iir0_z40.
DSP Report: register linienmodule_fast_b_iir0_z30 is absorbed into DSP linienmodule_fast_b_iir0_z40.
DSP Report: operator linienmodule_fast_b_iir0_z40 is absorbed into DSP linienmodule_fast_b_iir0_z40.
DSP Report: operator linienmodule_fast_b_iir0_z40 is absorbed into DSP linienmodule_fast_b_iir0_z40.
DSP Report: Generating DSP linienmodule_fast_b_iir0_z40, operation Mode is: (PCIN>>17)+A*B2.
DSP Report: register linienmodule_fast_b_iir0_b11_reg is absorbed into DSP linienmodule_fast_b_iir0_z40.
DSP Report: register linienmodule_fast_b_iir0_y0_reg is absorbed into DSP linienmodule_fast_b_iir0_z40.
DSP Report: operator linienmodule_fast_b_iir0_z40 is absorbed into DSP linienmodule_fast_b_iir0_z40.
DSP Report: operator linienmodule_fast_b_iir0_z40 is absorbed into DSP linienmodule_fast_b_iir0_z40.
DSP Report: Generating DSP linienmodule_fast_b_iir0_z30, operation Mode is: A2*B2.
DSP Report: register linienmodule_fast_b_iir0_b2_reg is absorbed into DSP linienmodule_fast_b_iir0_z30.
DSP Report: register linienmodule_fast_b_iir0_z30 is absorbed into DSP linienmodule_fast_b_iir0_z30.
DSP Report: operator linienmodule_fast_b_iir0_z30 is absorbed into DSP linienmodule_fast_b_iir0_z30.
DSP Report: operator linienmodule_fast_b_iir0_z30 is absorbed into DSP linienmodule_fast_b_iir0_z30.
DSP Report: Generating DSP linienmodule_fast_b_iir0_z30, operation Mode is: (PCIN>>17)+A*B2.
DSP Report: register linienmodule_fast_b_iir0_b2_reg is absorbed into DSP linienmodule_fast_b_iir0_z30.
DSP Report: register linienmodule_fast_b_iir0_y0_reg is absorbed into DSP linienmodule_fast_b_iir0_z30.
DSP Report: operator linienmodule_fast_b_iir0_z30 is absorbed into DSP linienmodule_fast_b_iir0_z30.
DSP Report: operator linienmodule_fast_b_iir0_z30 is absorbed into DSP linienmodule_fast_b_iir0_z30.
DSP Report: Generating DSP linienmodule_fast_a_iir1_z10, operation Mode is: A2*B2.
DSP Report: register linienmodule_fast_a_iir1_z10 is absorbed into DSP linienmodule_fast_a_iir1_z10.
DSP Report: register linienmodule_fast_a_iir1_b00_reg is absorbed into DSP linienmodule_fast_a_iir1_z10.
DSP Report: operator linienmodule_fast_a_iir1_z10 is absorbed into DSP linienmodule_fast_a_iir1_z10.
DSP Report: operator linienmodule_fast_a_iir1_z10 is absorbed into DSP linienmodule_fast_a_iir1_z10.
DSP Report: Generating DSP linienmodule_fast_a_iir1_z10, operation Mode is: (PCIN>>17)+A2*B2.
DSP Report: register linienmodule_fast_a_limitcsr1_limitcsr1_y0_reg is absorbed into DSP linienmodule_fast_a_iir1_z10.
DSP Report: register linienmodule_fast_a_iir1_b00_reg is absorbed into DSP linienmodule_fast_a_iir1_z10.
DSP Report: operator linienmodule_fast_a_iir1_z10 is absorbed into DSP linienmodule_fast_a_iir1_z10.
DSP Report: operator linienmodule_fast_a_iir1_z10 is absorbed into DSP linienmodule_fast_a_iir1_z10.
DSP Report: Generating DSP linienmodule_fast_a_iir1_z00, operation Mode is: A2*B2.
DSP Report: register linienmodule_fast_a_iir1_z00 is absorbed into DSP linienmodule_fast_a_iir1_z00.
DSP Report: register linienmodule_fast_a_iir1_b10_reg is absorbed into DSP linienmodule_fast_a_iir1_z00.
DSP Report: operator linienmodule_fast_a_iir1_z00 is absorbed into DSP linienmodule_fast_a_iir1_z00.
DSP Report: operator linienmodule_fast_a_iir1_z00 is absorbed into DSP linienmodule_fast_a_iir1_z00.
DSP Report: Generating DSP linienmodule_fast_a_iir1_z00, operation Mode is: (PCIN>>17)+A2*B2.
DSP Report: register linienmodule_fast_a_limitcsr1_limitcsr1_y0_reg is absorbed into DSP linienmodule_fast_a_iir1_z00.
DSP Report: register linienmodule_fast_a_iir1_b10_reg is absorbed into DSP linienmodule_fast_a_iir1_z00.
DSP Report: operator linienmodule_fast_a_iir1_z00 is absorbed into DSP linienmodule_fast_a_iir1_z00.
DSP Report: operator linienmodule_fast_a_iir1_z00 is absorbed into DSP linienmodule_fast_a_iir1_z00.
DSP Report: Generating DSP linienmodule_fast_a_iir1_z70, operation Mode is: A2*B2.
DSP Report: register linienmodule_fast_a_iir1_z70 is absorbed into DSP linienmodule_fast_a_iir1_z70.
DSP Report: register linienmodule_fast_a_iir1_a11_reg is absorbed into DSP linienmodule_fast_a_iir1_z70.
DSP Report: operator linienmodule_fast_a_iir1_z70 is absorbed into DSP linienmodule_fast_a_iir1_z70.
DSP Report: operator linienmodule_fast_a_iir1_z70 is absorbed into DSP linienmodule_fast_a_iir1_z70.
DSP Report: Generating DSP linienmodule_fast_a_iir1_z70, operation Mode is: (PCIN>>17)+A2*B2.
DSP Report: register linienmodule_fast_a_iir1_y2_reg is absorbed into DSP linienmodule_fast_a_iir1_z70.
DSP Report: register linienmodule_fast_a_iir1_a11_reg is absorbed into DSP linienmodule_fast_a_iir1_z70.
DSP Report: operator linienmodule_fast_a_iir1_z70 is absorbed into DSP linienmodule_fast_a_iir1_z70.
DSP Report: operator linienmodule_fast_a_iir1_z70 is absorbed into DSP linienmodule_fast_a_iir1_z70.
DSP Report: Generating DSP linienmodule_fast_a_iir1_z60, operation Mode is: A2*B2.
DSP Report: register linienmodule_fast_a_iir1_z70 is absorbed into DSP linienmodule_fast_a_iir1_z60.
DSP Report: register linienmodule_fast_a_iir1_a2_reg is absorbed into DSP linienmodule_fast_a_iir1_z60.
DSP Report: operator linienmodule_fast_a_iir1_z60 is absorbed into DSP linienmodule_fast_a_iir1_z60.
DSP Report: operator linienmodule_fast_a_iir1_z60 is absorbed into DSP linienmodule_fast_a_iir1_z60.
DSP Report: Generating DSP linienmodule_fast_a_iir1_z60, operation Mode is: (PCIN>>17)+A2*B2.
DSP Report: register linienmodule_fast_a_iir1_y2_reg is absorbed into DSP linienmodule_fast_a_iir1_z60.
DSP Report: register linienmodule_fast_a_iir1_a2_reg is absorbed into DSP linienmodule_fast_a_iir1_z60.
DSP Report: operator linienmodule_fast_a_iir1_z60 is absorbed into DSP linienmodule_fast_a_iir1_z60.
DSP Report: operator linienmodule_fast_a_iir1_z60 is absorbed into DSP linienmodule_fast_a_iir1_z60.
DSP Report: Generating DSP linienmodule_fast_a_iir1_z50, operation Mode is: A2*B2.
DSP Report: register linienmodule_fast_a_iir1_z50 is absorbed into DSP linienmodule_fast_a_iir1_z50.
DSP Report: register linienmodule_fast_a_iir1_b01_reg is absorbed into DSP linienmodule_fast_a_iir1_z50.
DSP Report: operator linienmodule_fast_a_iir1_z50 is absorbed into DSP linienmodule_fast_a_iir1_z50.
DSP Report: operator linienmodule_fast_a_iir1_z50 is absorbed into DSP linienmodule_fast_a_iir1_z50.
DSP Report: Generating DSP linienmodule_fast_a_iir1_z50, operation Mode is: (PCIN>>17)+A2*B2.
DSP Report: register linienmodule_fast_a_iir1_y0_reg is absorbed into DSP linienmodule_fast_a_iir1_z50.
DSP Report: register linienmodule_fast_a_iir1_b01_reg is absorbed into DSP linienmodule_fast_a_iir1_z50.
DSP Report: operator linienmodule_fast_a_iir1_z50 is absorbed into DSP linienmodule_fast_a_iir1_z50.
DSP Report: operator linienmodule_fast_a_iir1_z50 is absorbed into DSP linienmodule_fast_a_iir1_z50.
DSP Report: Generating DSP linienmodule_fast_a_iir1_z40, operation Mode is: A2*B2.
DSP Report: register linienmodule_fast_a_iir1_b11_reg is absorbed into DSP linienmodule_fast_a_iir1_z40.
DSP Report: register linienmodule_fast_a_iir1_z50 is absorbed into DSP linienmodule_fast_a_iir1_z40.
DSP Report: operator linienmodule_fast_a_iir1_z40 is absorbed into DSP linienmodule_fast_a_iir1_z40.
DSP Report: operator linienmodule_fast_a_iir1_z40 is absorbed into DSP linienmodule_fast_a_iir1_z40.
DSP Report: Generating DSP linienmodule_fast_a_iir1_z40, operation Mode is: (PCIN>>17)+A*B2.
DSP Report: register linienmodule_fast_a_iir1_b11_reg is absorbed into DSP linienmodule_fast_a_iir1_z40.
DSP Report: register linienmodule_fast_a_iir1_y0_reg is absorbed into DSP linienmodule_fast_a_iir1_z40.
DSP Report: operator linienmodule_fast_a_iir1_z40 is absorbed into DSP linienmodule_fast_a_iir1_z40.
DSP Report: operator linienmodule_fast_a_iir1_z40 is absorbed into DSP linienmodule_fast_a_iir1_z40.
DSP Report: Generating DSP linienmodule_fast_a_iir1_z30, operation Mode is: A2*B2.
DSP Report: register linienmodule_fast_a_iir1_b2_reg is absorbed into DSP linienmodule_fast_a_iir1_z30.
DSP Report: register linienmodule_fast_a_iir1_z50 is absorbed into DSP linienmodule_fast_a_iir1_z30.
DSP Report: operator linienmodule_fast_a_iir1_z30 is absorbed into DSP linienmodule_fast_a_iir1_z30.
DSP Report: operator linienmodule_fast_a_iir1_z30 is absorbed into DSP linienmodule_fast_a_iir1_z30.
DSP Report: Generating DSP linienmodule_fast_a_iir1_z30, operation Mode is: (PCIN>>17)+A*B2.
DSP Report: register linienmodule_fast_a_iir1_b2_reg is absorbed into DSP linienmodule_fast_a_iir1_z30.
DSP Report: register linienmodule_fast_a_iir1_y0_reg is absorbed into DSP linienmodule_fast_a_iir1_z30.
DSP Report: operator linienmodule_fast_a_iir1_z30 is absorbed into DSP linienmodule_fast_a_iir1_z30.
DSP Report: operator linienmodule_fast_a_iir1_z30 is absorbed into DSP linienmodule_fast_a_iir1_z30.
DSP Report: Generating DSP linienmodule_fast_a_iir0_z20, operation Mode is: A2*B2.
DSP Report: register linienmodule_fast_a_iir0_z20 is absorbed into DSP linienmodule_fast_a_iir0_z20.
DSP Report: register linienmodule_fast_a_iir0_a10_reg is absorbed into DSP linienmodule_fast_a_iir0_z20.
DSP Report: operator linienmodule_fast_a_iir0_z20 is absorbed into DSP linienmodule_fast_a_iir0_z20.
DSP Report: operator linienmodule_fast_a_iir0_z20 is absorbed into DSP linienmodule_fast_a_iir0_z20.
DSP Report: Generating DSP linienmodule_fast_a_iir0_z20, operation Mode is: (PCIN>>17)+A2*B2.
DSP Report: register linienmodule_fast_a_iir0_y0_reg is absorbed into DSP linienmodule_fast_a_iir0_z20.
DSP Report: register linienmodule_fast_a_iir0_a10_reg is absorbed into DSP linienmodule_fast_a_iir0_z20.
DSP Report: operator linienmodule_fast_a_iir0_z20 is absorbed into DSP linienmodule_fast_a_iir0_z20.
DSP Report: operator linienmodule_fast_a_iir0_z20 is absorbed into DSP linienmodule_fast_a_iir0_z20.
DSP Report: Generating DSP linienmodule_fast_a_iir0_z10, operation Mode is: A2*B2.
DSP Report: register linienmodule_fast_a_iir0_z10 is absorbed into DSP linienmodule_fast_a_iir0_z10.
DSP Report: register linienmodule_fast_a_iir0_b00_reg is absorbed into DSP linienmodule_fast_a_iir0_z10.
DSP Report: operator linienmodule_fast_a_iir0_z10 is absorbed into DSP linienmodule_fast_a_iir0_z10.
DSP Report: operator linienmodule_fast_a_iir0_z10 is absorbed into DSP linienmodule_fast_a_iir0_z10.
DSP Report: Generating DSP linienmodule_fast_a_iir0_z10, operation Mode is: (PCIN>>17)+A2*B2.
DSP Report: register linienmodule_fast_a_limitcsr0_limitcsr0_y0_reg is absorbed into DSP linienmodule_fast_a_iir0_z10.
DSP Report: register linienmodule_fast_a_iir0_b00_reg is absorbed into DSP linienmodule_fast_a_iir0_z10.
DSP Report: operator linienmodule_fast_a_iir0_z10 is absorbed into DSP linienmodule_fast_a_iir0_z10.
DSP Report: operator linienmodule_fast_a_iir0_z10 is absorbed into DSP linienmodule_fast_a_iir0_z10.
DSP Report: Generating DSP linienmodule_fast_a_iir0_z00, operation Mode is: A2*B2.
DSP Report: register linienmodule_fast_a_iir0_z00 is absorbed into DSP linienmodule_fast_a_iir0_z00.
DSP Report: register linienmodule_fast_a_iir0_b10_reg is absorbed into DSP linienmodule_fast_a_iir0_z00.
DSP Report: operator linienmodule_fast_a_iir0_z00 is absorbed into DSP linienmodule_fast_a_iir0_z00.
DSP Report: operator linienmodule_fast_a_iir0_z00 is absorbed into DSP linienmodule_fast_a_iir0_z00.
DSP Report: Generating DSP linienmodule_fast_a_iir0_z00, operation Mode is: (PCIN>>17)+A2*B2.
DSP Report: register linienmodule_fast_a_limitcsr0_limitcsr0_y0_reg is absorbed into DSP linienmodule_fast_a_iir0_z00.
DSP Report: register linienmodule_fast_a_iir0_b10_reg is absorbed into DSP linienmodule_fast_a_iir0_z00.
DSP Report: operator linienmodule_fast_a_iir0_z00 is absorbed into DSP linienmodule_fast_a_iir0_z00.
DSP Report: operator linienmodule_fast_a_iir0_z00 is absorbed into DSP linienmodule_fast_a_iir0_z00.
DSP Report: Generating DSP linienmodule_fast_a_iir0_z70, operation Mode is: A2*B2.
DSP Report: register linienmodule_fast_a_iir0_z70 is absorbed into DSP linienmodule_fast_a_iir0_z70.
DSP Report: register linienmodule_fast_a_iir0_a11_reg is absorbed into DSP linienmodule_fast_a_iir0_z70.
DSP Report: operator linienmodule_fast_a_iir0_z70 is absorbed into DSP linienmodule_fast_a_iir0_z70.
DSP Report: operator linienmodule_fast_a_iir0_z70 is absorbed into DSP linienmodule_fast_a_iir0_z70.
DSP Report: Generating DSP linienmodule_fast_a_iir0_z70, operation Mode is: (PCIN>>17)+A2*B2.
DSP Report: register linienmodule_fast_a_iir0_y2_reg is absorbed into DSP linienmodule_fast_a_iir0_z70.
DSP Report: register linienmodule_fast_a_iir0_a11_reg is absorbed into DSP linienmodule_fast_a_iir0_z70.
DSP Report: operator linienmodule_fast_a_iir0_z70 is absorbed into DSP linienmodule_fast_a_iir0_z70.
DSP Report: operator linienmodule_fast_a_iir0_z70 is absorbed into DSP linienmodule_fast_a_iir0_z70.
DSP Report: Generating DSP linienmodule_fast_a_iir0_z60, operation Mode is: A2*B2.
DSP Report: register linienmodule_fast_a_iir0_z70 is absorbed into DSP linienmodule_fast_a_iir0_z60.
DSP Report: register linienmodule_fast_a_iir0_a2_reg is absorbed into DSP linienmodule_fast_a_iir0_z60.
DSP Report: operator linienmodule_fast_a_iir0_z60 is absorbed into DSP linienmodule_fast_a_iir0_z60.
DSP Report: operator linienmodule_fast_a_iir0_z60 is absorbed into DSP linienmodule_fast_a_iir0_z60.
DSP Report: Generating DSP linienmodule_fast_a_iir0_z60, operation Mode is: (PCIN>>17)+A2*B2.
DSP Report: register linienmodule_fast_a_iir0_y2_reg is absorbed into DSP linienmodule_fast_a_iir0_z60.
DSP Report: register linienmodule_fast_a_iir0_a2_reg is absorbed into DSP linienmodule_fast_a_iir0_z60.
DSP Report: operator linienmodule_fast_a_iir0_z60 is absorbed into DSP linienmodule_fast_a_iir0_z60.
DSP Report: operator linienmodule_fast_a_iir0_z60 is absorbed into DSP linienmodule_fast_a_iir0_z60.
DSP Report: Generating DSP linienmodule_fast_a_iir0_z50, operation Mode is: A2*B2.
DSP Report: register linienmodule_fast_a_iir0_z20 is absorbed into DSP linienmodule_fast_a_iir0_z50.
DSP Report: register linienmodule_fast_a_iir0_b01_reg is absorbed into DSP linienmodule_fast_a_iir0_z50.
DSP Report: operator linienmodule_fast_a_iir0_z50 is absorbed into DSP linienmodule_fast_a_iir0_z50.
DSP Report: operator linienmodule_fast_a_iir0_z50 is absorbed into DSP linienmodule_fast_a_iir0_z50.
DSP Report: Generating DSP linienmodule_fast_a_iir0_z50, operation Mode is: (PCIN>>17)+A2*B2.
DSP Report: register linienmodule_fast_a_iir0_y0_reg is absorbed into DSP linienmodule_fast_a_iir0_z50.
DSP Report: register linienmodule_fast_a_iir0_b01_reg is absorbed into DSP linienmodule_fast_a_iir0_z50.
DSP Report: operator linienmodule_fast_a_iir0_z50 is absorbed into DSP linienmodule_fast_a_iir0_z50.
DSP Report: operator linienmodule_fast_a_iir0_z50 is absorbed into DSP linienmodule_fast_a_iir0_z50.
DSP Report: Generating DSP linienmodule_fast_a_iir0_z40, operation Mode is: A2*B2.
DSP Report: register linienmodule_fast_a_iir0_b11_reg is absorbed into DSP linienmodule_fast_a_iir0_z40.
DSP Report: register linienmodule_fast_a_iir0_z20 is absorbed into DSP linienmodule_fast_a_iir0_z40.
DSP Report: operator linienmodule_fast_a_iir0_z40 is absorbed into DSP linienmodule_fast_a_iir0_z40.
DSP Report: operator linienmodule_fast_a_iir0_z40 is absorbed into DSP linienmodule_fast_a_iir0_z40.
DSP Report: Generating DSP linienmodule_fast_a_iir0_z40, operation Mode is: (PCIN>>17)+A*B2.
DSP Report: register linienmodule_fast_a_iir0_b11_reg is absorbed into DSP linienmodule_fast_a_iir0_z40.
DSP Report: register linienmodule_fast_a_iir0_y0_reg is absorbed into DSP linienmodule_fast_a_iir0_z40.
DSP Report: operator linienmodule_fast_a_iir0_z40 is absorbed into DSP linienmodule_fast_a_iir0_z40.
DSP Report: operator linienmodule_fast_a_iir0_z40 is absorbed into DSP linienmodule_fast_a_iir0_z40.
DSP Report: Generating DSP linienmodule_fast_a_iir0_z30, operation Mode is: A2*B2.
DSP Report: register linienmodule_fast_a_iir0_b2_reg is absorbed into DSP linienmodule_fast_a_iir0_z30.
DSP Report: register linienmodule_fast_a_iir0_z20 is absorbed into DSP linienmodule_fast_a_iir0_z30.
DSP Report: operator linienmodule_fast_a_iir0_z30 is absorbed into DSP linienmodule_fast_a_iir0_z30.
DSP Report: operator linienmodule_fast_a_iir0_z30 is absorbed into DSP linienmodule_fast_a_iir0_z30.
DSP Report: Generating DSP linienmodule_fast_a_iir0_z30, operation Mode is: (PCIN>>17)+A*B2.
DSP Report: register linienmodule_fast_a_iir0_b2_reg is absorbed into DSP linienmodule_fast_a_iir0_z30.
DSP Report: register linienmodule_fast_a_iir0_y0_reg is absorbed into DSP linienmodule_fast_a_iir0_z30.
DSP Report: operator linienmodule_fast_a_iir0_z30 is absorbed into DSP linienmodule_fast_a_iir0_z30.
DSP Report: operator linienmodule_fast_a_iir0_z30 is absorbed into DSP linienmodule_fast_a_iir0_z30.
DSP Report: Generating DSP linienmodule_mixed2, operation Mode is: (0 or C')+(A2*B or 0).
DSP Report: register linienmodule_fast_a_limitcsr0_limitcsr0_y1_reg is absorbed into DSP linienmodule_mixed2.
DSP Report: register linienmodule_mixed2 is absorbed into DSP linienmodule_mixed2.
DSP Report: operator linienmodule_mixed2 is absorbed into DSP linienmodule_mixed2.
DSP Report: Generating DSP linienmodule_mixed2, operation Mode is: (A2*B or 0).
DSP Report: register linienmodule_fast_b_limitcsr0_limitcsr0_y1_reg is absorbed into DSP linienmodule_mixed2.
DSP Report: operator linienmodule_mixed2 is absorbed into DSP linienmodule_mixed2.
DSP Report: Generating DSP O1001, operation Mode is: PCIN+A2:B+C.
DSP Report: register O1001 is absorbed into DSP O1001.
DSP Report: operator O1001 is absorbed into DSP O1001.
WARNING: [Synth 8-3936] Found unconnected internal register 'i_bridge/addr_o_reg' and it is trimmed from '32' to '20' bits. [/home/vedaant/school/quantum_work/linien/gateware/build/imports/home/vedaant/school/quantum_work/linien/gateware/verilog/bus_clk_bridge.v:90]
WARNING: [Synth 8-3936] Found unconnected internal register 'bus_clk_bridge/wdata_o_reg' and it is trimmed from '32' to '8' bits. [/home/vedaant/school/quantum_work/linien/gateware/build/imports/home/vedaant/school/quantum_work/linien/gateware/verilog/bus_clk_bridge.v:91]
WARNING: [Synth 8-3936] Found unconnected internal register 'bus_clk_bridge/addr_o_reg' and it is trimmed from '32' to '16' bits. [/home/vedaant/school/quantum_work/linien/gateware/build/imports/home/vedaant/school/quantum_work/linien/gateware/verilog/bus_clk_bridge.v:90]
WARNING: [Synth 8-3917] design top has port adc_clk[1] driven by constant 1
WARNING: [Synth 8-3917] design top has port adc_clk[0] driven by constant 0
WARNING: [Synth 8-3917] design top has port adc_cdcs driven by constant 1
WARNING: [Synth 8-3917] design top has port user_led_6 driven by constant 0
WARNING: [Synth 8-3917] design top has port user_led_7 driven by constant 0
RAM Pipeline Warning: Read Address Register Found For RAM dynamic_delay_mem_reg. We will not be able to pipeline it. This may degrade performance. 
RAM Pipeline Warning: Read Address Register Found For RAM dynamic_delay_mem_reg. We will not be able to pipeline it. This may degrade performance. 
RAM Pipeline Warning: Read Address Register Found For RAM dynamic_delay_mem_reg. We will not be able to pipeline it. This may degrade performance. 
WARNING: [Synth 8-6430] The Block RAM "top/dynamic_delay_mem_reg" may get memory collision error if read and write address collide. Use attribute (* rw_addr_collision= "yes" *) to avoid collision 
RAM Pipeline Warning: Read Address Register Found For RAM dynamic_delay_mem_reg. We will not be able to pipeline it. This may degrade performance. 
WARNING: [Synth 8-3332] Sequential element (u_sinusoid/mult_reg_reg[47]) is unused and will be removed from module sequence_top.
WARNING: [Synth 8-3332] Sequential element (u_sinusoid/mult_reg_reg[46]) is unused and will be removed from module sequence_top.
WARNING: [Synth 8-3332] Sequential element (u_sinusoid/mult_reg_reg[45]) is unused and will be removed from module sequence_top.
WARNING: [Synth 8-3332] Sequential element (u_sinusoid/mult_reg_reg[44]) is unused and will be removed from module sequence_top.
WARNING: [Synth 8-3332] Sequential element (u_sinusoid/mult_reg_reg[43]) is unused and will be removed from module sequence_top.
WARNING: [Synth 8-3332] Sequential element (u_sinusoid/mult_reg_reg[42]) is unused and will be removed from module sequence_top.
WARNING: [Synth 8-3332] Sequential element (u_sinusoid/mult_reg_reg[41]) is unused and will be removed from module sequence_top.
WARNING: [Synth 8-3332] Sequential element (u_sinusoid/mult_reg_reg[40]) is unused and will be removed from module sequence_top.
WARNING: [Synth 8-3332] Sequential element (u_sinusoid/mult_reg_reg[39]) is unused and will be removed from module sequence_top.
WARNING: [Synth 8-3332] Sequential element (u_sinusoid/mult_reg_reg[38]) is unused and will be removed from module sequence_top.
WARNING: [Synth 8-3332] Sequential element (u_sinusoid/mult_reg_reg[37]) is unused and will be removed from module sequence_top.
WARNING: [Synth 8-3332] Sequential element (u_sinusoid/mult_reg_reg[36]) is unused and will be removed from module sequence_top.
WARNING: [Synth 8-3332] Sequential element (u_sinusoid/mult_reg_reg[35]) is unused and will be removed from module sequence_top.
WARNING: [Synth 8-3332] Sequential element (u_sinusoid/mult_reg_reg[34]) is unused and will be removed from module sequence_top.
WARNING: [Synth 8-3332] Sequential element (u_sinusoid/mult_reg_reg[33]) is unused and will be removed from module sequence_top.
WARNING: [Synth 8-3332] Sequential element (u_sinusoid/mult_reg_reg[32]) is unused and will be removed from module sequence_top.
WARNING: [Synth 8-3332] Sequential element (u_sinusoid/mult_reg_reg[31]) is unused and will be removed from module sequence_top.
WARNING: [Synth 8-3332] Sequential element (u_sinusoid/mult_reg_reg[30]) is unused and will be removed from module sequence_top.
WARNING: [Synth 8-3332] Sequential element (u_sinusoid/mult_reg_reg[29]) is unused and will be removed from module sequence_top.
WARNING: [Synth 8-3332] Sequential element (u_sinusoid/mult_reg_reg[28]) is unused and will be removed from module sequence_top.
WARNING: [Synth 8-3332] Sequential element (u_sinusoid/mult_reg_reg[27]) is unused and will be removed from module sequence_top.
WARNING: [Synth 8-3332] Sequential element (u_sinusoid/mult_reg_reg[26]) is unused and will be removed from module sequence_top.
WARNING: [Synth 8-3332] Sequential element (u_sinusoid/mult_reg_reg[25]) is unused and will be removed from module sequence_top.
WARNING: [Synth 8-3332] Sequential element (u_sinusoid/mult_reg_reg[24]) is unused and will be removed from module sequence_top.
WARNING: [Synth 8-3332] Sequential element (u_sinusoid/mult_reg_reg[23]) is unused and will be removed from module sequence_top.
WARNING: [Synth 8-3332] Sequential element (u_sinusoid/mult_reg_reg[22]) is unused and will be removed from module sequence_top.
WARNING: [Synth 8-3332] Sequential element (u_sinusoid/mult_reg_reg[21]) is unused and will be removed from module sequence_top.
WARNING: [Synth 8-3332] Sequential element (u_sinusoid/mult_reg_reg[20]) is unused and will be removed from module sequence_top.
WARNING: [Synth 8-3332] Sequential element (u_sinusoid/mult_reg_reg[19]) is unused and will be removed from module sequence_top.
WARNING: [Synth 8-3332] Sequential element (u_sinusoid/mult_reg_reg[18]) is unused and will be removed from module sequence_top.
WARNING: [Synth 8-3332] Sequential element (u_sinusoid/mult_reg_reg[17]) is unused and will be removed from module sequence_top.
WARNING: [Synth 8-3332] Sequential element (u_sinusoid/mult_reg_reg[12]) is unused and will be removed from module sequence_top.
WARNING: [Synth 8-3332] Sequential element (u_sinusoid/mult_reg_reg[11]) is unused and will be removed from module sequence_top.
WARNING: [Synth 8-3332] Sequential element (u_sinusoid/mult_reg_reg[10]) is unused and will be removed from module sequence_top.
WARNING: [Synth 8-3332] Sequential element (u_sinusoid/mult_reg_reg[9]) is unused and will be removed from module sequence_top.
WARNING: [Synth 8-3332] Sequential element (u_sinusoid/mult_reg_reg[8]) is unused and will be removed from module sequence_top.
WARNING: [Synth 8-3332] Sequential element (u_sinusoid/mult_reg_reg[7]) is unused and will be removed from module sequence_top.
WARNING: [Synth 8-3332] Sequential element (u_sinusoid/mult_reg_reg[6]) is unused and will be removed from module sequence_top.
WARNING: [Synth 8-3332] Sequential element (u_sinusoid/mult_reg_reg[5]) is unused and will be removed from module sequence_top.
WARNING: [Synth 8-3332] Sequential element (u_sinusoid/mult_reg_reg[4]) is unused and will be removed from module sequence_top.
WARNING: [Synth 8-3332] Sequential element (u_sinusoid/mult_reg_reg[3]) is unused and will be removed from module sequence_top.
WARNING: [Synth 8-3332] Sequential element (u_sinusoid/mult_reg_reg[2]) is unused and will be removed from module sequence_top.
WARNING: [Synth 8-3332] Sequential element (u_sinusoid/mult_reg_reg[1]) is unused and will be removed from module sequence_top.
WARNING: [Synth 8-3332] Sequential element (u_sinusoid/mult_reg_reg[0]) is unused and will be removed from module sequence_top.
---------------------------------------------------------------------------------
Finished Cross Boundary and Area Optimization : Time (s): cpu = 00:00:37 ; elapsed = 00:00:37 . Memory (MB): peak = 2665.156 ; gain = 912.352 ; free physical = 2835 ; free virtual = 40910
---------------------------------------------------------------------------------
 Sort Area is top__GCB0 p_1_out_7 : 0 0 : 2570 2570 : Used 1 time 100
 Sort Area is top__GCB0 p_1_out_9 : 0 0 : 2570 2570 : Used 1 time 100
 Sort Area is top__GCB0 p_1_out_a : 0 0 : 2570 2570 : Used 1 time 100
 Sort Area is top__GCB3 linienmodule_fast_a_iir0_z00_20 : 0 0 : 3449 4806 : Used 1 time 0
 Sort Area is top__GCB3 linienmodule_fast_a_iir0_z00_20 : 0 1 : 1357 4806 : Used 1 time 0
 Sort Area is top__GCB3 linienmodule_fast_a_iir0_z10_21 : 0 0 : 3449 4806 : Used 1 time 0
 Sort Area is top__GCB3 linienmodule_fast_a_iir0_z10_21 : 0 1 : 1357 4806 : Used 1 time 0
 Sort Area is top__GCB3 linienmodule_fast_a_iir0_z20_22 : 0 0 : 3449 4806 : Used 1 time 0
 Sort Area is top__GCB3 linienmodule_fast_a_iir0_z20_22 : 0 1 : 1357 4806 : Used 1 time 0
 Sort Area is top__GCB3 linienmodule_fast_a_iir0_z30_23 : 0 0 : 3449 4806 : Used 1 time 0
 Sort Area is top__GCB3 linienmodule_fast_a_iir0_z30_23 : 0 1 : 1357 4806 : Used 1 time 0
 Sort Area is top__GCB3 linienmodule_fast_a_iir0_z40_24 : 0 0 : 3449 4806 : Used 1 time 0
 Sort Area is top__GCB3 linienmodule_fast_a_iir0_z40_24 : 0 1 : 1357 4806 : Used 1 time 0
 Sort Area is top__GCB3 linienmodule_fast_a_iir0_z50_25 : 0 0 : 3449 4806 : Used 1 time 0
 Sort Area is top__GCB3 linienmodule_fast_a_iir0_z50_25 : 0 1 : 1357 4806 : Used 1 time 0
 Sort Area is top__GCB3 linienmodule_fast_a_iir0_z60_26 : 0 0 : 3449 4806 : Used 1 time 0
 Sort Area is top__GCB3 linienmodule_fast_a_iir0_z60_26 : 0 1 : 1357 4806 : Used 1 time 0
 Sort Area is top__GCB3 linienmodule_fast_a_iir0_z70_27 : 0 0 : 3449 4806 : Used 1 time 0
 Sort Area is top__GCB3 linienmodule_fast_a_iir0_z70_27 : 0 1 : 1357 4806 : Used 1 time 0
 Sort Area is top__GCB3 linienmodule_fast_a_iir1_z00_28 : 0 0 : 3449 4806 : Used 1 time 0
 Sort Area is top__GCB3 linienmodule_fast_a_iir1_z00_28 : 0 1 : 1357 4806 : Used 1 time 0
 Sort Area is top__GCB3 linienmodule_fast_a_iir1_z10_29 : 0 0 : 3449 4806 : Used 1 time 0
 Sort Area is top__GCB3 linienmodule_fast_a_iir1_z10_29 : 0 1 : 1357 4806 : Used 1 time 0
 Sort Area is top__GCB3 linienmodule_fast_a_iir1_z20_2a : 0 0 : 3449 4806 : Used 1 time 0
 Sort Area is top__GCB3 linienmodule_fast_a_iir1_z20_2a : 0 1 : 1357 4806 : Used 1 time 0
 Sort Area is top__GCB3 linienmodule_fast_a_iir1_z30_2b : 0 0 : 3449 4806 : Used 1 time 0
 Sort Area is top__GCB3 linienmodule_fast_a_iir1_z30_2b : 0 1 : 1357 4806 : Used 1 time 0
 Sort Area is top__GCB3 linienmodule_fast_a_iir1_z40_2c : 0 0 : 3449 4806 : Used 1 time 0
 Sort Area is top__GCB3 linienmodule_fast_a_iir1_z40_2c : 0 1 : 1357 4806 : Used 1 time 0
 Sort Area is top__GCB3 linienmodule_fast_a_iir1_z50_2d : 0 0 : 3449 4806 : Used 1 time 0
 Sort Area is top__GCB3 linienmodule_fast_a_iir1_z50_2d : 0 1 : 1357 4806 : Used 1 time 0
 Sort Area is top__GCB3 linienmodule_fast_a_iir1_z60_2e : 0 0 : 3449 4806 : Used 1 time 0
 Sort Area is top__GCB3 linienmodule_fast_a_iir1_z60_2e : 0 1 : 1357 4806 : Used 1 time 0
 Sort Area is top__GCB3 linienmodule_fast_a_iir1_z70_2f : 0 0 : 3449 4806 : Used 1 time 0
 Sort Area is top__GCB3 linienmodule_fast_a_iir1_z70_2f : 0 1 : 1357 4806 : Used 1 time 0
 Sort Area is top__GCB3 linienmodule_fast_b_iir0_z00_18 : 0 0 : 3449 4806 : Used 1 time 0
 Sort Area is top__GCB3 linienmodule_fast_b_iir0_z00_18 : 0 1 : 1357 4806 : Used 1 time 0
 Sort Area is top__GCB3 linienmodule_fast_b_iir0_z10_19 : 0 0 : 3449 4806 : Used 1 time 0
 Sort Area is top__GCB3 linienmodule_fast_b_iir0_z10_19 : 0 1 : 1357 4806 : Used 1 time 0
 Sort Area is top__GCB3 linienmodule_fast_b_iir0_z20_1a : 0 0 : 3449 4806 : Used 1 time 0
 Sort Area is top__GCB3 linienmodule_fast_b_iir0_z20_1a : 0 1 : 1357 4806 : Used 1 time 0
 Sort Area is top__GCB3 linienmodule_fast_b_iir0_z30_1b : 0 0 : 3449 4806 : Used 1 time 0
 Sort Area is top__GCB3 linienmodule_fast_b_iir0_z30_1b : 0 1 : 1357 4806 : Used 1 time 0
 Sort Area is top__GCB3 linienmodule_fast_b_iir0_z40_1c : 0 0 : 3449 4806 : Used 1 time 0
 Sort Area is top__GCB3 linienmodule_fast_b_iir0_z40_1c : 0 1 : 1357 4806 : Used 1 time 0
 Sort Area is top__GCB3 linienmodule_fast_b_iir0_z50_1d : 0 0 : 3449 4806 : Used 1 time 0
 Sort Area is top__GCB3 linienmodule_fast_b_iir0_z50_1d : 0 1 : 1357 4806 : Used 1 time 0
 Sort Area is top__GCB3 linienmodule_fast_b_iir0_z60_1e : 0 0 : 3449 4806 : Used 1 time 0
 Sort Area is top__GCB3 linienmodule_fast_b_iir0_z60_1e : 0 1 : 1357 4806 : Used 1 time 0
 Sort Area is top__GCB3 linienmodule_fast_b_iir0_z70_1f : 0 0 : 3449 4806 : Used 1 time 0
 Sort Area is top__GCB3 linienmodule_fast_b_iir0_z70_1f : 0 1 : 1357 4806 : Used 1 time 0
 Sort Area is top__GCB3 linienmodule_fast_b_iir1_z00_30 : 0 0 : 3449 4806 : Used 1 time 0
 Sort Area is top__GCB3 linienmodule_fast_b_iir1_z00_30 : 0 1 : 1357 4806 : Used 1 time 0
 Sort Area is top__GCB3 linienmodule_fast_b_iir1_z10_31 : 0 0 : 3449 4806 : Used 1 time 0
 Sort Area is top__GCB3 linienmodule_fast_b_iir1_z10_31 : 0 1 : 1357 4806 : Used 1 time 0
 Sort Area is top__GCB3 linienmodule_fast_b_iir1_z20_32 : 0 0 : 3449 4806 : Used 1 time 0
 Sort Area is top__GCB3 linienmodule_fast_b_iir1_z20_32 : 0 1 : 1357 4806 : Used 1 time 0
 Sort Area is top__GCB3 linienmodule_fast_b_iir1_z30_33 : 0 0 : 3449 4806 : Used 1 time 0
 Sort Area is top__GCB3 linienmodule_fast_b_iir1_z30_33 : 0 1 : 1357 4806 : Used 1 time 0
 Sort Area is top__GCB3 linienmodule_fast_b_iir1_z40_34 : 0 0 : 3449 4806 : Used 1 time 0
 Sort Area is top__GCB3 linienmodule_fast_b_iir1_z40_34 : 0 1 : 1357 4806 : Used 1 time 0
 Sort Area is top__GCB3 linienmodule_fast_b_iir1_z50_35 : 0 0 : 3449 4806 : Used 1 time 0
 Sort Area is top__GCB3 linienmodule_fast_b_iir1_z50_35 : 0 1 : 1357 4806 : Used 1 time 0
 Sort Area is top__GCB3 linienmodule_fast_b_iir1_z60_36 : 0 0 : 3449 4806 : Used 1 time 0
 Sort Area is top__GCB3 linienmodule_fast_b_iir1_z60_36 : 0 1 : 1357 4806 : Used 1 time 0
 Sort Area is top__GCB3 linienmodule_fast_b_iir1_z70_37 : 0 0 : 3449 4806 : Used 1 time 0
 Sort Area is top__GCB3 linienmodule_fast_b_iir1_z70_37 : 0 1 : 1357 4806 : Used 1 time 0
 Sort Area is top__GCB0 linienmodule_raw_acquisition_iir_z00_b : 0 0 : 3449 4806 : Used 1 time 0
 Sort Area is top__GCB0 linienmodule_raw_acquisition_iir_z00_b : 0 1 : 1357 4806 : Used 1 time 0
 Sort Area is top__GCB3 linienmodule_raw_acquisition_iir_z100_17 : 0 0 : 3449 4806 : Used 1 time 0
 Sort Area is top__GCB3 linienmodule_raw_acquisition_iir_z100_17 : 0 1 : 1357 4806 : Used 1 time 0
 Sort Area is top__GCB0 linienmodule_raw_acquisition_iir_z10_e : 0 0 : 3449 4806 : Used 1 time 0
 Sort Area is top__GCB0 linienmodule_raw_acquisition_iir_z10_e : 0 1 : 1357 4806 : Used 1 time 0
 Sort Area is top__GCB0 linienmodule_raw_acquisition_iir_z20_f : 0 0 : 3449 4806 : Used 1 time 0
 Sort Area is top__GCB0 linienmodule_raw_acquisition_iir_z20_f : 0 1 : 1357 4806 : Used 1 time 0
 Sort Area is top__GCB0 linienmodule_raw_acquisition_iir_z30_10 : 0 0 : 3449 4806 : Used 1 time 0
 Sort Area is top__GCB0 linienmodule_raw_acquisition_iir_z30_10 : 0 1 : 1357 4806 : Used 1 time 0
 Sort Area is top__GCB0 linienmodule_raw_acquisition_iir_z40_11 : 0 0 : 3449 4806 : Used 1 time 0
 Sort Area is top__GCB0 linienmodule_raw_acquisition_iir_z40_11 : 0 1 : 1357 4806 : Used 1 time 0
 Sort Area is top__GCB0 linienmodule_raw_acquisition_iir_z50_12 : 0 0 : 3449 4806 : Used 1 time 0
 Sort Area is top__GCB0 linienmodule_raw_acquisition_iir_z50_12 : 0 1 : 1357 4806 : Used 1 time 0
 Sort Area is top__GCB3 linienmodule_raw_acquisition_iir_z60_13 : 0 0 : 3449 4806 : Used 1 time 0
 Sort Area is top__GCB3 linienmodule_raw_acquisition_iir_z60_13 : 0 1 : 1357 4806 : Used 1 time 0
 Sort Area is top__GCB3 linienmodule_raw_acquisition_iir_z70_14 : 0 0 : 3449 4806 : Used 1 time 0
 Sort Area is top__GCB3 linienmodule_raw_acquisition_iir_z70_14 : 0 1 : 1357 4806 : Used 1 time 0
 Sort Area is top__GCB3 linienmodule_raw_acquisition_iir_z80_15 : 0 0 : 3449 4806 : Used 1 time 0
 Sort Area is top__GCB3 linienmodule_raw_acquisition_iir_z80_15 : 0 1 : 1357 4806 : Used 1 time 0
 Sort Area is top__GCB3 linienmodule_raw_acquisition_iir_z90_16 : 0 0 : 3449 4806 : Used 1 time 0
 Sort Area is top__GCB3 linienmodule_raw_acquisition_iir_z90_16 : 0 1 : 1357 4806 : Used 1 time 0
 Sort Area is top__GCB0 mult_reg0_0 : 0 0 : 2027 3813 : Used 1 time 0
 Sort Area is top__GCB0 mult_reg0_0 : 0 1 : 1786 3813 : Used 1 time 0
 Sort Area is top__GCB3 linienmodule_mixed2_3a : 0 0 : 1654 1959 : Used 1 time 0
 Sort Area is top__GCB3 linienmodule_mixed2_3a : 0 1 : 305 1959 : Used 1 time 0
 Sort Area is top__GCB3 linienmodule_mixed2_38 : 0 0 : 1619 1619 : Used 1 time 0
 Sort Area is top__GCB0 linienmodule_slowchain_kd_mult_5 : 0 0 : 1578 1578 : Used 1 time 0
 Sort Area is top__GCB0 linienmodule_slowchain_ki_mult0_6 : 0 0 : 1578 1578 : Used 1 time 0
 Sort Area is top__GCB0 linienmodule_slowchain_kp_mult_3 : 0 0 : 1578 1578 : Used 1 time 0
---------------------------------------------------------------------------------
Start ROM, RAM, DSP, Shift Register and Retiming Reporting
---------------------------------------------------------------------------------

Block RAM: Preliminary Mapping Report (see note below)
+---------------------+-----------------------+------------------------+---+---+------------------------+---+---+------------------+--------+--------+
|Module Name          | RTL Object            | PORT A (Depth x Width) | W | R | PORT B (Depth x Width) | W | R | Ports driving FF | RAMB18 | RAMB36 | 
+---------------------+-----------------------+------------------------+---+---+------------------------+---+---+------------------+--------+--------+
|i_0/sequence_top     | fsm_reg_file/mem_reg  | 512 x 32(READ_FIRST)   | W |   | 512 x 32(WRITE_FIRST)  |   | R | Port A and B     | 1      | 0      | 
|i_0/sequence_top     | BRAM/mem_reg          | 1 K x 14(READ_FIRST)   | W |   | 1 K x 14(WRITE_FIRST)  |   | R | Port A and B     | 1      | 0      | 
|top                  | dynamic_delay_mem_reg | 7 K x 28(READ_FIRST)   | W |   | 7 K x 28(WRITE_FIRST)  |   | R | Port A and B     | 0      | 7      | 
|i_4/red_pitaya_scope | adc_a_buf_reg         | 16 K x 14(READ_FIRST)  | W |   | 16 K x 14(WRITE_FIRST) |   | R | Port A and B     | 0      | 7      | 
|i_4/red_pitaya_scope | adc_b_buf_reg         | 16 K x 14(READ_FIRST)  | W |   | 16 K x 14(WRITE_FIRST) |   | R | Port A and B     | 0      | 7      | 
|i_4/red_pitaya_scope | adc_a_q_buf_reg       | 16 K x 14(READ_FIRST)  | W |   | 16 K x 14(WRITE_FIRST) |   | R | Port A and B     | 0      | 7      | 
|i_4/red_pitaya_scope | adc_b_q_buf_reg       | 16 K x 14(READ_FIRST)  | W |   | 16 K x 14(WRITE_FIRST) |   | R | Port A and B     | 0      | 7      | 
+---------------------+-----------------------+------------------------+---+---+------------------------+---+---+------------------+--------+--------+

Note: The table above is a preliminary report that shows the Block RAMs at the current stage of the synthesis flow. Some Block RAMs may be reimplemented as non Block RAM primitives later in the synthesis flow. Multiple instantiated Block RAMs are reported only once. 

DSP: Preliminary Mapping Report (see note below. The ' indicates corresponding REG is set)
+------------+-----------------------+--------+--------+--------+--------+--------+------+------+------+------+-------+------+------+
|Module Name | DSP Mapping           | A Size | B Size | C Size | D Size | P Size | AREG | BREG | CREG | DREG | ADREG | MREG | PREG | 
+------------+-----------------------+--------+--------+--------+--------+--------+------+------+------+------+-------+------+------+
|sinusoid    | A2*B2                 | 18     | 14     | -      | -      | 48     | 1    | 1    | -    | -    | -     | 0    | 0    | 
|sinusoid    | (PCIN>>17)+A*B2       | 15     | 14     | -      | -      | 48     | 0    | 1    | -    | -    | -     | 0    | 1    | 
|top         | A*B                   | 15     | 14     | -      | -      | 29     | 0    | 0    | -    | -    | -     | 0    | 0    | 
|top         | A*B                   | 15     | 14     | -      | -      | 29     | 0    | 0    | -    | -    | -     | 0    | 0    | 
|top         | A*B                   | 15     | 14     | -      | -      | 29     | 0    | 0    | -    | -    | -     | 0    | 0    | 
|top         | (C or 0)+A*B          | 25     | 14     | 13     | -      | 39     | 0    | 0    | 0    | -    | -     | 0    | 0    | 
|top         | (C or 0)+A*B          | 25     | 14     | 13     | -      | 39     | 0    | 0    | 0    | -    | -     | 0    | 0    | 
|top         | (C or 0)+A*B          | 25     | 14     | 13     | -      | 39     | 0    | 0    | 0    | -    | -     | 0    | 0    | 
|top         | A2*B2                 | 25     | 18     | -      | -      | 48     | 1    | 1    | -    | -    | -     | 0    | 0    | 
|top         | (PCIN>>17)+A2*B2      | 25     | 8      | -      | -      | 33     | 1    | 1    | -    | -    | -     | 0    | 0    | 
|top         | A2*B2                 | 25     | 18     | -      | -      | 48     | 1    | 1    | -    | -    | -     | 0    | 0    | 
|top         | (PCIN>>17)+A2*B2      | 25     | 8      | -      | -      | 33     | 1    | 1    | -    | -    | -     | 0    | 0    | 
|top         | A2*B2                 | 25     | 18     | -      | -      | 48     | 1    | 1    | -    | -    | -     | 0    | 0    | 
|top         | (PCIN>>17)+A2*B2      | 25     | 8      | -      | -      | 33     | 1    | 1    | -    | -    | -     | 0    | 0    | 
|top         | A2*B2                 | 25     | 18     | -      | -      | 48     | 1    | 1    | -    | -    | -     | 0    | 0    | 
|top         | (PCIN>>17)+A2*B2      | 25     | 8      | -      | -      | 33     | 1    | 1    | -    | -    | -     | 0    | 0    | 
|top         | A2*B2                 | 25     | 18     | -      | -      | 48     | 1    | 1    | -    | -    | -     | 0    | 0    | 
|top         | (PCIN>>17)+A2*B2      | 25     | 8      | -      | -      | 33     | 1    | 1    | -    | -    | -     | 0    | 0    | 
|top         | A2*B2                 | 25     | 18     | -      | -      | 48     | 1    | 1    | -    | -    | -     | 0    | 0    | 
|top         | (PCIN>>17)+A2*B2      | 25     | 8      | -      | -      | 33     | 1    | 1    | -    | -    | -     | 0    | 0    | 
|top         | A2*B2                 | 25     | 18     | -      | -      | 48     | 1    | 1    | -    | -    | -     | 0    | 0    | 
|top         | (PCIN>>17)+A2*B2      | 25     | 8      | -      | -      | 33     | 1    | 1    | -    | -    | -     | 0    | 0    | 
|top         | A2*B2                 | 25     | 18     | -      | -      | 48     | 1    | 1    | -    | -    | -     | 0    | 0    | 
|top         | (PCIN>>17)+A2*B2      | 25     | 8      | -      | -      | 33     | 1    | 1    | -    | -    | -     | 0    | 0    | 
|top         | A2*B2                 | 25     | 18     | -      | -      | 48     | 1    | 1    | -    | -    | -     | 0    | 0    | 
|top         | (PCIN>>17)+A*B2       | 25     | 8      | -      | -      | 33     | 1    | 1    | -    | -    | -     | 0    | 0    | 
|top         | A2*B2                 | 25     | 18     | -      | -      | 48     | 1    | 1    | -    | -    | -     | 0    | 0    | 
|top         | (PCIN>>17)+A*B2       | 25     | 8      | -      | -      | 33     | 1    | 1    | -    | -    | -     | 0    | 0    | 
|top         | A2*B2                 | 25     | 18     | -      | -      | 48     | 1    | 1    | -    | -    | -     | 0    | 0    | 
|top         | (PCIN>>17)+A*B2       | 25     | 8      | -      | -      | 33     | 1    | 1    | -    | -    | -     | 0    | 0    | 
|top         | A2*B2                 | 25     | 18     | -      | -      | 48     | 1    | 1    | -    | -    | -     | 0    | 0    | 
|top         | (PCIN>>17)+A2*B2      | 25     | 8      | -      | -      | 33     | 1    | 1    | -    | -    | -     | 0    | 0    | 
|top         | A2*B2                 | 25     | 18     | -      | -      | 48     | 1    | 1    | -    | -    | -     | 0    | 0    | 
|top         | (PCIN>>17)+A2*B2      | 25     | 8      | -      | -      | 33     | 1    | 1    | -    | -    | -     | 0    | 0    | 
|top         | A2*B2                 | 25     | 18     | -      | -      | 48     | 1    | 1    | -    | -    | -     | 0    | 0    | 
|top         | (PCIN>>17)+A2*B2      | 25     | 8      | -      | -      | 33     | 1    | 1    | -    | -    | -     | 0    | 0    | 
|top         | A2*B2                 | 25     | 18     | -      | -      | 48     | 1    | 1    | -    | -    | -     | 0    | 0    | 
|top         | (PCIN>>17)+A2*B2      | 25     | 8      | -      | -      | 33     | 1    | 1    | -    | -    | -     | 0    | 0    | 
|top         | A2*B2                 | 25     | 18     | -      | -      | 48     | 1    | 1    | -    | -    | -     | 0    | 0    | 
|top         | (PCIN>>17)+A2*B2      | 25     | 8      | -      | -      | 33     | 1    | 1    | -    | -    | -     | 0    | 0    | 
|top         | A2*B2                 | 25     | 18     | -      | -      | 48     | 1    | 1    | -    | -    | -     | 0    | 0    | 
|top         | (PCIN>>17)+A2*B2      | 25     | 8      | -      | -      | 33     | 1    | 1    | -    | -    | -     | 0    | 0    | 
|top         | A2*B2                 | 25     | 18     | -      | -      | 48     | 1    | 1    | -    | -    | -     | 0    | 0    | 
|top         | (PCIN>>17)+A2*B2      | 25     | 8      | -      | -      | 33     | 1    | 1    | -    | -    | -     | 0    | 0    | 
|top         | A2*B2                 | 25     | 18     | -      | -      | 48     | 1    | 1    | -    | -    | -     | 0    | 0    | 
|top         | (PCIN>>17)+A*B2       | 25     | 8      | -      | -      | 33     | 1    | 1    | -    | -    | -     | 0    | 0    | 
|top         | A2*B2                 | 25     | 18     | -      | -      | 48     | 1    | 1    | -    | -    | -     | 0    | 0    | 
|top         | (PCIN>>17)+A*B2       | 25     | 8      | -      | -      | 33     | 1    | 1    | -    | -    | -     | 0    | 0    | 
|top         | A2*B2                 | 25     | 18     | -      | -      | 48     | 1    | 1    | -    | -    | -     | 0    | 0    | 
|top         | (PCIN>>17)+A2*B2      | 25     | 8      | -      | -      | 33     | 1    | 1    | -    | -    | -     | 0    | 0    | 
|top         | A2*B2                 | 25     | 18     | -      | -      | 48     | 1    | 1    | -    | -    | -     | 0    | 0    | 
|top         | (PCIN>>17)+A2*B2      | 25     | 8      | -      | -      | 33     | 1    | 1    | -    | -    | -     | 0    | 0    | 
|top         | A2*B2                 | 25     | 18     | -      | -      | 48     | 1    | 1    | -    | -    | -     | 0    | 0    | 
|top         | (PCIN>>17)+A2*B2      | 25     | 8      | -      | -      | 33     | 1    | 1    | -    | -    | -     | 0    | 0    | 
|top         | A2*B2                 | 25     | 18     | -      | -      | 48     | 1    | 1    | -    | -    | -     | 0    | 0    | 
|top         | (PCIN>>17)+A2*B2      | 25     | 8      | -      | -      | 33     | 1    | 1    | -    | -    | -     | 0    | 0    | 
|top         | A2*B2                 | 25     | 18     | -      | -      | 48     | 1    | 1    | -    | -    | -     | 0    | 0    | 
|top         | (PCIN>>17)+A2*B2      | 25     | 8      | -      | -      | 33     | 1    | 1    | -    | -    | -     | 0    | 0    | 
|top         | A2*B2                 | 25     | 18     | -      | -      | 48     | 1    | 1    | -    | -    | -     | 0    | 0    | 
|top         | (PCIN>>17)+A2*B2      | 25     | 8      | -      | -      | 33     | 1    | 1    | -    | -    | -     | 0    | 0    | 
|top         | A2*B2                 | 25     | 18     | -      | -      | 48     | 1    | 1    | -    | -    | -     | 0    | 0    | 
|top         | (PCIN>>17)+A*B2       | 25     | 8      | -      | -      | 33     | 1    | 1    | -    | -    | -     | 0    | 0    | 
|top         | A2*B2                 | 25     | 18     | -      | -      | 48     | 1    | 1    | -    | -    | -     | 0    | 0    | 
|top         | (PCIN>>17)+A*B2       | 25     | 8      | -      | -      | 33     | 1    | 1    | -    | -    | -     | 0    | 0    | 
|top         | A2*B2                 | 25     | 18     | -      | -      | 48     | 1    | 1    | -    | -    | -     | 0    | 0    | 
|top         | (PCIN>>17)+A2*B2      | 25     | 8      | -      | -      | 33     | 1    | 1    | -    | -    | -     | 0    | 0    | 
|top         | A2*B2                 | 25     | 18     | -      | -      | 48     | 1    | 1    | -    | -    | -     | 0    | 0    | 
|top         | (PCIN>>17)+A2*B2      | 25     | 8      | -      | -      | 33     | 1    | 1    | -    | -    | -     | 0    | 0    | 
|top         | A2*B2                 | 25     | 18     | -      | -      | 48     | 1    | 1    | -    | -    | -     | 0    | 0    | 
|top         | (PCIN>>17)+A2*B2      | 25     | 8      | -      | -      | 33     | 1    | 1    | -    | -    | -     | 0    | 0    | 
|top         | A2*B2                 | 25     | 18     | -      | -      | 48     | 1    | 1    | -    | -    | -     | 0    | 0    | 
|top         | (PCIN>>17)+A2*B2      | 25     | 8      | -      | -      | 33     | 1    | 1    | -    | -    | -     | 0    | 0    | 
|top         | A2*B2                 | 25     | 18     | -      | -      | 48     | 1    | 1    | -    | -    | -     | 0    | 0    | 
|top         | (PCIN>>17)+A2*B2      | 25     | 8      | -      | -      | 33     | 1    | 1    | -    | -    | -     | 0    | 0    | 
|top         | A2*B2                 | 25     | 18     | -      | -      | 48     | 1    | 1    | -    | -    | -     | 0    | 0    | 
|top         | (PCIN>>17)+A*B2       | 25     | 8      | -      | -      | 33     | 1    | 1    | -    | -    | -     | 0    | 0    | 
|top         | A2*B2                 | 25     | 18     | -      | -      | 48     | 1    | 1    | -    | -    | -     | 0    | 0    | 
|top         | (PCIN>>17)+A*B2       | 25     | 8      | -      | -      | 33     | 1    | 1    | -    | -    | -     | 0    | 0    | 
|top         | A2*B2                 | 25     | 18     | -      | -      | 48     | 1    | 1    | -    | -    | -     | 0    | 0    | 
|top         | (PCIN>>17)+A2*B2      | 25     | 8      | -      | -      | 33     | 1    | 1    | -    | -    | -     | 0    | 0    | 
|top         | A2*B2                 | 25     | 18     | -      | -      | 48     | 1    | 1    | -    | -    | -     | 0    | 0    | 
|top         | (PCIN>>17)+A2*B2      | 25     | 8      | -      | -      | 33     | 1    | 1    | -    | -    | -     | 0    | 0    | 
|top         | A2*B2                 | 25     | 18     | -      | -      | 48     | 1    | 1    | -    | -    | -     | 0    | 0    | 
|top         | (PCIN>>17)+A2*B2      | 25     | 8      | -      | -      | 33     | 1    | 1    | -    | -    | -     | 0    | 0    | 
|top         | A2*B2                 | 25     | 18     | -      | -      | 48     | 1    | 1    | -    | -    | -     | 0    | 0    | 
|top         | (PCIN>>17)+A2*B2      | 25     | 8      | -      | -      | 33     | 1    | 1    | -    | -    | -     | 0    | 0    | 
|top         | A2*B2                 | 25     | 18     | -      | -      | 48     | 1    | 1    | -    | -    | -     | 0    | 0    | 
|top         | (PCIN>>17)+A2*B2      | 25     | 8      | -      | -      | 33     | 1    | 1    | -    | -    | -     | 0    | 0    | 
|top         | A2*B2                 | 25     | 18     | -      | -      | 48     | 1    | 1    | -    | -    | -     | 0    | 0    | 
|top         | (PCIN>>17)+A2*B2      | 25     | 8      | -      | -      | 33     | 1    | 1    | -    | -    | -     | 0    | 0    | 
|top         | A2*B2                 | 25     | 18     | -      | -      | 48     | 1    | 1    | -    | -    | -     | 0    | 0    | 
|top         | (PCIN>>17)+A*B2       | 25     | 8      | -      | -      | 33     | 1    | 1    | -    | -    | -     | 0    | 0    | 
|top         | A2*B2                 | 25     | 18     | -      | -      | 48     | 1    | 1    | -    | -    | -     | 0    | 0    | 
|top         | (PCIN>>17)+A*B2       | 25     | 8      | -      | -      | 33     | 1    | 1    | -    | -    | -     | 0    | 0    | 
|top         | (0 or C')+(A2*B or 0) | 25     | 10     | 35     | -      | 35     | 1    | 0    | 1    | -    | -     | 0    | 0    | 
|top         | (A2*B or 0)           | 25     | 10     | -      | -      | 35     | 1    | 0    | -    | -    | -     | 0    | 0    | 
|top         | PCIN+A2:B+C           | 15     | 18     | 36     | -      | -1     | 1    | 0    | 0    | -    | -     | 0    | 0    | 
+------------+-----------------------+--------+--------+--------+--------+--------+------+------+------+------+-------+------+------+

Note: The table above is a preliminary report that shows the DSPs inferred at the current stage of the synthesis flow. Some DSP may be reimplemented as non DSP primitives later in the synthesis flow. Multiple instantiated DSPs are reported only once.
---------------------------------------------------------------------------------
Finished ROM, RAM, DSP, Shift Register and Retiming Reporting
---------------------------------------------------------------------------------
---------------------------------------------------------------------------------
Start Applying XDC Timing Constraints
---------------------------------------------------------------------------------
---------------------------------------------------------------------------------
Finished Applying XDC Timing Constraints : Time (s): cpu = 00:00:42 ; elapsed = 00:00:42 . Memory (MB): peak = 2875.156 ; gain = 1122.352 ; free physical = 2649 ; free virtual = 40725
---------------------------------------------------------------------------------
---------------------------------------------------------------------------------
Start Timing Optimization
---------------------------------------------------------------------------------
---------------------------------------------------------------------------------
Finished Timing Optimization : Time (s): cpu = 00:01:35 ; elapsed = 00:01:35 . Memory (MB): peak = 3155.203 ; gain = 1402.398 ; free physical = 2418 ; free virtual = 40504
---------------------------------------------------------------------------------
---------------------------------------------------------------------------------
Start ROM, RAM, DSP, Shift Register and Retiming Reporting
---------------------------------------------------------------------------------

Block RAM: Final Mapping Report
+---------------------+-----------------------+------------------------+---+---+------------------------+---+---+------------------+--------+--------+
|Module Name          | RTL Object            | PORT A (Depth x Width) | W | R | PORT B (Depth x Width) | W | R | Ports driving FF | RAMB18 | RAMB36 | 
+---------------------+-----------------------+------------------------+---+---+------------------------+---+---+------------------+--------+--------+
|i_4/red_pitaya_scope | adc_a_buf_reg         | 16 K x 14(READ_FIRST)  | W |   | 16 K x 14(WRITE_FIRST) |   | R | Port A and B     | 0      | 7      | 
|i_4/red_pitaya_scope | adc_b_buf_reg         | 16 K x 14(READ_FIRST)  | W |   | 16 K x 14(WRITE_FIRST) |   | R | Port A and B     | 0      | 7      | 
|i_4/red_pitaya_scope | adc_a_q_buf_reg       | 16 K x 14(READ_FIRST)  | W |   | 16 K x 14(WRITE_FIRST) |   | R | Port A and B     | 0      | 7      | 
|i_4/red_pitaya_scope | adc_b_q_buf_reg       | 16 K x 14(READ_FIRST)  | W |   | 16 K x 14(WRITE_FIRST) |   | R | Port A and B     | 0      | 7      | 
|i_0/sequence_top     | fsm_reg_file/mem_reg  | 512 x 32(READ_FIRST)   | W |   | 512 x 32(WRITE_FIRST)  |   | R | Port A and B     | 1      | 0      | 
|i_0/sequence_top     | BRAM/mem_reg          | 1 K x 14(READ_FIRST)   | W |   | 1 K x 14(WRITE_FIRST)  |   | R | Port A and B     | 1      | 0      | 
|top                  | dynamic_delay_mem_reg | 7 K x 28(READ_FIRST)   | W |   | 7 K x 28(WRITE_FIRST)  |   | R | Port A and B     | 0      | 7      | 
+---------------------+-----------------------+------------------------+---+---+------------------------+---+---+------------------+--------+--------+

---------------------------------------------------------------------------------
Finished ROM, RAM, DSP, Shift Register and Retiming Reporting
---------------------------------------------------------------------------------
---------------------------------------------------------------------------------
Start Technology Mapping
---------------------------------------------------------------------------------
INFO: [Synth 8-7052] The timing for the instance red_pitaya_scope/adc_a_buf_reg_0 (implemented as a Block RAM) might be sub-optimal as no optional output register could be merged into the ram block. Providing additional output register may help in improving timing.
INFO: [Synth 8-7052] The timing for the instance red_pitaya_scope/adc_a_buf_reg_1 (implemented as a Block RAM) might be sub-optimal as no optional output register could be merged into the ram block. Providing additional output register may help in improving timing.
INFO: [Synth 8-7052] The timing for the instance red_pitaya_scope/adc_a_buf_reg_2 (implemented as a Block RAM) might be sub-optimal as no optional output register could be merged into the ram block. Providing additional output register may help in improving timing.
INFO: [Synth 8-7052] The timing for the instance red_pitaya_scope/adc_a_buf_reg_3 (implemented as a Block RAM) might be sub-optimal as no optional output register could be merged into the ram block. Providing additional output register may help in improving timing.
INFO: [Synth 8-7052] The timing for the instance red_pitaya_scope/adc_a_buf_reg_4 (implemented as a Block RAM) might be sub-optimal as no optional output register could be merged into the ram block. Providing additional output register may help in improving timing.
INFO: [Synth 8-7052] The timing for the instance red_pitaya_scope/adc_a_buf_reg_5 (implemented as a Block RAM) might be sub-optimal as no optional output register could be merged into the ram block. Providing additional output register may help in improving timing.
INFO: [Synth 8-7052] The timing for the instance red_pitaya_scope/adc_a_buf_reg_6 (implemented as a Block RAM) might be sub-optimal as no optional output register could be merged into the ram block. Providing additional output register may help in improving timing.
INFO: [Synth 8-7052] The timing for the instance red_pitaya_scope/adc_b_buf_reg_0 (implemented as a Block RAM) might be sub-optimal as no optional output register could be merged into the ram block. Providing additional output register may help in improving timing.
INFO: [Synth 8-7052] The timing for the instance red_pitaya_scope/adc_b_buf_reg_1 (implemented as a Block RAM) might be sub-optimal as no optional output register could be merged into the ram block. Providing additional output register may help in improving timing.
INFO: [Synth 8-7052] The timing for the instance red_pitaya_scope/adc_b_buf_reg_2 (implemented as a Block RAM) might be sub-optimal as no optional output register could be merged into the ram block. Providing additional output register may help in improving timing.
INFO: [Synth 8-7052] The timing for the instance red_pitaya_scope/adc_b_buf_reg_3 (implemented as a Block RAM) might be sub-optimal as no optional output register could be merged into the ram block. Providing additional output register may help in improving timing.
INFO: [Synth 8-7052] The timing for the instance red_pitaya_scope/adc_b_buf_reg_4 (implemented as a Block RAM) might be sub-optimal as no optional output register could be merged into the ram block. Providing additional output register may help in improving timing.
INFO: [Synth 8-7052] The timing for the instance red_pitaya_scope/adc_b_buf_reg_5 (implemented as a Block RAM) might be sub-optimal as no optional output register could be merged into the ram block. Providing additional output register may help in improving timing.
INFO: [Synth 8-7052] The timing for the instance red_pitaya_scope/adc_b_buf_reg_6 (implemented as a Block RAM) might be sub-optimal as no optional output register could be merged into the ram block. Providing additional output register may help in improving timing.
INFO: [Synth 8-7052] The timing for the instance red_pitaya_scope/adc_a_q_buf_reg_0 (implemented as a Block RAM) might be sub-optimal as no optional output register could be merged into the ram block. Providing additional output register may help in improving timing.
INFO: [Synth 8-7052] The timing for the instance red_pitaya_scope/adc_a_q_buf_reg_1 (implemented as a Block RAM) might be sub-optimal as no optional output register could be merged into the ram block. Providing additional output register may help in improving timing.
INFO: [Synth 8-7052] The timing for the instance red_pitaya_scope/adc_a_q_buf_reg_2 (implemented as a Block RAM) might be sub-optimal as no optional output register could be merged into the ram block. Providing additional output register may help in improving timing.
INFO: [Synth 8-7052] The timing for the instance red_pitaya_scope/adc_a_q_buf_reg_3 (implemented as a Block RAM) might be sub-optimal as no optional output register could be merged into the ram block. Providing additional output register may help in improving timing.
INFO: [Synth 8-7052] The timing for the instance red_pitaya_scope/adc_a_q_buf_reg_4 (implemented as a Block RAM) might be sub-optimal as no optional output register could be merged into the ram block. Providing additional output register may help in improving timing.
INFO: [Synth 8-7052] The timing for the instance red_pitaya_scope/adc_a_q_buf_reg_5 (implemented as a Block RAM) might be sub-optimal as no optional output register could be merged into the ram block. Providing additional output register may help in improving timing.
INFO: [Synth 8-7052] The timing for the instance red_pitaya_scope/adc_a_q_buf_reg_6 (implemented as a Block RAM) might be sub-optimal as no optional output register could be merged into the ram block. Providing additional output register may help in improving timing.
INFO: [Synth 8-7052] The timing for the instance red_pitaya_scope/adc_b_q_buf_reg_0 (implemented as a Block RAM) might be sub-optimal as no optional output register could be merged into the ram block. Providing additional output register may help in improving timing.
INFO: [Synth 8-7052] The timing for the instance red_pitaya_scope/adc_b_q_buf_reg_1 (implemented as a Block RAM) might be sub-optimal as no optional output register could be merged into the ram block. Providing additional output register may help in improving timing.
INFO: [Synth 8-7052] The timing for the instance red_pitaya_scope/adc_b_q_buf_reg_2 (implemented as a Block RAM) might be sub-optimal as no optional output register could be merged into the ram block. Providing additional output register may help in improving timing.
INFO: [Synth 8-7052] The timing for the instance red_pitaya_scope/adc_b_q_buf_reg_3 (implemented as a Block RAM) might be sub-optimal as no optional output register could be merged into the ram block. Providing additional output register may help in improving timing.
INFO: [Synth 8-7052] The timing for the instance red_pitaya_scope/adc_b_q_buf_reg_4 (implemented as a Block RAM) might be sub-optimal as no optional output register could be merged into the ram block. Providing additional output register may help in improving timing.
INFO: [Synth 8-7052] The timing for the instance red_pitaya_scope/adc_b_q_buf_reg_5 (implemented as a Block RAM) might be sub-optimal as no optional output register could be merged into the ram block. Providing additional output register may help in improving timing.
INFO: [Synth 8-7052] The timing for the instance red_pitaya_scope/adc_b_q_buf_reg_6 (implemented as a Block RAM) might be sub-optimal as no optional output register could be merged into the ram block. Providing additional output register may help in improving timing.
INFO: [Synth 8-7052] The timing for the instance sequence_top/fsm_reg_file/mem_reg (implemented as a Block RAM) might be sub-optimal as no optional output register could be merged into the ram block. Providing additional output register may help in improving timing.
INFO: [Synth 8-7052] The timing for the instance sequence_top/u_sinusoid/sin_lut/o_rd_data_reg (implemented as a Block RAM) might be sub-optimal as no optional output register could be merged into the ram block. Providing additional output register may help in improving timing.
INFO: [Synth 8-7052] The timing for the instance dynamic_delay_mem_reg_0 (implemented as a Block RAM) might be sub-optimal as no optional output register could be merged into the ram block. Providing additional output register may help in improving timing.
INFO: [Synth 8-7052] The timing for the instance dynamic_delay_mem_reg_1 (implemented as a Block RAM) might be sub-optimal as no optional output register could be merged into the ram block. Providing additional output register may help in improving timing.
INFO: [Synth 8-7052] The timing for the instance dynamic_delay_mem_reg_2 (implemented as a Block RAM) might be sub-optimal as no optional output register could be merged into the ram block. Providing additional output register may help in improving timing.
INFO: [Synth 8-7052] The timing for the instance dynamic_delay_mem_reg_3 (implemented as a Block RAM) might be sub-optimal as no optional output register could be merged into the ram block. Providing additional output register may help in improving timing.
INFO: [Synth 8-7052] The timing for the instance dynamic_delay_mem_reg_4 (implemented as a Block RAM) might be sub-optimal as no optional output register could be merged into the ram block. Providing additional output register may help in improving timing.
INFO: [Synth 8-7052] The timing for the instance dynamic_delay_mem_reg_5 (implemented as a Block RAM) might be sub-optimal as no optional output register could be merged into the ram block. Providing additional output register may help in improving timing.
INFO: [Synth 8-7052] The timing for the instance dynamic_delay_mem_reg_6 (implemented as a Block RAM) might be sub-optimal as no optional output register could be merged into the ram block. Providing additional output register may help in improving timing.
---------------------------------------------------------------------------------
Finished Technology Mapping : Time (s): cpu = 00:01:42 ; elapsed = 00:01:42 . Memory (MB): peak = 3170.852 ; gain = 1418.047 ; free physical = 2587 ; free virtual = 40677
---------------------------------------------------------------------------------
---------------------------------------------------------------------------------
Start IO Insertion
---------------------------------------------------------------------------------
---------------------------------------------------------------------------------
Start Flattening Before IO Insertion
---------------------------------------------------------------------------------
---------------------------------------------------------------------------------
Finished Flattening Before IO Insertion
---------------------------------------------------------------------------------
---------------------------------------------------------------------------------
Start Final Netlist Cleanup
---------------------------------------------------------------------------------
---------------------------------------------------------------------------------
Finished Final Netlist Cleanup
---------------------------------------------------------------------------------
---------------------------------------------------------------------------------
Finished IO Insertion : Time (s): cpu = 00:01:44 ; elapsed = 00:01:45 . Memory (MB): peak = 3170.852 ; gain = 1418.047 ; free physical = 2606 ; free virtual = 40696
---------------------------------------------------------------------------------
---------------------------------------------------------------------------------
Start Renaming Generated Instances
---------------------------------------------------------------------------------
---------------------------------------------------------------------------------
Finished Renaming Generated Instances : Time (s): cpu = 00:01:44 ; elapsed = 00:01:45 . Memory (MB): peak = 3170.852 ; gain = 1418.047 ; free physical = 2608 ; free virtual = 40697
---------------------------------------------------------------------------------
---------------------------------------------------------------------------------
Start Rebuilding User Hierarchy
---------------------------------------------------------------------------------
---------------------------------------------------------------------------------
Finished Rebuilding User Hierarchy : Time (s): cpu = 00:01:46 ; elapsed = 00:01:47 . Memory (MB): peak = 3170.852 ; gain = 1418.047 ; free physical = 2598 ; free virtual = 40687
---------------------------------------------------------------------------------
---------------------------------------------------------------------------------
Start Renaming Generated Ports
---------------------------------------------------------------------------------
---------------------------------------------------------------------------------
Finished Renaming Generated Ports : Time (s): cpu = 00:01:46 ; elapsed = 00:01:47 . Memory (MB): peak = 3170.852 ; gain = 1418.047 ; free physical = 2597 ; free virtual = 40687
---------------------------------------------------------------------------------
---------------------------------------------------------------------------------
Start Handling Custom Attributes
---------------------------------------------------------------------------------
---------------------------------------------------------------------------------
Finished Handling Custom Attributes : Time (s): cpu = 00:01:46 ; elapsed = 00:01:47 . Memory (MB): peak = 3170.852 ; gain = 1418.047 ; free physical = 2597 ; free virtual = 40687
---------------------------------------------------------------------------------
---------------------------------------------------------------------------------
Start Renaming Generated Nets
---------------------------------------------------------------------------------
---------------------------------------------------------------------------------
Finished Renaming Generated Nets : Time (s): cpu = 00:01:46 ; elapsed = 00:01:47 . Memory (MB): peak = 3170.852 ; gain = 1418.047 ; free physical = 2597 ; free virtual = 40687
---------------------------------------------------------------------------------
---------------------------------------------------------------------------------
Start Writing Synthesis Report
---------------------------------------------------------------------------------

DSP Final Report (the ' indicates corresponding REG is set)
+------------+-------------------+--------+--------+--------+--------+--------+------+------+------+------+-------+------+------+
|Module Name | DSP Mapping       | A Size | B Size | C Size | D Size | P Size | AREG | BREG | CREG | DREG | ADREG | MREG | PREG | 
+------------+-------------------+--------+--------+--------+--------+--------+------+------+------+------+-------+------+------+
|top         | A'*B'             | 30     | 17     | -      | -      | 48     | 1    | 1    | -    | -    | -     | 0    | 0    | 
|top         | PCIN>>17+A'*B'    | 30     | 18     | -      | -      | 33     | 1    | 1    | -    | -    | -     | 0    | 0    | 
|top         | A'*B'             | 30     | 17     | -      | -      | 48     | 1    | 1    | -    | -    | -     | 0    | 0    | 
|top         | PCIN>>17+A'*B'    | 30     | 18     | -      | -      | 33     | 1    | 1    | -    | -    | -     | 0    | 0    | 
|top         | A'*B'             | 30     | 17     | -      | -      | 48     | 1    | 1    | -    | -    | -     | 0    | 0    | 
|top         | PCIN>>17+A'*B'    | 30     | 18     | -      | -      | 33     | 1    | 1    | -    | -    | -     | 0    | 0    | 
|top         | A'*B'             | 30     | 17     | -      | -      | 48     | 1    | 1    | -    | -    | -     | 0    | 0    | 
|top         | PCIN>>17+A'*B'    | 30     | 18     | -      | -      | 33     | 1    | 1    | -    | -    | -     | 0    | 0    | 
|top         | A'*B'             | 30     | 17     | -      | -      | 48     | 1    | 1    | -    | -    | -     | 0    | 0    | 
|top         | PCIN>>17+A'*B'    | 30     | 18     | -      | -      | 33     | 1    | 1    | -    | -    | -     | 0    | 0    | 
|top         | A'*B'             | 30     | 17     | -      | -      | 48     | 1    | 1    | -    | -    | -     | 0    | 0    | 
|top         | PCIN>>17+A'*B'    | 30     | 18     | -      | -      | 33     | 1    | 1    | -    | -    | -     | 0    | 0    | 
|top         | A'*B'             | 30     | 17     | -      | -      | 48     | 1    | 1    | -    | -    | -     | 0    | 0    | 
|top         | PCIN>>17+A'*B'    | 30     | 18     | -      | -      | 33     | 1    | 1    | -    | -    | -     | 0    | 0    | 
|top         | A'*B'             | 30     | 17     | -      | -      | 48     | 1    | 1    | -    | -    | -     | 0    | 0    | 
|top         | PCIN>>17+(A*B)'   | 30     | 18     | -      | -      | 33     | 0    | 0    | -    | -    | -     | 1    | 0    | 
|top         | A'*B'             | 30     | 17     | -      | -      | 48     | 1    | 1    | -    | -    | -     | 0    | 0    | 
|top         | PCIN>>17+(A*B)'   | 30     | 18     | -      | -      | 33     | 0    | 0    | -    | -    | -     | 1    | 0    | 
|top         | A'*B'             | 30     | 17     | -      | -      | 48     | 1    | 1    | -    | -    | -     | 0    | 0    | 
|top         | PCIN>>17+A'*B'    | 30     | 18     | -      | -      | 33     | 1    | 1    | -    | -    | -     | 0    | 0    | 
|top         | A'*B'             | 30     | 17     | -      | -      | 48     | 1    | 1    | -    | -    | -     | 0    | 0    | 
|top         | PCIN>>17+A'*B'    | 30     | 18     | -      | -      | 33     | 1    | 1    | -    | -    | -     | 0    | 0    | 
|top         | A'*B'             | 30     | 17     | -      | -      | 48     | 1    | 1    | -    | -    | -     | 0    | 0    | 
|top         | PCIN>>17+A'*B'    | 30     | 18     | -      | -      | 33     | 1    | 1    | -    | -    | -     | 0    | 0    | 
|top         | A'*B'             | 30     | 17     | -      | -      | 48     | 1    | 1    | -    | -    | -     | 0    | 0    | 
|top         | PCIN>>17+A'*B'    | 30     | 18     | -      | -      | 33     | 1    | 1    | -    | -    | -     | 0    | 0    | 
|top         | A'*B'             | 30     | 17     | -      | -      | 48     | 1    | 1    | -    | -    | -     | 0    | 0    | 
|top         | PCIN>>17+A'*B'    | 30     | 18     | -      | -      | 33     | 1    | 1    | -    | -    | -     | 0    | 0    | 
|top         | A'*B'             | 30     | 17     | -      | -      | 48     | 1    | 1    | -    | -    | -     | 0    | 0    | 
|top         | PCIN>>17+A'*B'    | 30     | 18     | -      | -      | 33     | 1    | 1    | -    | -    | -     | 0    | 0    | 
|top         | A'*B'             | 30     | 17     | -      | -      | 48     | 1    | 1    | -    | -    | -     | 0    | 0    | 
|top         | PCIN>>17+(A*B)'   | 30     | 18     | -      | -      | 33     | 0    | 0    | -    | -    | -     | 1    | 0    | 
|top         | A'*B'             | 30     | 17     | -      | -      | 48     | 1    | 1    | -    | -    | -     | 0    | 0    | 
|top         | PCIN>>17+(A*B)'   | 30     | 18     | -      | -      | 33     | 0    | 0    | -    | -    | -     | 1    | 0    | 
|top         | A'*B'             | 30     | 17     | -      | -      | 48     | 1    | 1    | -    | -    | -     | 0    | 0    | 
|top         | PCIN>>17+A'*B'    | 30     | 18     | -      | -      | 33     | 1    | 1    | -    | -    | -     | 0    | 0    | 
|top         | A'*B'             | 30     | 17     | -      | -      | 48     | 1    | 1    | -    | -    | -     | 0    | 0    | 
|top         | PCIN>>17+A'*B'    | 30     | 18     | -      | -      | 33     | 1    | 1    | -    | -    | -     | 0    | 0    | 
|top         | A'*B'             | 30     | 17     | -      | -      | 48     | 1    | 1    | -    | -    | -     | 0    | 0    | 
|top         | PCIN>>17+A'*B'    | 30     | 18     | -      | -      | 33     | 1    | 1    | -    | -    | -     | 0    | 0    | 
|top         | A'*B'             | 30     | 17     | -      | -      | 48     | 1    | 1    | -    | -    | -     | 0    | 0    | 
|top         | PCIN>>17+A'*B'    | 30     | 18     | -      | -      | 33     | 1    | 1    | -    | -    | -     | 0    | 0    | 
|top         | A'*B'             | 30     | 17     | -      | -      | 48     | 1    | 1    | -    | -    | -     | 0    | 0    | 
|top         | PCIN>>17+A'*B'    | 30     | 18     | -      | -      | 33     | 1    | 1    | -    | -    | -     | 0    | 0    | 
|top         | A'*B'             | 30     | 17     | -      | -      | 48     | 1    | 1    | -    | -    | -     | 0    | 0    | 
|top         | PCIN>>17+(A*B)'   | 30     | 18     | -      | -      | 33     | 0    | 0    | -    | -    | -     | 1    | 0    | 
|top         | A'*B'             | 30     | 17     | -      | -      | 48     | 1    | 1    | -    | -    | -     | 0    | 0    | 
|top         | PCIN>>17+(A*B)'   | 30     | 18     | -      | -      | 33     | 0    | 0    | -    | -    | -     | 1    | 0    | 
|top         | A'*B'             | 30     | 17     | -      | -      | 48     | 1    | 1    | -    | -    | -     | 0    | 0    | 
|top         | PCIN>>17+A'*B'    | 30     | 18     | -      | -      | 33     | 1    | 1    | -    | -    | -     | 0    | 0    | 
|top         | A'*B'             | 30     | 17     | -      | -      | 48     | 1    | 1    | -    | -    | -     | 0    | 0    | 
|top         | PCIN>>17+A'*B'    | 30     | 18     | -      | -      | 33     | 1    | 1    | -    | -    | -     | 0    | 0    | 
|top         | A'*B'             | 30     | 17     | -      | -      | 48     | 1    | 1    | -    | -    | -     | 0    | 0    | 
|top         | PCIN>>17+A'*B'    | 30     | 18     | -      | -      | 33     | 1    | 1    | -    | -    | -     | 0    | 0    | 
|top         | A'*B'             | 30     | 17     | -      | -      | 48     | 1    | 1    | -    | -    | -     | 0    | 0    | 
|top         | PCIN>>17+A'*B'    | 30     | 18     | -      | -      | 33     | 1    | 1    | -    | -    | -     | 0    | 0    | 
|top         | A'*B'             | 30     | 17     | -      | -      | 48     | 1    | 1    | -    | -    | -     | 0    | 0    | 
|top         | PCIN>>17+A'*B'    | 30     | 18     | -      | -      | 33     | 1    | 1    | -    | -    | -     | 0    | 0    | 
|top         | A'*B'             | 30     | 17     | -      | -      | 48     | 1    | 1    | -    | -    | -     | 0    | 0    | 
|top         | PCIN>>17+A'*B'    | 30     | 18     | -      | -      | 33     | 1    | 1    | -    | -    | -     | 0    | 0    | 
|top         | A'*B'             | 30     | 17     | -      | -      | 48     | 1    | 1    | -    | -    | -     | 0    | 0    | 
|top         | PCIN>>17+(A*B)'   | 30     | 18     | -      | -      | 33     | 0    | 0    | -    | -    | -     | 1    | 0    | 
|top         | A'*B'             | 30     | 17     | -      | -      | 48     | 1    | 1    | -    | -    | -     | 0    | 0    | 
|top         | PCIN>>17+(A*B)'   | 30     | 18     | -      | -      | 33     | 0    | 0    | -    | -    | -     | 1    | 0    | 
|top         | A'*B'             | 30     | 17     | -      | -      | 48     | 1    | 1    | -    | -    | -     | 0    | 0    | 
|top         | PCIN>>17+A'*B'    | 30     | 18     | -      | -      | 33     | 1    | 1    | -    | -    | -     | 0    | 0    | 
|top         | A'*B'             | 30     | 17     | -      | -      | 48     | 1    | 1    | -    | -    | -     | 0    | 0    | 
|top         | PCIN>>17+A'*B'    | 30     | 18     | -      | -      | 33     | 1    | 1    | -    | -    | -     | 0    | 0    | 
|top         | A'*B'             | 30     | 17     | -      | -      | 48     | 1    | 1    | -    | -    | -     | 0    | 0    | 
|top         | PCIN>>17+A'*B'    | 30     | 18     | -      | -      | 33     | 1    | 1    | -    | -    | -     | 0    | 0    | 
|top         | A'*B'             | 30     | 17     | -      | -      | 48     | 1    | 1    | -    | -    | -     | 0    | 0    | 
|top         | PCIN>>17+A'*B'    | 30     | 18     | -      | -      | 33     | 1    | 1    | -    | -    | -     | 0    | 0    | 
|top         | A'*B'             | 30     | 17     | -      | -      | 48     | 1    | 1    | -    | -    | -     | 0    | 0    | 
|top         | PCIN>>17+A'*B'    | 30     | 18     | -      | -      | 33     | 1    | 1    | -    | -    | -     | 0    | 0    | 
|top         | Dynamic           | -      | -      | -      | -      | 0      | -    | -    | -    | -    | -     | 0    | 0    | 
|top         | Dynamic           | -      | -      | -      | -      | 36     | -    | -    | -    | -    | -     | 0    | 0    | 
|top         | PCIN+A':B+C       | 30     | 0      | -      | -      | 37     | 1    | 0    | -    | -    | -     | 0    | 0    | 
|top         | Dynamic           | -      | -      | -      | -      | 39     | -    | -    | -    | -    | -     | 0    | 0    | 
|top         | A*B               | 30     | 18     | -      | -      | 29     | 0    | 0    | -    | -    | -     | 0    | 0    | 
|top         | (A*B)'            | 30     | 18     | -      | -      | 29     | 0    | 0    | -    | -    | -     | 0    | 1    | 
|top         | A*B               | 30     | 18     | -      | -      | 29     | 0    | 0    | -    | -    | -     | 0    | 0    | 
|top         | Dynamic           | -      | -      | -      | -      | 39     | -    | -    | -    | -    | -     | 0    | 0    | 
|top         | Dynamic           | -      | -      | -      | -      | 39     | -    | -    | -    | -    | -     | 0    | 1    | 
|top         | A'*B'             | 30     | 17     | -      | -      | 48     | 1    | 1    | -    | -    | -     | 0    | 0    | 
|top         | PCIN>>17+A'*B'    | 30     | 18     | -      | -      | 33     | 1    | 1    | -    | -    | -     | 0    | 0    | 
|top         | A'*B'             | 30     | 17     | -      | -      | 48     | 1    | 1    | -    | -    | -     | 0    | 0    | 
|top         | PCIN>>17+A'*B'    | 30     | 18     | -      | -      | 33     | 1    | 1    | -    | -    | -     | 0    | 0    | 
|top         | A'*B'             | 30     | 17     | -      | -      | 48     | 1    | 1    | -    | -    | -     | 0    | 0    | 
|top         | PCIN>>17+A'*B'    | 30     | 18     | -      | -      | 33     | 1    | 1    | -    | -    | -     | 0    | 0    | 
|top         | A'*B'             | 30     | 17     | -      | -      | 48     | 1    | 1    | -    | -    | -     | 0    | 0    | 
|top         | PCIN>>17+A'*B'    | 30     | 18     | -      | -      | 33     | 1    | 1    | -    | -    | -     | 0    | 0    | 
|top         | A'*B'             | 30     | 17     | -      | -      | 48     | 1    | 1    | -    | -    | -     | 0    | 0    | 
|top         | PCIN>>17+A'*B'    | 30     | 18     | -      | -      | 33     | 1    | 1    | -    | -    | -     | 0    | 0    | 
|top         | A'*B'             | 30     | 17     | -      | -      | 48     | 1    | 1    | -    | -    | -     | 0    | 0    | 
|top         | PCIN>>17+A'*B'    | 30     | 18     | -      | -      | 33     | 1    | 1    | -    | -    | -     | 0    | 0    | 
|sinusoid    | A'*B'             | 17     | 18     | -      | -      | 48     | 1    | 1    | -    | -    | -     | 0    | 0    | 
|sinusoid    | (PCIN>>17+A'*B')' | 30     | 18     | -      | -      | 48     | 1    | 1    | -    | -    | -     | 0    | 1    | 
+------------+-------------------+--------+--------+--------+--------+--------+------+------+------+------+-------+------+------+


Report BlackBoxes: 
+-+--------------+----------+
| |BlackBox name |Instances |
+-+--------------+----------+
+-+--------------+----------+

Report Cell Usage: 
+------+-----------+------+
|      |Cell       |Count |
+------+-----------+------+
|1     |BIBUF      |   130|
|2     |BUFG       |    11|
|3     |CARRY4     |  1867|
|4     |DNA_PORT   |     1|
|5     |DSP48E1    |    97|
|15    |LUT1       |   498|
|16    |LUT2       |  3943|
|17    |LUT3       |  2453|
|18    |LUT4       |  2203|
|19    |LUT5       |  1875|
|20    |LUT6       |  2536|
|21    |MUXF7      |   517|
|22    |MUXF8      |   138|
|23    |ODDR       |    17|
|24    |PLLE2_BASE |     1|
|25    |PS7        |     1|
|26    |RAMB18E1   |     3|
|29    |RAMB36E1   |    35|
|31    |XADC       |     1|
|32    |FD         |     1|
|33    |FDRE       | 11551|
|34    |FDSE       |   371|
|35    |IBUF       |    36|
|36    |IBUFGDS    |     1|
|37    |IOBUF      |    16|
|38    |OBUF       |    33|
+------+-----------+------+
---------------------------------------------------------------------------------
Finished Writing Synthesis Report : Time (s): cpu = 00:01:46 ; elapsed = 00:01:47 . Memory (MB): peak = 3170.852 ; gain = 1418.047 ; free physical = 2597 ; free virtual = 40687
---------------------------------------------------------------------------------
Synthesis finished with 0 errors, 0 critical warnings and 54 warnings.
Synthesis Optimization Runtime : Time (s): cpu = 00:01:43 ; elapsed = 00:01:45 . Memory (MB): peak = 3170.852 ; gain = 1339.211 ; free physical = 2597 ; free virtual = 40687
Synthesis Optimization Complete : Time (s): cpu = 00:01:46 ; elapsed = 00:01:47 . Memory (MB): peak = 3170.859 ; gain = 1418.047 ; free physical = 2597 ; free virtual = 40687
INFO: [Project 1-571] Translating synthesized netlist
Netlist sorting complete. Time (s): cpu = 00:00:00.14 ; elapsed = 00:00:00.15 . Memory (MB): peak = 3170.859 ; gain = 0.000 ; free physical = 2786 ; free virtual = 40875
WARNING: [Netlist 29-345] The value of SIM_DEVICE on instance 'XADC' of type 'XADC' is '7SERIES'; it is being changed to match the current FPGA architecture, 'ZYNQ'. For functional simulation to match hardware behavior, the value of SIM_DEVICE should be changed in the source netlist. 
INFO: [Netlist 29-17] Analyzing 2694 Unisim elements for replacement
INFO: [Netlist 29-28] Unisim Transformation completed in 0 CPU seconds
WARNING: [Netlist 29-101] Netlist 'top' is not ideal for floorplanning, since the cellview 'top' contains a large number of primitives.  Please consider enabling hierarchy in synthesis if you want to do floorplanning.
INFO: [Project 1-570] Preparing netlist for logic optimization
INFO: [Opt 31-140] Inserted 2 IBUFs to IO ports without IO buffers.
Parsing XDC File [/home/vedaant/school/quantum_work/linien/gateware/build/top.xdc]
INFO: [Timing 38-35] Done setting XDC timing constraints. [/home/vedaant/school/quantum_work/linien/gateware/build/top.xdc:368]
WARNING: [Vivado 12-627] No clocks matched 'clk125_p'. [/home/vedaant/school/quantum_work/linien/gateware/build/top.xdc:368]
INFO: [Vivado 12-626] No clocks found. Please use 'create_clock' or 'create_generated_clock' command to create clocks. [/home/vedaant/school/quantum_work/linien/gateware/build/top.xdc:368]
WARNING: [Vivado 12-627] No clocks matched 'clk_fpga_0'. [/home/vedaant/school/quantum_work/linien/gateware/build/top.xdc:368]
INFO: [Vivado 12-626] No clocks found. Please use 'create_clock' or 'create_generated_clock' command to create clocks. [/home/vedaant/school/quantum_work/linien/gateware/build/top.xdc:368]
CRITICAL WARNING: [Vivado 12-4739] set_clock_groups:No valid object(s) found for '-group [get_clocks -include_generated_clocks clk125_p]'. [/home/vedaant/school/quantum_work/linien/gateware/build/top.xdc:368]
Resolution: Check if the specified object(s) exists in the current design. If it does, ensure that the correct design hierarchy was specified for the object. If you are working with clocks, make sure create_clock was used to create the clock object before it is referenced.
CRITICAL WARNING: [Vivado 12-4739] set_clock_groups:No valid object(s) found for '-group '. [/home/vedaant/school/quantum_work/linien/gateware/build/top.xdc:368]
Resolution: Check if the specified object(s) exists in the current design. If it does, ensure that the correct design hierarchy was specified for the object. If you are working with clocks, make sure create_clock was used to create the clock object before it is referenced.
CRITICAL WARNING: [Vivado 12-4739] set_clock_groups:No valid object(s) found for '-group [get_clocks -include_generated_clocks clk_fpga_0]'. [/home/vedaant/school/quantum_work/linien/gateware/build/top.xdc:368]
Resolution: Check if the specified object(s) exists in the current design. If it does, ensure that the correct design hierarchy was specified for the object. If you are working with clocks, make sure create_clock was used to create the clock object before it is referenced.
CRITICAL WARNING: [Vivado 12-4739] set_clock_groups:No valid object(s) found for '-group '. [/home/vedaant/school/quantum_work/linien/gateware/build/top.xdc:368]
Resolution: Check if the specified object(s) exists in the current design. If it does, ensure that the correct design hierarchy was specified for the object. If you are working with clocks, make sure create_clock was used to create the clock object before it is referenced.
CRITICAL WARNING: [Constraints 18-4644] set_clock_groups: All clock groups specified are empty. Please specify atleast one clock group which is not empty. [/home/vedaant/school/quantum_work/linien/gateware/build/top.xdc:368]
WARNING: [Vivado 12-180] No cells matched 'get_cells -filter {ars_ff1 == TRUE || ars_ff2 == TRUE}'. [/home/vedaant/school/quantum_work/linien/gateware/build/top.xdc:374]
WARNING: [Vivado 12-508] No pins matched 'get_pins -filter {REF_PIN_NAME == PRE} -of [get_cells -filter {ars_ff1 == TRUE || ars_ff2 == TRUE}]'. [/home/vedaant/school/quantum_work/linien/gateware/build/top.xdc:374]
WARNING: [Vivado 12-180] No cells matched 'get_cells -filter {ars_ff1 == TRUE}'. [/home/vedaant/school/quantum_work/linien/gateware/build/top.xdc:376]
WARNING: [Vivado 12-508] No pins matched 'get_pins -filter {REF_PIN_NAME == Q} -of [get_cells -filter {ars_ff1 == TRUE}]'. [/home/vedaant/school/quantum_work/linien/gateware/build/top.xdc:376]
WARNING: [Vivado 12-180] No cells matched 'get_cells -filter {ars_ff2 == TRUE}'. [/home/vedaant/school/quantum_work/linien/gateware/build/top.xdc:376]
WARNING: [Vivado 12-508] No pins matched 'get_pins -filter {REF_PIN_NAME == D} -of [get_cells -filter {ars_ff2 == TRUE}]'. [/home/vedaant/school/quantum_work/linien/gateware/build/top.xdc:376]
Finished Parsing XDC File [/home/vedaant/school/quantum_work/linien/gateware/build/top.xdc]
Parsing XDC File [/home/vedaant/school/quantum_work/linien/gateware/verilog/system_processing_system7_0_0.xdc] for cell 'system_processing_system7_0_0/inst'
Finished Parsing XDC File [/home/vedaant/school/quantum_work/linien/gateware/verilog/system_processing_system7_0_0.xdc] for cell 'system_processing_system7_0_0/inst'
INFO: [Opt 31-138] Pushed 0 inverter(s) to 0 load pin(s).
Netlist sorting complete. Time (s): cpu = 00:00:00 ; elapsed = 00:00:00.01 . Memory (MB): peak = 3688.738 ; gain = 0.000 ; free physical = 2456 ; free virtual = 40536
INFO: [Project 1-111] Unisim Transformation Summary:
  A total of 19 instances were transformed.
  FD => FDRE: 1 instance 
  IBUFGDS => IBUFDS: 1 instance 
  IOBUF => IOBUF (IBUF, OBUFT): 16 instances
  PLLE2_BASE => PLLE2_ADV: 1 instance 

Synth Design complete | Checksum: ec1d011e
INFO: [Common 17-83] Releasing license: Synthesis
157 Infos, 328 Warnings, 10 Critical Warnings and 0 Errors encountered.
synth_design completed successfully
synth_design: Time (s): cpu = 00:01:58 ; elapsed = 00:01:56 . Memory (MB): peak = 3688.773 ; gain = 2067.859 ; free physical = 2450 ; free virtual = 40531
INFO: [Common 17-2834] synth_design peak Physical Memory [PSS] (MB): overall = 3020.437; main = 3020.437; forked = 345.036
INFO: [Common 17-2834] synth_design peak Virtual Memory [VSS] (MB): overall = 4162.715; main = 3688.742; forked = 991.859
## opt_design -directive ExploreWithRemap
Command: opt_design -directive ExploreWithRemap
INFO: [Vivado_Tcl 4-136] Directive used for opt_design is: ExploreWithRemap
Attempting to get a license for feature 'Implementation' and/or device 'xc7z020'
INFO: [Common 17-349] Got license for feature 'Implementation' and/or device 'xc7z020'
Running DRC as a precondition to command opt_design

Starting DRC Task
INFO: [DRC 23-27] Running DRC with 8 threads
INFO: [Project 1-461] DRC finished with 0 Errors
INFO: [Project 1-462] Please refer to the DRC report (report_drc) for more information.

Time (s): cpu = 00:00:00.96 ; elapsed = 00:00:00.28 . Memory (MB): peak = 3688.773 ; gain = 0.000 ; free physical = 2449 ; free virtual = 40529

Starting Logic Optimization Task

Phase 1 Initialization

Phase 1.1 Core Generation And Design Setup
Phase 1.1 Core Generation And Design Setup | Checksum: 21298314e

Time (s): cpu = 00:00:00.02 ; elapsed = 00:00:00.01 . Memory (MB): peak = 3688.773 ; gain = 0.000 ; free physical = 2501 ; free virtual = 40528

Phase 1.2 Setup Constraints And Sort Netlist
Phase 1.2 Setup Constraints And Sort Netlist | Checksum: 21298314e

Time (s): cpu = 00:00:00.03 ; elapsed = 00:00:00.02 . Memory (MB): peak = 3688.773 ; gain = 0.000 ; free physical = 2501 ; free virtual = 40528
Phase 1 Initialization | Checksum: 21298314e

Time (s): cpu = 00:00:00.03 ; elapsed = 00:00:00.03 . Memory (MB): peak = 3688.773 ; gain = 0.000 ; free physical = 2501 ; free virtual = 40528

Phase 2 Timer Update And Timing Data Collection

Phase 2.1 Detect if minReqCache needed
Phase 2.1 Detect if minReqCache needed | Checksum: 21298314e

Time (s): cpu = 00:00:00.05 ; elapsed = 00:00:00.05 . Memory (MB): peak = 3688.773 ; gain = 0.000 ; free physical = 2501 ; free virtual = 40528

Phase 2.2 Timer Update
INFO: [Timing 38-35] Done setting XDC timing constraints.
INFO: [Timing 38-2] Deriving generated clocks
Phase 2.2 Timer Update | Checksum: 21298314e

Time (s): cpu = 00:00:02 ; elapsed = 00:00:00.79 . Memory (MB): peak = 3688.773 ; gain = 0.000 ; free physical = 2498 ; free virtual = 40526

Phase 2.3 Timing Data Collection
Phase 2.3 Timing Data Collection | Checksum: 21298314e

Time (s): cpu = 00:00:02 ; elapsed = 00:00:00.81 . Memory (MB): peak = 3688.773 ; gain = 0.000 ; free physical = 2498 ; free virtual = 40526
Phase 2 Timer Update And Timing Data Collection | Checksum: 21298314e

Time (s): cpu = 00:00:02 ; elapsed = 00:00:00.81 . Memory (MB): peak = 3688.773 ; gain = 0.000 ; free physical = 2498 ; free virtual = 40526

Phase 3 Retarget
INFO: [Opt 31-1851] Number of loadless carry chains removed were: 0
INFO: [Opt 31-1834] Total Chains To Be Transformed Were: 0 AND Number of Transformed insts Created are: 0
INFO: [Opt 31-1566] Pulled 3 inverters resulting in an inversion of 29 pins
INFO: [Opt 31-138] Pushed 2 inverter(s) to 3 load pin(s).
INFO: [Opt 31-49] Retargeted 0 cell(s).
Phase 3 Retarget | Checksum: 1a17ecc6b

Time (s): cpu = 00:00:03 ; elapsed = 00:00:01 . Memory (MB): peak = 3688.773 ; gain = 0.000 ; free physical = 2500 ; free virtual = 40528
Retarget | Checksum: 1a17ecc6b
INFO: [Opt 31-389] Phase Retarget created 0 cells and removed 61 cells
INFO: [Opt 31-1021] In phase Retarget, 16 netlist objects are constrained preventing optimization. Please run opt_design with -debug_log to get more detail. 

Phase 4 Constant propagation
INFO: [Opt 31-138] Pushed 0 inverter(s) to 0 load pin(s).
Phase 4 Constant propagation | Checksum: 1606bbbff

Time (s): cpu = 00:00:03 ; elapsed = 00:00:01 . Memory (MB): peak = 3688.773 ; gain = 0.000 ; free physical = 2499 ; free virtual = 40527
Constant propagation | Checksum: 1606bbbff
INFO: [Opt 31-389] Phase Constant propagation created 0 cells and removed 0 cells

Phase 5 Sweep
INFO: [Constraints 18-11670] Building netlist checker database with flags, 0x8
Done building netlist checker database: Time (s): cpu = 00:00:00 ; elapsed = 00:00:00 . Memory (MB): peak = 3688.773 ; gain = 0.000 ; free physical = 2499 ; free virtual = 40527
INFO: [Constraints 18-11670] Building netlist checker database with flags, 0x8
Done building netlist checker database: Time (s): cpu = 00:00:00 ; elapsed = 00:00:00 . Memory (MB): peak = 3688.773 ; gain = 0.000 ; free physical = 2499 ; free virtual = 40527
Phase 5 Sweep | Checksum: 1a609dd9f

Time (s): cpu = 00:00:04 ; elapsed = 00:00:03 . Memory (MB): peak = 3688.773 ; gain = 0.000 ; free physical = 2523 ; free virtual = 40550
Sweep | Checksum: 1a609dd9f
INFO: [Opt 31-389] Phase Sweep created 1 cells and removed 6 cells
INFO: [Opt 31-1021] In phase Sweep, 64 netlist objects are constrained preventing optimization. Please run opt_design with -debug_log to get more detail. 

Phase 6 BUFG optimization
Phase 6 BUFG optimization | Checksum: 1a609dd9f

Time (s): cpu = 00:00:04 ; elapsed = 00:00:03 . Memory (MB): peak = 3720.754 ; gain = 31.980 ; free physical = 2523 ; free virtual = 40549
BUFG optimization | Checksum: 1a609dd9f
INFO: [Opt 31-662] Phase BUFG optimization created 0 cells of which 0 are BUFGs and removed 0 cells.

Phase 7 Shift Register Optimization
INFO: [Opt 31-1064] SRL Remap converted 0 SRLs to 0 registers and converted 0 registers of register chains to 0 SRLs
Phase 7 Shift Register Optimization | Checksum: 1a609dd9f

Time (s): cpu = 00:00:04 ; elapsed = 00:00:03 . Memory (MB): peak = 3720.754 ; gain = 31.980 ; free physical = 2523 ; free virtual = 40549
Shift Register Optimization | Checksum: 1a609dd9f
INFO: [Opt 31-389] Phase Shift Register Optimization created 0 cells and removed 0 cells
INFO: [Opt 31-1555] control_set_opt supports Versal devices only, and device 7z020 is unsupported

Phase 8 Remap
Phase 8 Remap | Checksum: 1a3c6cf71

Time (s): cpu = 00:00:09 ; elapsed = 00:00:08 . Memory (MB): peak = 3720.754 ; gain = 31.980 ; free physical = 2509 ; free virtual = 40535
Remap | Checksum: 1a3c6cf71
INFO: [Opt 31-389] Phase Remap created 525 cells and removed 453 cells
INFO: [Opt 31-1021] In phase Remap, 9 netlist objects are constrained preventing optimization. Please run opt_design with -debug_log to get more detail. 

Phase 9 Post Processing Netlist
Phase 9 Post Processing Netlist | Checksum: 11fc56abd

Time (s): cpu = 00:00:09 ; elapsed = 00:00:08 . Memory (MB): peak = 3720.754 ; gain = 31.980 ; free physical = 2509 ; free virtual = 40535
Post Processing Netlist | Checksum: 11fc56abd
INFO: [Opt 31-389] Phase Post Processing Netlist created 0 cells and removed 0 cells

Phase 10 Finalization

Phase 10.1 Finalizing Design Cores and Updating Shapes
Phase 10.1 Finalizing Design Cores and Updating Shapes | Checksum: 177341a9e

Time (s): cpu = 00:00:10 ; elapsed = 00:00:08 . Memory (MB): peak = 3720.754 ; gain = 31.980 ; free physical = 2509 ; free virtual = 40535

Phase 10.2 Verifying Netlist Connectivity

Starting Connectivity Check Task

Time (s): cpu = 00:00:00.03 ; elapsed = 00:00:00.03 . Memory (MB): peak = 3720.754 ; gain = 0.000 ; free physical = 2509 ; free virtual = 40535
Phase 10.2 Verifying Netlist Connectivity | Checksum: 177341a9e

Time (s): cpu = 00:00:10 ; elapsed = 00:00:08 . Memory (MB): peak = 3720.754 ; gain = 31.980 ; free physical = 2509 ; free virtual = 40535
Phase 10 Finalization | Checksum: 177341a9e

Time (s): cpu = 00:00:10 ; elapsed = 00:00:08 . Memory (MB): peak = 3720.754 ; gain = 31.980 ; free physical = 2509 ; free virtual = 40535
Opt_design Change Summary
=========================


-------------------------------------------------------------------------------------------------------------------------
|  Phase                        |  #Cells created  |  #Cells Removed  |  #Constrained objects preventing optimizations  |
-------------------------------------------------------------------------------------------------------------------------
|  Retarget                     |               0  |              61  |                                             16  |
|  Constant propagation         |               0  |               0  |                                              0  |
|  Sweep                        |               1  |               6  |                                             64  |
|  BUFG optimization            |               0  |               0  |                                              0  |
|  Shift Register Optimization  |               0  |               0  |                                              0  |
|  Remap                        |             525  |             453  |                                              9  |
|  Post Processing Netlist      |               0  |               0  |                                              0  |
-------------------------------------------------------------------------------------------------------------------------


Ending Logic Optimization Task | Checksum: 177341a9e

Time (s): cpu = 00:00:10 ; elapsed = 00:00:08 . Memory (MB): peak = 3720.754 ; gain = 31.980 ; free physical = 2509 ; free virtual = 40535
Netlist sorting complete. Time (s): cpu = 00:00:00.01 ; elapsed = 00:00:00.01 . Memory (MB): peak = 3720.754 ; gain = 0.000 ; free physical = 2509 ; free virtual = 40535
INFO: [Common 17-83] Releasing license: Implementation
28 Infos, 0 Warnings, 0 Critical Warnings and 0 Errors encountered.
opt_design completed successfully
opt_design: Time (s): cpu = 00:00:12 ; elapsed = 00:00:10 . Memory (MB): peak = 3720.754 ; gain = 31.980 ; free physical = 2509 ; free virtual = 40535
## report_timing_summary -file top_timing_synth.rpt
INFO: [Timing 38-35] Done setting XDC timing constraints.
INFO: [Timing 38-91] UpdateTimingParams: Speed grade: -1, Delay Type: min_max.
INFO: [Timing 38-191] Multithreading enabled for timing update using a maximum of 8 CPUs
## report_utilization -hierarchical -file top_utilization_hierarchical_synth.rpt
## report_utilization -file top_utilization_synth.rpt
## opt_design
Command: opt_design
Attempting to get a license for feature 'Implementation' and/or device 'xc7z020'
INFO: [Common 17-349] Got license for feature 'Implementation' and/or device 'xc7z020'
Running DRC as a precondition to command opt_design

Starting DRC Task
INFO: [DRC 23-27] Running DRC with 8 threads
INFO: [Project 1-461] DRC finished with 0 Errors
INFO: [Project 1-462] Please refer to the DRC report (report_drc) for more information.

Time (s): cpu = 00:00:00.94 ; elapsed = 00:00:00.2 . Memory (MB): peak = 3720.754 ; gain = 0.000 ; free physical = 2494 ; free virtual = 40520

Starting Cache Timing Information Task
Ending Cache Timing Information Task | Checksum: 177341a9e

Time (s): cpu = 00:00:00.01 ; elapsed = 00:00:00 . Memory (MB): peak = 3720.754 ; gain = 0.000 ; free physical = 2494 ; free virtual = 40520

Starting Logic Optimization Task

Phase 1 Initialization

Phase 1.1 Core Generation And Design Setup
Phase 1.1 Core Generation And Design Setup | Checksum: 177341a9e

Time (s): cpu = 00:00:00.02 ; elapsed = 00:00:00.01 . Memory (MB): peak = 3720.754 ; gain = 0.000 ; free physical = 2497 ; free virtual = 40523

Phase 1.2 Setup Constraints And Sort Netlist
Phase 1.2 Setup Constraints And Sort Netlist | Checksum: 177341a9e

Time (s): cpu = 00:00:00.03 ; elapsed = 00:00:00.02 . Memory (MB): peak = 3720.754 ; gain = 0.000 ; free physical = 2497 ; free virtual = 40523
Phase 1 Initialization | Checksum: 177341a9e

Time (s): cpu = 00:00:00.03 ; elapsed = 00:00:00.02 . Memory (MB): peak = 3720.754 ; gain = 0.000 ; free physical = 2497 ; free virtual = 40523

Phase 2 Timer Update And Timing Data Collection

Phase 2.1 Detect if minReqCache needed
Phase 2.1 Detect if minReqCache needed | Checksum: 177341a9e

Time (s): cpu = 00:00:00.05 ; elapsed = 00:00:00.04 . Memory (MB): peak = 3720.754 ; gain = 0.000 ; free physical = 2497 ; free virtual = 40523

Phase 2.2 Timer Update
Phase 2.2 Timer Update | Checksum: 177341a9e

Time (s): cpu = 00:00:00.76 ; elapsed = 00:00:00.31 . Memory (MB): peak = 3720.754 ; gain = 0.000 ; free physical = 2493 ; free virtual = 40520

Phase 2.3 Timing Data Collection
Phase 2.3 Timing Data Collection | Checksum: 177341a9e

Time (s): cpu = 00:00:00.77 ; elapsed = 00:00:00.33 . Memory (MB): peak = 3720.754 ; gain = 0.000 ; free physical = 2493 ; free virtual = 40520
Phase 2 Timer Update And Timing Data Collection | Checksum: 177341a9e

Time (s): cpu = 00:00:00.77 ; elapsed = 00:00:00.33 . Memory (MB): peak = 3720.754 ; gain = 0.000 ; free physical = 2493 ; free virtual = 40520

Phase 3 Retarget
INFO: [Opt 31-1851] Number of loadless carry chains removed were: 0
INFO: [Opt 31-1834] Total Chains To Be Transformed Were: 0 AND Number of Transformed insts Created are: 0
INFO: [Opt 31-138] Pushed 0 inverter(s) to 0 load pin(s).
INFO: [Opt 31-49] Retargeted 0 cell(s).
Phase 3 Retarget | Checksum: 177341a9e

Time (s): cpu = 00:00:00.96 ; elapsed = 00:00:00.52 . Memory (MB): peak = 3720.754 ; gain = 0.000 ; free physical = 2481 ; free virtual = 40516
Retarget | Checksum: 177341a9e
INFO: [Opt 31-389] Phase Retarget created 0 cells and removed 0 cells
INFO: [Opt 31-1021] In phase Retarget, 16 netlist objects are constrained preventing optimization. Please run opt_design with -debug_log to get more detail. 

Phase 4 Constant propagation
INFO: [Opt 31-138] Pushed 0 inverter(s) to 0 load pin(s).
Phase 4 Constant propagation | Checksum: 177341a9e

Time (s): cpu = 00:00:01 ; elapsed = 00:00:00.65 . Memory (MB): peak = 3720.754 ; gain = 0.000 ; free physical = 2464 ; free virtual = 40503
Constant propagation | Checksum: 177341a9e
INFO: [Opt 31-389] Phase Constant propagation created 0 cells and removed 0 cells

Phase 5 Sweep
INFO: [Constraints 18-11670] Building netlist checker database with flags, 0x8
Done building netlist checker database: Time (s): cpu = 00:00:00.01 ; elapsed = 00:00:00 . Memory (MB): peak = 3720.754 ; gain = 0.000 ; free physical = 2465 ; free virtual = 40504
INFO: [Constraints 18-11670] Building netlist checker database with flags, 0x8
Done building netlist checker database: Time (s): cpu = 00:00:00.01 ; elapsed = 00:00:00 . Memory (MB): peak = 3720.754 ; gain = 0.000 ; free physical = 2464 ; free virtual = 40504
Phase 5 Sweep | Checksum: 1b0a8a86f

Time (s): cpu = 00:00:01 ; elapsed = 00:00:00.9 . Memory (MB): peak = 3720.754 ; gain = 0.000 ; free physical = 2464 ; free virtual = 40504
Sweep | Checksum: 1b0a8a86f
INFO: [Opt 31-389] Phase Sweep created 0 cells and removed 0 cells
INFO: [Opt 31-1021] In phase Sweep, 64 netlist objects are constrained preventing optimization. Please run opt_design with -debug_log to get more detail. 

Phase 6 BUFG optimization
Phase 6 BUFG optimization | Checksum: 1b0a8a86f

Time (s): cpu = 00:00:02 ; elapsed = 00:00:01 . Memory (MB): peak = 3720.754 ; gain = 0.000 ; free physical = 2466 ; free virtual = 40505
BUFG optimization | Checksum: 1b0a8a86f
INFO: [Opt 31-662] Phase BUFG optimization created 0 cells of which 0 are BUFGs and removed 0 cells.

Phase 7 Shift Register Optimization
INFO: [Opt 31-1064] SRL Remap converted 0 SRLs to 0 registers and converted 0 registers of register chains to 0 SRLs
Phase 7 Shift Register Optimization | Checksum: 1b0a8a86f

Time (s): cpu = 00:00:02 ; elapsed = 00:00:01 . Memory (MB): peak = 3720.754 ; gain = 0.000 ; free physical = 2466 ; free virtual = 40505
Shift Register Optimization | Checksum: 1b0a8a86f
INFO: [Opt 31-389] Phase Shift Register Optimization created 0 cells and removed 0 cells

Phase 8 Post Processing Netlist
Phase 8 Post Processing Netlist | Checksum: 1b0a8a86f

Time (s): cpu = 00:00:02 ; elapsed = 00:00:01 . Memory (MB): peak = 3720.754 ; gain = 0.000 ; free physical = 2465 ; free virtual = 40505
Post Processing Netlist | Checksum: 1b0a8a86f
INFO: [Opt 31-389] Phase Post Processing Netlist created 0 cells and removed 0 cells

Phase 9 Finalization

Phase 9.1 Finalizing Design Cores and Updating Shapes
Phase 9.1 Finalizing Design Cores and Updating Shapes | Checksum: 13e065eab

Time (s): cpu = 00:00:02 ; elapsed = 00:00:01 . Memory (MB): peak = 3720.754 ; gain = 0.000 ; free physical = 2464 ; free virtual = 40504

Phase 9.2 Verifying Netlist Connectivity

Starting Connectivity Check Task

Time (s): cpu = 00:00:00.02 ; elapsed = 00:00:00.03 . Memory (MB): peak = 3720.754 ; gain = 0.000 ; free physical = 2464 ; free virtual = 40504
Phase 9.2 Verifying Netlist Connectivity | Checksum: 13e065eab

Time (s): cpu = 00:00:02 ; elapsed = 00:00:01 . Memory (MB): peak = 3720.754 ; gain = 0.000 ; free physical = 2464 ; free virtual = 40504
Phase 9 Finalization | Checksum: 13e065eab

Time (s): cpu = 00:00:02 ; elapsed = 00:00:01 . Memory (MB): peak = 3720.754 ; gain = 0.000 ; free physical = 2464 ; free virtual = 40504
Opt_design Change Summary
=========================


-------------------------------------------------------------------------------------------------------------------------
|  Phase                        |  #Cells created  |  #Cells Removed  |  #Constrained objects preventing optimizations  |
-------------------------------------------------------------------------------------------------------------------------
|  Retarget                     |               0  |               0  |                                             16  |
|  Constant propagation         |               0  |               0  |                                              0  |
|  Sweep                        |               0  |               0  |                                             64  |
|  BUFG optimization            |               0  |               0  |                                              0  |
|  Shift Register Optimization  |               0  |               0  |                                              0  |
|  Post Processing Netlist      |               0  |               0  |                                              0  |
-------------------------------------------------------------------------------------------------------------------------


Ending Logic Optimization Task | Checksum: 13e065eab

Time (s): cpu = 00:00:02 ; elapsed = 00:00:01 . Memory (MB): peak = 3720.754 ; gain = 0.000 ; free physical = 2464 ; free virtual = 40504

Starting Power Optimization Task
INFO: [Pwropt 34-132] Skipping clock gating for clocks with a period < 2.00 ns.
INFO: [Power 33-23] Power model is not available for DNA_PORT
INFO: [Timing 38-35] Done setting XDC timing constraints.
INFO: [Pwropt 34-9] Applying IDT optimizations ...
INFO: [Pwropt 34-10] Applying ODC optimizations ...
Running Vector-less Activity Propagation...

Finished Running Vector-less Activity Propagation


Starting PowerOpt Patch Enables Task
INFO: [Pwropt 34-162] WRITE_MODE attribute of 0 BRAM(s) out of a total of 38 has been updated to save power. Run report_power_opt to get a complete listing of the BRAMs updated.
INFO: [Pwropt 34-201] Structural ODC has moved 0 WE to EN ports
Number of BRAM Ports augmented: 28 newly gated: 2 Total Ports: 76
Ending PowerOpt Patch Enables Task | Checksum: 2299d8e7c

Time (s): cpu = 00:00:00.2 ; elapsed = 00:00:00.16 . Memory (MB): peak = 3824.805 ; gain = 0.000 ; free physical = 2412 ; free virtual = 40457
Ending Power Optimization Task | Checksum: 2299d8e7c

Time (s): cpu = 00:00:06 ; elapsed = 00:00:02 . Memory (MB): peak = 3824.805 ; gain = 104.051 ; free physical = 2412 ; free virtual = 40457

Starting Final Cleanup Task

Starting Logic Optimization Task
INFO: [Timing 38-35] Done setting XDC timing constraints.
Ending Logic Optimization Task | Checksum: 23fc8fea7

Time (s): cpu = 00:00:02 ; elapsed = 00:00:00.91 . Memory (MB): peak = 3824.805 ; gain = 0.000 ; free physical = 2423 ; free virtual = 40465
Ending Final Cleanup Task | Checksum: 23fc8fea7

Time (s): cpu = 00:00:04 ; elapsed = 00:00:03 . Memory (MB): peak = 3824.805 ; gain = 0.000 ; free physical = 2423 ; free virtual = 40465
Netlist sorting complete. Time (s): cpu = 00:00:00.01 ; elapsed = 00:00:00.01 . Memory (MB): peak = 3824.805 ; gain = 0.000 ; free physical = 2423 ; free virtual = 40465
INFO: [Common 17-83] Releasing license: Implementation
29 Infos, 0 Warnings, 0 Critical Warnings and 0 Errors encountered.
opt_design completed successfully
opt_design: Time (s): cpu = 00:00:14 ; elapsed = 00:00:08 . Memory (MB): peak = 3824.805 ; gain = 104.051 ; free physical = 2423 ; free virtual = 40465
## place_design
Command: place_design
Attempting to get a license for feature 'Implementation' and/or device 'xc7z020'
INFO: [Common 17-349] Got license for feature 'Implementation' and/or device 'xc7z020'
INFO: [Common 17-83] Releasing license: Implementation
INFO: [DRC 23-27] Running DRC with 8 threads
INFO: [Vivado_Tcl 4-198] DRC finished with 0 Errors
INFO: [Vivado_Tcl 4-199] Please refer to the DRC report (report_drc) for more information.
INFO: [Timing 38-35] Done setting XDC timing constraints.
Running DRC as a precondition to command place_design
INFO: [DRC 23-27] Running DRC with 8 threads
INFO: [Vivado_Tcl 4-198] DRC finished with 0 Errors
INFO: [Vivado_Tcl 4-199] Please refer to the DRC report (report_drc) for more information.
INFO: [Place 30-611] Multithreading enabled for place_design using a maximum of 8 CPUs

Starting Placer Task

Phase 1 Placer Initialization

Phase 1.1 Placer Initialization Netlist Sorting
Netlist sorting complete. Time (s): cpu = 00:00:00.01 ; elapsed = 00:00:00.01 . Memory (MB): peak = 3824.805 ; gain = 0.000 ; free physical = 2424 ; free virtual = 40466
Phase 1.1 Placer Initialization Netlist Sorting | Checksum: 17d08fabe

Time (s): cpu = 00:00:00.01 ; elapsed = 00:00:00.01 . Memory (MB): peak = 3824.805 ; gain = 0.000 ; free physical = 2424 ; free virtual = 40466
Netlist sorting complete. Time (s): cpu = 00:00:00.01 ; elapsed = 00:00:00 . Memory (MB): peak = 3824.805 ; gain = 0.000 ; free physical = 2424 ; free virtual = 40466

Phase 1.2 IO Placement/ Clock Placement/ Build Placer Device
Phase 1.2 IO Placement/ Clock Placement/ Build Placer Device | Checksum: 1ac81b2b2

Time (s): cpu = 00:00:01 ; elapsed = 00:00:00.74 . Memory (MB): peak = 3824.805 ; gain = 0.000 ; free physical = 2428 ; free virtual = 40470

Phase 1.3 Build Placer Netlist Model
Phase 1.3 Build Placer Netlist Model | Checksum: 24f6071e9

Time (s): cpu = 00:00:07 ; elapsed = 00:00:03 . Memory (MB): peak = 3824.805 ; gain = 0.000 ; free physical = 2424 ; free virtual = 40466

Phase 1.4 Constrain Clocks/Macros
Phase 1.4 Constrain Clocks/Macros | Checksum: 24f6071e9

Time (s): cpu = 00:00:07 ; elapsed = 00:00:03 . Memory (MB): peak = 3824.805 ; gain = 0.000 ; free physical = 2423 ; free virtual = 40466
Phase 1 Placer Initialization | Checksum: 24f6071e9

Time (s): cpu = 00:00:07 ; elapsed = 00:00:03 . Memory (MB): peak = 3824.805 ; gain = 0.000 ; free physical = 2423 ; free virtual = 40465

Phase 2 Global Placement

Phase 2.1 Floorplanning
Phase 2.1 Floorplanning | Checksum: 294e99f0c

Time (s): cpu = 00:00:13 ; elapsed = 00:00:05 . Memory (MB): peak = 3824.805 ; gain = 0.000 ; free physical = 2430 ; free virtual = 40472

Phase 2.2 Update Timing before SLR Path Opt
Phase 2.2 Update Timing before SLR Path Opt | Checksum: 298130947

Time (s): cpu = 00:00:18 ; elapsed = 00:00:06 . Memory (MB): peak = 3824.805 ; gain = 0.000 ; free physical = 2434 ; free virtual = 40476

Phase 2.3 Post-Processing in Floorplanning
Phase 2.3 Post-Processing in Floorplanning | Checksum: 1f3eb041e

Time (s): cpu = 00:00:18 ; elapsed = 00:00:06 . Memory (MB): peak = 3824.805 ; gain = 0.000 ; free physical = 2454 ; free virtual = 40495

Phase 2.4 Global Place Phase1
Phase 2.4 Global Place Phase1 | Checksum: 1ba2eadcf

Time (s): cpu = 00:00:43 ; elapsed = 00:00:14 . Memory (MB): peak = 3824.805 ; gain = 0.000 ; free physical = 2455 ; free virtual = 40496

Phase 2.5 Global Place Phase2

Phase 2.5.1 UpdateTiming Before Physical Synthesis
Phase 2.5.1 UpdateTiming Before Physical Synthesis | Checksum: 1ecca1cf7

Time (s): cpu = 00:00:46 ; elapsed = 00:00:15 . Memory (MB): peak = 3824.805 ; gain = 0.000 ; free physical = 2468 ; free virtual = 40509

Phase 2.5.2 Physical Synthesis In Placer
INFO: [Physopt 32-1035] Found 145 LUTNM shape to break, 340 LUT instances to create LUTNM shape
INFO: [Physopt 32-1044] Break lutnm for timing: one critical 55, two critical 90, total 145, new lutff created 14
INFO: [Physopt 32-1138] End 1 Pass. Optimized 299 nets or LUTs. Breaked 145 LUTs, combined 154 existing LUTs and moved 0 existing LUT
INFO: [Physopt 32-1408] Pass 1. Identified 1 candidate net for high-fanout optimization.
INFO: [Physopt 32-81] Processed net dac_rst_OBUF. Replicated 65 times.
INFO: [Physopt 32-232] Optimized 1 net. Created 65 new instances.
INFO: [Physopt 32-775] End 1 Pass. Optimized 1 net or cell. Created 65 new cells, deleted 0 existing cell and moved 0 existing cell
Netlist sorting complete. Time (s): cpu = 00:00:00.14 ; elapsed = 00:00:00.14 . Memory (MB): peak = 3824.805 ; gain = 0.000 ; free physical = 2451 ; free virtual = 40492
INFO: [Physopt 32-46] Identified 13 candidate nets for critical-cell optimization.
INFO: [Physopt 32-81] Processed net linienmodule_autolock_robust_counter_reg[0]. Replicated 1 times.
INFO: [Physopt 32-81] Processed net linienmodule_autolock_robust_counter_reg[2]. Replicated 1 times.
INFO: [Physopt 32-81] Processed net linienmodule_autolock_robust_counter_reg[3]. Replicated 1 times.
INFO: [Physopt 32-81] Processed net linienmodule_autolock_robust_counter_reg[6]. Replicated 1 times.
INFO: [Physopt 32-81] Processed net linienmodule_autolock_robust_counter_reg[4]. Replicated 1 times.
INFO: [Physopt 32-81] Processed net linienmodule_autolock_robust_counter_reg[5]. Replicated 1 times.
INFO: [Physopt 32-81] Processed net linienmodule_autolock_robust_counter_reg[7]. Replicated 1 times.
INFO: [Physopt 32-81] Processed net linienmodule_autolock_robust_counter_reg[1]. Replicated 1 times.
INFO: [Physopt 32-81] Processed net linienmodule_autolock_robust_counter_reg[10]. Replicated 1 times.
INFO: [Physopt 32-81] Processed net linienmodule_autolock_robust_counter_reg[11]. Replicated 1 times.
INFO: [Physopt 32-81] Processed net linienmodule_autolock_robust_counter_reg[8]. Replicated 1 times.
INFO: [Physopt 32-81] Processed net linienmodule_autolock_robust_counter_reg[9]. Replicated 1 times.
INFO: [Physopt 32-81] Processed net linienmodule_autolock_robust_counter_reg[12]. Replicated 1 times.
INFO: [Physopt 32-232] Optimized 13 nets. Created 13 new instances.
INFO: [Physopt 32-775] End 1 Pass. Optimized 13 nets or cells. Created 13 new cells, deleted 0 existing cell and moved 0 existing cell
Netlist sorting complete. Time (s): cpu = 00:00:00.12 ; elapsed = 00:00:00.12 . Memory (MB): peak = 3824.805 ; gain = 0.000 ; free physical = 2452 ; free virtual = 40494
INFO: [Physopt 32-457] Pass 1. Identified 23 candidate cells for DSP register optimization.
INFO: [Physopt 32-665] Processed cell linienmodule_raw_acquisition_iir_z50. 17 registers were pushed out.
INFO: [Physopt 32-665] Processed cell linienmodule_raw_acquisition_iir_z50__0. 9 registers were pushed out.
INFO: [Physopt 32-665] Processed cell linienmodule_raw_acquisition_iir_z40__0. 9 registers were pushed out.
INFO: [Physopt 32-665] Processed cell linienmodule_raw_acquisition_iir_z30__0. 9 registers were pushed out.
INFO: [Physopt 32-665] Processed cell linienmodule_raw_acquisition_iir_z30. 17 registers were pushed out.
INFO: [Physopt 32-665] Processed cell linienmodule_raw_acquisition_iir_z20__0. 9 registers were pushed out.
INFO: [Physopt 32-665] Processed cell linienmodule_raw_acquisition_iir_z20. 17 registers were pushed out.
INFO: [Physopt 32-665] Processed cell linienmodule_raw_acquisition_iir_z10__0. 9 registers were pushed out.
INFO: [Physopt 32-665] Processed cell linienmodule_raw_acquisition_iir_z00. 17 registers were pushed out.
INFO: [Physopt 32-665] Processed cell linienmodule_raw_acquisition_iir_z10. 17 registers were pushed out.
INFO: [Physopt 32-665] Processed cell linienmodule_raw_acquisition_iir_z40. 17 registers were pushed out.
INFO: [Physopt 32-665] Processed cell linienmodule_raw_acquisition_iir_z00__0. 9 registers were pushed out.
INFO: [Physopt 32-666] Processed cell linienmodule_mixed2__0. No change.
INFO: [Physopt 32-666] Processed cell linienmodule_mixed2. No change.
INFO: [Physopt 32-665] Processed cell linienmodule_mixed2. 25 registers were pushed out.
INFO: [Physopt 32-666] Processed cell linienmodule_fast_a_iir0_z40__0. No change.
INFO: [Physopt 32-666] Processed cell linienmodule_fast_b_iir0_z60__0. No change.
INFO: [Physopt 32-666] Processed cell linienmodule_fast_a_iir0_z50__0. No change.
INFO: [Physopt 32-666] Processed cell linienmodule_fast_b_iir0_z30__0. No change.
INFO: [Physopt 32-666] Processed cell linienmodule_fast_b_iir0_z50__0. No change.
INFO: [Physopt 32-666] Processed cell linienmodule_fast_a_iir0_z30__0. No change.
INFO: [Physopt 32-666] Processed cell linienmodule_fast_b_iir1_z30__0. No change.
INFO: [Physopt 32-666] Processed cell linienmodule_fast_b_iir0_z40__0. No change.
INFO: [Physopt 32-457] Pass 2. Identified 10 candidate cells for DSP register optimization.
INFO: [Physopt 32-666] Processed cell linienmodule_mixed2__0. No change.
INFO: [Physopt 32-666] Processed cell linienmodule_mixed2. No change.
INFO: [Physopt 32-666] Processed cell linienmodule_fast_a_iir0_z40__0. No change.
INFO: [Physopt 32-666] Processed cell linienmodule_fast_b_iir0_z60__0. No change.
INFO: [Physopt 32-666] Processed cell linienmodule_fast_a_iir0_z50__0. No change.
INFO: [Physopt 32-666] Processed cell linienmodule_fast_b_iir0_z30__0. No change.
INFO: [Physopt 32-666] Processed cell linienmodule_fast_b_iir0_z50__0. No change.
INFO: [Physopt 32-666] Processed cell linienmodule_fast_a_iir0_z30__0. No change.
INFO: [Physopt 32-666] Processed cell linienmodule_fast_b_iir1_z30__0. No change.
INFO: [Physopt 32-666] Processed cell linienmodule_fast_b_iir0_z40__0. No change.
INFO: [Physopt 32-775] End 2 Pass. Optimized 13 nets or cells. Created 181 new cells, deleted 0 existing cell and moved 0 existing cell
Netlist sorting complete. Time (s): cpu = 00:00:00.14 ; elapsed = 00:00:00.14 . Memory (MB): peak = 3824.805 ; gain = 0.000 ; free physical = 2458 ; free virtual = 40500
INFO: [Physopt 32-1123] No candidate cells found for Shift Register to Pipeline optimization
INFO: [Physopt 32-775] End 2 Pass. Optimized 0 net or cell. Created 0 new cell, deleted 0 existing cell and moved 0 existing cell
INFO: [Physopt 32-1401] No candidate cells found for Shift Register optimization.
INFO: [Physopt 32-677] No candidate cells for Shift Register optimization found in the design
INFO: [Physopt 32-775] End 1 Pass. Optimized 0 net or cell. Created 0 new cell, deleted 0 existing cell and moved 0 existing cell
INFO: [Physopt 32-527] Pass 1: Identified 1 candidate cell for BRAM register optimization
INFO: [Physopt 32-665] Processed cell sequence_top/BRAM/mem_reg. 14 registers were pushed out.
INFO: [Physopt 32-775] End 1 Pass. Optimized 1 net or cell. Created 14 new cells, deleted 0 existing cell and moved 0 existing cell
Netlist sorting complete. Time (s): cpu = 00:00:00.09 ; elapsed = 00:00:00.09 . Memory (MB): peak = 3824.805 ; gain = 0.000 ; free physical = 2457 ; free virtual = 40498
INFO: [Physopt 32-846] No candidate cells for URAM register optimization found in the design
INFO: [Physopt 32-775] End 1 Pass. Optimized 0 net or cell. Created 0 new cell, deleted 0 existing cell and moved 0 existing cell
INFO: [Physopt 32-846] No candidate cells for URAM register optimization found in the design
INFO: [Physopt 32-775] End 1 Pass. Optimized 0 net or cell. Created 0 new cell, deleted 0 existing cell and moved 0 existing cell
INFO: [Physopt 32-949] No candidate nets found for dynamic/static region interface net replication
INFO: [Physopt 32-775] End 1 Pass. Optimized 0 net or cell. Created 0 new cell, deleted 0 existing cell and moved 0 existing cell
Netlist sorting complete. Time (s): cpu = 00:00:00.01 ; elapsed = 00:00:00.01 . Memory (MB): peak = 3824.805 ; gain = 0.000 ; free physical = 2456 ; free virtual = 40497

Summary of Physical Synthesis Optimizations
============================================


-----------------------------------------------------------------------------------------------------------------------------------------------------------
|  Optimization                                     |  Added Cells  |  Removed Cells  |  Optimized Cells/Nets  |  Dont Touch  |  Iterations  |  Elapsed   |
-----------------------------------------------------------------------------------------------------------------------------------------------------------
|  LUT Combining                                    |          145  |            154  |                   299  |           0  |           1  |  00:00:00  |
|  Retime                                           |            0  |              0  |                     0  |           0  |           1  |  00:00:00  |
|  Very High Fanout                                 |           65  |              0  |                     1  |           0  |           1  |  00:00:01  |
|  Critical Cell                                    |           13  |              0  |                    13  |           0  |           1  |  00:00:00  |
|  DSP Register                                     |          181  |              0  |                    13  |           0  |           1  |  00:00:02  |
|  Shift Register to Pipeline                       |            0  |              0  |                     0  |           0  |           1  |  00:00:00  |
|  Shift Register                                   |            0  |              0  |                     0  |           0  |           1  |  00:00:00  |
|  BRAM Register                                    |           14  |              0  |                     1  |           0  |           1  |  00:00:00  |
|  URAM Register                                    |            0  |              0  |                     0  |           0  |           1  |  00:00:00  |
|  Dynamic/Static Region Interface Net Replication  |            0  |              0  |                     0  |           0  |           1  |  00:00:00  |
|  Total                                            |          418  |            154  |                   327  |           0  |          10  |  00:00:04  |
-----------------------------------------------------------------------------------------------------------------------------------------------------------


Phase 2.5.2 Physical Synthesis In Placer | Checksum: b47bf08d

Time (s): cpu = 00:00:52 ; elapsed = 00:00:20 . Memory (MB): peak = 3824.805 ; gain = 0.000 ; free physical = 2458 ; free virtual = 40499
Phase 2.5 Global Place Phase2 | Checksum: 1d96d6a30

Time (s): cpu = 00:00:53 ; elapsed = 00:00:21 . Memory (MB): peak = 3824.805 ; gain = 0.000 ; free physical = 2457 ; free virtual = 40499
Phase 2 Global Placement | Checksum: 1d96d6a30

Time (s): cpu = 00:00:53 ; elapsed = 00:00:21 . Memory (MB): peak = 3824.805 ; gain = 0.000 ; free physical = 2457 ; free virtual = 40499

Phase 3 Detail Placement

Phase 3.1 Commit Multi Column Macros
Phase 3.1 Commit Multi Column Macros | Checksum: 1fcbdd184

Time (s): cpu = 00:00:55 ; elapsed = 00:00:21 . Memory (MB): peak = 3824.805 ; gain = 0.000 ; free physical = 2455 ; free virtual = 40496

Phase 3.2 Commit Most Macros & LUTRAMs
Phase 3.2 Commit Most Macros & LUTRAMs | Checksum: 843b0292

Time (s): cpu = 00:01:00 ; elapsed = 00:00:23 . Memory (MB): peak = 3824.805 ; gain = 0.000 ; free physical = 2462 ; free virtual = 40503

Phase 3.3 Area Swap Optimization
Phase 3.3 Area Swap Optimization | Checksum: f2904dca

Time (s): cpu = 00:01:00 ; elapsed = 00:00:23 . Memory (MB): peak = 3824.805 ; gain = 0.000 ; free physical = 2457 ; free virtual = 40499

Phase 3.4 Pipeline Register Optimization
Phase 3.4 Pipeline Register Optimization | Checksum: ed0e95cf

Time (s): cpu = 00:01:00 ; elapsed = 00:00:23 . Memory (MB): peak = 3824.805 ; gain = 0.000 ; free physical = 2457 ; free virtual = 40499

Phase 3.5 Fast Optimization
Phase 3.5 Fast Optimization | Checksum: 1409e21d3

Time (s): cpu = 00:01:05 ; elapsed = 00:00:25 . Memory (MB): peak = 3824.805 ; gain = 0.000 ; free physical = 2452 ; free virtual = 40494

Phase 3.6 Small Shape Detail Placement
Phase 3.6 Small Shape Detail Placement | Checksum: 1d9b4fc9d

Time (s): cpu = 00:01:08 ; elapsed = 00:00:27 . Memory (MB): peak = 3824.805 ; gain = 0.000 ; free physical = 2459 ; free virtual = 40501

Phase 3.7 Re-assign LUT pins
Phase 3.7 Re-assign LUT pins | Checksum: 12b051553

Time (s): cpu = 00:01:09 ; elapsed = 00:00:28 . Memory (MB): peak = 3824.805 ; gain = 0.000 ; free physical = 2460 ; free virtual = 40501

Phase 3.8 Pipeline Register Optimization
Phase 3.8 Pipeline Register Optimization | Checksum: ac00c868

Time (s): cpu = 00:01:09 ; elapsed = 00:00:28 . Memory (MB): peak = 3824.805 ; gain = 0.000 ; free physical = 2460 ; free virtual = 40501

Phase 3.9 Fast Optimization
Phase 3.9 Fast Optimization | Checksum: 11ded7456

Time (s): cpu = 00:01:16 ; elapsed = 00:00:31 . Memory (MB): peak = 3824.805 ; gain = 0.000 ; free physical = 2477 ; free virtual = 40518
Phase 3 Detail Placement | Checksum: 11ded7456

Time (s): cpu = 00:01:16 ; elapsed = 00:00:31 . Memory (MB): peak = 3824.805 ; gain = 0.000 ; free physical = 2477 ; free virtual = 40518

Phase 4 Post Placement Optimization and Clean-Up

Phase 4.1 Post Commit Optimization
INFO: [Timing 38-35] Done setting XDC timing constraints.

Phase 4.1.1 Post Placement Optimization
Post Placement Optimization Initialization | Checksum: 1af5ea027

Phase 4.1.1.1 BUFG Insertion

Starting Physical Synthesis Task

Phase 1 Physical Synthesis Initialization
INFO: [Physopt 32-721] Multithreading enabled for phys_opt_design using a maximum of 8 CPUs
INFO: [Physopt 32-619] Estimated Timing Summary | WNS=-6.423 | TNS=-5009.244 |
Phase 1 Physical Synthesis Initialization | Checksum: 14da07a82

Time (s): cpu = 00:00:00.58 ; elapsed = 00:00:00.18 . Memory (MB): peak = 3824.805 ; gain = 0.000 ; free physical = 2462 ; free virtual = 40503
INFO: [Place 46-56] BUFG insertion identified 0 candidate nets. Inserted BUFG: 0, Replicated BUFG Driver: 0, Skipped due to Placement/Routing Conflicts: 0, Skipped due to Timing Degradation: 0, Skipped due to netlist editing failed: 0.
Ending Physical Synthesis Task | Checksum: 1de2a9b3c

Time (s): cpu = 00:00:00.68 ; elapsed = 00:00:00.24 . Memory (MB): peak = 3824.805 ; gain = 0.000 ; free physical = 2462 ; free virtual = 40503
Phase 4.1.1.1 BUFG Insertion | Checksum: 1af5ea027

Time (s): cpu = 00:01:23 ; elapsed = 00:00:33 . Memory (MB): peak = 3824.805 ; gain = 0.000 ; free physical = 2461 ; free virtual = 40503

Phase 4.1.1.2 Post Placement Timing Optimization
INFO: [Place 30-746] Post Placement Timing Summary WNS=-5.897. For the most accurate timing information please run report_timing.
Phase 4.1.1.2 Post Placement Timing Optimization | Checksum: 117db03b3

Time (s): cpu = 00:01:30 ; elapsed = 00:00:39 . Memory (MB): peak = 3824.805 ; gain = 0.000 ; free physical = 2492 ; free virtual = 40532

Time (s): cpu = 00:01:30 ; elapsed = 00:00:39 . Memory (MB): peak = 3824.805 ; gain = 0.000 ; free physical = 2492 ; free virtual = 40532
Phase 4.1 Post Commit Optimization | Checksum: 117db03b3

Time (s): cpu = 00:01:30 ; elapsed = 00:00:40 . Memory (MB): peak = 3824.805 ; gain = 0.000 ; free physical = 2492 ; free virtual = 40532

Phase 4.2 Post Placement Cleanup
Phase 4.2 Post Placement Cleanup | Checksum: 117db03b3

Time (s): cpu = 00:01:30 ; elapsed = 00:00:40 . Memory (MB): peak = 3824.805 ; gain = 0.000 ; free physical = 2495 ; free virtual = 40536

Phase 4.3 Placer Reporting

Phase 4.3.1 Print Estimated Congestion
INFO: [Place 30-612] Post-Placement Estimated Congestion 
 ____________________________________________________
|           | Global Congestion | Short Congestion  |
| Direction | Region Size       | Region Size       |
|___________|___________________|___________________|
|      North|                1x1|                2x2|
|___________|___________________|___________________|
|      South|                1x1|                4x4|
|___________|___________________|___________________|
|       East|                1x1|                1x1|
|___________|___________________|___________________|
|       West|                1x1|                1x1|
|___________|___________________|___________________|

Phase 4.3.1 Print Estimated Congestion | Checksum: 117db03b3

Time (s): cpu = 00:01:30 ; elapsed = 00:00:40 . Memory (MB): peak = 3824.805 ; gain = 0.000 ; free physical = 2495 ; free virtual = 40536
Phase 4.3 Placer Reporting | Checksum: 117db03b3

Time (s): cpu = 00:01:30 ; elapsed = 00:00:40 . Memory (MB): peak = 3824.805 ; gain = 0.000 ; free physical = 2495 ; free virtual = 40536

Phase 4.4 Final Placement Cleanup
Netlist sorting complete. Time (s): cpu = 00:00:00 ; elapsed = 00:00:00.01 . Memory (MB): peak = 3824.805 ; gain = 0.000 ; free physical = 2495 ; free virtual = 40536

Time (s): cpu = 00:01:30 ; elapsed = 00:00:40 . Memory (MB): peak = 3824.805 ; gain = 0.000 ; free physical = 2495 ; free virtual = 40536
Phase 4 Post Placement Optimization and Clean-Up | Checksum: 16439f511

Time (s): cpu = 00:01:31 ; elapsed = 00:00:40 . Memory (MB): peak = 3824.805 ; gain = 0.000 ; free physical = 2495 ; free virtual = 40536
Ending Placer Task | Checksum: 110ffddf3

Time (s): cpu = 00:01:31 ; elapsed = 00:00:40 . Memory (MB): peak = 3824.805 ; gain = 0.000 ; free physical = 2496 ; free virtual = 40536
89 Infos, 0 Warnings, 0 Critical Warnings and 0 Errors encountered.
place_design completed successfully
place_design: Time (s): cpu = 00:01:34 ; elapsed = 00:00:41 . Memory (MB): peak = 3824.805 ; gain = 0.000 ; free physical = 2496 ; free virtual = 40536
## phys_opt_design -directive AddRetime
Command: phys_opt_design -directive AddRetime
Attempting to get a license for feature 'Implementation' and/or device 'xc7z020'
INFO: [Common 17-349] Got license for feature 'Implementation' and/or device 'xc7z020'
INFO: [Vivado_Tcl 4-137] Directive used for phys_opt_design is: AddRetime

Starting Initial Update Timing Task

Time (s): cpu = 00:00:05 ; elapsed = 00:00:01 . Memory (MB): peak = 3824.805 ; gain = 0.000 ; free physical = 2490 ; free virtual = 40531
INFO: [Vivado_Tcl 4-1435] PhysOpt_Tcl_Interface Runtime Before Starting Physical Synthesis Task | CPU: 4.82s |  WALL: 1.27s
Netlist sorting complete. Time (s): cpu = 00:00:00.01 ; elapsed = 00:00:00.01 . Memory (MB): peak = 3824.805 ; gain = 0.000 ; free physical = 2490 ; free virtual = 40531

Starting Physical Synthesis Task

Phase 1 Physical Synthesis Initialization
INFO: [Physopt 32-721] Multithreading enabled for phys_opt_design using a maximum of 8 CPUs
INFO: [Physopt 32-619] Estimated Timing Summary | WNS=-5.897 | TNS=-5006.856 |
Phase 1 Physical Synthesis Initialization | Checksum: 254a8443f

Time (s): cpu = 00:00:02 ; elapsed = 00:00:01 . Memory (MB): peak = 3824.805 ; gain = 0.000 ; free physical = 2485 ; free virtual = 40526
INFO: [Physopt 32-619] Estimated Timing Summary | WNS=-5.897 | TNS=-5006.856 |

Phase 2 DSP Register Optimization
INFO: [Physopt 32-456] No candidate cells for DSP register optimization found in the design.
INFO: [Physopt 32-775] End 2 Pass. Optimized 0 net or cell. Created 0 new cell, deleted 0 existing cell and moved 0 existing cell
Phase 2 DSP Register Optimization | Checksum: 254a8443f

Time (s): cpu = 00:00:02 ; elapsed = 00:00:01 . Memory (MB): peak = 3824.805 ; gain = 0.000 ; free physical = 2485 ; free virtual = 40526

Phase 3 Critical Path Optimization
INFO: [Physopt 32-619] Estimated Timing Summary | WNS=-5.897 | TNS=-5006.856 |
INFO: [Physopt 32-702] Processed net linienmodule_pid_int_reg_reg_n_0_[14]. Optimizations did not improve timing on the net.
INFO: [Physopt 32-702] Processed net clk_2. Optimizations did not improve timing on the net.
INFO: [Physopt 32-702] Processed net linienmodule_pid_int_reg_reg[42]_i_6_n_2. Optimizations did not improve timing on the net.
INFO: [Physopt 32-608] Optimized 1 net.  Swapped 11 pins.
INFO: [Physopt 32-735] Processed net linienmodule_pid_int_reg[42]_i_16_n_0. Optimization improves timing on the net.
INFO: [Physopt 32-619] Estimated Timing Summary | WNS=-5.873 | TNS=-5000.925 |
INFO: [Physopt 32-702] Processed net in4[15]. Optimizations did not improve timing on the net.
INFO: [Physopt 32-702] Processed net linienmodule_pid_int_reg_reg[42]_i_4_n_2. Optimizations did not improve timing on the net.
INFO: [Physopt 32-702] Processed net linienmodule_pid_int_reg[42]_i_10_n_0. Optimizations did not improve timing on the net.
INFO: [Physopt 32-702] Processed net linienmodule_pid_int_sum[41]. Optimizations did not improve timing on the net.
INFO: [Physopt 32-702] Processed net linienmodule_pid_int_reg_reg[39]_i_2_n_0. Optimizations did not improve timing on the net.
INFO: [Physopt 32-702] Processed net linienmodule_pid_int_reg_reg[35]_i_2_n_0. Optimizations did not improve timing on the net.
INFO: [Physopt 32-702] Processed net linienmodule_pid_int_reg_reg[31]_i_2_n_0. Optimizations did not improve timing on the net.
INFO: [Physopt 32-702] Processed net linienmodule_pid_int_reg_reg[27]_i_2_n_0. Optimizations did not improve timing on the net.
INFO: [Physopt 32-702] Processed net linienmodule_pid_int_reg_reg[23]_i_2_n_0. Optimizations did not improve timing on the net.
INFO: [Physopt 32-702] Processed net linienmodule_pid_int_reg_reg[17]_i_2_n_0. Optimizations did not improve timing on the net.
INFO: [Physopt 32-702] Processed net linienmodule_pid_int_reg_reg[15]_i_2_n_0. Optimizations did not improve timing on the net.
INFO: [Physopt 32-702] Processed net linienmodule_pid_int_reg_reg[11]_i_2_n_0. Optimizations did not improve timing on the net.
INFO: [Physopt 32-702] Processed net linienmodule_pid_int_reg_reg[7]_i_2_n_0. Optimizations did not improve timing on the net.
INFO: [Physopt 32-702] Processed net linienmodule_pid_int_reg_reg[3]_i_2_n_0. Optimizations did not improve timing on the net.
INFO: [Physopt 32-608] Optimized 1 net.  Swapped 13 pins.
INFO: [Physopt 32-735] Processed net linienmodule_pid_int_reg[3]_i_5_n_0. Optimization improves timing on the net.
INFO: [Physopt 32-619] Estimated Timing Summary | WNS=-5.756 | TNS=-4995.894 |
INFO: [Physopt 32-608] Optimized 1 net.  Swapped 13 pins.
INFO: [Physopt 32-735] Processed net linienmodule_pid_int_reg[7]_i_5_n_0. Optimization improves timing on the net.
INFO: [Physopt 32-619] Estimated Timing Summary | WNS=-5.656 | TNS=-4991.594 |
INFO: [Physopt 32-608] Optimized 1 net.  Swapped 13 pins.
INFO: [Physopt 32-735] Processed net linienmodule_pid_int_reg[3]_i_4_n_0. Optimization improves timing on the net.
INFO: [Physopt 32-619] Estimated Timing Summary | WNS=-5.653 | TNS=-4991.465 |
INFO: [Physopt 32-608] Optimized 1 net.  Swapped 13 pins.
INFO: [Physopt 32-735] Processed net linienmodule_pid_int_reg[3]_i_6_n_0. Optimization improves timing on the net.
INFO: [Physopt 32-619] Estimated Timing Summary | WNS=-5.648 | TNS=-4991.250 |
INFO: [Physopt 32-702] Processed net linienmodule_pid_int_reg[3]_i_5_n_0. Optimizations did not improve timing on the net.
INFO: [Physopt 32-702] Processed net linienmodule_pid_int_reg[33]_i_1_n_0. Optimizations did not improve timing on the net.
INFO: [Physopt 32-702] Processed net linienmodule_pid_error[25]. Optimizations did not improve timing on the net.
INFO: [Physopt 32-702] Processed net p_1_out__1_i_27_n_6. Optimizations did not improve timing on the net.
INFO: [Physopt 32-702] Processed net p_1_out__1_i_28_n_0. Optimizations did not improve timing on the net.
INFO: [Physopt 32-702] Processed net p_1_out__1_i_29_n_0. Optimizations did not improve timing on the net.
INFO: [Physopt 32-702] Processed net p_1_out__1_i_30_n_0. Optimizations did not improve timing on the net.
INFO: [Physopt 32-702] Processed net p_1_out__1_i_31_n_0. Optimizations did not improve timing on the net.
INFO: [Physopt 32-702] Processed net p_1_out__1_i_32_n_0. Optimizations did not improve timing on the net.
INFO: [Physopt 32-702] Processed net p_1_out__1_i_33_n_0. Optimizations did not improve timing on the net.
INFO: [Physopt 32-608] Optimized 1 net.  Swapped 22 pins.
INFO: [Physopt 32-735] Processed net p_1_out__1_i_82_n_0. Optimization improves timing on the net.
INFO: [Physopt 32-619] Estimated Timing Summary | WNS=-5.625 | TNS=-4989.272 |
INFO: [Physopt 32-608] Optimized 1 net.  Swapped 22 pins.
INFO: [Physopt 32-735] Processed net p_1_out__1_i_83_n_0. Optimization improves timing on the net.
INFO: [Physopt 32-619] Estimated Timing Summary | WNS=-5.521 | TNS=-4980.469 |
INFO: [Physopt 32-608] Optimized 1 net.  Swapped 22 pins.
INFO: [Physopt 32-735] Processed net p_1_out__1_i_74_n_0. Optimization improves timing on the net.
INFO: [Physopt 32-619] Estimated Timing Summary | WNS=-5.498 | TNS=-4978.537 |
INFO: [Physopt 32-608] Optimized 1 net.  Swapped 22 pins.
INFO: [Physopt 32-735] Processed net p_1_out__1_i_75_n_0. Optimization improves timing on the net.
INFO: [Physopt 32-619] Estimated Timing Summary | WNS=-5.485 | TNS=-4977.445 |
INFO: [Physopt 32-608] Optimized 1 net.  Swapped 22 pins.
INFO: [Physopt 32-735] Processed net p_1_out__1_i_81_n_0. Optimization improves timing on the net.
INFO: [Physopt 32-619] Estimated Timing Summary | WNS=-5.483 | TNS=-4977.277 |
INFO: [Physopt 32-608] Optimized 1 net.  Swapped 22 pins.
INFO: [Physopt 32-735] Processed net p_1_out__1_i_80_n_0. Optimization improves timing on the net.
INFO: [Physopt 32-619] Estimated Timing Summary | WNS=-5.474 | TNS=-4976.521 |
INFO: [Physopt 32-702] Processed net p_1_out__1_i_75_n_0. Optimizations did not improve timing on the net.
INFO: [Physopt 32-702] Processed net p_1_out__1_n_101. Optimizations did not improve timing on the net.
INFO: [Physopt 32-663] Processed net linienmodule_limit_error_signal_limitcsr_y[4].  Re-placed instance linienmodule_limit_error_signal_limitcsr_y_reg[4]
INFO: [Physopt 32-735] Processed net linienmodule_limit_error_signal_limitcsr_y[4]. Optimization improves timing on the net.
INFO: [Physopt 32-619] Estimated Timing Summary | WNS=-5.467 | TNS=-4975.857 |
INFO: [Physopt 32-81] Processed net linienmodule_limit_error_signal_limitcsr_y[4]. Replicated 1 times.
INFO: [Physopt 32-735] Processed net linienmodule_limit_error_signal_limitcsr_y[4]. Optimization improves timing on the net.
INFO: [Physopt 32-619] Estimated Timing Summary | WNS=-5.442 | TNS=-4980.839 |
INFO: [Physopt 32-702] Processed net linienmodule_limit_error_signal_limitcsr_y[4]_repN. Optimizations did not improve timing on the net.
INFO: [Physopt 32-702] Processed net in4[15]. Optimizations did not improve timing on the net.
INFO: [Physopt 32-702] Processed net clk_2. Optimizations did not improve timing on the net.
INFO: [Physopt 32-702] Processed net linienmodule_pid_int_reg_reg[42]_i_4_n_2. Optimizations did not improve timing on the net.
INFO: [Physopt 32-702] Processed net linienmodule_pid_int_reg[42]_i_10_n_0. Optimizations did not improve timing on the net.
INFO: [Physopt 32-702] Processed net linienmodule_pid_int_sum[41]. Optimizations did not improve timing on the net.
INFO: [Physopt 32-702] Processed net linienmodule_pid_int_reg[3]_i_5_n_0. Optimizations did not improve timing on the net.
INFO: [Physopt 32-702] Processed net linienmodule_pid_int_reg[33]_i_1_n_0. Optimizations did not improve timing on the net.
INFO: [Physopt 32-702] Processed net linienmodule_pid_error[25]. Optimizations did not improve timing on the net.
INFO: [Physopt 32-702] Processed net p_1_out__1_i_27_n_6. Optimizations did not improve timing on the net.
INFO: [Physopt 32-702] Processed net p_1_out__1_i_75_n_0. Optimizations did not improve timing on the net.
INFO: [Physopt 32-702] Processed net p_1_out__1_n_101. Optimizations did not improve timing on the net.
INFO: [Physopt 32-702] Processed net linienmodule_limit_error_signal_limitcsr_y[4]_repN. Optimizations did not improve timing on the net.
INFO: [Physopt 32-619] Estimated Timing Summary | WNS=-5.442 | TNS=-4980.839 |
Netlist sorting complete. Time (s): cpu = 00:00:00.1 ; elapsed = 00:00:00.1 . Memory (MB): peak = 3824.805 ; gain = 0.000 ; free physical = 2474 ; free virtual = 40515
Phase 3 Critical Path Optimization | Checksum: 254a8443f

Time (s): cpu = 00:00:05 ; elapsed = 00:00:03 . Memory (MB): peak = 3824.805 ; gain = 0.000 ; free physical = 2474 ; free virtual = 40515

Phase 4 Critical Path Optimization
INFO: [Physopt 32-619] Estimated Timing Summary | WNS=-5.442 | TNS=-4980.839 |
INFO: [Physopt 32-702] Processed net in4[15]. Optimizations did not improve timing on the net.
INFO: [Physopt 32-702] Processed net clk_2. Optimizations did not improve timing on the net.
INFO: [Physopt 32-702] Processed net linienmodule_pid_int_reg_reg[42]_i_4_n_2. Optimizations did not improve timing on the net.
INFO: [Physopt 32-702] Processed net linienmodule_pid_int_reg[42]_i_10_n_0. Optimizations did not improve timing on the net.
INFO: [Physopt 32-702] Processed net linienmodule_pid_int_sum[41]. Optimizations did not improve timing on the net.
INFO: [Physopt 32-702] Processed net linienmodule_pid_int_reg_reg[39]_i_2_n_0. Optimizations did not improve timing on the net.
INFO: [Physopt 32-702] Processed net linienmodule_pid_int_reg_reg[35]_i_2_n_0. Optimizations did not improve timing on the net.
INFO: [Physopt 32-702] Processed net linienmodule_pid_int_reg_reg[31]_i_2_n_0. Optimizations did not improve timing on the net.
INFO: [Physopt 32-702] Processed net linienmodule_pid_int_reg_reg[27]_i_2_n_0. Optimizations did not improve timing on the net.
INFO: [Physopt 32-702] Processed net linienmodule_pid_int_reg_reg[23]_i_2_n_0. Optimizations did not improve timing on the net.
INFO: [Physopt 32-702] Processed net linienmodule_pid_int_reg_reg[17]_i_2_n_0. Optimizations did not improve timing on the net.
INFO: [Physopt 32-702] Processed net linienmodule_pid_int_reg_reg[15]_i_2_n_0. Optimizations did not improve timing on the net.
INFO: [Physopt 32-702] Processed net linienmodule_pid_int_reg_reg[11]_i_2_n_0. Optimizations did not improve timing on the net.
INFO: [Physopt 32-702] Processed net linienmodule_pid_int_reg_reg[7]_i_2_n_0. Optimizations did not improve timing on the net.
INFO: [Physopt 32-702] Processed net linienmodule_pid_int_reg_reg[3]_i_2_n_0. Optimizations did not improve timing on the net.
INFO: [Physopt 32-702] Processed net linienmodule_pid_int_reg[3]_i_5_n_0. Optimizations did not improve timing on the net.
INFO: [Physopt 32-702] Processed net linienmodule_pid_int_reg[33]_i_1_n_0. Optimizations did not improve timing on the net.
INFO: [Physopt 32-702] Processed net linienmodule_pid_error[25]. Optimizations did not improve timing on the net.
INFO: [Physopt 32-702] Processed net p_1_out__1_i_27_n_6. Optimizations did not improve timing on the net.
INFO: [Physopt 32-702] Processed net p_1_out__1_i_28_n_0. Optimizations did not improve timing on the net.
INFO: [Physopt 32-702] Processed net p_1_out__1_i_29_n_0. Optimizations did not improve timing on the net.
INFO: [Physopt 32-702] Processed net p_1_out__1_i_30_n_0. Optimizations did not improve timing on the net.
INFO: [Physopt 32-702] Processed net p_1_out__1_i_31_n_0. Optimizations did not improve timing on the net.
INFO: [Physopt 32-702] Processed net p_1_out__1_i_32_n_0. Optimizations did not improve timing on the net.
INFO: [Physopt 32-702] Processed net p_1_out__1_i_75_n_0. Optimizations did not improve timing on the net.
INFO: [Physopt 32-702] Processed net p_1_out__1_n_101. Optimizations did not improve timing on the net.
INFO: [Physopt 32-702] Processed net linienmodule_limit_error_signal_limitcsr_y[4]_repN. Optimizations did not improve timing on the net.
INFO: [Physopt 32-702] Processed net in4[15]. Optimizations did not improve timing on the net.
INFO: [Physopt 32-702] Processed net clk_2. Optimizations did not improve timing on the net.
INFO: [Physopt 32-702] Processed net linienmodule_pid_int_reg_reg[42]_i_4_n_2. Optimizations did not improve timing on the net.
INFO: [Physopt 32-702] Processed net linienmodule_pid_int_reg[42]_i_10_n_0. Optimizations did not improve timing on the net.
INFO: [Physopt 32-702] Processed net linienmodule_pid_int_sum[41]. Optimizations did not improve timing on the net.
INFO: [Physopt 32-702] Processed net linienmodule_pid_int_reg[3]_i_5_n_0. Optimizations did not improve timing on the net.
INFO: [Physopt 32-702] Processed net linienmodule_pid_int_reg[33]_i_1_n_0. Optimizations did not improve timing on the net.
INFO: [Physopt 32-702] Processed net linienmodule_pid_error[25]. Optimizations did not improve timing on the net.
INFO: [Physopt 32-702] Processed net p_1_out__1_i_27_n_6. Optimizations did not improve timing on the net.
INFO: [Physopt 32-702] Processed net p_1_out__1_i_75_n_0. Optimizations did not improve timing on the net.
INFO: [Physopt 32-702] Processed net p_1_out__1_n_101. Optimizations did not improve timing on the net.
INFO: [Physopt 32-702] Processed net linienmodule_limit_error_signal_limitcsr_y[4]_repN. Optimizations did not improve timing on the net.
INFO: [Physopt 32-619] Estimated Timing Summary | WNS=-5.442 | TNS=-4980.839 |
Netlist sorting complete. Time (s): cpu = 00:00:00.07 ; elapsed = 00:00:00.06 . Memory (MB): peak = 3824.805 ; gain = 0.000 ; free physical = 2474 ; free virtual = 40515
Phase 4 Critical Path Optimization | Checksum: 254a8443f

Time (s): cpu = 00:00:07 ; elapsed = 00:00:04 . Memory (MB): peak = 3824.805 ; gain = 0.000 ; free physical = 2474 ; free virtual = 40515
Netlist sorting complete. Time (s): cpu = 00:00:00 ; elapsed = 00:00:00.01 . Memory (MB): peak = 3824.805 ; gain = 0.000 ; free physical = 2474 ; free virtual = 40515
INFO: [Physopt 32-603] Post Physical Optimization Timing Summary | WNS=-5.442 | TNS=-4980.839 |

Summary of Physical Synthesis Optimizations
============================================


-------------------------------------------------------------------------------------------------------------------------------------------------------------
|  Optimization   |  WNS Gain (ns)  |  TNS Gain (ns)  |  Added Cells  |  Removed Cells  |  Optimized Cells/Nets  |  Dont Touch  |  Iterations  |  Elapsed   |
-------------------------------------------------------------------------------------------------------------------------------------------------------------
|  DSP Register   |          0.000  |          0.000  |            0  |              0  |                     0  |           0  |           1  |  00:00:00  |
|  Critical Path  |          0.455  |         26.017  |            1  |              0  |                    13  |           0  |           2  |  00:00:02  |
|  Total          |          0.455  |         26.017  |            1  |              0  |                    13  |           0  |           3  |  00:00:02  |
-------------------------------------------------------------------------------------------------------------------------------------------------------------


Netlist sorting complete. Time (s): cpu = 00:00:00 ; elapsed = 00:00:00 . Memory (MB): peak = 3824.805 ; gain = 0.000 ; free physical = 2474 ; free virtual = 40515
Ending Physical Synthesis Task | Checksum: 19bc947b3

Time (s): cpu = 00:00:08 ; elapsed = 00:00:04 . Memory (MB): peak = 3824.805 ; gain = 0.000 ; free physical = 2474 ; free virtual = 40515
INFO: [Common 17-83] Releasing license: Implementation
134 Infos, 0 Warnings, 0 Critical Warnings and 0 Errors encountered.
phys_opt_design completed successfully
phys_opt_design: Time (s): cpu = 00:00:12 ; elapsed = 00:00:05 . Memory (MB): peak = 3824.805 ; gain = 0.000 ; free physical = 2474 ; free virtual = 40515
## report_utilization -hierarchical -file top_utilization_hierarchical_place.rpt
## report_utilization -file top_utilization_place.rpt
## report_io -file top_io.rpt
report_io: Time (s): cpu = 00:00:00.08 ; elapsed = 00:00:00.13 . Memory (MB): peak = 3824.805 ; gain = 0.000 ; free physical = 2467 ; free virtual = 40507
## report_control_sets -verbose -file top_control_sets.rpt
report_control_sets: Time (s): cpu = 00:00:00.1 ; elapsed = 00:00:00.15 . Memory (MB): peak = 3824.805 ; gain = 0.000 ; free physical = 2464 ; free virtual = 40504
## report_clock_utilization -file top_clock_utilization.rpt
## route_design
Command: route_design
Attempting to get a license for feature 'Implementation' and/or device 'xc7z020'
INFO: [Common 17-349] Got license for feature 'Implementation' and/or device 'xc7z020'
INFO: [DRC 23-27] Running DRC with 8 threads
INFO: [Vivado_Tcl 4-198] DRC finished with 0 Errors
INFO: [Vivado_Tcl 4-199] Please refer to the DRC report (report_drc) for more information.


Starting Routing Task
INFO: [Route 35-254] Multithreading enabled for route_design using a maximum of 8 CPUs

Phase 1 Build RT Design
Checksum: PlaceDB: 3c23da99 ConstDB: 0 ShapeSum: fe3372a8 RouteDB: 15f972f0
Post Restoration Checksum: NetGraph: dce4b362 | NumContArr: 81f1755 | Constraints: c2a8fa9d | Timing: c2a8fa9d
Phase 1 Build RT Design | Checksum: 26a55bff1

Time (s): cpu = 00:00:18 ; elapsed = 00:00:10 . Memory (MB): peak = 3824.805 ; gain = 0.000 ; free physical = 2506 ; free virtual = 40541

Phase 2 Router Initialization

Phase 2.1 Fix Topology Constraints
Phase 2.1 Fix Topology Constraints | Checksum: 26a55bff1

Time (s): cpu = 00:00:18 ; elapsed = 00:00:10 . Memory (MB): peak = 3824.805 ; gain = 0.000 ; free physical = 2505 ; free virtual = 40540

Phase 2.2 Pre Route Cleanup
Phase 2.2 Pre Route Cleanup | Checksum: 26a55bff1

Time (s): cpu = 00:00:18 ; elapsed = 00:00:10 . Memory (MB): peak = 3824.805 ; gain = 0.000 ; free physical = 2505 ; free virtual = 40540
 Number of Nodes with overlaps = 0

Phase 2.3 Update Timing
Phase 2.3 Update Timing | Checksum: 28e1cfe67

Time (s): cpu = 00:00:27 ; elapsed = 00:00:13 . Memory (MB): peak = 3824.805 ; gain = 0.000 ; free physical = 2493 ; free virtual = 40528
INFO: [Route 35-416] Intermediate Timing Summary | WNS=-5.380 | TNS=-5038.710| WHS=-1.159 | THS=-678.508|


Phase 2.4 Soft Constraint Pins - Fast Budgeting
Phase 2.4 Soft Constraint Pins - Fast Budgeting | Checksum: 2c77fa574

Time (s): cpu = 00:00:29 ; elapsed = 00:00:14 . Memory (MB): peak = 3824.805 ; gain = 0.000 ; free physical = 2499 ; free virtual = 40534

Router Utilization Summary
  Global Vertical Routing Utilization    = 0.00419385 %
  Global Horizontal Routing Utilization  = 0.0010142 %
  Routable Net Status*
  *Does not include unroutable nets such as driverless and loadless.
  Run report_route_status for detailed report.
  Number of Failed Nets               = 24221
    (Failed Nets is the sum of unrouted and partially routed nets)
  Number of Unrouted Nets             = 24220
  Number of Partially Routed Nets     = 1
  Number of Node Overlaps             = 0

Phase 2 Router Initialization | Checksum: 2826fdbfe

Time (s): cpu = 00:00:30 ; elapsed = 00:00:14 . Memory (MB): peak = 3824.805 ; gain = 0.000 ; free physical = 2499 ; free virtual = 40534

Phase 3 Global Routing
Phase 3 Global Routing | Checksum: 2826fdbfe

Time (s): cpu = 00:00:30 ; elapsed = 00:00:14 . Memory (MB): peak = 3824.805 ; gain = 0.000 ; free physical = 2499 ; free virtual = 40534

Phase 4 Initial Routing

Phase 4.1 Initial Net Routing Pass
Phase 4.1 Initial Net Routing Pass | Checksum: 1cdc85b9b

Time (s): cpu = 00:00:34 ; elapsed = 00:00:15 . Memory (MB): peak = 3824.805 ; gain = 0.000 ; free physical = 2501 ; free virtual = 40536
Phase 4 Initial Routing | Checksum: 1cdc85b9b

Time (s): cpu = 00:00:34 ; elapsed = 00:00:15 . Memory (MB): peak = 3824.805 ; gain = 0.000 ; free physical = 2501 ; free virtual = 40536
INFO: [Route 35-580] Design has 312 pins with tight setup and hold constraints.

The top 5 pins with tight setup and hold constraints:

+====================+===================+===============================================================+
| Launch Setup Clock | Launch Hold Clock | Pin                                                           |
+====================+===================+===============================================================+
| clk_2              | clk_2             | linienmodule_autolock_robust_current_instruction_idx_reg[2]/D |
| clk_2              | clk_2             | linienmodule_autolock_robust_current_instruction_idx_reg[0]/D |
| clk_2              | clk_2             | linienmodule_autolock_robust_current_instruction_idx_reg[1]/D |
| clk_2              | clk_2             | linienmodule_state_status_reg[12]/D                           |
| clk_2              | clk_2             | linienmodule_fast_b_limitcsr1_limitcsr1_y1_reg[11]/D          |
+--------------------+-------------------+---------------------------------------------------------------+

File with complete list of pins: tight_setup_hold_pins.txt


Phase 5 Rip-up And Reroute

Phase 5.1 Global Iteration 0
 Number of Nodes with overlaps = 1882
 Number of Nodes with overlaps = 170
 Number of Nodes with overlaps = 40
 Number of Nodes with overlaps = 9
 Number of Nodes with overlaps = 2
 Number of Nodes with overlaps = 0
INFO: [Route 35-416] Intermediate Timing Summary | WNS=-6.006 | TNS=-10713.690| WHS=N/A    | THS=N/A    |

Phase 5.1 Global Iteration 0 | Checksum: 230f60996

Time (s): cpu = 00:00:44 ; elapsed = 00:00:20 . Memory (MB): peak = 3824.805 ; gain = 0.000 ; free physical = 2543 ; free virtual = 40577

Phase 5.2 Global Iteration 1
 Number of Nodes with overlaps = 6
 Number of Nodes with overlaps = 6
 Number of Nodes with overlaps = 4
 Number of Nodes with overlaps = 1
 Number of Nodes with overlaps = 0
INFO: [Route 35-416] Intermediate Timing Summary | WNS=-5.861 | TNS=-10542.583| WHS=N/A    | THS=N/A    |

Phase 5.2 Global Iteration 1 | Checksum: 2574dce5b

Time (s): cpu = 00:00:47 ; elapsed = 00:00:21 . Memory (MB): peak = 3824.805 ; gain = 0.000 ; free physical = 2545 ; free virtual = 40579

Phase 5.3 Global Iteration 2
 Number of Nodes with overlaps = 2
 Number of Nodes with overlaps = 14
 Number of Nodes with overlaps = 3
 Number of Nodes with overlaps = 4
 Number of Nodes with overlaps = 1
 Number of Nodes with overlaps = 0
INFO: [Route 35-416] Intermediate Timing Summary | WNS=-5.914 | TNS=-10522.917| WHS=N/A    | THS=N/A    |

Phase 5.3 Global Iteration 2 | Checksum: 200f9dc7b

Time (s): cpu = 00:00:48 ; elapsed = 00:00:22 . Memory (MB): peak = 3824.805 ; gain = 0.000 ; free physical = 2547 ; free virtual = 40581
Phase 5 Rip-up And Reroute | Checksum: 200f9dc7b

Time (s): cpu = 00:00:48 ; elapsed = 00:00:22 . Memory (MB): peak = 3824.805 ; gain = 0.000 ; free physical = 2547 ; free virtual = 40581

Phase 6 Delay and Skew Optimization

Phase 6.1 Delay CleanUp

Phase 6.1.1 Update Timing
Phase 6.1.1 Update Timing | Checksum: 1e4d48e73

Time (s): cpu = 00:00:49 ; elapsed = 00:00:22 . Memory (MB): peak = 3824.805 ; gain = 0.000 ; free physical = 2547 ; free virtual = 40581
INFO: [Route 35-416] Intermediate Timing Summary | WNS=-5.746 | TNS=-10129.266| WHS=N/A    | THS=N/A    |

 Number of Nodes with overlaps = 0
Phase 6.1 Delay CleanUp | Checksum: 28561db11

Time (s): cpu = 00:00:50 ; elapsed = 00:00:23 . Memory (MB): peak = 3824.805 ; gain = 0.000 ; free physical = 2548 ; free virtual = 40582

Phase 6.2 Clock Skew Optimization
Phase 6.2 Clock Skew Optimization | Checksum: 28561db11

Time (s): cpu = 00:00:50 ; elapsed = 00:00:23 . Memory (MB): peak = 3824.805 ; gain = 0.000 ; free physical = 2548 ; free virtual = 40582
Phase 6 Delay and Skew Optimization | Checksum: 28561db11

Time (s): cpu = 00:00:50 ; elapsed = 00:00:23 . Memory (MB): peak = 3824.805 ; gain = 0.000 ; free physical = 2548 ; free virtual = 40582

Phase 7 Post Hold Fix

Phase 7.1 Hold Fix Iter
INFO: [Route 35-416] Intermediate Timing Summary | WNS=-5.730 | TNS=-10019.594| WHS=0.014  | THS=0.000  |

Phase 7.1 Hold Fix Iter | Checksum: 2851bd0f8

Time (s): cpu = 00:00:51 ; elapsed = 00:00:23 . Memory (MB): peak = 3824.805 ; gain = 0.000 ; free physical = 2556 ; free virtual = 40590
Phase 7 Post Hold Fix | Checksum: 2851bd0f8

Time (s): cpu = 00:00:51 ; elapsed = 00:00:23 . Memory (MB): peak = 3824.805 ; gain = 0.000 ; free physical = 2556 ; free virtual = 40590

Phase 8 Route finalize

Router Utilization Summary
  Global Vertical Routing Utilization    = 7.07694 %
  Global Horizontal Routing Utilization  = 8.92022 %
  Routable Net Status*
  *Does not include unroutable nets such as driverless and loadless.
  Run report_route_status for detailed report.
  Number of Failed Nets               = 0
    (Failed Nets is the sum of unrouted and partially routed nets)
  Number of Unrouted Nets             = 0
  Number of Partially Routed Nets     = 0
  Number of Node Overlaps             = 0


--GLOBAL Congestion:
Utilization threshold used for congestion level computation: 0.85
Congestion Report
North Dir 1x1 Area, Max Cong = 69.3694%, No Congested Regions.
South Dir 1x1 Area, Max Cong = 64.8649%, No Congested Regions.
East Dir 1x1 Area, Max Cong = 77.9412%, No Congested Regions.
West Dir 1x1 Area, Max Cong = 83.8235%, No Congested Regions.

------------------------------
Reporting congestion hotspots
------------------------------
Direction: North
----------------
Congested clusters found at Level 0
Effective congestion level: 0 Aspect Ratio: 1 Sparse Ratio: 0
Direction: South
----------------
Congested clusters found at Level 0
Effective congestion level: 0 Aspect Ratio: 1 Sparse Ratio: 0
Direction: East
----------------
Congested clusters found at Level 0
Effective congestion level: 0 Aspect Ratio: 1 Sparse Ratio: 0
Direction: West
----------------
Congested clusters found at Level 0
Effective congestion level: 0 Aspect Ratio: 1 Sparse Ratio: 0

Phase 8 Route finalize | Checksum: 2851bd0f8

Time (s): cpu = 00:00:51 ; elapsed = 00:00:23 . Memory (MB): peak = 3824.805 ; gain = 0.000 ; free physical = 2556 ; free virtual = 40590

Phase 9 Verifying routed nets

 Verification completed successfully
Phase 9 Verifying routed nets | Checksum: 2851bd0f8

Time (s): cpu = 00:00:51 ; elapsed = 00:00:23 . Memory (MB): peak = 3824.805 ; gain = 0.000 ; free physical = 2556 ; free virtual = 40590

Phase 10 Depositing Routes
Phase 10 Depositing Routes | Checksum: 28fa1abe9

Time (s): cpu = 00:00:52 ; elapsed = 00:00:24 . Memory (MB): peak = 3824.805 ; gain = 0.000 ; free physical = 2558 ; free virtual = 40592

Phase 11 Post Process Routing
Phase 11 Post Process Routing | Checksum: 28fa1abe9

Time (s): cpu = 00:00:53 ; elapsed = 00:00:24 . Memory (MB): peak = 3824.805 ; gain = 0.000 ; free physical = 2558 ; free virtual = 40592

Phase 12 Post Router Timing
INFO: [Route 35-57] Estimated Timing Summary | WNS=-5.730 | TNS=-10019.594| WHS=0.014  | THS=0.000  |

WARNING: [Route 35-328] Router estimated timing not met.
Resolution: For a complete and accurate timing signoff, report_timing_summary must be run after route_design. Alternatively, route_design can be run with the -timing_summary option to enable a complete timing signoff at the end of route_design.
Phase 12 Post Router Timing | Checksum: 28fa1abe9

Time (s): cpu = 00:00:53 ; elapsed = 00:00:24 . Memory (MB): peak = 3824.805 ; gain = 0.000 ; free physical = 2558 ; free virtual = 40592
Total Elapsed time in route_design: 23.9 secs

Phase 13 Post-Route Event Processing
Phase 13 Post-Route Event Processing | Checksum: 1be1c6921

Time (s): cpu = 00:00:53 ; elapsed = 00:00:24 . Memory (MB): peak = 3824.805 ; gain = 0.000 ; free physical = 2558 ; free virtual = 40592
INFO: [Route 35-16] Router Completed Successfully
Ending Routing Task | Checksum: 1be1c6921

Time (s): cpu = 00:00:53 ; elapsed = 00:00:24 . Memory (MB): peak = 3824.805 ; gain = 0.000 ; free physical = 2558 ; free virtual = 40592

Routing Is Done.
INFO: [Common 17-83] Releasing license: Implementation
15 Infos, 1 Warnings, 0 Critical Warnings and 0 Errors encountered.
route_design completed successfully
route_design: Time (s): cpu = 00:00:54 ; elapsed = 00:00:24 . Memory (MB): peak = 3824.805 ; gain = 0.000 ; free physical = 2558 ; free virtual = 40592
## phys_opt_design
Command: phys_opt_design
Attempting to get a license for feature 'Implementation' and/or device 'xc7z020'
INFO: [Common 17-349] Got license for feature 'Implementation' and/or device 'xc7z020'
INFO: [Vivado_Tcl 4-241] Physical synthesis in post route mode 

Starting Initial Update Timing Task

Time (s): cpu = 00:00:04 ; elapsed = 00:00:01 . Memory (MB): peak = 3824.805 ; gain = 0.000 ; free physical = 2558 ; free virtual = 40592
INFO: [Vivado_Tcl 4-1435] PhysOpt_Tcl_Interface Runtime Before Starting Physical Synthesis Task | CPU: 5.79s |  WALL: 1.61s
INFO: [DRC 23-27] Running DRC with 8 threads
INFO: [Vivado_Tcl 4-198] DRC finished with 0 Errors
INFO: [Vivado_Tcl 4-199] Please refer to the DRC report (report_drc) for more information.
Netlist sorting complete. Time (s): cpu = 00:00:00 ; elapsed = 00:00:00.01 . Memory (MB): peak = 3824.805 ; gain = 0.000 ; free physical = 2558 ; free virtual = 40592

Starting Physical Synthesis Task

Phase 1 Physical Synthesis Initialization
INFO: [Physopt 32-721] Multithreading enabled for phys_opt_design using a maximum of 8 CPUs
INFO: [Physopt 32-668] Current Timing Summary | WNS=-5.727 | TNS=-10010.741 | WHS=0.014 | THS=0.000 |
Phase 1 Physical Synthesis Initialization | Checksum: 143e1679f

Time (s): cpu = 00:00:02 ; elapsed = 00:00:01 . Memory (MB): peak = 3824.805 ; gain = 0.000 ; free physical = 2559 ; free virtual = 40593
WARNING: [Physopt 32-745] Physical Optimization has determined that the magnitude of the negative slack is too large and it is highly unlikely that slack will be improved. Post-Route Physical Optimization is most effective when WNS is above -0.5ns

Phase 2 Critical Path Optimization
INFO: [Physopt 32-668] Current Timing Summary | WNS=-5.727 | TNS=-10010.741 | WHS=0.014 | THS=0.000 |
INFO: [Physopt 32-953] Path group WNS did not improve. Path group: clk_2. Processed net: in4[15].
INFO: [Physopt 32-953] Path group WNS did not improve. Path group: clk_2. Processed net: clk_2.
INFO: [Physopt 32-953] Path group WNS did not improve. Path group: clk_2. Processed net: linienmodule_pid_int_reg_reg[42]_i_4_n_2.
INFO: [Physopt 32-953] Path group WNS did not improve. Path group: clk_2. Processed net: linienmodule_pid_int_reg[42]_i_9_n_0.
INFO: [Physopt 32-953] Path group WNS did not improve. Path group: clk_2. Processed net: linienmodule_pid_int_sum[42].
INFO: [Physopt 32-953] Path group WNS did not improve. Path group: clk_2. Processed net: linienmodule_pid_int_reg[3]_i_5_n_0.
INFO: [Physopt 32-953] Path group WNS did not improve. Path group: clk_2. Processed net: linienmodule_pid_int_reg[33]_i_1_n_0.
INFO: [Physopt 32-953] Path group WNS did not improve. Path group: clk_2. Processed net: linienmodule_pid_error[25].
INFO: [Physopt 32-953] Path group WNS did not improve. Path group: clk_2. Processed net: p_1_out__1_i_27_n_6.
INFO: [Physopt 32-953] Path group WNS did not improve. Path group: clk_2. Processed net: p_1_out__1_i_74_n_0.
INFO: [Physopt 32-953] Path group WNS did not improve. Path group: clk_2. Processed net: p_1_out__1_n_101.
INFO: [Physopt 32-953] Path group WNS did not improve. Path group: clk_2. Processed net: linienmodule_pid_setpoint_storage_full_reg_n_0_[5].
INFO: [Physopt 32-953] Path group WNS did not improve. Path group: clk_2. Processed net: in4[15].
INFO: [Physopt 32-953] Path group WNS did not improve. Path group: clk_2. Processed net: clk_2.
INFO: [Physopt 32-953] Path group WNS did not improve. Path group: clk_2. Processed net: linienmodule_pid_int_reg_reg[42]_i_4_n_2.
INFO: [Physopt 32-953] Path group WNS did not improve. Path group: clk_2. Processed net: linienmodule_pid_int_reg[42]_i_9_n_0.
INFO: [Physopt 32-953] Path group WNS did not improve. Path group: clk_2. Processed net: linienmodule_pid_int_sum[42].
INFO: [Physopt 32-953] Path group WNS did not improve. Path group: clk_2. Processed net: linienmodule_pid_int_reg[3]_i_5_n_0.
INFO: [Physopt 32-953] Path group WNS did not improve. Path group: clk_2. Processed net: linienmodule_pid_int_reg[33]_i_1_n_0.
INFO: [Physopt 32-953] Path group WNS did not improve. Path group: clk_2. Processed net: linienmodule_pid_error[25].
INFO: [Physopt 32-953] Path group WNS did not improve. Path group: clk_2. Processed net: p_1_out__1_i_27_n_6.
INFO: [Physopt 32-953] Path group WNS did not improve. Path group: clk_2. Processed net: p_1_out__1_i_74_n_0.
INFO: [Physopt 32-953] Path group WNS did not improve. Path group: clk_2. Processed net: p_1_out__1_n_101.
INFO: [Physopt 32-953] Path group WNS did not improve. Path group: clk_2. Processed net: linienmodule_pid_setpoint_storage_full_reg_n_0_[5].
INFO: [Physopt 32-668] Current Timing Summary | WNS=-5.727 | TNS=-10010.741 | WHS=0.014 | THS=0.000 |
Netlist sorting complete. Time (s): cpu = 00:00:00.09 ; elapsed = 00:00:00.09 . Memory (MB): peak = 3824.805 ; gain = 0.000 ; free physical = 2611 ; free virtual = 40635
Phase 2 Critical Path Optimization | Checksum: 143e1679f

Time (s): cpu = 00:00:26 ; elapsed = 00:00:12 . Memory (MB): peak = 3824.805 ; gain = 0.000 ; free physical = 2611 ; free virtual = 40635
Netlist sorting complete. Time (s): cpu = 00:00:00.01 ; elapsed = 00:00:00 . Memory (MB): peak = 3824.805 ; gain = 0.000 ; free physical = 2611 ; free virtual = 40635
INFO: [Physopt 32-669] Post Physical Optimization Timing Summary | WNS=-5.727 | TNS=-10010.741 | WHS=0.014 | THS=0.000 |

Summary of Physical Synthesis Optimizations
============================================


-------------------------------------------------------------------------------------------------------------------------------------------------------------
|  Optimization   |  WNS Gain (ns)  |  TNS Gain (ns)  |  Added Cells  |  Removed Cells  |  Optimized Cells/Nets  |  Dont Touch  |  Iterations  |  Elapsed   |
-------------------------------------------------------------------------------------------------------------------------------------------------------------
|  Critical Path  |          0.000  |          0.000  |            0  |              0  |                     0  |           0  |           1  |  00:00:11  |
-------------------------------------------------------------------------------------------------------------------------------------------------------------


Netlist sorting complete. Time (s): cpu = 00:00:00.01 ; elapsed = 00:00:00.01 . Memory (MB): peak = 3824.805 ; gain = 0.000 ; free physical = 2612 ; free virtual = 40636
Ending Physical Synthesis Task | Checksum: 143e1679f

Time (s): cpu = 00:00:27 ; elapsed = 00:00:12 . Memory (MB): peak = 3824.805 ; gain = 0.000 ; free physical = 2612 ; free virtual = 40635
INFO: [Common 17-83] Releasing license: Implementation
36 Infos, 1 Warnings, 0 Critical Warnings and 0 Errors encountered.
phys_opt_design completed successfully
phys_opt_design: Time (s): cpu = 00:00:33 ; elapsed = 00:00:14 . Memory (MB): peak = 3824.805 ; gain = 0.000 ; free physical = 2611 ; free virtual = 40635
## report_timing_summary -no_header -no_detailed_paths
INFO: [Timing 38-91] UpdateTimingParams: Speed grade: -1, Delay Type: min_max.
INFO: [Timing 38-191] Multithreading enabled for timing update using a maximum of 8 CPUs
------------------------------------------------------------------------------------------------
| Timer Settings
| --------------
------------------------------------------------------------------------------------------------

  Enable Multi Corner Analysis               :  Yes
  Enable Pessimism Removal                   :  Yes
  Pessimism Removal Resolution               :  Nearest Common Node
  Enable Input Delay Default Clock           :  No
  Enable Preset / Clear Arcs                 :  No
  Disable Flight Delays                      :  No
  Ignore I/O Paths                           :  No
  Timing Early Launch at Borrowing Latches   :  No
  Borrow Time for Max Delay Exceptions       :  Yes
  Merge Timing Exceptions                    :  Yes
  Inter-SLR Compensation                     :  Conservative

  Corner  Analyze    Analyze    
  Name    Max Paths  Min Paths  
  ------  ---------  ---------  
  Slow    Yes        Yes        
  Fast    Yes        Yes        


------------------------------------------------------------------------------------------------
| Report Methodology
| ------------------
------------------------------------------------------------------------------------------------

No report available as report_methodology has not been run prior. Run report_methodology on the current design for the summary of methodology violations.



check_timing report

Table of Contents
-----------------
1. checking no_clock (172)
2. checking constant_clock (0)
3. checking pulse_width_clock (0)
4. checking unconstrained_internal_endpoints (280)
5. checking no_input_delay (44)
6. checking no_output_delay (44)
7. checking multiple_clock (0)
8. checking generated_clocks (0)
9. checking loops (0)
10. checking partial_input_delay (0)
11. checking partial_output_delay (0)
12. checking latch_loops (0)

1. checking no_clock (172)
--------------------------
 There are 171 register/latch pins with no clock driven by root clock pin: linienmodule_decimate_output_reg/Q (HIGH)

 There is 1 register/latch pin with no clock driven by root clock pin: linienmodule_dna_cnt_reg[0]/Q (HIGH)


2. checking constant_clock (0)
------------------------------
 There are 0 register/latch pins with constant_clock.


3. checking pulse_width_clock (0)
---------------------------------
 There are 0 register/latch pins which need pulse_width check


4. checking unconstrained_internal_endpoints (280)
--------------------------------------------------
 There are 280 pins that are not constrained for maximum delay. (HIGH)

 There are 0 pins that are not constrained for maximum delay due to constant clock.


5. checking no_input_delay (44)
-------------------------------
 There are 44 input ports with no input delay specified. (HIGH)

 There are 0 input ports with no input delay but user has a false path constraint.


6. checking no_output_delay (44)
--------------------------------
 There are 44 ports with no output delay specified. (HIGH)

 There are 0 ports with no output delay but user has a false path constraint

 There are 0 ports with no output delay but with a timing clock defined on it or propagating through it


7. checking multiple_clock (0)
------------------------------
 There are 0 register/latch pins with multiple clocks.


8. checking generated_clocks (0)
--------------------------------
 There are 0 generated clocks that are not connected to a clock source.


9. checking loops (0)
---------------------
 There are 0 combinational loops in the design.


10. checking partial_input_delay (0)
------------------------------------
 There are 0 input ports with partial input delay specified.


11. checking partial_output_delay (0)
-------------------------------------
 There are 0 ports with partial output delay specified.


12. checking latch_loops (0)
----------------------------
 There are 0 combinational latch loops in the design through latch input



------------------------------------------------------------------------------------------------
| Design Timing Summary
| ---------------------
------------------------------------------------------------------------------------------------

    WNS(ns)      TNS(ns)  TNS Failing Endpoints  TNS Total Endpoints      WHS(ns)      THS(ns)  THS Failing Endpoints  THS Total Endpoints     WPWS(ns)     TPWS(ns)  TPWS Failing Endpoints  TPWS Total Endpoints  
    -------      -------  ---------------------  -------------------      -------      -------  ---------------------  -------------------     --------     --------  ----------------------  --------------------  
     -5.727   -10010.738                   6546                34337        0.014        0.000                      0                34337        1.500        0.000                       0                 12132  


Timing constraints are not met.


------------------------------------------------------------------------------------------------
| Clock Summary
| -------------
------------------------------------------------------------------------------------------------

Clock       Waveform(ns)         Period(ns)      Frequency(MHz)
-----       ------------         ----------      --------------
clk125_p    {0.000 4.000}        8.000           125.000         
  clk_1     {0.000 2.000}        4.000           250.000         
  clk_2     {0.000 4.000}        8.000           125.000         
  clk_fb    {0.000 4.000}        8.000           125.000         
clk_fpga_0  {0.000 4.000}        8.000           125.000         
clk_fpga_1  {0.000 2.000}        4.000           250.000         
clk_fpga_2  {0.000 10.000}       20.000          50.000          
clk_fpga_3  {0.000 2.500}        5.000           200.000         


------------------------------------------------------------------------------------------------
| Intra Clock Table
| -----------------
------------------------------------------------------------------------------------------------

Clock             WNS(ns)      TNS(ns)  TNS Failing Endpoints  TNS Total Endpoints      WHS(ns)      THS(ns)  THS Failing Endpoints  THS Total Endpoints     WPWS(ns)     TPWS(ns)  TPWS Failing Endpoints  TPWS Total Endpoints  
-----             -------      -------  ---------------------  -------------------      -------      -------  ---------------------  -------------------     --------     --------  ----------------------  --------------------  
clk125_p                                                                                                                                                        2.000        0.000                       0                     2  
  clk_1             1.093        0.000                      0                   80        0.266        0.000                      0                   80        1.500        0.000                       0                    84  
  clk_2            -5.727    -9960.124                   6416                33344        0.014        0.000                      0                33344        3.500        0.000                       0                 11799  
  clk_fb                                                                                                                                                        5.845        0.000                       0                     3  
clk_fpga_0          0.025        0.000                      0                  512        0.122        0.000                      0                  512        3.500        0.000                       0                   244  


------------------------------------------------------------------------------------------------
| Inter Clock Table
| -----------------
------------------------------------------------------------------------------------------------

From Clock    To Clock          WNS(ns)      TNS(ns)  TNS Failing Endpoints  TNS Total Endpoints      WHS(ns)      THS(ns)  THS Failing Endpoints  THS Total Endpoints  
----------    --------          -------      -------  ---------------------  -------------------      -------      -------  ---------------------  -------------------  
clk_2         clk_1               0.199        0.000                      0                   64        0.093        0.000                      0                   64  
clk_fpga_0    clk_2              -1.801      -63.059                    154                  725        0.064        0.000                      0                  725  
clk_2         clk_fpga_0          0.297        0.000                      0                   34        0.539        0.000                      0                   34  


------------------------------------------------------------------------------------------------
| Other Path Groups Table
| -----------------------
------------------------------------------------------------------------------------------------

Path Group    From Clock    To Clock          WNS(ns)      TNS(ns)  TNS Failing Endpoints  TNS Total Endpoints      WHS(ns)      THS(ns)  THS Failing Endpoints  THS Total Endpoints  
----------    ----------    --------          -------      -------  ---------------------  -------------------      -------      -------  ---------------------  -------------------  


## write_checkpoint -force top_route.dcp
INFO: [Timing 38-480] Writing timing data to binary archive.
Wrote PlaceDB: Time (s): cpu = 00:00:00 ; elapsed = 00:00:00 . Memory (MB): peak = 3824.805 ; gain = 0.000 ; free physical = 2622 ; free virtual = 40643
Wrote PulsedLatchDB: Time (s): cpu = 00:00:00 ; elapsed = 00:00:00 . Memory (MB): peak = 3824.805 ; gain = 0.000 ; free physical = 2622 ; free virtual = 40643
Writing XDEF routing.
Write ShapeDB Complete: Time (s): cpu = 00:00:00.06 ; elapsed = 00:00:00.02 . Memory (MB): peak = 3824.805 ; gain = 0.000 ; free physical = 2622 ; free virtual = 40644
Writing XDEF routing logical nets.
Writing XDEF routing special nets.
Wrote RouteStorage: Time (s): cpu = 00:00:00.56 ; elapsed = 00:00:00.11 . Memory (MB): peak = 3824.805 ; gain = 0.000 ; free physical = 2613 ; free virtual = 40648
Wrote PlaceStorage: Time (s): cpu = 00:00:00.98 ; elapsed = 00:00:00.44 . Memory (MB): peak = 3824.805 ; gain = 0.000 ; free physical = 2584 ; free virtual = 40640
Wrote Netlist Cache: Time (s): cpu = 00:00:00.03 ; elapsed = 00:00:00.02 . Memory (MB): peak = 3824.805 ; gain = 0.000 ; free physical = 2584 ; free virtual = 40643
Wrote Device Cache: Time (s): cpu = 00:00:00.01 ; elapsed = 00:00:00.01 . Memory (MB): peak = 3824.805 ; gain = 0.000 ; free physical = 2584 ; free virtual = 40645
Write Physdb Complete: Time (s): cpu = 00:00:02 ; elapsed = 00:00:00.59 . Memory (MB): peak = 3824.805 ; gain = 0.000 ; free physical = 2584 ; free virtual = 40645
INFO: [Common 17-1381] The checkpoint '/home/vedaant/school/quantum_work/linien/gateware/build/top_route.dcp' has been generated.
## report_route_status -file top_route_status.rpt
## report_drc -file top_drc.rpt
Command: report_drc -file top_drc.rpt
INFO: [IP_Flow 19-234] Refreshing IP repositories
INFO: [IP_Flow 19-1704] No user IP repositories specified
INFO: [IP_Flow 19-2313] Loaded Vivado IP repository '/home/vedaant/Applications/2025.2/data/ip'.
INFO: [DRC 23-27] Running DRC with 8 threads
INFO: [Vivado_Tcl 2-168] The results of DRC are in file /home/vedaant/school/quantum_work/linien/gateware/build/top_drc.rpt.
report_drc completed successfully
## report_timing_summary -datasheet -max_paths 10 -file top_timing.rpt
INFO: [Timing 38-91] UpdateTimingParams: Speed grade: -1, Delay Type: min_max.
INFO: [Timing 38-191] Multithreading enabled for timing update using a maximum of 8 CPUs
## report_power -file top_power.rpt
Command: report_power -file top_power.rpt
INFO: [Power 33-23] Power model is not available for DNA_PORT
Running Vector-less Activity Propagation...

Finished Running Vector-less Activity Propagation
WARNING: [Power 33-332] Found switching activity that implies high-fanout reset nets being asserted for excessive periods of time which may result in inaccurate power analysis.
Resolution: To review and fix problems, please run Power Constraints Advisor in the GUI from Tools > Power Constraints Advisor or run report_power with the -advisory option to generate a text report.
1 Infos, 1 Warnings, 0 Critical Warnings and 0 Errors encountered.
report_power completed successfully
# source "top_bitstream.tcl"
## write_bitstream -force top.bit 
Command: write_bitstream -force top.bit
Attempting to get a license for feature 'Implementation' and/or device 'xc7z020'
INFO: [Common 17-349] Got license for feature 'Implementation' and/or device 'xc7z020'
Running DRC as a precondition to command write_bitstream
INFO: [IP_Flow 19-1839] IP Catalog is up to date.
INFO: [DRC 23-27] Running DRC with 8 threads
INFO: [Vivado 12-3199] DRC finished with 0 Errors
INFO: [Vivado 12-3200] Please refer to the DRC report (report_drc) for more information.
Integrating Hard IP ELF/MEM with the PDI.
INFO: [Designutils 20-2272] Running write_bitstream with 8 threads.
Loading data files...
Loading site data...
Loading route data...
Processing options...
Creating bitmap...
Creating bitstream...
Writing bitstream ./top.bit...
INFO: [Vivado 12-1842] Bitgen Completed Successfully.
INFO: [Common 17-83] Releasing license: Implementation
8 Infos, 0 Warnings, 0 Critical Warnings and 0 Errors encountered.
write_bitstream completed successfully
write_bitstream: Time (s): cpu = 00:00:19 ; elapsed = 00:00:26 . Memory (MB): peak = 3824.805 ; gain = 0.000 ; free physical = 2600 ; free virtual = 40642
## quit
INFO: [Common 17-206] Exiting Vivado at Mon Sep 21 16:32:55 2026...
