#-----------------------------------------------------------
# Vivado v2025.2 (64-bit)
# SW Build 6299465 on Fri Nov 14 12:34:56 MST 2025
# IP Build 6300035 on Fri Nov 14 10:48:45 MST 2025
# SharedData Build 6298862 on Thu Nov 13 04:50:51 MST 2025
# Start of session at: Fri Jul 31 01:10:08 2026
# Process ID         : 702647
# Current directory  : /home/vedaant/school/quantum_work/linien/gateware/build
# Command line       : vivado -mode batch -source top.tcl
# Log file           : /home/vedaant/school/quantum_work/linien/gateware/build/vivado.log
# Journal file       : /home/vedaant/school/quantum_work/linien/gateware/build/vivado.jou
# Running On         : cachyos-x8664
# Platform           : cachyos
# Operating System   : CachyOS
# Processor Detail   : AMD RYZEN AI MAX+ 395 w/ Radeon 8060S
# CPU Frequency      : 2609.107 MHz
# CPU Physical cores : 16
# CPU Logical cores  : 32
# Host memory        : 29034 MB
# Swap memory        : 29034 MB
# Total Virtual      : 58068 MB
# Available Virtual  : 42745 MB
#-----------------------------------------------------------
source top.tcl
# source "top_route.tcl"
## create_project -force -name top -part xc7z010-clg400-1
## set_property XPM_LIBRARIES {XPM_CDC XPM_MEMORY} [current_project]
## add_files {imports/home/vedaant/school/quantum_work/linien/gateware/verilog/axi_slave.v}
## set_property library work [get_files {imports/home/vedaant/school/quantum_work/linien/gateware/verilog/axi_slave.v}]
## add_files {imports/home/vedaant/school/quantum_work/linien/gateware/verilog/bus_clk_bridge.v}
## set_property library work [get_files {imports/home/vedaant/school/quantum_work/linien/gateware/verilog/bus_clk_bridge.v}]
## add_files {imports/home/vedaant/school/quantum_work/linien/gateware/verilog/processing_system7_v5_4_processing_system7.v}
## set_property library work [get_files {imports/home/vedaant/school/quantum_work/linien/gateware/verilog/processing_system7_v5_4_processing_system7.v}]
## add_files {imports/home/vedaant/school/quantum_work/linien/gateware/verilog/red_pitaya_scope.v}
## set_property library work [get_files {imports/home/vedaant/school/quantum_work/linien/gateware/verilog/red_pitaya_scope.v}]
## add_files {imports/home/vedaant/school/quantum_work/linien/gateware/verilog/system_processing_system7_0_0.v}
## set_property library work [get_files {imports/home/vedaant/school/quantum_work/linien/gateware/verilog/system_processing_system7_0_0.v}]
## add_files {imports/home/vedaant/school/quantum_work/linien/src/ROM.sv}
## set_property library work [get_files {imports/home/vedaant/school/quantum_work/linien/src/ROM.sv}]
## add_files {imports/home/vedaant/school/quantum_work/linien/src/arb_wave.sv}
## set_property library work [get_files {imports/home/vedaant/school/quantum_work/linien/src/arb_wave.sv}]
## add_files {imports/home/vedaant/school/quantum_work/linien/src/bram.sv}
## set_property library work [get_files {imports/home/vedaant/school/quantum_work/linien/src/bram.sv}]
## add_files {imports/home/vedaant/school/quantum_work/linien/src/chirp_gen.sv}
## set_property library work [get_files {imports/home/vedaant/school/quantum_work/linien/src/chirp_gen.sv}]
## add_files {imports/home/vedaant/school/quantum_work/linien/src/chirp_gen_tb.sv}
## set_property library work [get_files {imports/home/vedaant/school/quantum_work/linien/src/chirp_gen_tb.sv}]
## add_files {imports/home/vedaant/school/quantum_work/linien/src/control.sv}
## set_property library work [get_files {imports/home/vedaant/school/quantum_work/linien/src/control.sv}]
## add_files {imports/home/vedaant/school/quantum_work/linien/src/delay.sv}
## set_property library work [get_files {imports/home/vedaant/school/quantum_work/linien/src/delay.sv}]
## add_files {imports/home/vedaant/school/quantum_work/linien/src/direct_jump.sv}
## set_property library work [get_files {imports/home/vedaant/school/quantum_work/linien/src/direct_jump.sv}]
## add_files {imports/home/vedaant/school/quantum_work/linien/src/linear_ramp.sv}
## set_property library work [get_files {imports/home/vedaant/school/quantum_work/linien/src/linear_ramp.sv}]
## add_files {imports/home/vedaant/school/quantum_work/linien/src/reg_file_adapter.v}
## set_property library work [get_files {imports/home/vedaant/school/quantum_work/linien/src/reg_file_adapter.v}]
## add_files {imports/home/vedaant/school/quantum_work/linien/src/sequence_top.sv}
## set_property library work [get_files {imports/home/vedaant/school/quantum_work/linien/src/sequence_top.sv}]
## add_files {imports/home/vedaant/school/quantum_work/linien/src/sinusoid.sv}
## set_property library work [get_files {imports/home/vedaant/school/quantum_work/linien/src/sinusoid.sv}]
## add_files {top.v}
## set_property library work [get_files {top.v}]
## read_xdc top.xdc
## read_xdc -ref processing_system7_v5_4_processing_system7 ../verilog/system_processing_system7_0_0.xdc
## synth_design -top top -part xc7z010-clg400-1
Command: synth_design -top top -part xc7z010-clg400-1
Starting synth_design
Attempting to get a license for feature 'Synthesis' and/or device 'xc7z010'
INFO: [Common 17-349] Got license for feature 'Synthesis' and/or device 'xc7z010'
INFO: [Device 21-403] Loading part xc7z010clg400-1
INFO: [Synth 8-7079] Multithreading enabled for synth_design using a maximum of 7 processes.
INFO: [Synth 8-7078] Launching helper process for spawning children vivado processes
INFO: [Synth 8-7075] Helper process launched with PID 702736
---------------------------------------------------------------------------------
Starting RTL Elaboration : Time (s): cpu = 00:00:02 ; elapsed = 00:00:02 . Memory (MB): peak = 2219.844 ; gain = 483.594 ; free physical = 11567 ; free virtual = 39460
---------------------------------------------------------------------------------
CRITICAL WARNING: [Synth 8-9873] overwriting previous definition of module 'top' [/home/vedaant/school/quantum_work/linien/gateware/build/top.v:12162]
INFO: [Synth 8-13127] previous definition of module 'top' is here [/home/vedaant/school/quantum_work/linien/gateware/build/imports/home/vedaant/school/quantum_work/linien/src/reg_file_adapter.v:49]
INFO: [Synth 8-6157] synthesizing module 'top' from library 'work' [/home/vedaant/school/quantum_work/linien/gateware/build/top.v:2]
INFO: [Synth 8-155] case statement is not full and has no default [/home/vedaant/school/quantum_work/linien/gateware/build/top.v:7263]
INFO: [Synth 8-155] case statement is not full and has no default [/home/vedaant/school/quantum_work/linien/gateware/build/top.v:7663]
INFO: [Synth 8-155] case statement is not full and has no default [/home/vedaant/school/quantum_work/linien/gateware/build/top.v:8509]
INFO: [Synth 8-155] case statement is not full and has no default [/home/vedaant/school/quantum_work/linien/gateware/build/top.v:9355]
INFO: [Synth 8-155] case statement is not full and has no default [/home/vedaant/school/quantum_work/linien/gateware/build/top.v:9490]
INFO: [Synth 8-155] case statement is not full and has no default [/home/vedaant/school/quantum_work/linien/gateware/build/top.v:9512]
INFO: [Synth 8-155] case statement is not full and has no default [/home/vedaant/school/quantum_work/linien/gateware/build/top.v:10590]
INFO: [Synth 8-155] case statement is not full and has no default [/home/vedaant/school/quantum_work/linien/gateware/build/top.v:10684]
INFO: [Synth 8-155] case statement is not full and has no default [/home/vedaant/school/quantum_work/linien/gateware/build/top.v:10801]
INFO: [Synth 8-155] case statement is not full and has no default [/home/vedaant/school/quantum_work/linien/gateware/build/top.v:11576]
INFO: [Synth 8-6157] synthesizing module 'axi_slave' from library 'work' [/home/vedaant/school/quantum_work/linien/gateware/build/imports/home/vedaant/school/quantum_work/linien/gateware/verilog/axi_slave.v:52]
	Parameter AXI_DW bound to: 6'b100000 
	Parameter AXI_AW bound to: 6'b100000 
	Parameter AXI_IW bound to: 4'b1100 
INFO: [Synth 8-6155] done synthesizing module 'axi_slave' from library 'work' (0#1) [/home/vedaant/school/quantum_work/linien/gateware/build/imports/home/vedaant/school/quantum_work/linien/gateware/verilog/axi_slave.v:52]
INFO: [Synth 8-6157] synthesizing module 'system_processing_system7_0_0' from library 'work' [/home/vedaant/school/quantum_work/linien/gateware/build/imports/home/vedaant/school/quantum_work/linien/gateware/verilog/system_processing_system7_0_0.v:53]
INFO: [Synth 8-6157] synthesizing module 'processing_system7_v5_4_processing_system7' from library 'work' [/home/vedaant/school/quantum_work/linien/gateware/build/imports/home/vedaant/school/quantum_work/linien/gateware/verilog/processing_system7_v5_4_processing_system7.v:152]
INFO: [Synth 8-6157] synthesizing module 'BUFG' [/home/vedaant/Applications/2025.2/Vivado/scripts/rt/data/unisim_comp.v:2678]
INFO: [Synth 8-6155] done synthesizing module 'BUFG' (0#1) [/home/vedaant/Applications/2025.2/Vivado/scripts/rt/data/unisim_comp.v:2678]
INFO: [Synth 8-6157] synthesizing module 'BIBUF' [/home/vedaant/Applications/2025.2/Vivado/scripts/rt/data/unisim_comp.v:2325]
INFO: [Synth 8-6155] done synthesizing module 'BIBUF' (0#1) [/home/vedaant/Applications/2025.2/Vivado/scripts/rt/data/unisim_comp.v:2325]
INFO: [Synth 8-6157] synthesizing module 'PS7' [/home/vedaant/Applications/2025.2/Vivado/scripts/rt/data/unisim_comp.v:140294]
INFO: [Synth 8-6155] done synthesizing module 'PS7' (0#1) [/home/vedaant/Applications/2025.2/Vivado/scripts/rt/data/unisim_comp.v:140294]
INFO: [Synth 8-6155] done synthesizing module 'processing_system7_v5_4_processing_system7' from library 'work' (0#1) [/home/vedaant/school/quantum_work/linien/gateware/build/imports/home/vedaant/school/quantum_work/linien/gateware/verilog/processing_system7_v5_4_processing_system7.v:152]
INFO: [Synth 8-7071] port 'M_AXI_GP0_ARESETN' of module 'processing_system7_v5_4_processing_system7' is unconnected for instance 'inst' [/home/vedaant/school/quantum_work/linien/gateware/build/imports/home/vedaant/school/quantum_work/linien/gateware/verilog/system_processing_system7_0_0.v:365]
INFO: [Synth 8-7071] port 'M_AXI_GP1_ARESETN' of module 'processing_system7_v5_4_processing_system7' is unconnected for instance 'inst' [/home/vedaant/school/quantum_work/linien/gateware/build/imports/home/vedaant/school/quantum_work/linien/gateware/verilog/system_processing_system7_0_0.v:365]
INFO: [Synth 8-7071] port 'S_AXI_GP0_ARESETN' of module 'processing_system7_v5_4_processing_system7' is unconnected for instance 'inst' [/home/vedaant/school/quantum_work/linien/gateware/build/imports/home/vedaant/school/quantum_work/linien/gateware/verilog/system_processing_system7_0_0.v:365]
INFO: [Synth 8-7071] port 'S_AXI_GP1_ARESETN' of module 'processing_system7_v5_4_processing_system7' is unconnected for instance 'inst' [/home/vedaant/school/quantum_work/linien/gateware/build/imports/home/vedaant/school/quantum_work/linien/gateware/verilog/system_processing_system7_0_0.v:365]
INFO: [Synth 8-7071] port 'S_AXI_ACP_ARESETN' of module 'processing_system7_v5_4_processing_system7' is unconnected for instance 'inst' [/home/vedaant/school/quantum_work/linien/gateware/build/imports/home/vedaant/school/quantum_work/linien/gateware/verilog/system_processing_system7_0_0.v:365]
INFO: [Synth 8-7071] port 'S_AXI_HP0_ARESETN' of module 'processing_system7_v5_4_processing_system7' is unconnected for instance 'inst' [/home/vedaant/school/quantum_work/linien/gateware/build/imports/home/vedaant/school/quantum_work/linien/gateware/verilog/system_processing_system7_0_0.v:365]
INFO: [Synth 8-7071] port 'S_AXI_HP1_ARESETN' of module 'processing_system7_v5_4_processing_system7' is unconnected for instance 'inst' [/home/vedaant/school/quantum_work/linien/gateware/build/imports/home/vedaant/school/quantum_work/linien/gateware/verilog/system_processing_system7_0_0.v:365]
INFO: [Synth 8-7071] port 'S_AXI_HP2_ARESETN' of module 'processing_system7_v5_4_processing_system7' is unconnected for instance 'inst' [/home/vedaant/school/quantum_work/linien/gateware/build/imports/home/vedaant/school/quantum_work/linien/gateware/verilog/system_processing_system7_0_0.v:365]
INFO: [Synth 8-7071] port 'S_AXI_HP3_ARESETN' of module 'processing_system7_v5_4_processing_system7' is unconnected for instance 'inst' [/home/vedaant/school/quantum_work/linien/gateware/build/imports/home/vedaant/school/quantum_work/linien/gateware/verilog/system_processing_system7_0_0.v:365]
INFO: [Synth 8-7071] port 'DMA0_RSTN' of module 'processing_system7_v5_4_processing_system7' is unconnected for instance 'inst' [/home/vedaant/school/quantum_work/linien/gateware/build/imports/home/vedaant/school/quantum_work/linien/gateware/verilog/system_processing_system7_0_0.v:365]
INFO: [Synth 8-7071] port 'DMA1_RSTN' of module 'processing_system7_v5_4_processing_system7' is unconnected for instance 'inst' [/home/vedaant/school/quantum_work/linien/gateware/build/imports/home/vedaant/school/quantum_work/linien/gateware/verilog/system_processing_system7_0_0.v:365]
INFO: [Synth 8-7071] port 'DMA2_RSTN' of module 'processing_system7_v5_4_processing_system7' is unconnected for instance 'inst' [/home/vedaant/school/quantum_work/linien/gateware/build/imports/home/vedaant/school/quantum_work/linien/gateware/verilog/system_processing_system7_0_0.v:365]
INFO: [Synth 8-7071] port 'DMA3_RSTN' of module 'processing_system7_v5_4_processing_system7' is unconnected for instance 'inst' [/home/vedaant/school/quantum_work/linien/gateware/build/imports/home/vedaant/school/quantum_work/linien/gateware/verilog/system_processing_system7_0_0.v:365]
INFO: [Synth 8-7023] instance 'inst' of module 'processing_system7_v5_4_processing_system7' has 686 connections declared, but only 673 given [/home/vedaant/school/quantum_work/linien/gateware/build/imports/home/vedaant/school/quantum_work/linien/gateware/verilog/system_processing_system7_0_0.v:365]
INFO: [Synth 8-6155] done synthesizing module 'system_processing_system7_0_0' from library 'work' (0#1) [/home/vedaant/school/quantum_work/linien/gateware/build/imports/home/vedaant/school/quantum_work/linien/gateware/verilog/system_processing_system7_0_0.v:53]
WARNING: [Synth 8-7071] port 'SPI0_SCLK_O' of module 'system_processing_system7_0_0' is unconnected for instance 'system_processing_system7_0_0' [/home/vedaant/school/quantum_work/linien/gateware/build/top.v:11652]
WARNING: [Synth 8-7071] port 'SPI0_SCLK_T' of module 'system_processing_system7_0_0' is unconnected for instance 'system_processing_system7_0_0' [/home/vedaant/school/quantum_work/linien/gateware/build/top.v:11652]
WARNING: [Synth 8-7071] port 'SPI0_MOSI_O' of module 'system_processing_system7_0_0' is unconnected for instance 'system_processing_system7_0_0' [/home/vedaant/school/quantum_work/linien/gateware/build/top.v:11652]
WARNING: [Synth 8-7071] port 'SPI0_MOSI_T' of module 'system_processing_system7_0_0' is unconnected for instance 'system_processing_system7_0_0' [/home/vedaant/school/quantum_work/linien/gateware/build/top.v:11652]
WARNING: [Synth 8-7071] port 'SPI0_MISO_O' of module 'system_processing_system7_0_0' is unconnected for instance 'system_processing_system7_0_0' [/home/vedaant/school/quantum_work/linien/gateware/build/top.v:11652]
WARNING: [Synth 8-7071] port 'SPI0_MISO_T' of module 'system_processing_system7_0_0' is unconnected for instance 'system_processing_system7_0_0' [/home/vedaant/school/quantum_work/linien/gateware/build/top.v:11652]
WARNING: [Synth 8-7071] port 'SPI0_SS_O' of module 'system_processing_system7_0_0' is unconnected for instance 'system_processing_system7_0_0' [/home/vedaant/school/quantum_work/linien/gateware/build/top.v:11652]
WARNING: [Synth 8-7071] port 'SPI0_SS1_O' of module 'system_processing_system7_0_0' is unconnected for instance 'system_processing_system7_0_0' [/home/vedaant/school/quantum_work/linien/gateware/build/top.v:11652]
WARNING: [Synth 8-7071] port 'SPI0_SS2_O' of module 'system_processing_system7_0_0' is unconnected for instance 'system_processing_system7_0_0' [/home/vedaant/school/quantum_work/linien/gateware/build/top.v:11652]
WARNING: [Synth 8-7071] port 'SPI0_SS_T' of module 'system_processing_system7_0_0' is unconnected for instance 'system_processing_system7_0_0' [/home/vedaant/school/quantum_work/linien/gateware/build/top.v:11652]
WARNING: [Synth 8-7071] port 'TTC0_WAVE0_OUT' of module 'system_processing_system7_0_0' is unconnected for instance 'system_processing_system7_0_0' [/home/vedaant/school/quantum_work/linien/gateware/build/top.v:11652]
WARNING: [Synth 8-7071] port 'TTC0_WAVE1_OUT' of module 'system_processing_system7_0_0' is unconnected for instance 'system_processing_system7_0_0' [/home/vedaant/school/quantum_work/linien/gateware/build/top.v:11652]
WARNING: [Synth 8-7071] port 'TTC0_WAVE2_OUT' of module 'system_processing_system7_0_0' is unconnected for instance 'system_processing_system7_0_0' [/home/vedaant/school/quantum_work/linien/gateware/build/top.v:11652]
WARNING: [Synth 8-7071] port 'USB0_PORT_INDCTL' of module 'system_processing_system7_0_0' is unconnected for instance 'system_processing_system7_0_0' [/home/vedaant/school/quantum_work/linien/gateware/build/top.v:11652]
WARNING: [Synth 8-7071] port 'USB0_VBUS_PWRSELECT' of module 'system_processing_system7_0_0' is unconnected for instance 'system_processing_system7_0_0' [/home/vedaant/school/quantum_work/linien/gateware/build/top.v:11652]
WARNING: [Synth 8-7023] instance 'system_processing_system7_0_0' of module 'system_processing_system7_0_0' has 88 connections declared, but only 73 given [/home/vedaant/school/quantum_work/linien/gateware/build/top.v:11652]
INFO: [Synth 8-6157] synthesizing module 'IBUFGDS' [/home/vedaant/Applications/2025.2/Vivado/scripts/rt/data/unisim_comp.v:83467]
INFO: [Synth 8-6155] done synthesizing module 'IBUFGDS' (0#1) [/home/vedaant/Applications/2025.2/Vivado/scripts/rt/data/unisim_comp.v:83467]
INFO: [Synth 8-6157] synthesizing module 'PLLE2_BASE' [/home/vedaant/Applications/2025.2/Vivado/scripts/rt/data/unisim_comp.v:133986]
	Parameter BANDWIDTH bound to: OPTIMIZED - type: string 
	Parameter CLKFBOUT_MULT bound to: 8 - type: integer 
	Parameter CLKFBOUT_PHASE bound to: 0.000000e+00 - type: double 
	Parameter CLKIN1_PERIOD bound to: 8.000000e+00 - type: double 
	Parameter CLKOUT0_DIVIDE bound to: 2 - type: integer 
	Parameter CLKOUT0_DUTY_CYCLE bound to: 5.000000e-01 - type: double 
	Parameter CLKOUT0_PHASE bound to: 0.000000e+00 - type: double 
	Parameter CLKOUT1_DIVIDE bound to: 4 - type: integer 
	Parameter CLKOUT1_DUTY_CYCLE bound to: 5.000000e-01 - type: double 
	Parameter CLKOUT1_PHASE bound to: 0.000000e+00 - type: double 
	Parameter CLKOUT2_DIVIDE bound to: 8 - type: integer 
	Parameter CLKOUT2_DUTY_CYCLE bound to: 5.000000e-01 - type: double 
	Parameter CLKOUT2_PHASE bound to: 0.000000e+00 - type: double 
	Parameter CLKOUT3_DIVIDE bound to: 120 - type: integer 
	Parameter CLKOUT3_DUTY_CYCLE bound to: 5.000000e-01 - type: double 
	Parameter CLKOUT3_PHASE bound to: 0.000000e+00 - type: double 
	Parameter CLKOUT4_DIVIDE bound to: 4 - type: integer 
	Parameter CLKOUT4_DUTY_CYCLE bound to: 5.000000e-01 - type: double 
	Parameter CLKOUT4_PHASE bound to: 0.000000e+00 - type: double 
	Parameter CLKOUT5_DIVIDE bound to: 4 - type: integer 
	Parameter CLKOUT5_DUTY_CYCLE bound to: 5.000000e-01 - type: double 
	Parameter CLKOUT5_PHASE bound to: 0.000000e+00 - type: double 
	Parameter DIVCLK_DIVIDE bound to: 1 - type: integer 
	Parameter REF_JITTER1 bound to: 1.000000e-02 - type: double 
	Parameter STARTUP_WAIT bound to: FALSE - type: string 
INFO: [Synth 8-6155] done synthesizing module 'PLLE2_BASE' (0#1) [/home/vedaant/Applications/2025.2/Vivado/scripts/rt/data/unisim_comp.v:133986]
INFO: [Synth 8-6157] synthesizing module 'FD' [/home/vedaant/Applications/2025.2/Vivado/scripts/rt/data/unisim_comp.v:49155]
	Parameter INIT bound to: 1'b1 
INFO: [Synth 8-6155] done synthesizing module 'FD' (0#1) [/home/vedaant/Applications/2025.2/Vivado/scripts/rt/data/unisim_comp.v:49155]
INFO: [Synth 8-6157] synthesizing module 'sequence_top' from library 'work' [/home/vedaant/school/quantum_work/linien/gateware/build/imports/home/vedaant/school/quantum_work/linien/src/sequence_top.sv:3]
	Parameter MAX_BLOCKS bound to: 16 - type: integer 
	Parameter DATA_WIDTH bound to: 32 - type: integer 
	Parameter V_DATA_WIDTH bound to: 14 - type: integer 
	Parameter NUM_BLOCK_TYPES bound to: 6 - type: integer 
	Parameter FSM_REGFILE_ADDR_WIDTH bound to: 9 - type: integer 
	Parameter AWG_REGFILE_ADDR_WIDTH bound to: 10 - type: integer 
INFO: [Synth 8-6157] synthesizing module 'bram' from library 'work' [/home/vedaant/school/quantum_work/linien/gateware/build/imports/home/vedaant/school/quantum_work/linien/src/bram.sv:28]
	Parameter ADDR_WIDTH bound to: 9 - type: integer 
	Parameter DATA_WIDTH bound to: 32 - type: integer 
INFO: [Synth 8-6155] done synthesizing module 'bram' from library 'work' (0#1) [/home/vedaant/school/quantum_work/linien/gateware/build/imports/home/vedaant/school/quantum_work/linien/src/bram.sv:28]
INFO: [Synth 8-6157] synthesizing module 'bram__parameterized0' from library 'work' [/home/vedaant/school/quantum_work/linien/gateware/build/imports/home/vedaant/school/quantum_work/linien/src/bram.sv:28]
	Parameter ADDR_WIDTH bound to: 10 - type: integer 
	Parameter DATA_WIDTH bound to: 14 - type: integer 
INFO: [Synth 8-6155] done synthesizing module 'bram__parameterized0' from library 'work' (0#1) [/home/vedaant/school/quantum_work/linien/gateware/build/imports/home/vedaant/school/quantum_work/linien/src/bram.sv:28]
INFO: [Synth 8-6157] synthesizing module 'control' from library 'work' [/home/vedaant/school/quantum_work/linien/gateware/build/imports/home/vedaant/school/quantum_work/linien/src/control.sv:30]
	Parameter MAX_BLOCKS bound to: 16 - type: integer 
	Parameter DATA_WIDTH bound to: 32 - type: integer 
INFO: [Synth 8-226] default block is never used [/home/vedaant/school/quantum_work/linien/gateware/build/imports/home/vedaant/school/quantum_work/linien/src/control.sv:176]
INFO: [Synth 8-226] default block is never used [/home/vedaant/school/quantum_work/linien/gateware/build/imports/home/vedaant/school/quantum_work/linien/src/control.sv:317]
INFO: [Synth 8-6155] done synthesizing module 'control' from library 'work' (0#1) [/home/vedaant/school/quantum_work/linien/gateware/build/imports/home/vedaant/school/quantum_work/linien/src/control.sv:30]
INFO: [Synth 8-6157] synthesizing module 'delay' from library 'work' [/home/vedaant/school/quantum_work/linien/gateware/build/imports/home/vedaant/school/quantum_work/linien/src/delay.sv:2]
	Parameter DATA_WIDTH bound to: 32 - type: integer 
INFO: [Synth 8-6155] done synthesizing module 'delay' from library 'work' (0#1) [/home/vedaant/school/quantum_work/linien/gateware/build/imports/home/vedaant/school/quantum_work/linien/src/delay.sv:2]
INFO: [Synth 8-6157] synthesizing module 'linear_ramp' from library 'work' [/home/vedaant/school/quantum_work/linien/gateware/build/imports/home/vedaant/school/quantum_work/linien/src/linear_ramp.sv:2]
	Parameter DATA_WIDTH bound to: 32 - type: integer 
INFO: [Synth 8-155] case statement is not full and has no default [/home/vedaant/school/quantum_work/linien/gateware/build/imports/home/vedaant/school/quantum_work/linien/src/linear_ramp.sv:27]
INFO: [Synth 8-6155] done synthesizing module 'linear_ramp' from library 'work' (0#1) [/home/vedaant/school/quantum_work/linien/gateware/build/imports/home/vedaant/school/quantum_work/linien/src/linear_ramp.sv:2]
INFO: [Synth 8-6157] synthesizing module 'direct_jump' from library 'work' [/home/vedaant/school/quantum_work/linien/gateware/build/imports/home/vedaant/school/quantum_work/linien/src/direct_jump.sv:3]
	Parameter DATA_WIDTH bound to: 32 - type: integer 
INFO: [Synth 8-6155] done synthesizing module 'direct_jump' from library 'work' (0#1) [/home/vedaant/school/quantum_work/linien/gateware/build/imports/home/vedaant/school/quantum_work/linien/src/direct_jump.sv:3]
INFO: [Synth 8-6157] synthesizing module 'chirp_gen' from library 'work' [/home/vedaant/school/quantum_work/linien/gateware/build/imports/home/vedaant/school/quantum_work/linien/src/chirp_gen.sv:7]
INFO: [Synth 8-6155] done synthesizing module 'chirp_gen' from library 'work' (0#1) [/home/vedaant/school/quantum_work/linien/gateware/build/imports/home/vedaant/school/quantum_work/linien/src/chirp_gen.sv:7]
INFO: [Synth 8-6157] synthesizing module 'sinusoid' from library 'work' [/home/vedaant/school/quantum_work/linien/gateware/build/imports/home/vedaant/school/quantum_work/linien/src/sinusoid.sv:14]
	Parameter DATA_WIDTH bound to: 32 - type: integer 
INFO: [Synth 8-155] case statement is not full and has no default [/home/vedaant/school/quantum_work/linien/gateware/build/imports/home/vedaant/school/quantum_work/linien/src/sinusoid.sv:51]
INFO: [Synth 8-6157] synthesizing module 'ROM' from library 'work' [/home/vedaant/school/quantum_work/linien/gateware/build/imports/home/vedaant/school/quantum_work/linien/src/ROM.sv:2]
	Parameter FILE bound to: sin_lut.memh - type: string 
	Parameter DATA_WIDTH bound to: 32'sb00000000000000000000000000001110 
	Parameter ADDR_WIDTH bound to: 32'sb00000000000000000000000000001001 
CRITICAL WARNING: [Synth 8-4445] could not open $readmem data file 'sin_lut.memh'; please make sure the file is added to project and has read permission, ignoring [/home/vedaant/school/quantum_work/linien/gateware/build/imports/home/vedaant/school/quantum_work/linien/src/ROM.sv:16]
INFO: [Synth 8-6155] done synthesizing module 'ROM' from library 'work' (0#1) [/home/vedaant/school/quantum_work/linien/gateware/build/imports/home/vedaant/school/quantum_work/linien/src/ROM.sv:2]
INFO: [Synth 8-6155] done synthesizing module 'sinusoid' from library 'work' (0#1) [/home/vedaant/school/quantum_work/linien/gateware/build/imports/home/vedaant/school/quantum_work/linien/src/sinusoid.sv:14]
INFO: [Synth 8-6157] synthesizing module 'arb_wave' from library 'work' [/home/vedaant/school/quantum_work/linien/gateware/build/imports/home/vedaant/school/quantum_work/linien/src/arb_wave.sv:4]
INFO: [Synth 8-155] case statement is not full and has no default [/home/vedaant/school/quantum_work/linien/gateware/build/imports/home/vedaant/school/quantum_work/linien/src/arb_wave.sv:26]
INFO: [Synth 8-6155] done synthesizing module 'arb_wave' from library 'work' (0#1) [/home/vedaant/school/quantum_work/linien/gateware/build/imports/home/vedaant/school/quantum_work/linien/src/arb_wave.sv:4]
INFO: [Synth 8-6155] done synthesizing module 'sequence_top' from library 'work' (0#1) [/home/vedaant/school/quantum_work/linien/gateware/build/imports/home/vedaant/school/quantum_work/linien/src/sequence_top.sv:3]
WARNING: [Synth 8-7071] port 'sinusoid_reg_addr' of module 'sequence_top' is unconnected for instance 'sequence_top' [/home/vedaant/school/quantum_work/linien/gateware/build/top.v:11820]
WARNING: [Synth 8-7071] port 'sinusoid_reg_data' of module 'sequence_top' is unconnected for instance 'sequence_top' [/home/vedaant/school/quantum_work/linien/gateware/build/top.v:11820]
WARNING: [Synth 8-7071] port 'sinusoid_en_active' of module 'sequence_top' is unconnected for instance 'sequence_top' [/home/vedaant/school/quantum_work/linien/gateware/build/top.v:11820]
WARNING: [Synth 8-7023] instance 'sequence_top' of module 'sequence_top' has 18 connections declared, but only 15 given [/home/vedaant/school/quantum_work/linien/gateware/build/top.v:11820]
INFO: [Synth 8-6157] synthesizing module 'ODDR' [/home/vedaant/Applications/2025.2/Vivado/scripts/rt/data/unisim_comp.v:117225]
INFO: [Synth 8-6155] done synthesizing module 'ODDR' (0#1) [/home/vedaant/Applications/2025.2/Vivado/scripts/rt/data/unisim_comp.v:117225]
INFO: [Synth 8-6157] synthesizing module 'XADC' [/home/vedaant/Applications/2025.2/Vivado/scripts/rt/data/unisim_comp.v:171125]
	Parameter INIT_40 bound to: 16'b0000000000000000 
	Parameter INIT_41 bound to: 16'b0010111100001111 
	Parameter INIT_42 bound to: 16'b0000010000000000 
	Parameter INIT_48 bound to: 16'b0000100100000000 
	Parameter INIT_49 bound to: 16'b0000001100000011 
	Parameter INIT_4A bound to: 16'b0100011111100000 
	Parameter INIT_4B bound to: 16'b0000000000000000 
	Parameter INIT_4C bound to: 16'b0000100000000000 
	Parameter INIT_4D bound to: 16'b0000001100000011 
	Parameter INIT_4E bound to: 16'b0000000000000000 
	Parameter INIT_4F bound to: 16'b0000000000000000 
	Parameter INIT_50 bound to: 16'b1011010111101101 
	Parameter INIT_51 bound to: 16'b0101011111100100 
	Parameter INIT_52 bound to: 16'b1010000101000111 
	Parameter INIT_53 bound to: 16'b1100101000110011 
	Parameter INIT_54 bound to: 16'b1010100100111010 
	Parameter INIT_55 bound to: 16'b0101001011000110 
	Parameter INIT_56 bound to: 16'b1001010101010101 
	Parameter INIT_57 bound to: 16'b1010111001001110 
	Parameter INIT_58 bound to: 16'b0101100110011001 
	Parameter INIT_59 bound to: 16'b0101010101010101 
	Parameter INIT_5A bound to: 16'b1001100110011001 
	Parameter INIT_5B bound to: 16'b0110101010101010 
	Parameter INIT_5C bound to: 16'b0101000100010001 
	Parameter INIT_5D bound to: 16'b0101000100010001 
	Parameter INIT_5E bound to: 16'b1001000111101011 
	Parameter INIT_5F bound to: 16'b0110011001100110 
INFO: [Synth 8-6155] done synthesizing module 'XADC' (0#1) [/home/vedaant/Applications/2025.2/Vivado/scripts/rt/data/unisim_comp.v:171125]
WARNING: [Synth 8-689] width (7) of port connection 'CHANNEL' does not match port width (5) of module 'XADC' [/home/vedaant/school/quantum_work/linien/gateware/build/top.v:12051]
WARNING: [Synth 8-7071] port 'JTAGBUSY' of module 'XADC' is unconnected for instance 'XADC' [/home/vedaant/school/quantum_work/linien/gateware/build/top.v:12036]
WARNING: [Synth 8-7071] port 'JTAGLOCKED' of module 'XADC' is unconnected for instance 'XADC' [/home/vedaant/school/quantum_work/linien/gateware/build/top.v:12036]
WARNING: [Synth 8-7071] port 'JTAGMODIFIED' of module 'XADC' is unconnected for instance 'XADC' [/home/vedaant/school/quantum_work/linien/gateware/build/top.v:12036]
WARNING: [Synth 8-7071] port 'MUXADDR' of module 'XADC' is unconnected for instance 'XADC' [/home/vedaant/school/quantum_work/linien/gateware/build/top.v:12036]
WARNING: [Synth 8-7023] instance 'XADC' of module 'XADC' has 24 connections declared, but only 20 given [/home/vedaant/school/quantum_work/linien/gateware/build/top.v:12036]
INFO: [Synth 8-6157] synthesizing module 'DNA_PORT' [/home/vedaant/Applications/2025.2/Vivado/scripts/rt/data/unisim_comp.v:47654]
INFO: [Synth 8-6155] done synthesizing module 'DNA_PORT' (0#1) [/home/vedaant/Applications/2025.2/Vivado/scripts/rt/data/unisim_comp.v:47654]
INFO: [Synth 8-6157] synthesizing module 'red_pitaya_scope' from library 'work' [/home/vedaant/school/quantum_work/linien/gateware/build/imports/home/vedaant/school/quantum_work/linien/gateware/verilog/red_pitaya_scope.v:54]
WARNING: [Synth 8-693] zero replication count - replication ignored [/home/vedaant/school/quantum_work/linien/gateware/build/imports/home/vedaant/school/quantum_work/linien/gateware/verilog/red_pitaya_scope.v:606]
INFO: [Synth 8-6157] synthesizing module 'bus_clk_bridge' from library 'work' [/home/vedaant/school/quantum_work/linien/gateware/build/imports/home/vedaant/school/quantum_work/linien/gateware/verilog/bus_clk_bridge.v:38]
INFO: [Synth 8-6155] done synthesizing module 'bus_clk_bridge' from library 'work' (0#1) [/home/vedaant/school/quantum_work/linien/gateware/build/imports/home/vedaant/school/quantum_work/linien/gateware/verilog/bus_clk_bridge.v:38]
INFO: [Synth 8-6155] done synthesizing module 'red_pitaya_scope' from library 'work' (0#1) [/home/vedaant/school/quantum_work/linien/gateware/build/imports/home/vedaant/school/quantum_work/linien/gateware/verilog/red_pitaya_scope.v:54]
WARNING: [Synth 8-689] width (25) of port connection 'adc_a_i' does not match port width (14) of module 'red_pitaya_scope' [/home/vedaant/school/quantum_work/linien/gateware/build/top.v:12116]
WARNING: [Synth 8-689] width (25) of port connection 'adc_a_q_i' does not match port width (14) of module 'red_pitaya_scope' [/home/vedaant/school/quantum_work/linien/gateware/build/top.v:12117]
WARNING: [Synth 8-689] width (25) of port connection 'adc_b_i' does not match port width (14) of module 'red_pitaya_scope' [/home/vedaant/school/quantum_work/linien/gateware/build/top.v:12118]
WARNING: [Synth 8-689] width (25) of port connection 'adc_b_q_i' does not match port width (14) of module 'red_pitaya_scope' [/home/vedaant/school/quantum_work/linien/gateware/build/top.v:12119]
INFO: [Synth 8-6155] done synthesizing module 'top' from library 'work' (0#1) [/home/vedaant/school/quantum_work/linien/gateware/build/top.v:2]
WARNING: [Synth 8-6014] Unused sequential element wr_wid_reg was removed.  [/home/vedaant/school/quantum_work/linien/gateware/build/imports/home/vedaant/school/quantum_work/linien/gateware/verilog/axi_slave.v:177]
WARNING: [Synth 8-6014] Unused sequential element axi_rvalid_o_reg was removed.  [/home/vedaant/school/quantum_work/linien/gateware/build/imports/home/vedaant/school/quantum_work/linien/gateware/verilog/axi_slave.v:202]
WARNING: [Synth 8-3848] Net ENET0_GMII_TX_EN in module/entity processing_system7_v5_4_processing_system7 does not have driver. [/home/vedaant/school/quantum_work/linien/gateware/build/imports/home/vedaant/school/quantum_work/linien/gateware/verilog/processing_system7_v5_4_processing_system7.v:212]
WARNING: [Synth 8-3848] Net ENET0_GMII_TX_ER in module/entity processing_system7_v5_4_processing_system7 does not have driver. [/home/vedaant/school/quantum_work/linien/gateware/build/imports/home/vedaant/school/quantum_work/linien/gateware/verilog/processing_system7_v5_4_processing_system7.v:213]
WARNING: [Synth 8-3848] Net ENET0_GMII_TXD in module/entity processing_system7_v5_4_processing_system7 does not have driver. [/home/vedaant/school/quantum_work/linien/gateware/build/imports/home/vedaant/school/quantum_work/linien/gateware/verilog/processing_system7_v5_4_processing_system7.v:229]
WARNING: [Synth 8-3848] Net ENET1_GMII_TX_EN in module/entity processing_system7_v5_4_processing_system7 does not have driver. [/home/vedaant/school/quantum_work/linien/gateware/build/imports/home/vedaant/school/quantum_work/linien/gateware/verilog/processing_system7_v5_4_processing_system7.v:243]
WARNING: [Synth 8-3848] Net ENET1_GMII_TX_ER in module/entity processing_system7_v5_4_processing_system7 does not have driver. [/home/vedaant/school/quantum_work/linien/gateware/build/imports/home/vedaant/school/quantum_work/linien/gateware/verilog/processing_system7_v5_4_processing_system7.v:244]
WARNING: [Synth 8-3848] Net ENET1_GMII_TXD in module/entity processing_system7_v5_4_processing_system7 does not have driver. [/home/vedaant/school/quantum_work/linien/gateware/build/imports/home/vedaant/school/quantum_work/linien/gateware/verilog/processing_system7_v5_4_processing_system7.v:258]
WARNING: [Synth 8-3848] Net TRACE_CTL_PIPE[0] in module/entity processing_system7_v5_4_processing_system7 does not have driver. [/home/vedaant/school/quantum_work/linien/gateware/build/imports/home/vedaant/school/quantum_work/linien/gateware/verilog/processing_system7_v5_4_processing_system7.v:1300]
WARNING: [Synth 8-3848] Net TRACE_DATA_PIPE[0] in module/entity processing_system7_v5_4_processing_system7 does not have driver. [/home/vedaant/school/quantum_work/linien/gateware/build/imports/home/vedaant/school/quantum_work/linien/gateware/verilog/processing_system7_v5_4_processing_system7.v:1301]
WARNING: [Synth 8-3848] Net TRACE_CLK_OUT in module/entity processing_system7_v5_4_processing_system7 does not have driver. [/home/vedaant/school/quantum_work/linien/gateware/build/imports/home/vedaant/school/quantum_work/linien/gateware/verilog/processing_system7_v5_4_processing_system7.v:405]
WARNING: [Synth 8-3848] Net ENET0_GMII_COL_i in module/entity processing_system7_v5_4_processing_system7 does not have driver. [/home/vedaant/school/quantum_work/linien/gateware/build/imports/home/vedaant/school/quantum_work/linien/gateware/verilog/processing_system7_v5_4_processing_system7.v:1048]
WARNING: [Synth 8-3848] Net ENET0_GMII_CRS_i in module/entity processing_system7_v5_4_processing_system7 does not have driver. [/home/vedaant/school/quantum_work/linien/gateware/build/imports/home/vedaant/school/quantum_work/linien/gateware/verilog/processing_system7_v5_4_processing_system7.v:1049]
WARNING: [Synth 8-3848] Net ENET0_GMII_RXD_i in module/entity processing_system7_v5_4_processing_system7 does not have driver. [/home/vedaant/school/quantum_work/linien/gateware/build/imports/home/vedaant/school/quantum_work/linien/gateware/verilog/processing_system7_v5_4_processing_system7.v:1052]
WARNING: [Synth 8-3848] Net ENET0_GMII_RX_DV_i in module/entity processing_system7_v5_4_processing_system7 does not have driver. [/home/vedaant/school/quantum_work/linien/gateware/build/imports/home/vedaant/school/quantum_work/linien/gateware/verilog/processing_system7_v5_4_processing_system7.v:1050]
WARNING: [Synth 8-3848] Net ENET0_GMII_RX_ER_i in module/entity processing_system7_v5_4_processing_system7 does not have driver. [/home/vedaant/school/quantum_work/linien/gateware/build/imports/home/vedaant/school/quantum_work/linien/gateware/verilog/processing_system7_v5_4_processing_system7.v:1051]
WARNING: [Synth 8-3848] Net ENET1_GMII_COL_i in module/entity processing_system7_v5_4_processing_system7 does not have driver. [/home/vedaant/school/quantum_work/linien/gateware/build/imports/home/vedaant/school/quantum_work/linien/gateware/verilog/processing_system7_v5_4_processing_system7.v:1057]
WARNING: [Synth 8-3848] Net ENET1_GMII_CRS_i in module/entity processing_system7_v5_4_processing_system7 does not have driver. [/home/vedaant/school/quantum_work/linien/gateware/build/imports/home/vedaant/school/quantum_work/linien/gateware/verilog/processing_system7_v5_4_processing_system7.v:1058]
WARNING: [Synth 8-3848] Net ENET1_GMII_RXD_i in module/entity processing_system7_v5_4_processing_system7 does not have driver. [/home/vedaant/school/quantum_work/linien/gateware/build/imports/home/vedaant/school/quantum_work/linien/gateware/verilog/processing_system7_v5_4_processing_system7.v:1061]
WARNING: [Synth 8-3848] Net ENET1_GMII_RX_DV_i in module/entity processing_system7_v5_4_processing_system7 does not have driver. [/home/vedaant/school/quantum_work/linien/gateware/build/imports/home/vedaant/school/quantum_work/linien/gateware/verilog/processing_system7_v5_4_processing_system7.v:1059]
WARNING: [Synth 8-3848] Net ENET1_GMII_RX_ER_i in module/entity processing_system7_v5_4_processing_system7 does not have driver. [/home/vedaant/school/quantum_work/linien/gateware/build/imports/home/vedaant/school/quantum_work/linien/gateware/verilog/processing_system7_v5_4_processing_system7.v:1060]
WARNING: [Synth 8-3848] Net FTMD_TRACEIN_ATID_i in module/entity processing_system7_v5_4_processing_system7 does not have driver. [/home/vedaant/school/quantum_work/linien/gateware/build/imports/home/vedaant/school/quantum_work/linien/gateware/verilog/processing_system7_v5_4_processing_system7.v:1070]
WARNING: [Synth 8-3848] Net FTMD_TRACEIN_DATA_i in module/entity processing_system7_v5_4_processing_system7 does not have driver. [/home/vedaant/school/quantum_work/linien/gateware/build/imports/home/vedaant/school/quantum_work/linien/gateware/verilog/processing_system7_v5_4_processing_system7.v:1068]
WARNING: [Synth 8-3848] Net FTMD_TRACEIN_VALID_i in module/entity processing_system7_v5_4_processing_system7 does not have driver. [/home/vedaant/school/quantum_work/linien/gateware/build/imports/home/vedaant/school/quantum_work/linien/gateware/verilog/processing_system7_v5_4_processing_system7.v:1069]
WARNING: [Synth 8-6014] Unused sequential element b_reg was removed.  [/home/vedaant/school/quantum_work/linien/gateware/build/imports/home/vedaant/school/quantum_work/linien/src/chirp_gen.sv:28]
WARNING: [Synth 8-3848] Net mem in module/entity ROM does not have driver. [/home/vedaant/school/quantum_work/linien/gateware/build/imports/home/vedaant/school/quantum_work/linien/src/ROM.sv:13]
WARNING: [Synth 8-6014] Unused sequential element active_ff_reg was removed.  [/home/vedaant/school/quantum_work/linien/gateware/build/imports/home/vedaant/school/quantum_work/linien/src/sinusoid.sv:102]
WARNING: [Synth 8-3848] Net block_drive[4] in module/entity sequence_top does not have driver. [/home/vedaant/school/quantum_work/linien/gateware/build/imports/home/vedaant/school/quantum_work/linien/src/sequence_top.sv:72]
WARNING: [Synth 8-6014] Unused sequential element adc_b_raddr_reg was removed.  [/home/vedaant/school/quantum_work/linien/gateware/build/imports/home/vedaant/school/quantum_work/linien/gateware/verilog/red_pitaya_scope.v:321]
WARNING: [Synth 8-6014] Unused sequential element adc_a_q_raddr_reg was removed.  [/home/vedaant/school/quantum_work/linien/gateware/build/imports/home/vedaant/school/quantum_work/linien/gateware/verilog/red_pitaya_scope.v:322]
WARNING: [Synth 8-6014] Unused sequential element adc_b_q_raddr_reg was removed.  [/home/vedaant/school/quantum_work/linien/gateware/build/imports/home/vedaant/school/quantum_work/linien/gateware/verilog/red_pitaya_scope.v:323]
WARNING: [Synth 8-6014] Unused sequential element linienmodule_slowchain_limitcsr_error_reg was removed.  [/home/vedaant/school/quantum_work/linien/gateware/build/top.v:7048]
WARNING: [Synth 8-6014] Unused sequential element linienmodule_mod_cordic31_reg was removed.  [/home/vedaant/school/quantum_work/linien/gateware/build/top.v:3502]
WARNING: [Synth 8-6014] Unused sequential element linienmodule_mod_cordic47_reg was removed.  [/home/vedaant/school/quantum_work/linien/gateware/build/top.v:3503]
WARNING: [Synth 8-6014] Unused sequential element linienmodule_limit_error_signal_limitcsr_error_reg was removed.  [/home/vedaant/school/quantum_work/linien/gateware/build/top.v:7166]
WARNING: [Synth 8-6014] Unused sequential element linienmodule_limit_fast1_limitcsr_error_reg was removed.  [/home/vedaant/school/quantum_work/linien/gateware/build/top.v:7170]
WARNING: [Synth 8-6014] Unused sequential element linienmodule_limit_fast2_limitcsr_error_reg was removed.  [/home/vedaant/school/quantum_work/linien/gateware/build/top.v:7174]
WARNING: [Synth 8-6014] Unused sequential element linienmodule_raw_acquisition_iir_error_reg was removed.  [/home/vedaant/school/quantum_work/linien/gateware/build/top.v:7238]
WARNING: [Synth 8-6014] Unused sequential element linienmodule_fast_a_cordic47_reg was removed.  [/home/vedaant/school/quantum_work/linien/gateware/build/top.v:3926]
WARNING: [Synth 8-6014] Unused sequential element linienmodule_fast_a_limitcsr0_limitcsr0_error0_reg was removed.  [/home/vedaant/school/quantum_work/linien/gateware/build/top.v:7372]
WARNING: [Synth 8-6014] Unused sequential element linienmodule_fast_a_iir0_error0_reg was removed.  [/home/vedaant/school/quantum_work/linien/gateware/build/top.v:7377]
WARNING: [Synth 8-6014] Unused sequential element linienmodule_fast_a_iir0_error1_reg was removed.  [/home/vedaant/school/quantum_work/linien/gateware/build/top.v:7395]
WARNING: [Synth 8-6014] Unused sequential element linienmodule_fast_a_limitcsr0_limitcsr0_error1_reg was removed.  [/home/vedaant/school/quantum_work/linien/gateware/build/top.v:7412]
WARNING: [Synth 8-6014] Unused sequential element linienmodule_fast_a_limitcsr1_limitcsr1_error0_reg was removed.  [/home/vedaant/school/quantum_work/linien/gateware/build/top.v:7416]
WARNING: [Synth 8-6014] Unused sequential element linienmodule_fast_a_iir1_error0_reg was removed.  [/home/vedaant/school/quantum_work/linien/gateware/build/top.v:7421]
WARNING: [Synth 8-6014] Unused sequential element linienmodule_fast_a_iir1_error1_reg was removed.  [/home/vedaant/school/quantum_work/linien/gateware/build/top.v:7439]
WARNING: [Synth 8-6014] Unused sequential element linienmodule_fast_a_limitcsr1_limitcsr1_error1_reg was removed.  [/home/vedaant/school/quantum_work/linien/gateware/build/top.v:7456]
WARNING: [Synth 8-6014] Unused sequential element linienmodule_fast_b_cordic47_reg was removed.  [/home/vedaant/school/quantum_work/linien/gateware/build/top.v:4175]
WARNING: [Synth 8-6014] Unused sequential element linienmodule_fast_b_limitcsr0_limitcsr0_error0_reg was removed.  [/home/vedaant/school/quantum_work/linien/gateware/build/top.v:7526]
WARNING: [Synth 8-6014] Unused sequential element linienmodule_fast_b_iir0_error0_reg was removed.  [/home/vedaant/school/quantum_work/linien/gateware/build/top.v:7531]
WARNING: [Synth 8-6014] Unused sequential element linienmodule_fast_b_iir0_error1_reg was removed.  [/home/vedaant/school/quantum_work/linien/gateware/build/top.v:7549]
WARNING: [Synth 8-6014] Unused sequential element linienmodule_fast_b_limitcsr0_limitcsr0_error1_reg was removed.  [/home/vedaant/school/quantum_work/linien/gateware/build/top.v:7566]
WARNING: [Synth 8-6014] Unused sequential element linienmodule_fast_b_limitcsr1_limitcsr1_error0_reg was removed.  [/home/vedaant/school/quantum_work/linien/gateware/build/top.v:7570]
WARNING: [Synth 8-6014] Unused sequential element linienmodule_fast_b_iir1_error0_reg was removed.  [/home/vedaant/school/quantum_work/linien/gateware/build/top.v:7575]
WARNING: [Synth 8-6014] Unused sequential element linienmodule_fast_b_iir1_error1_reg was removed.  [/home/vedaant/school/quantum_work/linien/gateware/build/top.v:7593]
WARNING: [Synth 8-6014] Unused sequential element linienmodule_fast_b_limitcsr1_limitcsr1_error1_reg was removed.  [/home/vedaant/school/quantum_work/linien/gateware/build/top.v:7610]
WARNING: [Synth 8-6014] Unused sequential element linienmodule_fast_a_y_tap_re_reg was removed.  [/home/vedaant/school/quantum_work/linien/gateware/build/top.v:8113]
WARNING: [Synth 8-6014] Unused sequential element linienmodule_fast_a_invert_re_reg was removed.  [/home/vedaant/school/quantum_work/linien/gateware/build/top.v:8117]
WARNING: [Synth 8-6014] Unused sequential element linienmodule_fast_a_delay_re_reg was removed.  [/home/vedaant/school/quantum_work/linien/gateware/build/top.v:8130]
WARNING: [Synth 8-6014] Unused sequential element linienmodule_fast_a_multiplier_re_reg was removed.  [/home/vedaant/school/quantum_work/linien/gateware/build/top.v:8134]
WARNING: [Synth 8-6014] Unused sequential element linienmodule_fast_a_limitcsr0_min_re0_reg was removed.  [/home/vedaant/school/quantum_work/linien/gateware/build/top.v:8147]
WARNING: [Synth 8-6014] Unused sequential element linienmodule_fast_a_limitcsr0_max_re0_reg was removed.  [/home/vedaant/school/quantum_work/linien/gateware/build/top.v:8160]
WARNING: [Synth 8-6014] Unused sequential element linienmodule_fast_a_iir0_re0_reg was removed.  [/home/vedaant/school/quantum_work/linien/gateware/build/top.v:8173]
WARNING: [Synth 8-6014] Unused sequential element linienmodule_fast_a_iir0_csrstorage0_re0_reg was removed.  [/home/vedaant/school/quantum_work/linien/gateware/build/top.v:8186]
WARNING: [Synth 8-6014] Unused sequential element linienmodule_fast_a_iir0_csrstorage1_re0_reg was removed.  [/home/vedaant/school/quantum_work/linien/gateware/build/top.v:8199]
WARNING: [Synth 8-6014] Unused sequential element linienmodule_fast_a_iir0_csrstorage2_re0_reg was removed.  [/home/vedaant/school/quantum_work/linien/gateware/build/top.v:8212]
WARNING: [Synth 8-6014] Unused sequential element linienmodule_fast_a_iir0_re1_reg was removed.  [/home/vedaant/school/quantum_work/linien/gateware/build/top.v:8225]
WARNING: [Synth 8-6014] Unused sequential element linienmodule_fast_a_iir0_csrstorage0_re1_reg was removed.  [/home/vedaant/school/quantum_work/linien/gateware/build/top.v:8238]
WARNING: [Synth 8-6014] Unused sequential element linienmodule_fast_a_iir0_csrstorage1_re1_reg was removed.  [/home/vedaant/school/quantum_work/linien/gateware/build/top.v:8251]
WARNING: [Synth 8-6014] Unused sequential element linienmodule_fast_a_iir0_csrstorage2_re1_reg was removed.  [/home/vedaant/school/quantum_work/linien/gateware/build/top.v:8264]
WARNING: [Synth 8-6014] Unused sequential element linienmodule_fast_a_iir0_csrstorage3_re_reg was removed.  [/home/vedaant/school/quantum_work/linien/gateware/build/top.v:8277]
WARNING: [Synth 8-6014] Unused sequential element linienmodule_fast_a_iir0_csrstorage4_re_reg was removed.  [/home/vedaant/school/quantum_work/linien/gateware/build/top.v:8290]
WARNING: [Synth 8-6014] Unused sequential element linienmodule_fast_a_limitcsr0_min_re1_reg was removed.  [/home/vedaant/school/quantum_work/linien/gateware/build/top.v:8303]
WARNING: [Synth 8-6014] Unused sequential element linienmodule_fast_a_limitcsr0_max_re1_reg was removed.  [/home/vedaant/school/quantum_work/linien/gateware/build/top.v:8316]
WARNING: [Synth 8-6014] Unused sequential element linienmodule_fast_a_limitcsr1_min_re0_reg was removed.  [/home/vedaant/school/quantum_work/linien/gateware/build/top.v:8329]
WARNING: [Synth 8-6014] Unused sequential element linienmodule_fast_a_limitcsr1_max_re0_reg was removed.  [/home/vedaant/school/quantum_work/linien/gateware/build/top.v:8342]
WARNING: [Synth 8-6014] Unused sequential element linienmodule_fast_a_iir1_re0_reg was removed.  [/home/vedaant/school/quantum_work/linien/gateware/build/top.v:8355]
WARNING: [Synth 8-6014] Unused sequential element linienmodule_fast_a_iir1_csrstorage3_re_reg was removed.  [/home/vedaant/school/quantum_work/linien/gateware/build/top.v:8368]
WARNING: [Synth 8-6014] Unused sequential element linienmodule_fast_a_iir1_csrstorage4_re_reg was removed.  [/home/vedaant/school/quantum_work/linien/gateware/build/top.v:8381]
WARNING: [Synth 8-6014] Unused sequential element linienmodule_fast_a_iir1_csrstorage5_re0_reg was removed.  [/home/vedaant/school/quantum_work/linien/gateware/build/top.v:8394]
WARNING: [Synth 8-6014] Unused sequential element linienmodule_fast_a_iir1_re1_reg was removed.  [/home/vedaant/school/quantum_work/linien/gateware/build/top.v:8407]
WARNING: [Synth 8-6014] Unused sequential element linienmodule_fast_a_iir1_csrstorage5_re1_reg was removed.  [/home/vedaant/school/quantum_work/linien/gateware/build/top.v:8420]
WARNING: [Synth 8-6014] Unused sequential element linienmodule_fast_a_iir1_csrstorage6_re_reg was removed.  [/home/vedaant/school/quantum_work/linien/gateware/build/top.v:8433]
WARNING: [Synth 8-6014] Unused sequential element linienmodule_fast_a_iir1_csrstorage7_re_reg was removed.  [/home/vedaant/school/quantum_work/linien/gateware/build/top.v:8446]
WARNING: [Synth 8-6014] Unused sequential element linienmodule_fast_a_iir1_csrstorage8_re_reg was removed.  [/home/vedaant/school/quantum_work/linien/gateware/build/top.v:8459]
WARNING: [Synth 8-6014] Unused sequential element linienmodule_fast_a_iir1_csrstorage9_re_reg was removed.  [/home/vedaant/school/quantum_work/linien/gateware/build/top.v:8472]
WARNING: [Synth 8-6014] Unused sequential element linienmodule_fast_a_limitcsr1_min_re1_reg was removed.  [/home/vedaant/school/quantum_work/linien/gateware/build/top.v:8485]
WARNING: [Synth 8-6014] Unused sequential element linienmodule_fast_a_limitcsr1_max_re1_reg was removed.  [/home/vedaant/school/quantum_work/linien/gateware/build/top.v:8498]
WARNING: [Synth 8-6014] Unused sequential element linienmodule_csrstorage8_re_reg was removed.  [/home/vedaant/school/quantum_work/linien/gateware/build/top.v:8502]
WARNING: [Synth 8-6014] Unused sequential element linienmodule_csrstorage9_re_reg was removed.  [/home/vedaant/school/quantum_work/linien/gateware/build/top.v:8506]
WARNING: [Synth 8-6014] Unused sequential element linienmodule_fast_b_y_tap_re_reg was removed.  [/home/vedaant/school/quantum_work/linien/gateware/build/top.v:8959]
WARNING: [Synth 8-6014] Unused sequential element linienmodule_fast_b_invert_re_reg was removed.  [/home/vedaant/school/quantum_work/linien/gateware/build/top.v:8963]
WARNING: [Synth 8-6014] Unused sequential element linienmodule_fast_b_delay_re_reg was removed.  [/home/vedaant/school/quantum_work/linien/gateware/build/top.v:8976]
WARNING: [Synth 8-6014] Unused sequential element linienmodule_fast_b_multiplier_re_reg was removed.  [/home/vedaant/school/quantum_work/linien/gateware/build/top.v:8980]
WARNING: [Synth 8-6014] Unused sequential element linienmodule_fast_b_limitcsr0_min_re0_reg was removed.  [/home/vedaant/school/quantum_work/linien/gateware/build/top.v:8993]
WARNING: [Synth 8-6014] Unused sequential element linienmodule_fast_b_limitcsr0_max_re0_reg was removed.  [/home/vedaant/school/quantum_work/linien/gateware/build/top.v:9006]
WARNING: [Synth 8-6014] Unused sequential element linienmodule_fast_b_iir0_re0_reg was removed.  [/home/vedaant/school/quantum_work/linien/gateware/build/top.v:9019]
WARNING: [Synth 8-6014] Unused sequential element linienmodule_fast_b_iir0_csrstorage0_re0_reg was removed.  [/home/vedaant/school/quantum_work/linien/gateware/build/top.v:9032]
WARNING: [Synth 8-6014] Unused sequential element linienmodule_fast_b_iir0_csrstorage1_re0_reg was removed.  [/home/vedaant/school/quantum_work/linien/gateware/build/top.v:9045]
WARNING: [Synth 8-6014] Unused sequential element linienmodule_fast_b_iir0_csrstorage2_re0_reg was removed.  [/home/vedaant/school/quantum_work/linien/gateware/build/top.v:9058]
WARNING: [Synth 8-6014] Unused sequential element linienmodule_fast_b_iir0_re1_reg was removed.  [/home/vedaant/school/quantum_work/linien/gateware/build/top.v:9071]
WARNING: [Synth 8-6014] Unused sequential element linienmodule_fast_b_iir0_csrstorage0_re1_reg was removed.  [/home/vedaant/school/quantum_work/linien/gateware/build/top.v:9084]
WARNING: [Synth 8-6014] Unused sequential element linienmodule_fast_b_iir0_csrstorage1_re1_reg was removed.  [/home/vedaant/school/quantum_work/linien/gateware/build/top.v:9097]
WARNING: [Synth 8-6014] Unused sequential element linienmodule_fast_b_iir0_csrstorage2_re1_reg was removed.  [/home/vedaant/school/quantum_work/linien/gateware/build/top.v:9110]
WARNING: [Synth 8-6014] Unused sequential element linienmodule_fast_b_iir0_csrstorage3_re_reg was removed.  [/home/vedaant/school/quantum_work/linien/gateware/build/top.v:9123]
WARNING: [Synth 8-6014] Unused sequential element linienmodule_fast_b_iir0_csrstorage4_re_reg was removed.  [/home/vedaant/school/quantum_work/linien/gateware/build/top.v:9136]
WARNING: [Synth 8-6014] Unused sequential element linienmodule_fast_b_limitcsr0_min_re1_reg was removed.  [/home/vedaant/school/quantum_work/linien/gateware/build/top.v:9149]
WARNING: [Synth 8-6014] Unused sequential element linienmodule_fast_b_limitcsr0_max_re1_reg was removed.  [/home/vedaant/school/quantum_work/linien/gateware/build/top.v:9162]
WARNING: [Synth 8-6014] Unused sequential element linienmodule_fast_b_limitcsr1_min_re0_reg was removed.  [/home/vedaant/school/quantum_work/linien/gateware/build/top.v:9175]
WARNING: [Synth 8-6014] Unused sequential element linienmodule_fast_b_limitcsr1_max_re0_reg was removed.  [/home/vedaant/school/quantum_work/linien/gateware/build/top.v:9188]
WARNING: [Synth 8-6014] Unused sequential element linienmodule_fast_b_iir1_re0_reg was removed.  [/home/vedaant/school/quantum_work/linien/gateware/build/top.v:9201]
WARNING: [Synth 8-6014] Unused sequential element linienmodule_fast_b_iir1_csrstorage3_re_reg was removed.  [/home/vedaant/school/quantum_work/linien/gateware/build/top.v:9214]
WARNING: [Synth 8-6014] Unused sequential element linienmodule_fast_b_iir1_csrstorage4_re_reg was removed.  [/home/vedaant/school/quantum_work/linien/gateware/build/top.v:9227]
WARNING: [Synth 8-6014] Unused sequential element linienmodule_fast_b_iir1_csrstorage5_re0_reg was removed.  [/home/vedaant/school/quantum_work/linien/gateware/build/top.v:9240]
WARNING: [Synth 8-6014] Unused sequential element linienmodule_fast_b_iir1_re1_reg was removed.  [/home/vedaant/school/quantum_work/linien/gateware/build/top.v:9253]
WARNING: [Synth 8-6014] Unused sequential element linienmodule_fast_b_iir1_csrstorage5_re1_reg was removed.  [/home/vedaant/school/quantum_work/linien/gateware/build/top.v:9266]
WARNING: [Synth 8-6014] Unused sequential element linienmodule_fast_b_iir1_csrstorage6_re_reg was removed.  [/home/vedaant/school/quantum_work/linien/gateware/build/top.v:9279]
WARNING: [Synth 8-6014] Unused sequential element linienmodule_fast_b_iir1_csrstorage7_re_reg was removed.  [/home/vedaant/school/quantum_work/linien/gateware/build/top.v:9292]
WARNING: [Synth 8-6014] Unused sequential element linienmodule_fast_b_iir1_csrstorage8_re_reg was removed.  [/home/vedaant/school/quantum_work/linien/gateware/build/top.v:9305]
WARNING: [Synth 8-6014] Unused sequential element linienmodule_fast_b_iir1_csrstorage9_re_reg was removed.  [/home/vedaant/school/quantum_work/linien/gateware/build/top.v:9318]
WARNING: [Synth 8-6014] Unused sequential element linienmodule_fast_b_limitcsr1_min_re1_reg was removed.  [/home/vedaant/school/quantum_work/linien/gateware/build/top.v:9331]
WARNING: [Synth 8-6014] Unused sequential element linienmodule_fast_b_limitcsr1_max_re1_reg was removed.  [/home/vedaant/school/quantum_work/linien/gateware/build/top.v:9344]
WARNING: [Synth 8-6014] Unused sequential element linienmodule_csrstorage10_re_reg was removed.  [/home/vedaant/school/quantum_work/linien/gateware/build/top.v:9348]
WARNING: [Synth 8-6014] Unused sequential element linienmodule_csrstorage11_re_reg was removed.  [/home/vedaant/school/quantum_work/linien/gateware/build/top.v:9352]
INFO: [Common 17-14] Message 'Synth 8-6014' appears 100 times and further instances of the messages will be disabled. Use the Tcl command set_msg_config to change the current settings.
WARNING: [Synth 8-3917] design top has port adc_clk[1] driven by constant 1
WARNING: [Synth 8-3917] design top has port adc_clk[0] driven by constant 0
WARNING: [Synth 8-3917] design top has port adc_cdcs driven by constant 1
WARNING: [Synth 8-7129] Port sys_sel_i[3] in module bus_clk_bridge is either unconnected or has no load
WARNING: [Synth 8-7129] Port sys_sel_i[2] in module bus_clk_bridge is either unconnected or has no load
WARNING: [Synth 8-7129] Port sys_sel_i[1] in module bus_clk_bridge is either unconnected or has no load
WARNING: [Synth 8-7129] Port sys_sel_i[0] in module bus_clk_bridge is either unconnected or has no load
WARNING: [Synth 8-7129] Port i_rd_addr[8] in module ROM is either unconnected or has no load
WARNING: [Synth 8-7129] Port i_rd_addr[7] in module ROM is either unconnected or has no load
WARNING: [Synth 8-7129] Port i_rd_addr[6] in module ROM is either unconnected or has no load
WARNING: [Synth 8-7129] Port i_rd_addr[5] in module ROM is either unconnected or has no load
WARNING: [Synth 8-7129] Port i_rd_addr[4] in module ROM is either unconnected or has no load
WARNING: [Synth 8-7129] Port i_rd_addr[3] in module ROM is either unconnected or has no load
WARNING: [Synth 8-7129] Port i_rd_addr[2] in module ROM is either unconnected or has no load
WARNING: [Synth 8-7129] Port i_rd_addr[1] in module ROM is either unconnected or has no load
WARNING: [Synth 8-7129] Port i_rd_addr[0] in module ROM is either unconnected or has no load
WARNING: [Synth 8-7129] Port i_param_data[31] in module direct_jump is either unconnected or has no load
WARNING: [Synth 8-7129] Port i_param_data[30] in module direct_jump is either unconnected or has no load
WARNING: [Synth 8-7129] Port i_param_data[29] in module direct_jump is either unconnected or has no load
WARNING: [Synth 8-7129] Port i_param_data[28] in module direct_jump is either unconnected or has no load
WARNING: [Synth 8-7129] Port i_param_data[27] in module direct_jump is either unconnected or has no load
WARNING: [Synth 8-7129] Port i_param_data[26] in module direct_jump is either unconnected or has no load
WARNING: [Synth 8-7129] Port i_param_data[25] in module direct_jump is either unconnected or has no load
WARNING: [Synth 8-7129] Port i_param_data[24] in module direct_jump is either unconnected or has no load
WARNING: [Synth 8-7129] Port i_param_data[23] in module direct_jump is either unconnected or has no load
WARNING: [Synth 8-7129] Port i_param_data[22] in module direct_jump is either unconnected or has no load
WARNING: [Synth 8-7129] Port i_param_data[21] in module direct_jump is either unconnected or has no load
WARNING: [Synth 8-7129] Port i_param_data[20] in module direct_jump is either unconnected or has no load
WARNING: [Synth 8-7129] Port i_param_data[19] in module direct_jump is either unconnected or has no load
WARNING: [Synth 8-7129] Port i_param_data[18] in module direct_jump is either unconnected or has no load
WARNING: [Synth 8-7129] Port i_param_data[17] in module direct_jump is either unconnected or has no load
WARNING: [Synth 8-7129] Port i_param_data[16] in module direct_jump is either unconnected or has no load
WARNING: [Synth 8-7129] Port i_param_data[15] in module direct_jump is either unconnected or has no load
WARNING: [Synth 8-7129] Port i_param_data[14] in module direct_jump is either unconnected or has no load
WARNING: [Synth 8-7129] Port i_param_data[31] in module delay is either unconnected or has no load
WARNING: [Synth 8-7129] Port i_param_data[30] in module delay is either unconnected or has no load
WARNING: [Synth 8-7129] Port i_param_data[29] in module delay is either unconnected or has no load
WARNING: [Synth 8-7129] Port i_param_data[28] in module delay is either unconnected or has no load
WARNING: [Synth 8-7129] Port i_param_data[27] in module delay is either unconnected or has no load
WARNING: [Synth 8-7129] Port i_param_data[26] in module delay is either unconnected or has no load
WARNING: [Synth 8-7129] Port i_param_data[25] in module delay is either unconnected or has no load
WARNING: [Synth 8-7129] Port i_param_data[24] in module delay is either unconnected or has no load
WARNING: [Synth 8-7129] Port i_param_data[23] in module delay is either unconnected or has no load
WARNING: [Synth 8-7129] Port i_param_data[22] in module delay is either unconnected or has no load
WARNING: [Synth 8-7129] Port i_param_data[21] in module delay is either unconnected or has no load
WARNING: [Synth 8-7129] Port i_param_data[20] in module delay is either unconnected or has no load
WARNING: [Synth 8-7129] Port i_param_data[19] in module delay is either unconnected or has no load
WARNING: [Synth 8-7129] Port i_param_data[18] in module delay is either unconnected or has no load
WARNING: [Synth 8-7129] Port i_param_data[17] in module delay is either unconnected or has no load
WARNING: [Synth 8-7129] Port i_param_data[16] in module delay is either unconnected or has no load
WARNING: [Synth 8-7129] Port i_param_data[15] in module delay is either unconnected or has no load
WARNING: [Synth 8-7129] Port i_param_data[14] in module delay is either unconnected or has no load
WARNING: [Synth 8-7129] Port ENET0_GMII_TX_EN in module processing_system7_v5_4_processing_system7 is either unconnected or has no load
WARNING: [Synth 8-7129] Port ENET0_GMII_TX_ER in module processing_system7_v5_4_processing_system7 is either unconnected or has no load
WARNING: [Synth 8-7129] Port ENET0_GMII_TXD[7] in module processing_system7_v5_4_processing_system7 is either unconnected or has no load
WARNING: [Synth 8-7129] Port ENET0_GMII_TXD[6] in module processing_system7_v5_4_processing_system7 is either unconnected or has no load
WARNING: [Synth 8-7129] Port ENET0_GMII_TXD[5] in module processing_system7_v5_4_processing_system7 is either unconnected or has no load
WARNING: [Synth 8-7129] Port ENET0_GMII_TXD[4] in module processing_system7_v5_4_processing_system7 is either unconnected or has no load
WARNING: [Synth 8-7129] Port ENET0_GMII_TXD[3] in module processing_system7_v5_4_processing_system7 is either unconnected or has no load
WARNING: [Synth 8-7129] Port ENET0_GMII_TXD[2] in module processing_system7_v5_4_processing_system7 is either unconnected or has no load
WARNING: [Synth 8-7129] Port ENET0_GMII_TXD[1] in module processing_system7_v5_4_processing_system7 is either unconnected or has no load
WARNING: [Synth 8-7129] Port ENET0_GMII_TXD[0] in module processing_system7_v5_4_processing_system7 is either unconnected or has no load
WARNING: [Synth 8-7129] Port ENET1_GMII_TX_EN in module processing_system7_v5_4_processing_system7 is either unconnected or has no load
WARNING: [Synth 8-7129] Port ENET1_GMII_TX_ER in module processing_system7_v5_4_processing_system7 is either unconnected or has no load
WARNING: [Synth 8-7129] Port ENET1_GMII_TXD[7] in module processing_system7_v5_4_processing_system7 is either unconnected or has no load
WARNING: [Synth 8-7129] Port ENET1_GMII_TXD[6] in module processing_system7_v5_4_processing_system7 is either unconnected or has no load
WARNING: [Synth 8-7129] Port ENET1_GMII_TXD[5] in module processing_system7_v5_4_processing_system7 is either unconnected or has no load
WARNING: [Synth 8-7129] Port ENET1_GMII_TXD[4] in module processing_system7_v5_4_processing_system7 is either unconnected or has no load
WARNING: [Synth 8-7129] Port ENET1_GMII_TXD[3] in module processing_system7_v5_4_processing_system7 is either unconnected or has no load
WARNING: [Synth 8-7129] Port ENET1_GMII_TXD[2] in module processing_system7_v5_4_processing_system7 is either unconnected or has no load
WARNING: [Synth 8-7129] Port ENET1_GMII_TXD[1] in module processing_system7_v5_4_processing_system7 is either unconnected or has no load
WARNING: [Synth 8-7129] Port ENET1_GMII_TXD[0] in module processing_system7_v5_4_processing_system7 is either unconnected or has no load
WARNING: [Synth 8-7129] Port TRACE_CTL in module processing_system7_v5_4_processing_system7 is either unconnected or has no load
WARNING: [Synth 8-7129] Port TRACE_DATA[31] in module processing_system7_v5_4_processing_system7 is either unconnected or has no load
WARNING: [Synth 8-7129] Port TRACE_DATA[30] in module processing_system7_v5_4_processing_system7 is either unconnected or has no load
WARNING: [Synth 8-7129] Port TRACE_DATA[29] in module processing_system7_v5_4_processing_system7 is either unconnected or has no load
WARNING: [Synth 8-7129] Port TRACE_DATA[28] in module processing_system7_v5_4_processing_system7 is either unconnected or has no load
WARNING: [Synth 8-7129] Port TRACE_DATA[27] in module processing_system7_v5_4_processing_system7 is either unconnected or has no load
WARNING: [Synth 8-7129] Port TRACE_DATA[26] in module processing_system7_v5_4_processing_system7 is either unconnected or has no load
WARNING: [Synth 8-7129] Port TRACE_DATA[25] in module processing_system7_v5_4_processing_system7 is either unconnected or has no load
WARNING: [Synth 8-7129] Port TRACE_DATA[24] in module processing_system7_v5_4_processing_system7 is either unconnected or has no load
WARNING: [Synth 8-7129] Port TRACE_DATA[23] in module processing_system7_v5_4_processing_system7 is either unconnected or has no load
WARNING: [Synth 8-7129] Port TRACE_DATA[22] in module processing_system7_v5_4_processing_system7 is either unconnected or has no load
WARNING: [Synth 8-7129] Port TRACE_DATA[21] in module processing_system7_v5_4_processing_system7 is either unconnected or has no load
WARNING: [Synth 8-7129] Port TRACE_DATA[20] in module processing_system7_v5_4_processing_system7 is either unconnected or has no load
WARNING: [Synth 8-7129] Port TRACE_DATA[19] in module processing_system7_v5_4_processing_system7 is either unconnected or has no load
WARNING: [Synth 8-7129] Port TRACE_DATA[18] in module processing_system7_v5_4_processing_system7 is either unconnected or has no load
WARNING: [Synth 8-7129] Port TRACE_DATA[17] in module processing_system7_v5_4_processing_system7 is either unconnected or has no load
WARNING: [Synth 8-7129] Port TRACE_DATA[16] in module processing_system7_v5_4_processing_system7 is either unconnected or has no load
WARNING: [Synth 8-7129] Port TRACE_DATA[15] in module processing_system7_v5_4_processing_system7 is either unconnected or has no load
WARNING: [Synth 8-7129] Port TRACE_DATA[14] in module processing_system7_v5_4_processing_system7 is either unconnected or has no load
WARNING: [Synth 8-7129] Port TRACE_DATA[13] in module processing_system7_v5_4_processing_system7 is either unconnected or has no load
WARNING: [Synth 8-7129] Port TRACE_DATA[12] in module processing_system7_v5_4_processing_system7 is either unconnected or has no load
WARNING: [Synth 8-7129] Port TRACE_DATA[11] in module processing_system7_v5_4_processing_system7 is either unconnected or has no load
WARNING: [Synth 8-7129] Port TRACE_DATA[10] in module processing_system7_v5_4_processing_system7 is either unconnected or has no load
WARNING: [Synth 8-7129] Port TRACE_DATA[9] in module processing_system7_v5_4_processing_system7 is either unconnected or has no load
WARNING: [Synth 8-7129] Port TRACE_DATA[8] in module processing_system7_v5_4_processing_system7 is either unconnected or has no load
WARNING: [Synth 8-7129] Port TRACE_DATA[7] in module processing_system7_v5_4_processing_system7 is either unconnected or has no load
WARNING: [Synth 8-7129] Port TRACE_DATA[6] in module processing_system7_v5_4_processing_system7 is either unconnected or has no load
WARNING: [Synth 8-7129] Port TRACE_DATA[5] in module processing_system7_v5_4_processing_system7 is either unconnected or has no load
WARNING: [Synth 8-7129] Port TRACE_DATA[4] in module processing_system7_v5_4_processing_system7 is either unconnected or has no load
WARNING: [Synth 8-7129] Port TRACE_DATA[3] in module processing_system7_v5_4_processing_system7 is either unconnected or has no load
WARNING: [Synth 8-7129] Port TRACE_DATA[2] in module processing_system7_v5_4_processing_system7 is either unconnected or has no load
INFO: [Common 17-14] Message 'Synth 8-7129' appears 100 times and further instances of the messages will be disabled. Use the Tcl command set_msg_config to change the current settings.
---------------------------------------------------------------------------------
Finished RTL Elaboration : Time (s): cpu = 00:00:04 ; elapsed = 00:00:04 . Memory (MB): peak = 2392.781 ; gain = 656.531 ; free physical = 11373 ; free virtual = 39269
---------------------------------------------------------------------------------
---------------------------------------------------------------------------------
Start Handling Custom Attributes
---------------------------------------------------------------------------------
---------------------------------------------------------------------------------
Finished Handling Custom Attributes : Time (s): cpu = 00:00:04 ; elapsed = 00:00:04 . Memory (MB): peak = 2392.781 ; gain = 656.531 ; free physical = 11372 ; free virtual = 39268
---------------------------------------------------------------------------------
---------------------------------------------------------------------------------
Finished RTL Optimization Phase 1 : Time (s): cpu = 00:00:04 ; elapsed = 00:00:04 . Memory (MB): peak = 2392.781 ; gain = 656.531 ; free physical = 11372 ; free virtual = 39268
---------------------------------------------------------------------------------
Netlist sorting complete. Time (s): cpu = 00:00:00.09 ; elapsed = 00:00:00.1 . Memory (MB): peak = 2392.781 ; gain = 0.000 ; free physical = 11372 ; free virtual = 39267
WARNING: [Netlist 29-345] The value of SIM_DEVICE on instance 'XADC' of type 'XADC' is '7SERIES'; it is being changed to match the current FPGA architecture, 'ZYNQ'. For functional simulation to match hardware behavior, the value of SIM_DEVICE should be changed in the source netlist. 
INFO: [Netlist 29-17] Analyzing 21 Unisim elements for replacement
INFO: [Netlist 29-28] Unisim Transformation completed in 0 CPU seconds
INFO: [Project 1-570] Preparing netlist for logic optimization

Processing XDC Constraints
Initializing timing engine
Parsing XDC File [/home/vedaant/school/quantum_work/linien/gateware/build/top.xdc]
WARNING: [Vivado 12-627] No clocks matched 'clk125_p'. [/home/vedaant/school/quantum_work/linien/gateware/build/top.xdc:368]
INFO: [Vivado 12-626] No clocks found. Please use 'create_clock' or 'create_generated_clock' command to create clocks. [/home/vedaant/school/quantum_work/linien/gateware/build/top.xdc:368]
WARNING: [Vivado 12-627] No clocks matched 'clk_fpga_0'. [/home/vedaant/school/quantum_work/linien/gateware/build/top.xdc:368]
INFO: [Vivado 12-626] No clocks found. Please use 'create_clock' or 'create_generated_clock' command to create clocks. [/home/vedaant/school/quantum_work/linien/gateware/build/top.xdc:368]
CRITICAL WARNING: [Vivado 12-4739] set_clock_groups:No valid object(s) found for '-group [get_clocks -include_generated_clocks clk125_p]'. [/home/vedaant/school/quantum_work/linien/gateware/build/top.xdc:368]
Resolution: Check if the specified object(s) exists in the current design. If it does, ensure that the correct design hierarchy was specified for the object. If you are working with clocks, make sure create_clock was used to create the clock object before it is referenced.
CRITICAL WARNING: [Vivado 12-4739] set_clock_groups:No valid object(s) found for '-group '. [/home/vedaant/school/quantum_work/linien/gateware/build/top.xdc:368]
Resolution: Check if the specified object(s) exists in the current design. If it does, ensure that the correct design hierarchy was specified for the object. If you are working with clocks, make sure create_clock was used to create the clock object before it is referenced.
CRITICAL WARNING: [Vivado 12-4739] set_clock_groups:No valid object(s) found for '-group [get_clocks -include_generated_clocks clk_fpga_0]'. [/home/vedaant/school/quantum_work/linien/gateware/build/top.xdc:368]
Resolution: Check if the specified object(s) exists in the current design. If it does, ensure that the correct design hierarchy was specified for the object. If you are working with clocks, make sure create_clock was used to create the clock object before it is referenced.
CRITICAL WARNING: [Vivado 12-4739] set_clock_groups:No valid object(s) found for '-group '. [/home/vedaant/school/quantum_work/linien/gateware/build/top.xdc:368]
Resolution: Check if the specified object(s) exists in the current design. If it does, ensure that the correct design hierarchy was specified for the object. If you are working with clocks, make sure create_clock was used to create the clock object before it is referenced.
CRITICAL WARNING: [Constraints 18-4644] set_clock_groups: All clock groups specified are empty. Please specify atleast one clock group which is not empty. [/home/vedaant/school/quantum_work/linien/gateware/build/top.xdc:368]
WARNING: [Vivado 12-180] No cells matched 'get_cells -filter {ars_ff1 == TRUE || ars_ff2 == TRUE}'. [/home/vedaant/school/quantum_work/linien/gateware/build/top.xdc:374]
WARNING: [Vivado 12-508] No pins matched 'get_pins -filter {REF_PIN_NAME == PRE} -of [get_cells -filter {ars_ff1 == TRUE || ars_ff2 == TRUE}]'. [/home/vedaant/school/quantum_work/linien/gateware/build/top.xdc:374]
WARNING: [Vivado 12-180] No cells matched 'get_cells -filter {ars_ff1 == TRUE}'. [/home/vedaant/school/quantum_work/linien/gateware/build/top.xdc:376]
WARNING: [Vivado 12-508] No pins matched 'get_pins -filter {REF_PIN_NAME == Q} -of [get_cells -filter {ars_ff1 == TRUE}]'. [/home/vedaant/school/quantum_work/linien/gateware/build/top.xdc:376]
WARNING: [Vivado 12-180] No cells matched 'get_cells -filter {ars_ff2 == TRUE}'. [/home/vedaant/school/quantum_work/linien/gateware/build/top.xdc:376]
WARNING: [Vivado 12-508] No pins matched 'get_pins -filter {REF_PIN_NAME == D} -of [get_cells -filter {ars_ff2 == TRUE}]'. [/home/vedaant/school/quantum_work/linien/gateware/build/top.xdc:376]
Finished Parsing XDC File [/home/vedaant/school/quantum_work/linien/gateware/build/top.xdc]
INFO: [Project 1-236] Implementation specific constraints were found while reading constraint file [/home/vedaant/school/quantum_work/linien/gateware/build/top.xdc]. These constraints will be ignored for synthesis but will be used in implementation. Impacted constraints are listed in the file [.Xil/top_propImpl.xdc].
Resolution: To avoid this warning, move constraints listed in [.Xil/top_propImpl.xdc] to another XDC file and exclude this new file from synthesis with the used_in_synthesis property (File Properties dialog in GUI) and re-run elaboration/synthesis.
Parsing XDC File [/home/vedaant/school/quantum_work/linien/gateware/verilog/system_processing_system7_0_0.xdc] for cell 'system_processing_system7_0_0/inst'
Finished Parsing XDC File [/home/vedaant/school/quantum_work/linien/gateware/verilog/system_processing_system7_0_0.xdc] for cell 'system_processing_system7_0_0/inst'
INFO: [Project 1-236] Implementation specific constraints were found while reading constraint file [/home/vedaant/school/quantum_work/linien/gateware/verilog/system_processing_system7_0_0.xdc]. These constraints will be ignored for synthesis but will be used in implementation. Impacted constraints are listed in the file [.Xil/top_propImpl.xdc].
Resolution: To avoid this warning, move constraints listed in [.Xil/top_propImpl.xdc] to another XDC file and exclude this new file from synthesis with the used_in_synthesis property (File Properties dialog in GUI) and re-run elaboration/synthesis.
INFO: [Timing 38-2] Deriving generated clocks
Completed Processing XDC Constraints

Netlist sorting complete. Time (s): cpu = 00:00:00 ; elapsed = 00:00:00 . Memory (MB): peak = 2468.551 ; gain = 0.000 ; free physical = 11346 ; free virtual = 39242
INFO: [Project 1-111] Unisim Transformation Summary:
  A total of 3 instances were transformed.
  FD => FDRE: 1 instance 
  IBUFGDS => IBUFDS: 1 instance 
  PLLE2_BASE => PLLE2_ADV: 1 instance 

Constraint Validation Runtime : Time (s): cpu = 00:00:00.03 ; elapsed = 00:00:00.02 . Memory (MB): peak = 2468.586 ; gain = 0.000 ; free physical = 11346 ; free virtual = 39242
---------------------------------------------------------------------------------
Finished Constraint Validation : Time (s): cpu = 00:00:10 ; elapsed = 00:00:09 . Memory (MB): peak = 2468.586 ; gain = 732.336 ; free physical = 11336 ; free virtual = 39232
---------------------------------------------------------------------------------
---------------------------------------------------------------------------------
Start Loading Part and Timing Information
---------------------------------------------------------------------------------
Loading part: xc7z010clg400-1
---------------------------------------------------------------------------------
Finished Loading Part and Timing Information : Time (s): cpu = 00:00:10 ; elapsed = 00:00:09 . Memory (MB): peak = 2476.555 ; gain = 740.305 ; free physical = 11336 ; free virtual = 39232
---------------------------------------------------------------------------------
---------------------------------------------------------------------------------
Start Applying 'set_property' XDC Constraints
---------------------------------------------------------------------------------
---------------------------------------------------------------------------------
Finished applying 'set_property' XDC Constraints : Time (s): cpu = 00:00:11 ; elapsed = 00:00:11 . Memory (MB): peak = 2476.555 ; gain = 740.305 ; free physical = 11341 ; free virtual = 39237
---------------------------------------------------------------------------------
INFO: [Synth 8-802] inferred FSM for state register 'state_reg' in module 'control'
INFO: [Synth 8-802] inferred FSM for state register 'state_reg' in module 'top'
---------------------------------------------------------------------------------------------------
                   State |                     New Encoding |                Previous Encoding 
---------------------------------------------------------------------------------------------------
                    IDLE |                              000 |                              000
              FETCH_TYPE |                              001 |                              001
               LOAD_INIT |                              010 |                              010
             LOAD_PARAMS |                              011 |                              011
             START_BLOCK |                              100 |                              100
               WAIT_DONE |                              101 |                              101
          CAPTURE_VDRIVE |                              110 |                              110
                    DONE |                              111 |                              111
---------------------------------------------------------------------------------------------------
INFO: [Synth 8-3354] encoded FSM with state register 'state_reg' using encoding 'sequential' in module 'control'
---------------------------------------------------------------------------------------------------
                   State |                     New Encoding |                Previous Encoding 
---------------------------------------------------------------------------------------------------
                  iSTATE |                             0001 |                               00
*
                 iSTATE0 |                             0010 |                               01
                 iSTATE1 |                             0100 |                               10
                 iSTATE2 |                             1000 |                               11
---------------------------------------------------------------------------------------------------
INFO: [Synth 8-3354] encoded FSM with state register 'state_reg' using encoding 'one-hot' in module 'top'
---------------------------------------------------------------------------------
Finished RTL Optimization Phase 2 : Time (s): cpu = 00:00:14 ; elapsed = 00:00:14 . Memory (MB): peak = 2476.555 ; gain = 740.305 ; free physical = 11356 ; free virtual = 39254
---------------------------------------------------------------------------------
---------------------------------------------------------------------------------
Start RTL Component Statistics 
---------------------------------------------------------------------------------
Detailed RTL Component Info : 
+---Adders : 
	   3 Input   84 Bit       Adders := 1     
	   3 Input   51 Bit       Adders := 1     
	   2 Input   50 Bit       Adders := 43    
	   2 Input   44 Bit       Adders := 1     
	   3 Input   37 Bit       Adders := 1     
	   3 Input   34 Bit       Adders := 1     
	   2 Input   33 Bit       Adders := 1     
	   2 Input   32 Bit       Adders := 6     
	   3 Input   28 Bit       Adders := 4     
	   3 Input   26 Bit       Adders := 1     
	   2 Input   26 Bit       Adders := 4     
	   3 Input   23 Bit       Adders := 1     
	   2 Input   20 Bit       Adders := 4     
	   5 Input   18 Bit       Adders := 2     
	   3 Input   17 Bit       Adders := 90    
	   2 Input   17 Bit       Adders := 42    
	   4 Input   16 Bit       Adders := 4     
	   2 Input   15 Bit       Adders := 6     
	   3 Input   15 Bit       Adders := 3     
	   2 Input   14 Bit       Adders := 3     
	   3 Input   14 Bit       Adders := 2     
	   2 Input   10 Bit       Adders := 1     
	   3 Input    9 Bit       Adders := 1     
	   2 Input    8 Bit       Adders := 1     
	   2 Input    6 Bit       Adders := 1     
	   2 Input    4 Bit       Adders := 1     
	   2 Input    3 Bit       Adders := 2     
+---XORs : 
	   2 Input      1 Bit         XORs := 7     
+---Registers : 
	               84 Bit    Registers := 1     
	               64 Bit    Registers := 1     
	               51 Bit    Registers := 1     
	               50 Bit    Registers := 52    
	               43 Bit    Registers := 1     
	               34 Bit    Registers := 3     
	               32 Bit    Registers := 33    
	               30 Bit    Registers := 1     
	               27 Bit    Registers := 9     
	               25 Bit    Registers := 139   
	               23 Bit    Registers := 3     
	               20 Bit    Registers := 4     
	               18 Bit    Registers := 47    
	               17 Bit    Registers := 133   
	               16 Bit    Registers := 6     
	               15 Bit    Registers := 4     
	               14 Bit    Registers := 73    
	               12 Bit    Registers := 8     
	               10 Bit    Registers := 2     
	                9 Bit    Registers := 12    
	                8 Bit    Registers := 64    
	                6 Bit    Registers := 1     
	                5 Bit    Registers := 1     
	                4 Bit    Registers := 24    
	                3 Bit    Registers := 4     
	                2 Bit    Registers := 20    
	                1 Bit    Registers := 65    
+---Multipliers : 
	              14x32  Multipliers := 1     
+---RAMs : 
	             224K Bit	(16384 X 14 bit)          RAMs := 4     
	              16K Bit	(512 X 32 bit)          RAMs := 1     
	              14K Bit	(1024 X 14 bit)          RAMs := 1     
+---Muxes : 
	   5 Input   43 Bit        Muxes := 1     
	   2 Input   36 Bit        Muxes := 2     
	   2 Input   32 Bit        Muxes := 4     
	   8 Input   32 Bit        Muxes := 2     
	   3 Input   32 Bit        Muxes := 1     
	   2 Input   28 Bit        Muxes := 1     
	   2 Input   25 Bit        Muxes := 28    
	   4 Input   25 Bit        Muxes := 1     
	   3 Input   20 Bit        Muxes := 4     
	   2 Input   17 Bit        Muxes := 89    
	   2 Input   16 Bit        Muxes := 3     
	   2 Input   15 Bit        Muxes := 9     
	   2 Input   14 Bit        Muxes := 42    
	   8 Input   14 Bit        Muxes := 2     
	   4 Input   14 Bit        Muxes := 3     
	   2 Input   13 Bit        Muxes := 3     
	   2 Input   12 Bit        Muxes := 3     
	   2 Input   11 Bit        Muxes := 3     
	   2 Input   10 Bit        Muxes := 3     
	   4 Input    9 Bit        Muxes := 1     
	   2 Input    9 Bit        Muxes := 3     
	   2 Input    8 Bit        Muxes := 3     
	   4 Input    8 Bit        Muxes := 1     
	   2 Input    7 Bit        Muxes := 3     
	   2 Input    6 Bit        Muxes := 8     
	   8 Input    6 Bit        Muxes := 2     
	   4 Input    6 Bit        Muxes := 1     
	   2 Input    5 Bit        Muxes := 3     
	   4 Input    4 Bit        Muxes := 4     
	   8 Input    4 Bit        Muxes := 1     
	   5 Input    4 Bit        Muxes := 1     
	   2 Input    4 Bit        Muxes := 5     
	   7 Input    3 Bit        Muxes := 1     
	   2 Input    3 Bit        Muxes := 5     
	   8 Input    3 Bit        Muxes := 3     
	   6 Input    2 Bit        Muxes := 1     
	   4 Input    2 Bit        Muxes := 1     
	   2 Input    2 Bit        Muxes := 1     
	   8 Input    1 Bit        Muxes := 9     
	   2 Input    1 Bit        Muxes := 64    
	   4 Input    1 Bit        Muxes := 8     
	   6 Input    1 Bit        Muxes := 5     
	   7 Input    1 Bit        Muxes := 6     
---------------------------------------------------------------------------------
Finished RTL Component Statistics 
---------------------------------------------------------------------------------
---------------------------------------------------------------------------------
Start Part Resource Summary
---------------------------------------------------------------------------------
Part Resources:
DSPs: 80 (col length:40)
BRAMs: 120 (col length: RAMB18 40 RAMB36 20)
---------------------------------------------------------------------------------
Finished Part Resource Summary
---------------------------------------------------------------------------------
---------------------------------------------------------------------------------
Start Cross Boundary and Area Optimization
---------------------------------------------------------------------------------
DSP Report: Generating DSP mult_reg0, operation Mode is: A2*B2.
DSP Report: register lut_reg_reg is absorbed into DSP mult_reg0.
DSP Report: register mult_reg0 is absorbed into DSP mult_reg0.
DSP Report: operator mult_reg0 is absorbed into DSP mult_reg0.
DSP Report: operator mult_reg0 is absorbed into DSP mult_reg0.
DSP Report: Generating DSP mult_reg_reg, operation Mode is: (PCIN>>17)+A*B2.
DSP Report: register lut_reg_reg is absorbed into DSP mult_reg_reg.
DSP Report: register mult_reg_reg is absorbed into DSP mult_reg_reg.
DSP Report: operator mult_reg0 is absorbed into DSP mult_reg_reg.
DSP Report: operator mult_reg0 is absorbed into DSP mult_reg_reg.
DSP Report: Generating DSP linienmodule_mixed2, operation Mode is: (0 or C)+(A2*B or 0).
DSP Report: register linienmodule_fast_a_limitcsr0_limitcsr0_y1_reg is absorbed into DSP linienmodule_mixed2.
DSP Report: operator linienmodule_mixed2 is absorbed into DSP linienmodule_mixed2.
DSP Report: Generating DSP linienmodule_mixed2, operation Mode is: (A2*B or 0).
DSP Report: register linienmodule_fast_b_limitcsr0_limitcsr0_y1_reg is absorbed into DSP linienmodule_mixed2.
DSP Report: operator linienmodule_mixed2 is absorbed into DSP linienmodule_mixed2.
DSP Report: Generating DSP linienmodule_limit_error_signal_x0, operation Mode is: PCIN+A2:B+C.
DSP Report: register linienmodule_limit_error_signal_x0 is absorbed into DSP linienmodule_limit_error_signal_x0.
DSP Report: operator linienmodule_limit_error_signal_x0 is absorbed into DSP linienmodule_limit_error_signal_x0.
DSP Report: Generating DSP linienmodule_slowchain_ki_mult0, operation Mode is: A*B.
DSP Report: operator linienmodule_slowchain_ki_mult0 is absorbed into DSP linienmodule_slowchain_ki_mult0.
DSP Report: Generating DSP linienmodule_slowchain_kd_mult, operation Mode is: A*B.
DSP Report: operator linienmodule_slowchain_kd_mult is absorbed into DSP linienmodule_slowchain_kd_mult.
DSP Report: Generating DSP linienmodule_slowchain_kp_mult, operation Mode is: A*B.
DSP Report: operator linienmodule_slowchain_kp_mult is absorbed into DSP linienmodule_slowchain_kp_mult.
DSP Report: Generating DSP p_1_out, operation Mode is: (C or 0)+A*B.
DSP Report: operator linienmodule_pid_ki_mult0 is absorbed into DSP p_1_out.
DSP Report: operator linienmodule_pid_ki_mult0 is absorbed into DSP p_1_out.
DSP Report: Generating DSP p_1_out, operation Mode is: (C or 0)+A*B.
DSP Report: operator linienmodule_pid_kd_mult is absorbed into DSP p_1_out.
DSP Report: operator linienmodule_pid_kd_mult is absorbed into DSP p_1_out.
DSP Report: Generating DSP p_1_out, operation Mode is: (C or 0)+A*B.
DSP Report: operator linienmodule_pid_kp_mult is absorbed into DSP p_1_out.
DSP Report: operator linienmodule_pid_kp_mult is absorbed into DSP p_1_out.
DSP Report: Generating DSP linienmodule_raw_acquisition_iir_z40, operation Mode is: A2*B2.
DSP Report: register linienmodule_raw_acquisition_iir_z40 is absorbed into DSP linienmodule_raw_acquisition_iir_z40.
DSP Report: register linienmodule_raw_acquisition_iir_b1_reg is absorbed into DSP linienmodule_raw_acquisition_iir_z40.
DSP Report: operator linienmodule_raw_acquisition_iir_z40 is absorbed into DSP linienmodule_raw_acquisition_iir_z40.
DSP Report: operator linienmodule_raw_acquisition_iir_z40 is absorbed into DSP linienmodule_raw_acquisition_iir_z40.
DSP Report: Generating DSP linienmodule_raw_acquisition_iir_z40, operation Mode is: (PCIN>>17)+A2*B2.
DSP Report: register linienmodule_limit_error_signal_limitcsr_y_reg is absorbed into DSP linienmodule_raw_acquisition_iir_z40.
DSP Report: register linienmodule_raw_acquisition_iir_b1_reg is absorbed into DSP linienmodule_raw_acquisition_iir_z40.
DSP Report: operator linienmodule_raw_acquisition_iir_z40 is absorbed into DSP linienmodule_raw_acquisition_iir_z40.
DSP Report: operator linienmodule_raw_acquisition_iir_z40 is absorbed into DSP linienmodule_raw_acquisition_iir_z40.
DSP Report: Generating DSP linienmodule_raw_acquisition_iir_z10, operation Mode is: A2*B2.
DSP Report: register linienmodule_raw_acquisition_iir_z10 is absorbed into DSP linienmodule_raw_acquisition_iir_z10.
DSP Report: register linienmodule_raw_acquisition_iir_b4_reg is absorbed into DSP linienmodule_raw_acquisition_iir_z10.
DSP Report: operator linienmodule_raw_acquisition_iir_z10 is absorbed into DSP linienmodule_raw_acquisition_iir_z10.
DSP Report: operator linienmodule_raw_acquisition_iir_z10 is absorbed into DSP linienmodule_raw_acquisition_iir_z10.
DSP Report: Generating DSP linienmodule_raw_acquisition_iir_z10, operation Mode is: (PCIN>>17)+A2*B2.
DSP Report: register linienmodule_limit_error_signal_limitcsr_y_reg is absorbed into DSP linienmodule_raw_acquisition_iir_z10.
DSP Report: register linienmodule_raw_acquisition_iir_b4_reg is absorbed into DSP linienmodule_raw_acquisition_iir_z10.
DSP Report: operator linienmodule_raw_acquisition_iir_z10 is absorbed into DSP linienmodule_raw_acquisition_iir_z10.
DSP Report: operator linienmodule_raw_acquisition_iir_z10 is absorbed into DSP linienmodule_raw_acquisition_iir_z10.
DSP Report: Generating DSP linienmodule_raw_acquisition_iir_z00, operation Mode is: A2*B2.
DSP Report: register linienmodule_raw_acquisition_iir_z00 is absorbed into DSP linienmodule_raw_acquisition_iir_z00.
DSP Report: register linienmodule_raw_acquisition_iir_b5_reg is absorbed into DSP linienmodule_raw_acquisition_iir_z00.
DSP Report: operator linienmodule_raw_acquisition_iir_z00 is absorbed into DSP linienmodule_raw_acquisition_iir_z00.
DSP Report: operator linienmodule_raw_acquisition_iir_z00 is absorbed into DSP linienmodule_raw_acquisition_iir_z00.
DSP Report: Generating DSP linienmodule_raw_acquisition_iir_z00, operation Mode is: (PCIN>>17)+A2*B2.
DSP Report: register linienmodule_limit_error_signal_limitcsr_y_reg is absorbed into DSP linienmodule_raw_acquisition_iir_z00.
DSP Report: register linienmodule_raw_acquisition_iir_b5_reg is absorbed into DSP linienmodule_raw_acquisition_iir_z00.
DSP Report: operator linienmodule_raw_acquisition_iir_z00 is absorbed into DSP linienmodule_raw_acquisition_iir_z00.
DSP Report: operator linienmodule_raw_acquisition_iir_z00 is absorbed into DSP linienmodule_raw_acquisition_iir_z00.
DSP Report: Generating DSP linienmodule_fast_b_iir0_z20, operation Mode is: A2*B2.
DSP Report: register linienmodule_fast_b_iir0_z50 is absorbed into DSP linienmodule_fast_b_iir0_z20.
DSP Report: register linienmodule_fast_b_iir0_a10_reg is absorbed into DSP linienmodule_fast_b_iir0_z20.
DSP Report: operator linienmodule_fast_b_iir0_z20 is absorbed into DSP linienmodule_fast_b_iir0_z20.
DSP Report: operator linienmodule_fast_b_iir0_z20 is absorbed into DSP linienmodule_fast_b_iir0_z20.
DSP Report: Generating DSP linienmodule_fast_b_iir0_z20, operation Mode is: (PCIN>>17)+A2*B2.
DSP Report: register linienmodule_fast_b_iir0_y0_reg is absorbed into DSP linienmodule_fast_b_iir0_z20.
DSP Report: register linienmodule_fast_b_iir0_a10_reg is absorbed into DSP linienmodule_fast_b_iir0_z20.
DSP Report: operator linienmodule_fast_b_iir0_z20 is absorbed into DSP linienmodule_fast_b_iir0_z20.
DSP Report: operator linienmodule_fast_b_iir0_z20 is absorbed into DSP linienmodule_fast_b_iir0_z20.
DSP Report: Generating DSP linienmodule_fast_b_iir0_z10, operation Mode is: A2*B2.
DSP Report: register linienmodule_fast_b_iir0_z10 is absorbed into DSP linienmodule_fast_b_iir0_z10.
DSP Report: register linienmodule_fast_b_iir0_b00_reg is absorbed into DSP linienmodule_fast_b_iir0_z10.
DSP Report: operator linienmodule_fast_b_iir0_z10 is absorbed into DSP linienmodule_fast_b_iir0_z10.
DSP Report: operator linienmodule_fast_b_iir0_z10 is absorbed into DSP linienmodule_fast_b_iir0_z10.
DSP Report: Generating DSP linienmodule_fast_b_iir0_z10, operation Mode is: (PCIN>>17)+A2*B2.
DSP Report: register linienmodule_fast_b_limitcsr0_limitcsr0_y0_reg is absorbed into DSP linienmodule_fast_b_iir0_z10.
DSP Report: register linienmodule_fast_b_iir0_b00_reg is absorbed into DSP linienmodule_fast_b_iir0_z10.
DSP Report: operator linienmodule_fast_b_iir0_z10 is absorbed into DSP linienmodule_fast_b_iir0_z10.
DSP Report: operator linienmodule_fast_b_iir0_z10 is absorbed into DSP linienmodule_fast_b_iir0_z10.
DSP Report: Generating DSP linienmodule_fast_b_iir0_z00, operation Mode is: A2*B2.
DSP Report: register linienmodule_fast_b_iir0_z00 is absorbed into DSP linienmodule_fast_b_iir0_z00.
DSP Report: register linienmodule_fast_b_iir0_b10_reg is absorbed into DSP linienmodule_fast_b_iir0_z00.
DSP Report: operator linienmodule_fast_b_iir0_z00 is absorbed into DSP linienmodule_fast_b_iir0_z00.
DSP Report: operator linienmodule_fast_b_iir0_z00 is absorbed into DSP linienmodule_fast_b_iir0_z00.
DSP Report: Generating DSP linienmodule_fast_b_iir0_z00, operation Mode is: (PCIN>>17)+A2*B2.
DSP Report: register linienmodule_fast_b_limitcsr0_limitcsr0_y0_reg is absorbed into DSP linienmodule_fast_b_iir0_z00.
DSP Report: register linienmodule_fast_b_iir0_b10_reg is absorbed into DSP linienmodule_fast_b_iir0_z00.
DSP Report: operator linienmodule_fast_b_iir0_z00 is absorbed into DSP linienmodule_fast_b_iir0_z00.
DSP Report: operator linienmodule_fast_b_iir0_z00 is absorbed into DSP linienmodule_fast_b_iir0_z00.
DSP Report: Generating DSP linienmodule_fast_b_iir0_z70, operation Mode is: A2*B2.
DSP Report: register linienmodule_fast_b_iir0_z70 is absorbed into DSP linienmodule_fast_b_iir0_z70.
DSP Report: register linienmodule_fast_b_iir0_a11_reg is absorbed into DSP linienmodule_fast_b_iir0_z70.
DSP Report: operator linienmodule_fast_b_iir0_z70 is absorbed into DSP linienmodule_fast_b_iir0_z70.
DSP Report: operator linienmodule_fast_b_iir0_z70 is absorbed into DSP linienmodule_fast_b_iir0_z70.
DSP Report: Generating DSP linienmodule_fast_b_iir0_z70, operation Mode is: (PCIN>>17)+A2*B2.
DSP Report: register linienmodule_fast_b_iir0_y2_reg is absorbed into DSP linienmodule_fast_b_iir0_z70.
DSP Report: register linienmodule_fast_b_iir0_a11_reg is absorbed into DSP linienmodule_fast_b_iir0_z70.
DSP Report: operator linienmodule_fast_b_iir0_z70 is absorbed into DSP linienmodule_fast_b_iir0_z70.
DSP Report: operator linienmodule_fast_b_iir0_z70 is absorbed into DSP linienmodule_fast_b_iir0_z70.
DSP Report: Generating DSP linienmodule_fast_b_iir0_z60, operation Mode is: A2*B2.
DSP Report: register linienmodule_fast_b_iir0_z70 is absorbed into DSP linienmodule_fast_b_iir0_z60.
DSP Report: register linienmodule_fast_b_iir0_a2_reg is absorbed into DSP linienmodule_fast_b_iir0_z60.
DSP Report: operator linienmodule_fast_b_iir0_z60 is absorbed into DSP linienmodule_fast_b_iir0_z60.
DSP Report: operator linienmodule_fast_b_iir0_z60 is absorbed into DSP linienmodule_fast_b_iir0_z60.
DSP Report: Generating DSP linienmodule_fast_b_iir0_z60, operation Mode is: (PCIN>>17)+A2*B2.
DSP Report: register linienmodule_fast_b_iir0_y2_reg is absorbed into DSP linienmodule_fast_b_iir0_z60.
DSP Report: register linienmodule_fast_b_iir0_a2_reg is absorbed into DSP linienmodule_fast_b_iir0_z60.
DSP Report: operator linienmodule_fast_b_iir0_z60 is absorbed into DSP linienmodule_fast_b_iir0_z60.
DSP Report: operator linienmodule_fast_b_iir0_z60 is absorbed into DSP linienmodule_fast_b_iir0_z60.
DSP Report: Generating DSP linienmodule_fast_b_iir0_z50, operation Mode is: A2*B2.
DSP Report: register linienmodule_fast_b_iir0_z50 is absorbed into DSP linienmodule_fast_b_iir0_z50.
DSP Report: register linienmodule_fast_b_iir0_b01_reg is absorbed into DSP linienmodule_fast_b_iir0_z50.
DSP Report: operator linienmodule_fast_b_iir0_z50 is absorbed into DSP linienmodule_fast_b_iir0_z50.
DSP Report: operator linienmodule_fast_b_iir0_z50 is absorbed into DSP linienmodule_fast_b_iir0_z50.
DSP Report: Generating DSP linienmodule_fast_b_iir0_z50, operation Mode is: (PCIN>>17)+A2*B2.
DSP Report: register linienmodule_fast_b_iir0_y0_reg is absorbed into DSP linienmodule_fast_b_iir0_z50.
DSP Report: register linienmodule_fast_b_iir0_b01_reg is absorbed into DSP linienmodule_fast_b_iir0_z50.
DSP Report: operator linienmodule_fast_b_iir0_z50 is absorbed into DSP linienmodule_fast_b_iir0_z50.
DSP Report: operator linienmodule_fast_b_iir0_z50 is absorbed into DSP linienmodule_fast_b_iir0_z50.
DSP Report: Generating DSP linienmodule_fast_b_iir0_z40, operation Mode is: A2*B2.
DSP Report: register linienmodule_fast_b_iir0_b11_reg is absorbed into DSP linienmodule_fast_b_iir0_z40.
DSP Report: register linienmodule_fast_b_iir0_z50 is absorbed into DSP linienmodule_fast_b_iir0_z40.
DSP Report: operator linienmodule_fast_b_iir0_z40 is absorbed into DSP linienmodule_fast_b_iir0_z40.
DSP Report: operator linienmodule_fast_b_iir0_z40 is absorbed into DSP linienmodule_fast_b_iir0_z40.
DSP Report: Generating DSP linienmodule_fast_b_iir0_z40, operation Mode is: (PCIN>>17)+A*B2.
DSP Report: register linienmodule_fast_b_iir0_b11_reg is absorbed into DSP linienmodule_fast_b_iir0_z40.
DSP Report: register linienmodule_fast_b_iir0_y0_reg is absorbed into DSP linienmodule_fast_b_iir0_z40.
DSP Report: operator linienmodule_fast_b_iir0_z40 is absorbed into DSP linienmodule_fast_b_iir0_z40.
DSP Report: operator linienmodule_fast_b_iir0_z40 is absorbed into DSP linienmodule_fast_b_iir0_z40.
DSP Report: Generating DSP linienmodule_fast_b_iir0_z30, operation Mode is: A2*B2.
DSP Report: register linienmodule_fast_b_iir0_b2_reg is absorbed into DSP linienmodule_fast_b_iir0_z30.
DSP Report: register linienmodule_fast_b_iir0_z50 is absorbed into DSP linienmodule_fast_b_iir0_z30.
DSP Report: operator linienmodule_fast_b_iir0_z30 is absorbed into DSP linienmodule_fast_b_iir0_z30.
DSP Report: operator linienmodule_fast_b_iir0_z30 is absorbed into DSP linienmodule_fast_b_iir0_z30.
DSP Report: Generating DSP linienmodule_fast_b_iir0_z30, operation Mode is: (PCIN>>17)+A*B2.
DSP Report: register linienmodule_fast_b_iir0_b2_reg is absorbed into DSP linienmodule_fast_b_iir0_z30.
DSP Report: register linienmodule_fast_b_iir0_y0_reg is absorbed into DSP linienmodule_fast_b_iir0_z30.
DSP Report: operator linienmodule_fast_b_iir0_z30 is absorbed into DSP linienmodule_fast_b_iir0_z30.
DSP Report: operator linienmodule_fast_b_iir0_z30 is absorbed into DSP linienmodule_fast_b_iir0_z30.
DSP Report: Generating DSP linienmodule_fast_b_iir1_z10, operation Mode is: A2*B2.
DSP Report: register linienmodule_fast_b_iir1_z10 is absorbed into DSP linienmodule_fast_b_iir1_z10.
DSP Report: register linienmodule_fast_b_iir1_b00_reg is absorbed into DSP linienmodule_fast_b_iir1_z10.
DSP Report: operator linienmodule_fast_b_iir1_z10 is absorbed into DSP linienmodule_fast_b_iir1_z10.
DSP Report: operator linienmodule_fast_b_iir1_z10 is absorbed into DSP linienmodule_fast_b_iir1_z10.
DSP Report: Generating DSP linienmodule_fast_b_iir1_z10, operation Mode is: (PCIN>>17)+A2*B2.
DSP Report: register linienmodule_fast_b_limitcsr1_limitcsr1_y0_reg is absorbed into DSP linienmodule_fast_b_iir1_z10.
DSP Report: register linienmodule_fast_b_iir1_b00_reg is absorbed into DSP linienmodule_fast_b_iir1_z10.
DSP Report: operator linienmodule_fast_b_iir1_z10 is absorbed into DSP linienmodule_fast_b_iir1_z10.
DSP Report: operator linienmodule_fast_b_iir1_z10 is absorbed into DSP linienmodule_fast_b_iir1_z10.
DSP Report: Generating DSP linienmodule_fast_b_iir1_z00, operation Mode is: A2*B2.
DSP Report: register linienmodule_fast_b_iir1_z00 is absorbed into DSP linienmodule_fast_b_iir1_z00.
DSP Report: register linienmodule_fast_b_iir1_b10_reg is absorbed into DSP linienmodule_fast_b_iir1_z00.
DSP Report: operator linienmodule_fast_b_iir1_z00 is absorbed into DSP linienmodule_fast_b_iir1_z00.
DSP Report: operator linienmodule_fast_b_iir1_z00 is absorbed into DSP linienmodule_fast_b_iir1_z00.
DSP Report: Generating DSP linienmodule_fast_b_iir1_z00, operation Mode is: (PCIN>>17)+A2*B2.
DSP Report: register linienmodule_fast_b_limitcsr1_limitcsr1_y0_reg is absorbed into DSP linienmodule_fast_b_iir1_z00.
DSP Report: register linienmodule_fast_b_iir1_b10_reg is absorbed into DSP linienmodule_fast_b_iir1_z00.
DSP Report: operator linienmodule_fast_b_iir1_z00 is absorbed into DSP linienmodule_fast_b_iir1_z00.
DSP Report: operator linienmodule_fast_b_iir1_z00 is absorbed into DSP linienmodule_fast_b_iir1_z00.
DSP Report: Generating DSP linienmodule_fast_a_iir1_z20, operation Mode is: A2*B2.
DSP Report: register linienmodule_fast_a_iir1_z30 is absorbed into DSP linienmodule_fast_a_iir1_z20.
DSP Report: register linienmodule_fast_a_iir1_a10_reg is absorbed into DSP linienmodule_fast_a_iir1_z20.
DSP Report: operator linienmodule_fast_a_iir1_z20 is absorbed into DSP linienmodule_fast_a_iir1_z20.
DSP Report: operator linienmodule_fast_a_iir1_z20 is absorbed into DSP linienmodule_fast_a_iir1_z20.
DSP Report: Generating DSP linienmodule_fast_a_iir1_z20, operation Mode is: (PCIN>>17)+A2*B2.
DSP Report: register linienmodule_fast_a_iir1_y0_reg is absorbed into DSP linienmodule_fast_a_iir1_z20.
DSP Report: register linienmodule_fast_a_iir1_a10_reg is absorbed into DSP linienmodule_fast_a_iir1_z20.
DSP Report: operator linienmodule_fast_a_iir1_z20 is absorbed into DSP linienmodule_fast_a_iir1_z20.
DSP Report: operator linienmodule_fast_a_iir1_z20 is absorbed into DSP linienmodule_fast_a_iir1_z20.
DSP Report: Generating DSP linienmodule_fast_a_iir1_z10, operation Mode is: A2*B2.
DSP Report: register linienmodule_fast_a_iir1_z10 is absorbed into DSP linienmodule_fast_a_iir1_z10.
DSP Report: register linienmodule_fast_a_iir1_b00_reg is absorbed into DSP linienmodule_fast_a_iir1_z10.
DSP Report: operator linienmodule_fast_a_iir1_z10 is absorbed into DSP linienmodule_fast_a_iir1_z10.
DSP Report: operator linienmodule_fast_a_iir1_z10 is absorbed into DSP linienmodule_fast_a_iir1_z10.
DSP Report: Generating DSP linienmodule_fast_a_iir1_z10, operation Mode is: (PCIN>>17)+A2*B2.
DSP Report: register linienmodule_fast_a_limitcsr1_limitcsr1_y0_reg is absorbed into DSP linienmodule_fast_a_iir1_z10.
DSP Report: register linienmodule_fast_a_iir1_b00_reg is absorbed into DSP linienmodule_fast_a_iir1_z10.
DSP Report: operator linienmodule_fast_a_iir1_z10 is absorbed into DSP linienmodule_fast_a_iir1_z10.
DSP Report: operator linienmodule_fast_a_iir1_z10 is absorbed into DSP linienmodule_fast_a_iir1_z10.
DSP Report: Generating DSP linienmodule_fast_a_iir1_z00, operation Mode is: A2*B2.
DSP Report: register linienmodule_fast_a_iir1_z00 is absorbed into DSP linienmodule_fast_a_iir1_z00.
DSP Report: register linienmodule_fast_a_iir1_b10_reg is absorbed into DSP linienmodule_fast_a_iir1_z00.
DSP Report: operator linienmodule_fast_a_iir1_z00 is absorbed into DSP linienmodule_fast_a_iir1_z00.
DSP Report: operator linienmodule_fast_a_iir1_z00 is absorbed into DSP linienmodule_fast_a_iir1_z00.
DSP Report: Generating DSP linienmodule_fast_a_iir1_z00, operation Mode is: (PCIN>>17)+A2*B2.
DSP Report: register linienmodule_fast_a_limitcsr1_limitcsr1_y0_reg is absorbed into DSP linienmodule_fast_a_iir1_z00.
DSP Report: register linienmodule_fast_a_iir1_b10_reg is absorbed into DSP linienmodule_fast_a_iir1_z00.
DSP Report: operator linienmodule_fast_a_iir1_z00 is absorbed into DSP linienmodule_fast_a_iir1_z00.
DSP Report: operator linienmodule_fast_a_iir1_z00 is absorbed into DSP linienmodule_fast_a_iir1_z00.
DSP Report: Generating DSP linienmodule_fast_a_iir1_z70, operation Mode is: A2*B2.
DSP Report: register linienmodule_fast_a_iir1_z60 is absorbed into DSP linienmodule_fast_a_iir1_z70.
DSP Report: register linienmodule_fast_a_iir1_a11_reg is absorbed into DSP linienmodule_fast_a_iir1_z70.
DSP Report: operator linienmodule_fast_a_iir1_z70 is absorbed into DSP linienmodule_fast_a_iir1_z70.
DSP Report: operator linienmodule_fast_a_iir1_z70 is absorbed into DSP linienmodule_fast_a_iir1_z70.
DSP Report: Generating DSP linienmodule_fast_a_iir1_z70, operation Mode is: (PCIN>>17)+A2*B2.
DSP Report: register linienmodule_fast_a_iir1_y2_reg is absorbed into DSP linienmodule_fast_a_iir1_z70.
DSP Report: register linienmodule_fast_a_iir1_a11_reg is absorbed into DSP linienmodule_fast_a_iir1_z70.
DSP Report: operator linienmodule_fast_a_iir1_z70 is absorbed into DSP linienmodule_fast_a_iir1_z70.
DSP Report: operator linienmodule_fast_a_iir1_z70 is absorbed into DSP linienmodule_fast_a_iir1_z70.
DSP Report: Generating DSP linienmodule_fast_a_iir1_z60, operation Mode is: A2*B2.
DSP Report: register linienmodule_fast_a_iir1_z60 is absorbed into DSP linienmodule_fast_a_iir1_z60.
DSP Report: register linienmodule_fast_a_iir1_a2_reg is absorbed into DSP linienmodule_fast_a_iir1_z60.
DSP Report: operator linienmodule_fast_a_iir1_z60 is absorbed into DSP linienmodule_fast_a_iir1_z60.
DSP Report: operator linienmodule_fast_a_iir1_z60 is absorbed into DSP linienmodule_fast_a_iir1_z60.
DSP Report: Generating DSP linienmodule_fast_a_iir1_z60, operation Mode is: (PCIN>>17)+A2*B2.
DSP Report: register linienmodule_fast_a_iir1_y2_reg is absorbed into DSP linienmodule_fast_a_iir1_z60.
DSP Report: register linienmodule_fast_a_iir1_a2_reg is absorbed into DSP linienmodule_fast_a_iir1_z60.
DSP Report: operator linienmodule_fast_a_iir1_z60 is absorbed into DSP linienmodule_fast_a_iir1_z60.
DSP Report: operator linienmodule_fast_a_iir1_z60 is absorbed into DSP linienmodule_fast_a_iir1_z60.
DSP Report: Generating DSP linienmodule_fast_a_iir1_z50, operation Mode is: A2*B2.
DSP Report: register linienmodule_fast_a_iir1_z30 is absorbed into DSP linienmodule_fast_a_iir1_z50.
DSP Report: register linienmodule_fast_a_iir1_b01_reg is absorbed into DSP linienmodule_fast_a_iir1_z50.
DSP Report: operator linienmodule_fast_a_iir1_z50 is absorbed into DSP linienmodule_fast_a_iir1_z50.
DSP Report: operator linienmodule_fast_a_iir1_z50 is absorbed into DSP linienmodule_fast_a_iir1_z50.
DSP Report: Generating DSP linienmodule_fast_a_iir1_z50, operation Mode is: (PCIN>>17)+A2*B2.
DSP Report: register linienmodule_fast_a_iir1_y0_reg is absorbed into DSP linienmodule_fast_a_iir1_z50.
DSP Report: register linienmodule_fast_a_iir1_b01_reg is absorbed into DSP linienmodule_fast_a_iir1_z50.
DSP Report: operator linienmodule_fast_a_iir1_z50 is absorbed into DSP linienmodule_fast_a_iir1_z50.
DSP Report: operator linienmodule_fast_a_iir1_z50 is absorbed into DSP linienmodule_fast_a_iir1_z50.
DSP Report: Generating DSP linienmodule_fast_a_iir1_z40, operation Mode is: A2*B2.
DSP Report: register linienmodule_fast_a_iir1_b11_reg is absorbed into DSP linienmodule_fast_a_iir1_z40.
DSP Report: register linienmodule_fast_a_iir1_z30 is absorbed into DSP linienmodule_fast_a_iir1_z40.
DSP Report: operator linienmodule_fast_a_iir1_z40 is absorbed into DSP linienmodule_fast_a_iir1_z40.
DSP Report: operator linienmodule_fast_a_iir1_z40 is absorbed into DSP linienmodule_fast_a_iir1_z40.
DSP Report: Generating DSP linienmodule_fast_a_iir1_z40, operation Mode is: (PCIN>>17)+A*B2.
DSP Report: register linienmodule_fast_a_iir1_b11_reg is absorbed into DSP linienmodule_fast_a_iir1_z40.
DSP Report: register linienmodule_fast_a_iir1_y0_reg is absorbed into DSP linienmodule_fast_a_iir1_z40.
DSP Report: operator linienmodule_fast_a_iir1_z40 is absorbed into DSP linienmodule_fast_a_iir1_z40.
DSP Report: operator linienmodule_fast_a_iir1_z40 is absorbed into DSP linienmodule_fast_a_iir1_z40.
DSP Report: Generating DSP linienmodule_fast_a_iir1_z30, operation Mode is: A2*B2.
DSP Report: register linienmodule_fast_a_iir1_b2_reg is absorbed into DSP linienmodule_fast_a_iir1_z30.
DSP Report: register linienmodule_fast_a_iir1_z30 is absorbed into DSP linienmodule_fast_a_iir1_z30.
DSP Report: operator linienmodule_fast_a_iir1_z30 is absorbed into DSP linienmodule_fast_a_iir1_z30.
DSP Report: operator linienmodule_fast_a_iir1_z30 is absorbed into DSP linienmodule_fast_a_iir1_z30.
DSP Report: Generating DSP linienmodule_fast_a_iir1_z30, operation Mode is: (PCIN>>17)+A*B2.
DSP Report: register linienmodule_fast_a_iir1_b2_reg is absorbed into DSP linienmodule_fast_a_iir1_z30.
DSP Report: register linienmodule_fast_a_iir1_y0_reg is absorbed into DSP linienmodule_fast_a_iir1_z30.
DSP Report: operator linienmodule_fast_a_iir1_z30 is absorbed into DSP linienmodule_fast_a_iir1_z30.
DSP Report: operator linienmodule_fast_a_iir1_z30 is absorbed into DSP linienmodule_fast_a_iir1_z30.
DSP Report: Generating DSP linienmodule_fast_a_iir0_z20, operation Mode is: A2*B2.
DSP Report: register linienmodule_fast_a_iir0_z20 is absorbed into DSP linienmodule_fast_a_iir0_z20.
DSP Report: register linienmodule_fast_a_iir0_a10_reg is absorbed into DSP linienmodule_fast_a_iir0_z20.
DSP Report: operator linienmodule_fast_a_iir0_z20 is absorbed into DSP linienmodule_fast_a_iir0_z20.
DSP Report: operator linienmodule_fast_a_iir0_z20 is absorbed into DSP linienmodule_fast_a_iir0_z20.
DSP Report: Generating DSP linienmodule_fast_a_iir0_z20, operation Mode is: (PCIN>>17)+A2*B2.
DSP Report: register linienmodule_fast_a_iir0_y0_reg is absorbed into DSP linienmodule_fast_a_iir0_z20.
DSP Report: register linienmodule_fast_a_iir0_a10_reg is absorbed into DSP linienmodule_fast_a_iir0_z20.
DSP Report: operator linienmodule_fast_a_iir0_z20 is absorbed into DSP linienmodule_fast_a_iir0_z20.
DSP Report: operator linienmodule_fast_a_iir0_z20 is absorbed into DSP linienmodule_fast_a_iir0_z20.
DSP Report: Generating DSP linienmodule_fast_a_iir0_z10, operation Mode is: A2*B2.
DSP Report: register linienmodule_fast_a_iir0_z10 is absorbed into DSP linienmodule_fast_a_iir0_z10.
DSP Report: register linienmodule_fast_a_iir0_b00_reg is absorbed into DSP linienmodule_fast_a_iir0_z10.
DSP Report: operator linienmodule_fast_a_iir0_z10 is absorbed into DSP linienmodule_fast_a_iir0_z10.
DSP Report: operator linienmodule_fast_a_iir0_z10 is absorbed into DSP linienmodule_fast_a_iir0_z10.
DSP Report: Generating DSP linienmodule_fast_a_iir0_z10, operation Mode is: (PCIN>>17)+A2*B2.
DSP Report: register linienmodule_fast_a_limitcsr0_limitcsr0_y0_reg is absorbed into DSP linienmodule_fast_a_iir0_z10.
DSP Report: register linienmodule_fast_a_iir0_b00_reg is absorbed into DSP linienmodule_fast_a_iir0_z10.
DSP Report: operator linienmodule_fast_a_iir0_z10 is absorbed into DSP linienmodule_fast_a_iir0_z10.
DSP Report: operator linienmodule_fast_a_iir0_z10 is absorbed into DSP linienmodule_fast_a_iir0_z10.
DSP Report: Generating DSP linienmodule_fast_a_iir0_z00, operation Mode is: A2*B2.
DSP Report: register linienmodule_fast_a_iir0_z00 is absorbed into DSP linienmodule_fast_a_iir0_z00.
DSP Report: register linienmodule_fast_a_iir0_b10_reg is absorbed into DSP linienmodule_fast_a_iir0_z00.
DSP Report: operator linienmodule_fast_a_iir0_z00 is absorbed into DSP linienmodule_fast_a_iir0_z00.
DSP Report: operator linienmodule_fast_a_iir0_z00 is absorbed into DSP linienmodule_fast_a_iir0_z00.
DSP Report: Generating DSP linienmodule_fast_a_iir0_z00, operation Mode is: (PCIN>>17)+A2*B2.
DSP Report: register linienmodule_fast_a_limitcsr0_limitcsr0_y0_reg is absorbed into DSP linienmodule_fast_a_iir0_z00.
DSP Report: register linienmodule_fast_a_iir0_b10_reg is absorbed into DSP linienmodule_fast_a_iir0_z00.
DSP Report: operator linienmodule_fast_a_iir0_z00 is absorbed into DSP linienmodule_fast_a_iir0_z00.
DSP Report: operator linienmodule_fast_a_iir0_z00 is absorbed into DSP linienmodule_fast_a_iir0_z00.
DSP Report: Generating DSP linienmodule_fast_a_iir0_z70, operation Mode is: A2*B2.
DSP Report: register linienmodule_fast_a_iir0_z70 is absorbed into DSP linienmodule_fast_a_iir0_z70.
DSP Report: register linienmodule_fast_a_iir0_a11_reg is absorbed into DSP linienmodule_fast_a_iir0_z70.
DSP Report: operator linienmodule_fast_a_iir0_z70 is absorbed into DSP linienmodule_fast_a_iir0_z70.
DSP Report: operator linienmodule_fast_a_iir0_z70 is absorbed into DSP linienmodule_fast_a_iir0_z70.
DSP Report: Generating DSP linienmodule_fast_a_iir0_z70, operation Mode is: (PCIN>>17)+A2*B2.
DSP Report: register linienmodule_fast_a_iir0_y2_reg is absorbed into DSP linienmodule_fast_a_iir0_z70.
DSP Report: register linienmodule_fast_a_iir0_a11_reg is absorbed into DSP linienmodule_fast_a_iir0_z70.
DSP Report: operator linienmodule_fast_a_iir0_z70 is absorbed into DSP linienmodule_fast_a_iir0_z70.
DSP Report: operator linienmodule_fast_a_iir0_z70 is absorbed into DSP linienmodule_fast_a_iir0_z70.
DSP Report: Generating DSP linienmodule_fast_a_iir0_z60, operation Mode is: A2*B2.
DSP Report: register linienmodule_fast_a_iir0_z70 is absorbed into DSP linienmodule_fast_a_iir0_z60.
DSP Report: register linienmodule_fast_a_iir0_a2_reg is absorbed into DSP linienmodule_fast_a_iir0_z60.
DSP Report: operator linienmodule_fast_a_iir0_z60 is absorbed into DSP linienmodule_fast_a_iir0_z60.
DSP Report: operator linienmodule_fast_a_iir0_z60 is absorbed into DSP linienmodule_fast_a_iir0_z60.
DSP Report: Generating DSP linienmodule_fast_a_iir0_z60, operation Mode is: (PCIN>>17)+A2*B2.
DSP Report: register linienmodule_fast_a_iir0_y2_reg is absorbed into DSP linienmodule_fast_a_iir0_z60.
DSP Report: register linienmodule_fast_a_iir0_a2_reg is absorbed into DSP linienmodule_fast_a_iir0_z60.
DSP Report: operator linienmodule_fast_a_iir0_z60 is absorbed into DSP linienmodule_fast_a_iir0_z60.
DSP Report: operator linienmodule_fast_a_iir0_z60 is absorbed into DSP linienmodule_fast_a_iir0_z60.
DSP Report: Generating DSP linienmodule_fast_a_iir0_z50, operation Mode is: A2*B2.
DSP Report: register linienmodule_fast_a_iir0_z20 is absorbed into DSP linienmodule_fast_a_iir0_z50.
DSP Report: register linienmodule_fast_a_iir0_b01_reg is absorbed into DSP linienmodule_fast_a_iir0_z50.
DSP Report: operator linienmodule_fast_a_iir0_z50 is absorbed into DSP linienmodule_fast_a_iir0_z50.
DSP Report: operator linienmodule_fast_a_iir0_z50 is absorbed into DSP linienmodule_fast_a_iir0_z50.
DSP Report: Generating DSP linienmodule_fast_a_iir0_z50, operation Mode is: (PCIN>>17)+A2*B2.
DSP Report: register linienmodule_fast_a_iir0_y0_reg is absorbed into DSP linienmodule_fast_a_iir0_z50.
DSP Report: register linienmodule_fast_a_iir0_b01_reg is absorbed into DSP linienmodule_fast_a_iir0_z50.
DSP Report: operator linienmodule_fast_a_iir0_z50 is absorbed into DSP linienmodule_fast_a_iir0_z50.
DSP Report: operator linienmodule_fast_a_iir0_z50 is absorbed into DSP linienmodule_fast_a_iir0_z50.
DSP Report: Generating DSP linienmodule_fast_a_iir0_z40, operation Mode is: A2*B2.
DSP Report: register linienmodule_fast_a_iir0_b11_reg is absorbed into DSP linienmodule_fast_a_iir0_z40.
DSP Report: register linienmodule_fast_a_iir0_z20 is absorbed into DSP linienmodule_fast_a_iir0_z40.
DSP Report: operator linienmodule_fast_a_iir0_z40 is absorbed into DSP linienmodule_fast_a_iir0_z40.
DSP Report: operator linienmodule_fast_a_iir0_z40 is absorbed into DSP linienmodule_fast_a_iir0_z40.
DSP Report: Generating DSP linienmodule_fast_a_iir0_z40, operation Mode is: (PCIN>>17)+A*B2.
DSP Report: register linienmodule_fast_a_iir0_b11_reg is absorbed into DSP linienmodule_fast_a_iir0_z40.
DSP Report: register linienmodule_fast_a_iir0_y0_reg is absorbed into DSP linienmodule_fast_a_iir0_z40.
DSP Report: operator linienmodule_fast_a_iir0_z40 is absorbed into DSP linienmodule_fast_a_iir0_z40.
DSP Report: operator linienmodule_fast_a_iir0_z40 is absorbed into DSP linienmodule_fast_a_iir0_z40.
DSP Report: Generating DSP linienmodule_fast_a_iir0_z30, operation Mode is: A2*B2.
DSP Report: register linienmodule_fast_a_iir0_b2_reg is absorbed into DSP linienmodule_fast_a_iir0_z30.
DSP Report: register linienmodule_fast_a_iir0_z20 is absorbed into DSP linienmodule_fast_a_iir0_z30.
DSP Report: operator linienmodule_fast_a_iir0_z30 is absorbed into DSP linienmodule_fast_a_iir0_z30.
DSP Report: operator linienmodule_fast_a_iir0_z30 is absorbed into DSP linienmodule_fast_a_iir0_z30.
DSP Report: Generating DSP linienmodule_fast_a_iir0_z30, operation Mode is: (PCIN>>17)+A*B2.
DSP Report: register linienmodule_fast_a_iir0_b2_reg is absorbed into DSP linienmodule_fast_a_iir0_z30.
DSP Report: register linienmodule_fast_a_iir0_y0_reg is absorbed into DSP linienmodule_fast_a_iir0_z30.
DSP Report: operator linienmodule_fast_a_iir0_z30 is absorbed into DSP linienmodule_fast_a_iir0_z30.
DSP Report: operator linienmodule_fast_a_iir0_z30 is absorbed into DSP linienmodule_fast_a_iir0_z30.
DSP Report: Generating DSP linienmodule_raw_acquisition_iir_z100, operation Mode is: A2*B2.
DSP Report: register linienmodule_raw_acquisition_iir_z60 is absorbed into DSP linienmodule_raw_acquisition_iir_z100.
DSP Report: register linienmodule_raw_acquisition_iir_a1_reg is absorbed into DSP linienmodule_raw_acquisition_iir_z100.
DSP Report: operator linienmodule_raw_acquisition_iir_z100 is absorbed into DSP linienmodule_raw_acquisition_iir_z100.
DSP Report: operator linienmodule_raw_acquisition_iir_z100 is absorbed into DSP linienmodule_raw_acquisition_iir_z100.
DSP Report: Generating DSP linienmodule_raw_acquisition_iir_z100, operation Mode is: (PCIN>>17)+A2*B2.
DSP Report: register linienmodule_raw_acquisition_iir_y0_reg is absorbed into DSP linienmodule_raw_acquisition_iir_z100.
DSP Report: register linienmodule_raw_acquisition_iir_a1_reg is absorbed into DSP linienmodule_raw_acquisition_iir_z100.
DSP Report: operator linienmodule_raw_acquisition_iir_z100 is absorbed into DSP linienmodule_raw_acquisition_iir_z100.
DSP Report: operator linienmodule_raw_acquisition_iir_z100 is absorbed into DSP linienmodule_raw_acquisition_iir_z100.
DSP Report: Generating DSP linienmodule_raw_acquisition_iir_z90, operation Mode is: A2*B2.
DSP Report: register linienmodule_raw_acquisition_iir_z60 is absorbed into DSP linienmodule_raw_acquisition_iir_z90.
DSP Report: register linienmodule_raw_acquisition_iir_a2_reg is absorbed into DSP linienmodule_raw_acquisition_iir_z90.
DSP Report: operator linienmodule_raw_acquisition_iir_z90 is absorbed into DSP linienmodule_raw_acquisition_iir_z90.
DSP Report: operator linienmodule_raw_acquisition_iir_z90 is absorbed into DSP linienmodule_raw_acquisition_iir_z90.
DSP Report: Generating DSP linienmodule_raw_acquisition_iir_z90, operation Mode is: (PCIN>>17)+A2*B2.
DSP Report: register linienmodule_raw_acquisition_iir_y0_reg is absorbed into DSP linienmodule_raw_acquisition_iir_z90.
DSP Report: register linienmodule_raw_acquisition_iir_a2_reg is absorbed into DSP linienmodule_raw_acquisition_iir_z90.
DSP Report: operator linienmodule_raw_acquisition_iir_z90 is absorbed into DSP linienmodule_raw_acquisition_iir_z90.
DSP Report: operator linienmodule_raw_acquisition_iir_z90 is absorbed into DSP linienmodule_raw_acquisition_iir_z90.
DSP Report: Generating DSP linienmodule_raw_acquisition_iir_z80, operation Mode is: A2*B2.
DSP Report: register linienmodule_raw_acquisition_iir_a3_reg is absorbed into DSP linienmodule_raw_acquisition_iir_z80.
DSP Report: register linienmodule_raw_acquisition_iir_z60 is absorbed into DSP linienmodule_raw_acquisition_iir_z80.
DSP Report: operator linienmodule_raw_acquisition_iir_z80 is absorbed into DSP linienmodule_raw_acquisition_iir_z80.
DSP Report: operator linienmodule_raw_acquisition_iir_z80 is absorbed into DSP linienmodule_raw_acquisition_iir_z80.
DSP Report: Generating DSP linienmodule_raw_acquisition_iir_z80, operation Mode is: (PCIN>>17)+A*B2.
DSP Report: register linienmodule_raw_acquisition_iir_a3_reg is absorbed into DSP linienmodule_raw_acquisition_iir_z80.
DSP Report: register linienmodule_raw_acquisition_iir_y0_reg is absorbed into DSP linienmodule_raw_acquisition_iir_z80.
DSP Report: operator linienmodule_raw_acquisition_iir_z80 is absorbed into DSP linienmodule_raw_acquisition_iir_z80.
DSP Report: operator linienmodule_raw_acquisition_iir_z80 is absorbed into DSP linienmodule_raw_acquisition_iir_z80.
DSP Report: Generating DSP linienmodule_raw_acquisition_iir_z70, operation Mode is: A2*B2.
DSP Report: register linienmodule_raw_acquisition_iir_a4_reg is absorbed into DSP linienmodule_raw_acquisition_iir_z70.
DSP Report: register linienmodule_raw_acquisition_iir_z60 is absorbed into DSP linienmodule_raw_acquisition_iir_z70.
DSP Report: operator linienmodule_raw_acquisition_iir_z70 is absorbed into DSP linienmodule_raw_acquisition_iir_z70.
DSP Report: operator linienmodule_raw_acquisition_iir_z70 is absorbed into DSP linienmodule_raw_acquisition_iir_z70.
DSP Report: Generating DSP linienmodule_raw_acquisition_iir_z70, operation Mode is: (PCIN>>17)+A*B2.
DSP Report: register linienmodule_raw_acquisition_iir_a4_reg is absorbed into DSP linienmodule_raw_acquisition_iir_z70.
DSP Report: register linienmodule_raw_acquisition_iir_y0_reg is absorbed into DSP linienmodule_raw_acquisition_iir_z70.
DSP Report: operator linienmodule_raw_acquisition_iir_z70 is absorbed into DSP linienmodule_raw_acquisition_iir_z70.
DSP Report: operator linienmodule_raw_acquisition_iir_z70 is absorbed into DSP linienmodule_raw_acquisition_iir_z70.
DSP Report: Generating DSP linienmodule_raw_acquisition_iir_z60, operation Mode is: A2*B2.
DSP Report: register linienmodule_raw_acquisition_iir_a5_reg is absorbed into DSP linienmodule_raw_acquisition_iir_z60.
DSP Report: register linienmodule_raw_acquisition_iir_z60 is absorbed into DSP linienmodule_raw_acquisition_iir_z60.
DSP Report: operator linienmodule_raw_acquisition_iir_z60 is absorbed into DSP linienmodule_raw_acquisition_iir_z60.
DSP Report: operator linienmodule_raw_acquisition_iir_z60 is absorbed into DSP linienmodule_raw_acquisition_iir_z60.
DSP Report: Generating DSP linienmodule_raw_acquisition_iir_z60, operation Mode is: (PCIN>>17)+A*B2.
DSP Report: register linienmodule_raw_acquisition_iir_a5_reg is absorbed into DSP linienmodule_raw_acquisition_iir_z60.
DSP Report: register linienmodule_raw_acquisition_iir_y0_reg is absorbed into DSP linienmodule_raw_acquisition_iir_z60.
DSP Report: operator linienmodule_raw_acquisition_iir_z60 is absorbed into DSP linienmodule_raw_acquisition_iir_z60.
DSP Report: operator linienmodule_raw_acquisition_iir_z60 is absorbed into DSP linienmodule_raw_acquisition_iir_z60.
DSP Report: Generating DSP linienmodule_raw_acquisition_iir_z50, operation Mode is: A2*B2.
DSP Report: register linienmodule_raw_acquisition_iir_z50 is absorbed into DSP linienmodule_raw_acquisition_iir_z50.
DSP Report: register linienmodule_raw_acquisition_iir_b0_reg is absorbed into DSP linienmodule_raw_acquisition_iir_z50.
DSP Report: operator linienmodule_raw_acquisition_iir_z50 is absorbed into DSP linienmodule_raw_acquisition_iir_z50.
DSP Report: operator linienmodule_raw_acquisition_iir_z50 is absorbed into DSP linienmodule_raw_acquisition_iir_z50.
DSP Report: Generating DSP linienmodule_raw_acquisition_iir_z50, operation Mode is: (PCIN>>17)+A2*B2.
DSP Report: register linienmodule_limit_error_signal_limitcsr_y_reg is absorbed into DSP linienmodule_raw_acquisition_iir_z50.
DSP Report: register linienmodule_raw_acquisition_iir_b0_reg is absorbed into DSP linienmodule_raw_acquisition_iir_z50.
DSP Report: operator linienmodule_raw_acquisition_iir_z50 is absorbed into DSP linienmodule_raw_acquisition_iir_z50.
DSP Report: operator linienmodule_raw_acquisition_iir_z50 is absorbed into DSP linienmodule_raw_acquisition_iir_z50.
DSP Report: Generating DSP linienmodule_raw_acquisition_iir_z30, operation Mode is: A2*B2.
DSP Report: register linienmodule_raw_acquisition_iir_z30 is absorbed into DSP linienmodule_raw_acquisition_iir_z30.
DSP Report: register linienmodule_raw_acquisition_iir_b2_reg is absorbed into DSP linienmodule_raw_acquisition_iir_z30.
DSP Report: operator linienmodule_raw_acquisition_iir_z30 is absorbed into DSP linienmodule_raw_acquisition_iir_z30.
DSP Report: operator linienmodule_raw_acquisition_iir_z30 is absorbed into DSP linienmodule_raw_acquisition_iir_z30.
DSP Report: Generating DSP linienmodule_raw_acquisition_iir_z30, operation Mode is: (PCIN>>17)+A2*B2.
DSP Report: register linienmodule_limit_error_signal_limitcsr_y_reg is absorbed into DSP linienmodule_raw_acquisition_iir_z30.
DSP Report: register linienmodule_raw_acquisition_iir_b2_reg is absorbed into DSP linienmodule_raw_acquisition_iir_z30.
DSP Report: operator linienmodule_raw_acquisition_iir_z30 is absorbed into DSP linienmodule_raw_acquisition_iir_z30.
DSP Report: operator linienmodule_raw_acquisition_iir_z30 is absorbed into DSP linienmodule_raw_acquisition_iir_z30.
DSP Report: Generating DSP linienmodule_raw_acquisition_iir_z20, operation Mode is: A2*B2.
DSP Report: register linienmodule_raw_acquisition_iir_z20 is absorbed into DSP linienmodule_raw_acquisition_iir_z20.
DSP Report: register linienmodule_raw_acquisition_iir_b3_reg is absorbed into DSP linienmodule_raw_acquisition_iir_z20.
DSP Report: operator linienmodule_raw_acquisition_iir_z20 is absorbed into DSP linienmodule_raw_acquisition_iir_z20.
DSP Report: operator linienmodule_raw_acquisition_iir_z20 is absorbed into DSP linienmodule_raw_acquisition_iir_z20.
DSP Report: Generating DSP linienmodule_raw_acquisition_iir_z20, operation Mode is: (PCIN>>17)+A2*B2.
DSP Report: register linienmodule_limit_error_signal_limitcsr_y_reg is absorbed into DSP linienmodule_raw_acquisition_iir_z20.
DSP Report: register linienmodule_raw_acquisition_iir_b3_reg is absorbed into DSP linienmodule_raw_acquisition_iir_z20.
DSP Report: operator linienmodule_raw_acquisition_iir_z20 is absorbed into DSP linienmodule_raw_acquisition_iir_z20.
DSP Report: operator linienmodule_raw_acquisition_iir_z20 is absorbed into DSP linienmodule_raw_acquisition_iir_z20.
WARNING: [Synth 8-3936] Found unconnected internal register 'i_bridge/addr_o_reg' and it is trimmed from '32' to '20' bits. [/home/vedaant/school/quantum_work/linien/gateware/build/imports/home/vedaant/school/quantum_work/linien/gateware/verilog/bus_clk_bridge.v:90]
WARNING: [Synth 8-3936] Found unconnected internal register 'bus_clk_bridge/wdata_o_reg' and it is trimmed from '32' to '8' bits. [/home/vedaant/school/quantum_work/linien/gateware/build/imports/home/vedaant/school/quantum_work/linien/gateware/verilog/bus_clk_bridge.v:91]
WARNING: [Synth 8-3936] Found unconnected internal register 'bus_clk_bridge/addr_o_reg' and it is trimmed from '32' to '16' bits. [/home/vedaant/school/quantum_work/linien/gateware/build/imports/home/vedaant/school/quantum_work/linien/gateware/verilog/bus_clk_bridge.v:90]
DSP Report: Generating DSP linienmodule_fast_b_iir1_z20, operation Mode is: A2*B2.
DSP Report: register linienmodule_fast_b_iir1_z30 is absorbed into DSP linienmodule_fast_b_iir1_z20.
DSP Report: register linienmodule_fast_b_iir1_a10_reg is absorbed into DSP linienmodule_fast_b_iir1_z20.
DSP Report: operator linienmodule_fast_b_iir1_z20 is absorbed into DSP linienmodule_fast_b_iir1_z20.
DSP Report: operator linienmodule_fast_b_iir1_z20 is absorbed into DSP linienmodule_fast_b_iir1_z20.
DSP Report: Generating DSP linienmodule_fast_b_iir1_z20, operation Mode is: (PCIN>>17)+A2*B2.
DSP Report: register linienmodule_fast_b_iir1_y0_reg is absorbed into DSP linienmodule_fast_b_iir1_z20.
DSP Report: register linienmodule_fast_b_iir1_a10_reg is absorbed into DSP linienmodule_fast_b_iir1_z20.
DSP Report: operator linienmodule_fast_b_iir1_z20 is absorbed into DSP linienmodule_fast_b_iir1_z20.
DSP Report: operator linienmodule_fast_b_iir1_z20 is absorbed into DSP linienmodule_fast_b_iir1_z20.
DSP Report: Generating DSP linienmodule_fast_b_iir1_z70, operation Mode is: A2*B2.
DSP Report: register linienmodule_fast_b_iir1_z60 is absorbed into DSP linienmodule_fast_b_iir1_z70.
DSP Report: register linienmodule_fast_b_iir1_a11_reg is absorbed into DSP linienmodule_fast_b_iir1_z70.
DSP Report: operator linienmodule_fast_b_iir1_z70 is absorbed into DSP linienmodule_fast_b_iir1_z70.
DSP Report: operator linienmodule_fast_b_iir1_z70 is absorbed into DSP linienmodule_fast_b_iir1_z70.
DSP Report: Generating DSP linienmodule_fast_b_iir1_z70, operation Mode is: (PCIN>>17)+A2*B2.
DSP Report: register linienmodule_fast_b_iir1_y2_reg is absorbed into DSP linienmodule_fast_b_iir1_z70.
DSP Report: register linienmodule_fast_b_iir1_a11_reg is absorbed into DSP linienmodule_fast_b_iir1_z70.
DSP Report: operator linienmodule_fast_b_iir1_z70 is absorbed into DSP linienmodule_fast_b_iir1_z70.
DSP Report: operator linienmodule_fast_b_iir1_z70 is absorbed into DSP linienmodule_fast_b_iir1_z70.
DSP Report: Generating DSP linienmodule_fast_b_iir1_z60, operation Mode is: A2*B2.
DSP Report: register linienmodule_fast_b_iir1_z60 is absorbed into DSP linienmodule_fast_b_iir1_z60.
DSP Report: register linienmodule_fast_b_iir1_a2_reg is absorbed into DSP linienmodule_fast_b_iir1_z60.
DSP Report: operator linienmodule_fast_b_iir1_z60 is absorbed into DSP linienmodule_fast_b_iir1_z60.
DSP Report: operator linienmodule_fast_b_iir1_z60 is absorbed into DSP linienmodule_fast_b_iir1_z60.
DSP Report: Generating DSP linienmodule_fast_b_iir1_z60, operation Mode is: (PCIN>>17)+A2*B2.
DSP Report: register linienmodule_fast_b_iir1_y2_reg is absorbed into DSP linienmodule_fast_b_iir1_z60.
DSP Report: register linienmodule_fast_b_iir1_a2_reg is absorbed into DSP linienmodule_fast_b_iir1_z60.
DSP Report: operator linienmodule_fast_b_iir1_z60 is absorbed into DSP linienmodule_fast_b_iir1_z60.
DSP Report: operator linienmodule_fast_b_iir1_z60 is absorbed into DSP linienmodule_fast_b_iir1_z60.
DSP Report: Generating DSP linienmodule_fast_b_iir1_z50, operation Mode is: A2*B2.
DSP Report: register linienmodule_fast_b_iir1_z30 is absorbed into DSP linienmodule_fast_b_iir1_z50.
DSP Report: register linienmodule_fast_b_iir1_b01_reg is absorbed into DSP linienmodule_fast_b_iir1_z50.
DSP Report: operator linienmodule_fast_b_iir1_z50 is absorbed into DSP linienmodule_fast_b_iir1_z50.
DSP Report: operator linienmodule_fast_b_iir1_z50 is absorbed into DSP linienmodule_fast_b_iir1_z50.
DSP Report: Generating DSP linienmodule_fast_b_iir1_z50, operation Mode is: (PCIN>>17)+A2*B2.
DSP Report: register linienmodule_fast_b_iir1_y0_reg is absorbed into DSP linienmodule_fast_b_iir1_z50.
DSP Report: register linienmodule_fast_b_iir1_b01_reg is absorbed into DSP linienmodule_fast_b_iir1_z50.
DSP Report: operator linienmodule_fast_b_iir1_z50 is absorbed into DSP linienmodule_fast_b_iir1_z50.
DSP Report: operator linienmodule_fast_b_iir1_z50 is absorbed into DSP linienmodule_fast_b_iir1_z50.
DSP Report: Generating DSP linienmodule_fast_b_iir1_z40, operation Mode is: A2*B2.
DSP Report: register linienmodule_fast_b_iir1_b11_reg is absorbed into DSP linienmodule_fast_b_iir1_z40.
DSP Report: register linienmodule_fast_b_iir1_z30 is absorbed into DSP linienmodule_fast_b_iir1_z40.
DSP Report: operator linienmodule_fast_b_iir1_z40 is absorbed into DSP linienmodule_fast_b_iir1_z40.
DSP Report: operator linienmodule_fast_b_iir1_z40 is absorbed into DSP linienmodule_fast_b_iir1_z40.
DSP Report: Generating DSP linienmodule_fast_b_iir1_z40, operation Mode is: (PCIN>>17)+A*B2.
DSP Report: register linienmodule_fast_b_iir1_b11_reg is absorbed into DSP linienmodule_fast_b_iir1_z40.
DSP Report: register linienmodule_fast_b_iir1_y0_reg is absorbed into DSP linienmodule_fast_b_iir1_z40.
DSP Report: operator linienmodule_fast_b_iir1_z40 is absorbed into DSP linienmodule_fast_b_iir1_z40.
DSP Report: operator linienmodule_fast_b_iir1_z40 is absorbed into DSP linienmodule_fast_b_iir1_z40.
DSP Report: Generating DSP linienmodule_fast_b_iir1_z30, operation Mode is: A2*B2.
DSP Report: register linienmodule_fast_b_iir1_b2_reg is absorbed into DSP linienmodule_fast_b_iir1_z30.
DSP Report: register linienmodule_fast_b_iir1_z30 is absorbed into DSP linienmodule_fast_b_iir1_z30.
DSP Report: operator linienmodule_fast_b_iir1_z30 is absorbed into DSP linienmodule_fast_b_iir1_z30.
DSP Report: operator linienmodule_fast_b_iir1_z30 is absorbed into DSP linienmodule_fast_b_iir1_z30.
DSP Report: Generating DSP linienmodule_fast_b_iir1_z30, operation Mode is: (PCIN>>17)+A*B2.
DSP Report: register linienmodule_fast_b_iir1_b2_reg is absorbed into DSP linienmodule_fast_b_iir1_z30.
DSP Report: register linienmodule_fast_b_iir1_y0_reg is absorbed into DSP linienmodule_fast_b_iir1_z30.
DSP Report: operator linienmodule_fast_b_iir1_z30 is absorbed into DSP linienmodule_fast_b_iir1_z30.
DSP Report: operator linienmodule_fast_b_iir1_z30 is absorbed into DSP linienmodule_fast_b_iir1_z30.
WARNING: [Synth 8-3917] design top has port adc_clk[1] driven by constant 1
WARNING: [Synth 8-3917] design top has port adc_clk[0] driven by constant 0
WARNING: [Synth 8-3917] design top has port adc_cdcs driven by constant 1
WARNING: [Synth 8-3332] Sequential element (u_sinusoid/mult_reg_reg[47]) is unused and will be removed from module sequence_top.
WARNING: [Synth 8-3332] Sequential element (u_sinusoid/mult_reg_reg[46]) is unused and will be removed from module sequence_top.
WARNING: [Synth 8-3332] Sequential element (u_sinusoid/mult_reg_reg[45]) is unused and will be removed from module sequence_top.
WARNING: [Synth 8-3332] Sequential element (u_sinusoid/mult_reg_reg[44]) is unused and will be removed from module sequence_top.
WARNING: [Synth 8-3332] Sequential element (u_sinusoid/mult_reg_reg[43]) is unused and will be removed from module sequence_top.
WARNING: [Synth 8-3332] Sequential element (u_sinusoid/mult_reg_reg[42]) is unused and will be removed from module sequence_top.
WARNING: [Synth 8-3332] Sequential element (u_sinusoid/mult_reg_reg[41]) is unused and will be removed from module sequence_top.
WARNING: [Synth 8-3332] Sequential element (u_sinusoid/mult_reg_reg[40]) is unused and will be removed from module sequence_top.
WARNING: [Synth 8-3332] Sequential element (u_sinusoid/mult_reg_reg[39]) is unused and will be removed from module sequence_top.
WARNING: [Synth 8-3332] Sequential element (u_sinusoid/mult_reg_reg[38]) is unused and will be removed from module sequence_top.
WARNING: [Synth 8-3332] Sequential element (u_sinusoid/mult_reg_reg[37]) is unused and will be removed from module sequence_top.
WARNING: [Synth 8-3332] Sequential element (u_sinusoid/mult_reg_reg[36]) is unused and will be removed from module sequence_top.
WARNING: [Synth 8-3332] Sequential element (u_sinusoid/mult_reg_reg[35]) is unused and will be removed from module sequence_top.
WARNING: [Synth 8-3332] Sequential element (u_sinusoid/mult_reg_reg[34]) is unused and will be removed from module sequence_top.
WARNING: [Synth 8-3332] Sequential element (u_sinusoid/mult_reg_reg[33]) is unused and will be removed from module sequence_top.
WARNING: [Synth 8-3332] Sequential element (u_sinusoid/mult_reg_reg[32]) is unused and will be removed from module sequence_top.
WARNING: [Synth 8-3332] Sequential element (u_sinusoid/mult_reg_reg[31]) is unused and will be removed from module sequence_top.
WARNING: [Synth 8-3332] Sequential element (u_sinusoid/mult_reg_reg[30]) is unused and will be removed from module sequence_top.
WARNING: [Synth 8-3332] Sequential element (u_sinusoid/mult_reg_reg[29]) is unused and will be removed from module sequence_top.
WARNING: [Synth 8-3332] Sequential element (u_sinusoid/mult_reg_reg[28]) is unused and will be removed from module sequence_top.
WARNING: [Synth 8-3332] Sequential element (u_sinusoid/mult_reg_reg[27]) is unused and will be removed from module sequence_top.
WARNING: [Synth 8-3332] Sequential element (u_sinusoid/mult_reg_reg[26]) is unused and will be removed from module sequence_top.
WARNING: [Synth 8-3332] Sequential element (u_sinusoid/mult_reg_reg[25]) is unused and will be removed from module sequence_top.
WARNING: [Synth 8-3332] Sequential element (u_sinusoid/mult_reg_reg[24]) is unused and will be removed from module sequence_top.
WARNING: [Synth 8-3332] Sequential element (u_sinusoid/mult_reg_reg[23]) is unused and will be removed from module sequence_top.
WARNING: [Synth 8-3332] Sequential element (u_sinusoid/mult_reg_reg[22]) is unused and will be removed from module sequence_top.
WARNING: [Synth 8-3332] Sequential element (u_sinusoid/mult_reg_reg[21]) is unused and will be removed from module sequence_top.
WARNING: [Synth 8-3332] Sequential element (u_sinusoid/mult_reg_reg[20]) is unused and will be removed from module sequence_top.
WARNING: [Synth 8-3332] Sequential element (u_sinusoid/mult_reg_reg[19]) is unused and will be removed from module sequence_top.
WARNING: [Synth 8-3332] Sequential element (u_sinusoid/mult_reg_reg[18]) is unused and will be removed from module sequence_top.
WARNING: [Synth 8-3332] Sequential element (u_sinusoid/mult_reg_reg[17]) is unused and will be removed from module sequence_top.
WARNING: [Synth 8-3332] Sequential element (u_sinusoid/mult_reg_reg[16]) is unused and will be removed from module sequence_top.
WARNING: [Synth 8-3332] Sequential element (u_sinusoid/mult_reg_reg[15]) is unused and will be removed from module sequence_top.
WARNING: [Synth 8-3332] Sequential element (u_sinusoid/mult_reg_reg[14]) is unused and will be removed from module sequence_top.
WARNING: [Synth 8-3332] Sequential element (u_sinusoid/mult_reg_reg[13]) is unused and will be removed from module sequence_top.
WARNING: [Synth 8-3332] Sequential element (u_sinusoid/mult_reg_reg[12]) is unused and will be removed from module sequence_top.
WARNING: [Synth 8-3332] Sequential element (u_sinusoid/mult_reg_reg[11]) is unused and will be removed from module sequence_top.
WARNING: [Synth 8-3332] Sequential element (u_sinusoid/mult_reg_reg[10]) is unused and will be removed from module sequence_top.
WARNING: [Synth 8-3332] Sequential element (u_sinusoid/mult_reg_reg[9]) is unused and will be removed from module sequence_top.
WARNING: [Synth 8-3332] Sequential element (u_sinusoid/mult_reg_reg[8]) is unused and will be removed from module sequence_top.
WARNING: [Synth 8-3332] Sequential element (u_sinusoid/mult_reg_reg[7]) is unused and will be removed from module sequence_top.
WARNING: [Synth 8-3332] Sequential element (u_sinusoid/mult_reg_reg[6]) is unused and will be removed from module sequence_top.
WARNING: [Synth 8-3332] Sequential element (u_sinusoid/mult_reg_reg[5]) is unused and will be removed from module sequence_top.
WARNING: [Synth 8-3332] Sequential element (u_sinusoid/mult_reg_reg[4]) is unused and will be removed from module sequence_top.
WARNING: [Synth 8-3332] Sequential element (u_sinusoid/mult_reg_reg[3]) is unused and will be removed from module sequence_top.
WARNING: [Synth 8-3332] Sequential element (u_sinusoid/mult_reg_reg[2]) is unused and will be removed from module sequence_top.
WARNING: [Synth 8-3332] Sequential element (u_sinusoid/mult_reg_reg[1]) is unused and will be removed from module sequence_top.
WARNING: [Synth 8-3332] Sequential element (u_sinusoid/mult_reg_reg[0]) is unused and will be removed from module sequence_top.
---------------------------------------------------------------------------------
Finished Cross Boundary and Area Optimization : Time (s): cpu = 00:00:35 ; elapsed = 00:00:35 . Memory (MB): peak = 2644.422 ; gain = 908.172 ; free physical = 11329 ; free virtual = 39264
---------------------------------------------------------------------------------
WARNING: [Synth 8-3323] Resources of type DSP have been overutilized. Used = 97, Available = 80. Use report_utilization command for details.
 Sort Area is top__GCB0 p_1_out_c : 0 0 : 2570 2570 : Used 1 time 100
 Sort Area is top__GCB0 p_1_out_e : 0 0 : 2570 2570 : Used 1 time 100
 Sort Area is top__GCB0 p_1_out_f : 0 0 : 2570 2570 : Used 1 time 100
 Sort Area is top__GCB2 linienmodule_fast_a_iir0_z00_27 : 0 0 : 3449 4806 : Used 1 time 0
 Sort Area is top__GCB2 linienmodule_fast_a_iir0_z00_27 : 0 1 : 1357 4806 : Used 1 time 0
 Sort Area is top__GCB2 linienmodule_fast_a_iir0_z10_28 : 0 0 : 3449 4806 : Used 1 time 0
 Sort Area is top__GCB2 linienmodule_fast_a_iir0_z10_28 : 0 1 : 1357 4806 : Used 1 time 0
 Sort Area is top__GCB2 linienmodule_fast_a_iir0_z20_29 : 0 0 : 3449 4806 : Used 1 time 0
 Sort Area is top__GCB2 linienmodule_fast_a_iir0_z20_29 : 0 1 : 1357 4806 : Used 1 time 0
 Sort Area is top__GCB2 linienmodule_fast_a_iir0_z30_2a : 0 0 : 3449 4806 : Used 1 time 0
 Sort Area is top__GCB2 linienmodule_fast_a_iir0_z30_2a : 0 1 : 1357 4806 : Used 1 time 0
 Sort Area is top__GCB2 linienmodule_fast_a_iir0_z40_2b : 0 0 : 3449 4806 : Used 1 time 0
 Sort Area is top__GCB2 linienmodule_fast_a_iir0_z40_2b : 0 1 : 1357 4806 : Used 1 time 0
 Sort Area is top__GCB2 linienmodule_fast_a_iir0_z50_2c : 0 0 : 3449 4806 : Used 1 time 0
 Sort Area is top__GCB2 linienmodule_fast_a_iir0_z50_2c : 0 1 : 1357 4806 : Used 1 time 0
 Sort Area is top__GCB2 linienmodule_fast_a_iir0_z60_2d : 0 0 : 3449 4806 : Used 1 time 0
 Sort Area is top__GCB2 linienmodule_fast_a_iir0_z60_2d : 0 1 : 1357 4806 : Used 1 time 0
 Sort Area is top__GCB2 linienmodule_fast_a_iir0_z70_2e : 0 0 : 3449 4806 : Used 1 time 0
 Sort Area is top__GCB2 linienmodule_fast_a_iir0_z70_2e : 0 1 : 1357 4806 : Used 1 time 0
 Sort Area is top__GCB2 linienmodule_fast_a_iir1_z00_1f : 0 0 : 3449 4806 : Used 1 time 0
 Sort Area is top__GCB2 linienmodule_fast_a_iir1_z00_1f : 0 1 : 1357 4806 : Used 1 time 0
 Sort Area is top__GCB2 linienmodule_fast_a_iir1_z10_20 : 0 0 : 3449 4806 : Used 1 time 0
 Sort Area is top__GCB2 linienmodule_fast_a_iir1_z10_20 : 0 1 : 1357 4806 : Used 1 time 0
 Sort Area is top__GCB2 linienmodule_fast_a_iir1_z20_21 : 0 0 : 3449 4806 : Used 1 time 0
 Sort Area is top__GCB2 linienmodule_fast_a_iir1_z20_21 : 0 1 : 1357 4806 : Used 1 time 0
 Sort Area is top__GCB2 linienmodule_fast_a_iir1_z30_22 : 0 0 : 3449 4806 : Used 1 time 0
 Sort Area is top__GCB2 linienmodule_fast_a_iir1_z30_22 : 0 1 : 1357 4806 : Used 1 time 0
 Sort Area is top__GCB2 linienmodule_fast_a_iir1_z40_23 : 0 0 : 3449 4806 : Used 1 time 0
 Sort Area is top__GCB2 linienmodule_fast_a_iir1_z40_23 : 0 1 : 1357 4806 : Used 1 time 0
 Sort Area is top__GCB2 linienmodule_fast_a_iir1_z50_24 : 0 0 : 3449 4806 : Used 1 time 0
 Sort Area is top__GCB2 linienmodule_fast_a_iir1_z50_24 : 0 1 : 1357 4806 : Used 1 time 0
 Sort Area is top__GCB2 linienmodule_fast_a_iir1_z60_25 : 0 0 : 3449 4806 : Used 1 time 0
 Sort Area is top__GCB2 linienmodule_fast_a_iir1_z60_25 : 0 1 : 1357 4806 : Used 1 time 0
 Sort Area is top__GCB2 linienmodule_fast_a_iir1_z70_26 : 0 0 : 3449 4806 : Used 1 time 0
 Sort Area is top__GCB2 linienmodule_fast_a_iir1_z70_26 : 0 1 : 1357 4806 : Used 1 time 0
 Sort Area is top__GCB1 linienmodule_fast_b_iir0_z00_15 : 0 0 : 3449 4806 : Used 1 time 0
 Sort Area is top__GCB1 linienmodule_fast_b_iir0_z00_15 : 0 1 : 1357 4806 : Used 1 time 0
 Sort Area is top__GCB1 linienmodule_fast_b_iir0_z10_16 : 0 0 : 3449 4806 : Used 1 time 0
 Sort Area is top__GCB1 linienmodule_fast_b_iir0_z10_16 : 0 1 : 1357 4806 : Used 1 time 0
 Sort Area is top__GCB1 linienmodule_fast_b_iir0_z20_17 : 0 0 : 3449 4806 : Used 1 time 0
 Sort Area is top__GCB1 linienmodule_fast_b_iir0_z20_17 : 0 1 : 1357 4806 : Used 1 time 0
 Sort Area is top__GCB1 linienmodule_fast_b_iir0_z30_18 : 0 0 : 3449 4806 : Used 1 time 0
 Sort Area is top__GCB1 linienmodule_fast_b_iir0_z30_18 : 0 1 : 1357 4806 : Used 1 time 0
 Sort Area is top__GCB1 linienmodule_fast_b_iir0_z40_19 : 0 0 : 3449 4806 : Used 1 time 0
 Sort Area is top__GCB1 linienmodule_fast_b_iir0_z40_19 : 0 1 : 1357 4806 : Used 1 time 0
 Sort Area is top__GCB1 linienmodule_fast_b_iir0_z50_1a : 0 0 : 3449 4806 : Used 1 time 0
 Sort Area is top__GCB1 linienmodule_fast_b_iir0_z50_1a : 0 1 : 1357 4806 : Used 1 time 0
 Sort Area is top__GCB1 linienmodule_fast_b_iir0_z60_1b : 0 0 : 3449 4806 : Used 1 time 0
 Sort Area is top__GCB1 linienmodule_fast_b_iir0_z60_1b : 0 1 : 1357 4806 : Used 1 time 0
 Sort Area is top__GCB1 linienmodule_fast_b_iir0_z70_1c : 0 0 : 3449 4806 : Used 1 time 0
 Sort Area is top__GCB1 linienmodule_fast_b_iir0_z70_1c : 0 1 : 1357 4806 : Used 1 time 0
 Sort Area is top__GCB2 linienmodule_fast_b_iir1_z00_1d : 0 0 : 3449 4806 : Used 1 time 0
 Sort Area is top__GCB2 linienmodule_fast_b_iir1_z00_1d : 0 1 : 1357 4806 : Used 1 time 0
 Sort Area is top__GCB2 linienmodule_fast_b_iir1_z10_1e : 0 0 : 3449 4806 : Used 1 time 0
 Sort Area is top__GCB2 linienmodule_fast_b_iir1_z10_1e : 0 1 : 1357 4806 : Used 1 time 0
 Sort Area is top__GCB3 linienmodule_fast_b_iir1_z20_37 : 0 0 : 3449 4806 : Used 1 time 0
 Sort Area is top__GCB3 linienmodule_fast_b_iir1_z20_37 : 0 1 : 1357 4806 : Used 1 time 0
 Sort Area is top__GCB3 linienmodule_fast_b_iir1_z30_38 : 0 0 : 3449 4806 : Used 1 time 0
 Sort Area is top__GCB3 linienmodule_fast_b_iir1_z30_38 : 0 1 : 1357 4806 : Used 1 time 0
 Sort Area is top__GCB3 linienmodule_fast_b_iir1_z40_39 : 0 0 : 3449 4806 : Used 1 time 0
 Sort Area is top__GCB3 linienmodule_fast_b_iir1_z40_39 : 0 1 : 1357 4806 : Used 1 time 0
 Sort Area is top__GCB3 linienmodule_fast_b_iir1_z50_3a : 0 0 : 3449 4806 : Used 1 time 0
 Sort Area is top__GCB3 linienmodule_fast_b_iir1_z50_3a : 0 1 : 1357 4806 : Used 1 time 0
 Sort Area is top__GCB3 linienmodule_fast_b_iir1_z60_3b : 0 0 : 3449 4806 : Used 1 time 0
 Sort Area is top__GCB3 linienmodule_fast_b_iir1_z60_3b : 0 1 : 1357 4806 : Used 1 time 0
 Sort Area is top__GCB3 linienmodule_fast_b_iir1_z70_3c : 0 0 : 3449 4806 : Used 1 time 0
 Sort Area is top__GCB3 linienmodule_fast_b_iir1_z70_3c : 0 1 : 1357 4806 : Used 1 time 0
 Sort Area is top__GCB0 linienmodule_raw_acquisition_iir_z00_13 : 0 0 : 3449 4806 : Used 1 time 0
 Sort Area is top__GCB0 linienmodule_raw_acquisition_iir_z00_13 : 0 1 : 1357 4806 : Used 1 time 0
 Sort Area is top__GCB2 linienmodule_raw_acquisition_iir_z100_36 : 0 0 : 3449 4806 : Used 1 time 0
 Sort Area is top__GCB2 linienmodule_raw_acquisition_iir_z100_36 : 0 1 : 1357 4806 : Used 1 time 0
 Sort Area is top__GCB0 linienmodule_raw_acquisition_iir_z10_14 : 0 0 : 3449 4806 : Used 1 time 0
 Sort Area is top__GCB0 linienmodule_raw_acquisition_iir_z10_14 : 0 1 : 1357 4806 : Used 1 time 0
 Sort Area is top__GCB2 linienmodule_raw_acquisition_iir_z20_2f : 0 0 : 3449 4806 : Used 1 time 0
 Sort Area is top__GCB2 linienmodule_raw_acquisition_iir_z20_2f : 0 1 : 1357 4806 : Used 1 time 0
 Sort Area is top__GCB2 linienmodule_raw_acquisition_iir_z30_30 : 0 0 : 3449 4806 : Used 1 time 0
 Sort Area is top__GCB2 linienmodule_raw_acquisition_iir_z30_30 : 0 1 : 1357 4806 : Used 1 time 0
 Sort Area is top__GCB0 linienmodule_raw_acquisition_iir_z40_10 : 0 0 : 3449 4806 : Used 1 time 0
 Sort Area is top__GCB0 linienmodule_raw_acquisition_iir_z40_10 : 0 1 : 1357 4806 : Used 1 time 0
 Sort Area is top__GCB2 linienmodule_raw_acquisition_iir_z50_31 : 0 0 : 3449 4806 : Used 1 time 0
 Sort Area is top__GCB2 linienmodule_raw_acquisition_iir_z50_31 : 0 1 : 1357 4806 : Used 1 time 0
 Sort Area is top__GCB2 linienmodule_raw_acquisition_iir_z60_32 : 0 0 : 3449 4806 : Used 1 time 0
 Sort Area is top__GCB2 linienmodule_raw_acquisition_iir_z60_32 : 0 1 : 1357 4806 : Used 1 time 0
 Sort Area is top__GCB2 linienmodule_raw_acquisition_iir_z70_33 : 0 0 : 3449 4806 : Used 1 time 0
 Sort Area is top__GCB2 linienmodule_raw_acquisition_iir_z70_33 : 0 1 : 1357 4806 : Used 1 time 0
 Sort Area is top__GCB2 linienmodule_raw_acquisition_iir_z80_34 : 0 0 : 3449 4806 : Used 1 time 0
 Sort Area is top__GCB2 linienmodule_raw_acquisition_iir_z80_34 : 0 1 : 1357 4806 : Used 1 time 0
 Sort Area is top__GCB2 linienmodule_raw_acquisition_iir_z90_35 : 0 0 : 3449 4806 : Used 1 time 0
 Sort Area is top__GCB2 linienmodule_raw_acquisition_iir_z90_35 : 0 1 : 1357 4806 : Used 1 time 0
 Sort Area is top__GCB0 mult_reg0_0 : 0 0 : 2027 3813 : Used 1 time 0
 Sort Area is top__GCB0 mult_reg0_0 : 0 1 : 1786 3813 : Used 1 time 0
 Sort Area is top__GCB0 linienmodule_mixed2_5 : 0 0 : 1619 1924 : Used 1 time 0
 Sort Area is top__GCB0 linienmodule_mixed2_5 : 0 1 : 305 1924 : Used 1 time 0
 Sort Area is top__GCB0 linienmodule_mixed2_3 : 0 0 : 1619 1619 : Used 1 time 0
 Sort Area is top__GCB0 linienmodule_slowchain_kd_mult_a : 0 0 : 1578 1578 : Used 1 time 0
 Sort Area is top__GCB0 linienmodule_slowchain_ki_mult0_b : 0 0 : 1578 1578 : Used 1 time 0
 Sort Area is top__GCB0 linienmodule_slowchain_kp_mult_8 : 0 0 : 1578 1578 : Used 1 time 0
 DSP resource Status: linienmodule_mixed2_5 0 1924 1619: Used 1 time : Rejected (92 > 80) uniquify 0 
 DSP resource Status: linienmodule_mixed2_3 0 1619 1619: Used 1 time : Rejected (94 > 80) uniquify 0 
 DSP resource Status: linienmodule_mixed2_5 1 1924 305: Used 1 time : Rejected (93 > 80) uniquify 0 
 DSP resource Status: linienmodule_slowchain_ki_mult0_b 0 1578 1578: Used 1 time : Rejected (96 > 80) uniquify 0 
 DSP resource Status: linienmodule_slowchain_kd_mult_a 0 1578 1578: Used 1 time : Rejected (95 > 80) uniquify 0 
 DSP resource Status: linienmodule_slowchain_kp_mult_8 0 1578 1578: Used 1 time : Rejected (97 > 80) uniquify 0 
 DSP resource Status: p_1_out_c 0 2570 2570: Used 1 time : Accepted (1 < 80) uniquify 0 
 DSP resource Status: p_1_out_e 0 2570 2570: Used 1 time : Accepted (2 < 80) uniquify 0 
 DSP resource Status: p_1_out_f 0 2570 2570: Used 1 time : Accepted (3 < 80) uniquify 0 
 DSP resource Status: linienmodule_raw_acquisition_iir_z40_10 0 4806 3449: Used 1 time : Accepted (78 < 80) uniquify 0 
 DSP resource Status: linienmodule_raw_acquisition_iir_z40_10 1 4806 1357: Used 1 time : Accepted (79 < 80) uniquify 0 
 DSP resource Status: linienmodule_raw_acquisition_iir_z10_14 0 4806 3449: Used 1 time : Accepted (72 < 80) uniquify 0 
 DSP resource Status: linienmodule_raw_acquisition_iir_z10_14 1 4806 1357: Used 1 time : Accepted (73 < 80) uniquify 0 
 DSP resource Status: linienmodule_raw_acquisition_iir_z00_13 0 4806 3449: Used 1 time : Accepted (68 < 80) uniquify 0 
 DSP resource Status: linienmodule_raw_acquisition_iir_z00_13 1 4806 1357: Used 1 time : Accepted (69 < 80) uniquify 0 
DSP Report: Generating DSP p_1_out, operation Mode is (post resource management): (C or 0)+A*B.
DSP Report: operator linienmodule_pid_ki_mult0 is absorbed into DSP p_1_out.
DSP Report: operator linienmodule_pid_ki_mult0 is absorbed into DSP p_1_out.
DSP Report: Generating DSP p_1_out, operation Mode is (post resource management): (C or 0)+A*B.
DSP Report: operator linienmodule_pid_kd_mult is absorbed into DSP p_1_out.
DSP Report: operator linienmodule_pid_kd_mult is absorbed into DSP p_1_out.
DSP Report: Generating DSP p_1_out, operation Mode is (post resource management): (C or 0)+A*B.
DSP Report: operator linienmodule_pid_kp_mult is absorbed into DSP p_1_out.
DSP Report: operator linienmodule_pid_kp_mult is absorbed into DSP p_1_out.
DSP Report: Generating DSP linienmodule_raw_acquisition_iir_z40, operation Mode is (post resource management): A2*B2.
DSP Report: register linienmodule_raw_acquisition_iir_z40 is absorbed into DSP linienmodule_raw_acquisition_iir_z40.
DSP Report: register linienmodule_raw_acquisition_iir_b1_reg is absorbed into DSP linienmodule_raw_acquisition_iir_z40.
DSP Report: operator linienmodule_raw_acquisition_iir_z40 is absorbed into DSP linienmodule_raw_acquisition_iir_z40.
DSP Report: operator linienmodule_raw_acquisition_iir_z40 is absorbed into DSP linienmodule_raw_acquisition_iir_z40.
DSP Report: Generating DSP linienmodule_raw_acquisition_iir_z40, operation Mode is (post resource management): (PCIN>>17)+A2*B2.
DSP Report: register linienmodule_limit_error_signal_limitcsr_y_reg is absorbed into DSP linienmodule_raw_acquisition_iir_z40.
DSP Report: register linienmodule_raw_acquisition_iir_b1_reg is absorbed into DSP linienmodule_raw_acquisition_iir_z40.
DSP Report: operator linienmodule_raw_acquisition_iir_z40 is absorbed into DSP linienmodule_raw_acquisition_iir_z40.
DSP Report: operator linienmodule_raw_acquisition_iir_z40 is absorbed into DSP linienmodule_raw_acquisition_iir_z40.
DSP Report: Generating DSP linienmodule_raw_acquisition_iir_z10, operation Mode is (post resource management): A2*B2.
DSP Report: register linienmodule_raw_acquisition_iir_z10 is absorbed into DSP linienmodule_raw_acquisition_iir_z10.
DSP Report: register linienmodule_raw_acquisition_iir_b4_reg is absorbed into DSP linienmodule_raw_acquisition_iir_z10.
DSP Report: operator linienmodule_raw_acquisition_iir_z10 is absorbed into DSP linienmodule_raw_acquisition_iir_z10.
DSP Report: operator linienmodule_raw_acquisition_iir_z10 is absorbed into DSP linienmodule_raw_acquisition_iir_z10.
DSP Report: Generating DSP linienmodule_raw_acquisition_iir_z10, operation Mode is (post resource management): (PCIN>>17)+A2*B2.
DSP Report: register linienmodule_limit_error_signal_limitcsr_y_reg is absorbed into DSP linienmodule_raw_acquisition_iir_z10.
DSP Report: register linienmodule_raw_acquisition_iir_b4_reg is absorbed into DSP linienmodule_raw_acquisition_iir_z10.
DSP Report: operator linienmodule_raw_acquisition_iir_z10 is absorbed into DSP linienmodule_raw_acquisition_iir_z10.
DSP Report: operator linienmodule_raw_acquisition_iir_z10 is absorbed into DSP linienmodule_raw_acquisition_iir_z10.
DSP Report: Generating DSP linienmodule_raw_acquisition_iir_z00, operation Mode is (post resource management): A2*B2.
DSP Report: register linienmodule_raw_acquisition_iir_z00 is absorbed into DSP linienmodule_raw_acquisition_iir_z00.
DSP Report: register linienmodule_raw_acquisition_iir_b5_reg is absorbed into DSP linienmodule_raw_acquisition_iir_z00.
DSP Report: operator linienmodule_raw_acquisition_iir_z00 is absorbed into DSP linienmodule_raw_acquisition_iir_z00.
DSP Report: operator linienmodule_raw_acquisition_iir_z00 is absorbed into DSP linienmodule_raw_acquisition_iir_z00.
DSP Report: Generating DSP linienmodule_raw_acquisition_iir_z00, operation Mode is (post resource management): (PCIN>>17)+A2*B2.
DSP Report: register linienmodule_limit_error_signal_limitcsr_y_reg is absorbed into DSP linienmodule_raw_acquisition_iir_z00.
DSP Report: register linienmodule_raw_acquisition_iir_b5_reg is absorbed into DSP linienmodule_raw_acquisition_iir_z00.
DSP Report: operator linienmodule_raw_acquisition_iir_z00 is absorbed into DSP linienmodule_raw_acquisition_iir_z00.
DSP Report: operator linienmodule_raw_acquisition_iir_z00 is absorbed into DSP linienmodule_raw_acquisition_iir_z00.
 DSP resource Status: linienmodule_fast_b_iir0_z20_17 0 4806 3449: Used 1 time : Accepted (40 < 80) uniquify 0 
 DSP resource Status: linienmodule_fast_b_iir0_z20_17 1 4806 1357: Used 1 time : Accepted (41 < 80) uniquify 0 
 DSP resource Status: linienmodule_fast_b_iir0_z10_16 0 4806 3449: Used 1 time : Accepted (38 < 80) uniquify 0 
 DSP resource Status: linienmodule_fast_b_iir0_z10_16 1 4806 1357: Used 1 time : Accepted (39 < 80) uniquify 0 
 DSP resource Status: linienmodule_fast_b_iir0_z00_15 0 4806 3449: Used 1 time : Accepted (36 < 80) uniquify 0 
 DSP resource Status: linienmodule_fast_b_iir0_z00_15 1 4806 1357: Used 1 time : Accepted (37 < 80) uniquify 0 
 DSP resource Status: linienmodule_fast_b_iir0_z70_1c 0 4806 3449: Used 1 time : Accepted (50 < 80) uniquify 0 
 DSP resource Status: linienmodule_fast_b_iir0_z70_1c 1 4806 1357: Used 1 time : Accepted (51 < 80) uniquify 0 
 DSP resource Status: linienmodule_fast_b_iir0_z60_1b 0 4806 3449: Used 1 time : Accepted (48 < 80) uniquify 0 
 DSP resource Status: linienmodule_fast_b_iir0_z60_1b 1 4806 1357: Used 1 time : Accepted (49 < 80) uniquify 0 
 DSP resource Status: linienmodule_fast_b_iir0_z50_1a 0 4806 3449: Used 1 time : Accepted (46 < 80) uniquify 0 
 DSP resource Status: linienmodule_fast_b_iir0_z50_1a 1 4806 1357: Used 1 time : Accepted (47 < 80) uniquify 0 
 DSP resource Status: linienmodule_fast_b_iir0_z40_19 0 4806 3449: Used 1 time : Accepted (44 < 80) uniquify 0 
 DSP resource Status: linienmodule_fast_b_iir0_z40_19 1 4806 1357: Used 1 time : Accepted (45 < 80) uniquify 0 
 DSP resource Status: linienmodule_fast_b_iir0_z30_18 0 4806 3449: Used 1 time : Accepted (42 < 80) uniquify 0 
 DSP resource Status: linienmodule_fast_b_iir0_z30_18 1 4806 1357: Used 1 time : Accepted (43 < 80) uniquify 0 
DSP Report: Generating DSP linienmodule_fast_b_iir0_z20, operation Mode is (post resource management): A2*B2.
DSP Report: register linienmodule_fast_b_iir0_z20 is absorbed into DSP linienmodule_fast_b_iir0_z20.
DSP Report: register linienmodule_fast_b_iir0_a10_reg is absorbed into DSP linienmodule_fast_b_iir0_z20.
DSP Report: operator linienmodule_fast_b_iir0_z20 is absorbed into DSP linienmodule_fast_b_iir0_z20.
DSP Report: operator linienmodule_fast_b_iir0_z20 is absorbed into DSP linienmodule_fast_b_iir0_z20.
DSP Report: Generating DSP linienmodule_fast_b_iir0_z20, operation Mode is (post resource management): (PCIN>>17)+A2*B2.
DSP Report: register linienmodule_fast_b_iir0_y0_reg is absorbed into DSP linienmodule_fast_b_iir0_z20.
DSP Report: register linienmodule_fast_b_iir0_a10_reg is absorbed into DSP linienmodule_fast_b_iir0_z20.
DSP Report: operator linienmodule_fast_b_iir0_z20 is absorbed into DSP linienmodule_fast_b_iir0_z20.
DSP Report: operator linienmodule_fast_b_iir0_z20 is absorbed into DSP linienmodule_fast_b_iir0_z20.
DSP Report: Generating DSP linienmodule_fast_b_iir0_z10, operation Mode is (post resource management): A2*B2.
DSP Report: register linienmodule_fast_b_iir0_z10 is absorbed into DSP linienmodule_fast_b_iir0_z10.
DSP Report: register linienmodule_fast_b_iir0_b00_reg is absorbed into DSP linienmodule_fast_b_iir0_z10.
DSP Report: operator linienmodule_fast_b_iir0_z10 is absorbed into DSP linienmodule_fast_b_iir0_z10.
DSP Report: operator linienmodule_fast_b_iir0_z10 is absorbed into DSP linienmodule_fast_b_iir0_z10.
DSP Report: Generating DSP linienmodule_fast_b_iir0_z10, operation Mode is (post resource management): (PCIN>>17)+A2*B2.
DSP Report: register linienmodule_fast_b_limitcsr0_limitcsr0_y0_reg is absorbed into DSP linienmodule_fast_b_iir0_z10.
DSP Report: register linienmodule_fast_b_iir0_b00_reg is absorbed into DSP linienmodule_fast_b_iir0_z10.
DSP Report: operator linienmodule_fast_b_iir0_z10 is absorbed into DSP linienmodule_fast_b_iir0_z10.
DSP Report: operator linienmodule_fast_b_iir0_z10 is absorbed into DSP linienmodule_fast_b_iir0_z10.
DSP Report: Generating DSP linienmodule_fast_b_iir0_z00, operation Mode is (post resource management): A2*B2.
DSP Report: register linienmodule_fast_b_iir0_z00 is absorbed into DSP linienmodule_fast_b_iir0_z00.
DSP Report: register linienmodule_fast_b_iir0_b10_reg is absorbed into DSP linienmodule_fast_b_iir0_z00.
DSP Report: operator linienmodule_fast_b_iir0_z00 is absorbed into DSP linienmodule_fast_b_iir0_z00.
DSP Report: operator linienmodule_fast_b_iir0_z00 is absorbed into DSP linienmodule_fast_b_iir0_z00.
DSP Report: Generating DSP linienmodule_fast_b_iir0_z00, operation Mode is (post resource management): (PCIN>>17)+A2*B2.
DSP Report: register linienmodule_fast_b_limitcsr0_limitcsr0_y0_reg is absorbed into DSP linienmodule_fast_b_iir0_z00.
DSP Report: register linienmodule_fast_b_iir0_b10_reg is absorbed into DSP linienmodule_fast_b_iir0_z00.
DSP Report: operator linienmodule_fast_b_iir0_z00 is absorbed into DSP linienmodule_fast_b_iir0_z00.
DSP Report: operator linienmodule_fast_b_iir0_z00 is absorbed into DSP linienmodule_fast_b_iir0_z00.
DSP Report: Generating DSP linienmodule_fast_b_iir0_z70, operation Mode is (post resource management): A2*B2.
DSP Report: register linienmodule_fast_b_iir0_z70 is absorbed into DSP linienmodule_fast_b_iir0_z70.
DSP Report: register linienmodule_fast_b_iir0_a11_reg is absorbed into DSP linienmodule_fast_b_iir0_z70.
DSP Report: operator linienmodule_fast_b_iir0_z70 is absorbed into DSP linienmodule_fast_b_iir0_z70.
DSP Report: operator linienmodule_fast_b_iir0_z70 is absorbed into DSP linienmodule_fast_b_iir0_z70.
DSP Report: Generating DSP linienmodule_fast_b_iir0_z70, operation Mode is (post resource management): (PCIN>>17)+A2*B2.
DSP Report: register linienmodule_fast_b_iir0_y2_reg is absorbed into DSP linienmodule_fast_b_iir0_z70.
DSP Report: register linienmodule_fast_b_iir0_a11_reg is absorbed into DSP linienmodule_fast_b_iir0_z70.
DSP Report: operator linienmodule_fast_b_iir0_z70 is absorbed into DSP linienmodule_fast_b_iir0_z70.
DSP Report: operator linienmodule_fast_b_iir0_z70 is absorbed into DSP linienmodule_fast_b_iir0_z70.
DSP Report: Generating DSP linienmodule_fast_b_iir0_z60, operation Mode is (post resource management): A2*B2.
DSP Report: register linienmodule_fast_b_iir0_z60 is absorbed into DSP linienmodule_fast_b_iir0_z60.
DSP Report: register linienmodule_fast_b_iir0_a2_reg is absorbed into DSP linienmodule_fast_b_iir0_z60.
DSP Report: operator linienmodule_fast_b_iir0_z60 is absorbed into DSP linienmodule_fast_b_iir0_z60.
DSP Report: operator linienmodule_fast_b_iir0_z60 is absorbed into DSP linienmodule_fast_b_iir0_z60.
DSP Report: Generating DSP linienmodule_fast_b_iir0_z60, operation Mode is (post resource management): (PCIN>>17)+A2*B2.
DSP Report: register linienmodule_fast_b_iir0_y2_reg is absorbed into DSP linienmodule_fast_b_iir0_z60.
DSP Report: register linienmodule_fast_b_iir0_a2_reg is absorbed into DSP linienmodule_fast_b_iir0_z60.
DSP Report: operator linienmodule_fast_b_iir0_z60 is absorbed into DSP linienmodule_fast_b_iir0_z60.
DSP Report: operator linienmodule_fast_b_iir0_z60 is absorbed into DSP linienmodule_fast_b_iir0_z60.
DSP Report: Generating DSP linienmodule_fast_b_iir0_z50, operation Mode is (post resource management): A2*B2.
DSP Report: register linienmodule_fast_b_iir0_z50 is absorbed into DSP linienmodule_fast_b_iir0_z50.
DSP Report: register linienmodule_fast_b_iir0_b01_reg is absorbed into DSP linienmodule_fast_b_iir0_z50.
DSP Report: operator linienmodule_fast_b_iir0_z50 is absorbed into DSP linienmodule_fast_b_iir0_z50.
DSP Report: operator linienmodule_fast_b_iir0_z50 is absorbed into DSP linienmodule_fast_b_iir0_z50.
DSP Report: Generating DSP linienmodule_fast_b_iir0_z50, operation Mode is (post resource management): (PCIN>>17)+A2*B2.
DSP Report: register linienmodule_fast_b_iir0_y0_reg is absorbed into DSP linienmodule_fast_b_iir0_z50.
DSP Report: register linienmodule_fast_b_iir0_b01_reg is absorbed into DSP linienmodule_fast_b_iir0_z50.
DSP Report: operator linienmodule_fast_b_iir0_z50 is absorbed into DSP linienmodule_fast_b_iir0_z50.
DSP Report: operator linienmodule_fast_b_iir0_z50 is absorbed into DSP linienmodule_fast_b_iir0_z50.
DSP Report: Generating DSP linienmodule_fast_b_iir0_z40, operation Mode is (post resource management): A2*B2.
DSP Report: register linienmodule_fast_b_iir0_z40 is absorbed into DSP linienmodule_fast_b_iir0_z40.
DSP Report: register linienmodule_fast_b_iir0_b11_reg is absorbed into DSP linienmodule_fast_b_iir0_z40.
DSP Report: operator linienmodule_fast_b_iir0_z40 is absorbed into DSP linienmodule_fast_b_iir0_z40.
DSP Report: operator linienmodule_fast_b_iir0_z40 is absorbed into DSP linienmodule_fast_b_iir0_z40.
DSP Report: Generating DSP linienmodule_fast_b_iir0_z40, operation Mode is (post resource management): (PCIN>>17)+A2*B2.
DSP Report: register linienmodule_fast_b_iir0_y0_reg is absorbed into DSP linienmodule_fast_b_iir0_z40.
DSP Report: register linienmodule_fast_b_iir0_b11_reg is absorbed into DSP linienmodule_fast_b_iir0_z40.
DSP Report: operator linienmodule_fast_b_iir0_z40 is absorbed into DSP linienmodule_fast_b_iir0_z40.
DSP Report: operator linienmodule_fast_b_iir0_z40 is absorbed into DSP linienmodule_fast_b_iir0_z40.
DSP Report: Generating DSP linienmodule_fast_b_iir0_z30, operation Mode is (post resource management): A2*B2.
DSP Report: register linienmodule_fast_b_iir0_z30 is absorbed into DSP linienmodule_fast_b_iir0_z30.
DSP Report: register linienmodule_fast_b_iir0_b2_reg is absorbed into DSP linienmodule_fast_b_iir0_z30.
DSP Report: operator linienmodule_fast_b_iir0_z30 is absorbed into DSP linienmodule_fast_b_iir0_z30.
DSP Report: operator linienmodule_fast_b_iir0_z30 is absorbed into DSP linienmodule_fast_b_iir0_z30.
DSP Report: Generating DSP linienmodule_fast_b_iir0_z30, operation Mode is (post resource management): (PCIN>>17)+A2*B2.
DSP Report: register linienmodule_fast_b_iir0_y0_reg is absorbed into DSP linienmodule_fast_b_iir0_z30.
DSP Report: register linienmodule_fast_b_iir0_b2_reg is absorbed into DSP linienmodule_fast_b_iir0_z30.
DSP Report: operator linienmodule_fast_b_iir0_z30 is absorbed into DSP linienmodule_fast_b_iir0_z30.
DSP Report: operator linienmodule_fast_b_iir0_z30 is absorbed into DSP linienmodule_fast_b_iir0_z30.
 DSP resource Status: linienmodule_fast_b_iir1_z10_1e 0 4806 3449: Used 1 time : Accepted (54 < 80) uniquify 0 
 DSP resource Status: linienmodule_fast_b_iir1_z10_1e 1 4806 1357: Used 1 time : Accepted (55 < 80) uniquify 0 
 DSP resource Status: linienmodule_fast_b_iir1_z00_1d 0 4806 3449: Used 1 time : Accepted (52 < 80) uniquify 0 
 DSP resource Status: linienmodule_fast_b_iir1_z00_1d 1 4806 1357: Used 1 time : Accepted (53 < 80) uniquify 0 
 DSP resource Status: linienmodule_fast_a_iir1_z20_21 0 4806 3449: Used 1 time : Accepted (24 < 80) uniquify 0 
 DSP resource Status: linienmodule_fast_a_iir1_z20_21 1 4806 1357: Used 1 time : Accepted (25 < 80) uniquify 0 
 DSP resource Status: linienmodule_fast_a_iir1_z10_20 0 4806 3449: Used 1 time : Accepted (22 < 80) uniquify 0 
 DSP resource Status: linienmodule_fast_a_iir1_z10_20 1 4806 1357: Used 1 time : Accepted (23 < 80) uniquify 0 
 DSP resource Status: linienmodule_fast_a_iir1_z00_1f 0 4806 3449: Used 1 time : Accepted (20 < 80) uniquify 0 
 DSP resource Status: linienmodule_fast_a_iir1_z00_1f 1 4806 1357: Used 1 time : Accepted (21 < 80) uniquify 0 
 DSP resource Status: linienmodule_fast_a_iir1_z70_26 0 4806 3449: Used 1 time : Accepted (34 < 80) uniquify 0 
 DSP resource Status: linienmodule_fast_a_iir1_z70_26 1 4806 1357: Used 1 time : Accepted (35 < 80) uniquify 0 
 DSP resource Status: linienmodule_fast_a_iir1_z60_25 0 4806 3449: Used 1 time : Accepted (32 < 80) uniquify 0 
 DSP resource Status: linienmodule_fast_a_iir1_z60_25 1 4806 1357: Used 1 time : Accepted (33 < 80) uniquify 0 
 DSP resource Status: linienmodule_fast_a_iir1_z50_24 0 4806 3449: Used 1 time : Accepted (30 < 80) uniquify 0 
 DSP resource Status: linienmodule_fast_a_iir1_z50_24 1 4806 1357: Used 1 time : Accepted (31 < 80) uniquify 0 
 DSP resource Status: linienmodule_fast_a_iir1_z40_23 0 4806 3449: Used 1 time : Accepted (28 < 80) uniquify 0 
 DSP resource Status: linienmodule_fast_a_iir1_z40_23 1 4806 1357: Used 1 time : Accepted (29 < 80) uniquify 0 
 DSP resource Status: linienmodule_fast_a_iir1_z30_22 0 4806 3449: Used 1 time : Accepted (26 < 80) uniquify 0 
 DSP resource Status: linienmodule_fast_a_iir1_z30_22 1 4806 1357: Used 1 time : Accepted (27 < 80) uniquify 0 
 DSP resource Status: linienmodule_fast_a_iir0_z20_29 0 4806 3449: Used 1 time : Accepted (8 < 80) uniquify 0 
 DSP resource Status: linienmodule_fast_a_iir0_z20_29 1 4806 1357: Used 1 time : Accepted (9 < 80) uniquify 0 
 DSP resource Status: linienmodule_fast_a_iir0_z10_28 0 4806 3449: Used 1 time : Accepted (6 < 80) uniquify 0 
 DSP resource Status: linienmodule_fast_a_iir0_z10_28 1 4806 1357: Used 1 time : Accepted (7 < 80) uniquify 0 
 DSP resource Status: linienmodule_fast_a_iir0_z00_27 0 4806 3449: Used 1 time : Accepted (4 < 80) uniquify 0 
 DSP resource Status: linienmodule_fast_a_iir0_z00_27 1 4806 1357: Used 1 time : Accepted (5 < 80) uniquify 0 
 DSP resource Status: linienmodule_fast_a_iir0_z70_2e 0 4806 3449: Used 1 time : Accepted (18 < 80) uniquify 0 
 DSP resource Status: linienmodule_fast_a_iir0_z70_2e 1 4806 1357: Used 1 time : Accepted (19 < 80) uniquify 0 
 DSP resource Status: linienmodule_fast_a_iir0_z60_2d 0 4806 3449: Used 1 time : Accepted (16 < 80) uniquify 0 
 DSP resource Status: linienmodule_fast_a_iir0_z60_2d 1 4806 1357: Used 1 time : Accepted (17 < 80) uniquify 0 
 DSP resource Status: linienmodule_fast_a_iir0_z50_2c 0 4806 3449: Used 1 time : Accepted (14 < 80) uniquify 0 
 DSP resource Status: linienmodule_fast_a_iir0_z50_2c 1 4806 1357: Used 1 time : Accepted (15 < 80) uniquify 0 
 DSP resource Status: linienmodule_fast_a_iir0_z40_2b 0 4806 3449: Used 1 time : Accepted (12 < 80) uniquify 0 
 DSP resource Status: linienmodule_fast_a_iir0_z40_2b 1 4806 1357: Used 1 time : Accepted (13 < 80) uniquify 0 
 DSP resource Status: linienmodule_fast_a_iir0_z30_2a 0 4806 3449: Used 1 time : Accepted (10 < 80) uniquify 0 
 DSP resource Status: linienmodule_fast_a_iir0_z30_2a 1 4806 1357: Used 1 time : Accepted (11 < 80) uniquify 0 
 DSP resource Status: linienmodule_raw_acquisition_iir_z100_36 0 4806 3449: Used 1 time : Accepted (70 < 80) uniquify 0 
 DSP resource Status: linienmodule_raw_acquisition_iir_z100_36 1 4806 1357: Used 1 time : Accepted (71 < 80) uniquify 0 
 DSP resource Status: linienmodule_raw_acquisition_iir_z90_35 0 4806 3449: Used 1 time : Rejected (88 > 80) uniquify 0 
 DSP resource Status: linienmodule_raw_acquisition_iir_z90_35 1 4806 1357: Used 1 time : Rejected (89 > 80) uniquify 0 
 DSP resource Status: linienmodule_raw_acquisition_iir_z80_34 0 4806 3449: Used 1 time : Rejected (86 > 80) uniquify 0 
 DSP resource Status: linienmodule_raw_acquisition_iir_z80_34 1 4806 1357: Used 1 time : Rejected (87 > 80) uniquify 0 
 DSP resource Status: linienmodule_raw_acquisition_iir_z70_33 0 4806 3449: Used 1 time : Rejected (84 > 80) uniquify 0 
 DSP resource Status: linienmodule_raw_acquisition_iir_z70_33 1 4806 1357: Used 1 time : Rejected (85 > 80) uniquify 0 
 DSP resource Status: linienmodule_raw_acquisition_iir_z60_32 0 4806 3449: Used 1 time : Rejected (82 > 80) uniquify 0 
 DSP resource Status: linienmodule_raw_acquisition_iir_z60_32 1 4806 1357: Used 1 time : Rejected (83 > 80) uniquify 0 
 DSP resource Status: linienmodule_raw_acquisition_iir_z50_31 0 4806 3449: Used 1 time : Accepted (80 < 80) uniquify 0 
 DSP resource Status: linienmodule_raw_acquisition_iir_z50_31 1 4806 1357: Used 1 time : Rejected (81 > 80) uniquify 0 
 DSP resource Status: linienmodule_raw_acquisition_iir_z30_30 0 4806 3449: Used 1 time : Accepted (76 < 80) uniquify 0 
 DSP resource Status: linienmodule_raw_acquisition_iir_z30_30 1 4806 1357: Used 1 time : Accepted (77 < 80) uniquify 0 
 DSP resource Status: linienmodule_raw_acquisition_iir_z20_2f 0 4806 3449: Used 1 time : Accepted (74 < 80) uniquify 0 
 DSP resource Status: linienmodule_raw_acquisition_iir_z20_2f 1 4806 1357: Used 1 time : Accepted (75 < 80) uniquify 0 
DSP Report: Generating DSP linienmodule_fast_b_iir1_z10, operation Mode is (post resource management): A2*B2.
DSP Report: register linienmodule_fast_b_iir1_z10 is absorbed into DSP linienmodule_fast_b_iir1_z10.
DSP Report: register linienmodule_fast_b_iir1_b00_reg is absorbed into DSP linienmodule_fast_b_iir1_z10.
DSP Report: operator linienmodule_fast_b_iir1_z10 is absorbed into DSP linienmodule_fast_b_iir1_z10.
DSP Report: operator linienmodule_fast_b_iir1_z10 is absorbed into DSP linienmodule_fast_b_iir1_z10.
DSP Report: Generating DSP linienmodule_fast_b_iir1_z10, operation Mode is (post resource management): (PCIN>>17)+A2*B2.
DSP Report: register linienmodule_fast_b_limitcsr1_limitcsr1_y0_reg is absorbed into DSP linienmodule_fast_b_iir1_z10.
DSP Report: register linienmodule_fast_b_iir1_b00_reg is absorbed into DSP linienmodule_fast_b_iir1_z10.
DSP Report: operator linienmodule_fast_b_iir1_z10 is absorbed into DSP linienmodule_fast_b_iir1_z10.
DSP Report: operator linienmodule_fast_b_iir1_z10 is absorbed into DSP linienmodule_fast_b_iir1_z10.
DSP Report: Generating DSP linienmodule_fast_b_iir1_z00, operation Mode is (post resource management): A2*B2.
DSP Report: register linienmodule_fast_b_iir1_z00 is absorbed into DSP linienmodule_fast_b_iir1_z00.
DSP Report: register linienmodule_fast_b_iir1_b10_reg is absorbed into DSP linienmodule_fast_b_iir1_z00.
DSP Report: operator linienmodule_fast_b_iir1_z00 is absorbed into DSP linienmodule_fast_b_iir1_z00.
DSP Report: operator linienmodule_fast_b_iir1_z00 is absorbed into DSP linienmodule_fast_b_iir1_z00.
DSP Report: Generating DSP linienmodule_fast_b_iir1_z00, operation Mode is (post resource management): (PCIN>>17)+A2*B2.
DSP Report: register linienmodule_fast_b_limitcsr1_limitcsr1_y0_reg is absorbed into DSP linienmodule_fast_b_iir1_z00.
DSP Report: register linienmodule_fast_b_iir1_b10_reg is absorbed into DSP linienmodule_fast_b_iir1_z00.
DSP Report: operator linienmodule_fast_b_iir1_z00 is absorbed into DSP linienmodule_fast_b_iir1_z00.
DSP Report: operator linienmodule_fast_b_iir1_z00 is absorbed into DSP linienmodule_fast_b_iir1_z00.
DSP Report: Generating DSP linienmodule_fast_a_iir1_z20, operation Mode is (post resource management): A2*B2.
DSP Report: register linienmodule_fast_a_iir1_z20 is absorbed into DSP linienmodule_fast_a_iir1_z20.
DSP Report: register linienmodule_fast_a_iir1_a10_reg is absorbed into DSP linienmodule_fast_a_iir1_z20.
DSP Report: operator linienmodule_fast_a_iir1_z20 is absorbed into DSP linienmodule_fast_a_iir1_z20.
DSP Report: operator linienmodule_fast_a_iir1_z20 is absorbed into DSP linienmodule_fast_a_iir1_z20.
DSP Report: Generating DSP linienmodule_fast_a_iir1_z20, operation Mode is (post resource management): (PCIN>>17)+A2*B2.
DSP Report: register linienmodule_fast_a_iir1_y0_reg is absorbed into DSP linienmodule_fast_a_iir1_z20.
DSP Report: register linienmodule_fast_a_iir1_a10_reg is absorbed into DSP linienmodule_fast_a_iir1_z20.
DSP Report: operator linienmodule_fast_a_iir1_z20 is absorbed into DSP linienmodule_fast_a_iir1_z20.
DSP Report: operator linienmodule_fast_a_iir1_z20 is absorbed into DSP linienmodule_fast_a_iir1_z20.
DSP Report: Generating DSP linienmodule_fast_a_iir1_z10, operation Mode is (post resource management): A2*B2.
DSP Report: register linienmodule_fast_a_iir1_z10 is absorbed into DSP linienmodule_fast_a_iir1_z10.
DSP Report: register linienmodule_fast_a_iir1_b00_reg is absorbed into DSP linienmodule_fast_a_iir1_z10.
DSP Report: operator linienmodule_fast_a_iir1_z10 is absorbed into DSP linienmodule_fast_a_iir1_z10.
DSP Report: operator linienmodule_fast_a_iir1_z10 is absorbed into DSP linienmodule_fast_a_iir1_z10.
DSP Report: Generating DSP linienmodule_fast_a_iir1_z10, operation Mode is (post resource management): (PCIN>>17)+A2*B2.
DSP Report: register linienmodule_fast_a_limitcsr1_limitcsr1_y0_reg is absorbed into DSP linienmodule_fast_a_iir1_z10.
DSP Report: register linienmodule_fast_a_iir1_b00_reg is absorbed into DSP linienmodule_fast_a_iir1_z10.
DSP Report: operator linienmodule_fast_a_iir1_z10 is absorbed into DSP linienmodule_fast_a_iir1_z10.
DSP Report: operator linienmodule_fast_a_iir1_z10 is absorbed into DSP linienmodule_fast_a_iir1_z10.
DSP Report: Generating DSP linienmodule_fast_a_iir1_z00, operation Mode is (post resource management): A2*B2.
DSP Report: register linienmodule_fast_a_iir1_z00 is absorbed into DSP linienmodule_fast_a_iir1_z00.
DSP Report: register linienmodule_fast_a_iir1_b10_reg is absorbed into DSP linienmodule_fast_a_iir1_z00.
DSP Report: operator linienmodule_fast_a_iir1_z00 is absorbed into DSP linienmodule_fast_a_iir1_z00.
DSP Report: operator linienmodule_fast_a_iir1_z00 is absorbed into DSP linienmodule_fast_a_iir1_z00.
DSP Report: Generating DSP linienmodule_fast_a_iir1_z00, operation Mode is (post resource management): (PCIN>>17)+A2*B2.
DSP Report: register linienmodule_fast_a_limitcsr1_limitcsr1_y0_reg is absorbed into DSP linienmodule_fast_a_iir1_z00.
DSP Report: register linienmodule_fast_a_iir1_b10_reg is absorbed into DSP linienmodule_fast_a_iir1_z00.
DSP Report: operator linienmodule_fast_a_iir1_z00 is absorbed into DSP linienmodule_fast_a_iir1_z00.
DSP Report: operator linienmodule_fast_a_iir1_z00 is absorbed into DSP linienmodule_fast_a_iir1_z00.
DSP Report: Generating DSP linienmodule_fast_a_iir1_z70, operation Mode is (post resource management): A2*B2.
DSP Report: register linienmodule_fast_a_iir1_z70 is absorbed into DSP linienmodule_fast_a_iir1_z70.
DSP Report: register linienmodule_fast_a_iir1_a11_reg is absorbed into DSP linienmodule_fast_a_iir1_z70.
DSP Report: operator linienmodule_fast_a_iir1_z70 is absorbed into DSP linienmodule_fast_a_iir1_z70.
DSP Report: operator linienmodule_fast_a_iir1_z70 is absorbed into DSP linienmodule_fast_a_iir1_z70.
DSP Report: Generating DSP linienmodule_fast_a_iir1_z70, operation Mode is (post resource management): (PCIN>>17)+A2*B2.
DSP Report: register linienmodule_fast_a_iir1_y2_reg is absorbed into DSP linienmodule_fast_a_iir1_z70.
DSP Report: register linienmodule_fast_a_iir1_a11_reg is absorbed into DSP linienmodule_fast_a_iir1_z70.
DSP Report: operator linienmodule_fast_a_iir1_z70 is absorbed into DSP linienmodule_fast_a_iir1_z70.
DSP Report: operator linienmodule_fast_a_iir1_z70 is absorbed into DSP linienmodule_fast_a_iir1_z70.
DSP Report: Generating DSP linienmodule_fast_a_iir1_z60, operation Mode is (post resource management): A2*B2.
DSP Report: register linienmodule_fast_a_iir1_z60 is absorbed into DSP linienmodule_fast_a_iir1_z60.
DSP Report: register linienmodule_fast_a_iir1_a2_reg is absorbed into DSP linienmodule_fast_a_iir1_z60.
DSP Report: operator linienmodule_fast_a_iir1_z60 is absorbed into DSP linienmodule_fast_a_iir1_z60.
DSP Report: operator linienmodule_fast_a_iir1_z60 is absorbed into DSP linienmodule_fast_a_iir1_z60.
DSP Report: Generating DSP linienmodule_fast_a_iir1_z60, operation Mode is (post resource management): (PCIN>>17)+A2*B2.
DSP Report: register linienmodule_fast_a_iir1_y2_reg is absorbed into DSP linienmodule_fast_a_iir1_z60.
DSP Report: register linienmodule_fast_a_iir1_a2_reg is absorbed into DSP linienmodule_fast_a_iir1_z60.
DSP Report: operator linienmodule_fast_a_iir1_z60 is absorbed into DSP linienmodule_fast_a_iir1_z60.
DSP Report: operator linienmodule_fast_a_iir1_z60 is absorbed into DSP linienmodule_fast_a_iir1_z60.
DSP Report: Generating DSP linienmodule_fast_a_iir1_z50, operation Mode is (post resource management): A2*B2.
DSP Report: register linienmodule_fast_a_iir1_z50 is absorbed into DSP linienmodule_fast_a_iir1_z50.
DSP Report: register linienmodule_fast_a_iir1_b01_reg is absorbed into DSP linienmodule_fast_a_iir1_z50.
DSP Report: operator linienmodule_fast_a_iir1_z50 is absorbed into DSP linienmodule_fast_a_iir1_z50.
DSP Report: operator linienmodule_fast_a_iir1_z50 is absorbed into DSP linienmodule_fast_a_iir1_z50.
DSP Report: Generating DSP linienmodule_fast_a_iir1_z50, operation Mode is (post resource management): (PCIN>>17)+A2*B2.
DSP Report: register linienmodule_fast_a_iir1_y0_reg is absorbed into DSP linienmodule_fast_a_iir1_z50.
DSP Report: register linienmodule_fast_a_iir1_b01_reg is absorbed into DSP linienmodule_fast_a_iir1_z50.
DSP Report: operator linienmodule_fast_a_iir1_z50 is absorbed into DSP linienmodule_fast_a_iir1_z50.
DSP Report: operator linienmodule_fast_a_iir1_z50 is absorbed into DSP linienmodule_fast_a_iir1_z50.
DSP Report: Generating DSP linienmodule_fast_a_iir1_z40, operation Mode is (post resource management): A2*B2.
DSP Report: register linienmodule_fast_a_iir1_z40 is absorbed into DSP linienmodule_fast_a_iir1_z40.
DSP Report: register linienmodule_fast_a_iir1_b11_reg is absorbed into DSP linienmodule_fast_a_iir1_z40.
DSP Report: operator linienmodule_fast_a_iir1_z40 is absorbed into DSP linienmodule_fast_a_iir1_z40.
DSP Report: operator linienmodule_fast_a_iir1_z40 is absorbed into DSP linienmodule_fast_a_iir1_z40.
DSP Report: Generating DSP linienmodule_fast_a_iir1_z40, operation Mode is (post resource management): (PCIN>>17)+A2*B2.
DSP Report: register linienmodule_fast_a_iir1_y0_reg is absorbed into DSP linienmodule_fast_a_iir1_z40.
DSP Report: register linienmodule_fast_a_iir1_b11_reg is absorbed into DSP linienmodule_fast_a_iir1_z40.
DSP Report: operator linienmodule_fast_a_iir1_z40 is absorbed into DSP linienmodule_fast_a_iir1_z40.
DSP Report: operator linienmodule_fast_a_iir1_z40 is absorbed into DSP linienmodule_fast_a_iir1_z40.
DSP Report: Generating DSP linienmodule_fast_a_iir1_z30, operation Mode is (post resource management): A2*B2.
DSP Report: register linienmodule_fast_a_iir1_z30 is absorbed into DSP linienmodule_fast_a_iir1_z30.
DSP Report: register linienmodule_fast_a_iir1_b2_reg is absorbed into DSP linienmodule_fast_a_iir1_z30.
DSP Report: operator linienmodule_fast_a_iir1_z30 is absorbed into DSP linienmodule_fast_a_iir1_z30.
DSP Report: operator linienmodule_fast_a_iir1_z30 is absorbed into DSP linienmodule_fast_a_iir1_z30.
DSP Report: Generating DSP linienmodule_fast_a_iir1_z30, operation Mode is (post resource management): (PCIN>>17)+A2*B2.
DSP Report: register linienmodule_fast_a_iir1_y0_reg is absorbed into DSP linienmodule_fast_a_iir1_z30.
DSP Report: register linienmodule_fast_a_iir1_b2_reg is absorbed into DSP linienmodule_fast_a_iir1_z30.
DSP Report: operator linienmodule_fast_a_iir1_z30 is absorbed into DSP linienmodule_fast_a_iir1_z30.
DSP Report: operator linienmodule_fast_a_iir1_z30 is absorbed into DSP linienmodule_fast_a_iir1_z30.
DSP Report: Generating DSP linienmodule_fast_a_iir0_z20, operation Mode is (post resource management): A2*B2.
DSP Report: register linienmodule_fast_a_iir0_z20 is absorbed into DSP linienmodule_fast_a_iir0_z20.
DSP Report: register linienmodule_fast_a_iir0_a10_reg is absorbed into DSP linienmodule_fast_a_iir0_z20.
DSP Report: operator linienmodule_fast_a_iir0_z20 is absorbed into DSP linienmodule_fast_a_iir0_z20.
DSP Report: operator linienmodule_fast_a_iir0_z20 is absorbed into DSP linienmodule_fast_a_iir0_z20.
DSP Report: Generating DSP linienmodule_fast_a_iir0_z20, operation Mode is (post resource management): (PCIN>>17)+A2*B2.
DSP Report: register linienmodule_fast_a_iir0_y0_reg is absorbed into DSP linienmodule_fast_a_iir0_z20.
DSP Report: register linienmodule_fast_a_iir0_a10_reg is absorbed into DSP linienmodule_fast_a_iir0_z20.
DSP Report: operator linienmodule_fast_a_iir0_z20 is absorbed into DSP linienmodule_fast_a_iir0_z20.
DSP Report: operator linienmodule_fast_a_iir0_z20 is absorbed into DSP linienmodule_fast_a_iir0_z20.
DSP Report: Generating DSP linienmodule_fast_a_iir0_z10, operation Mode is (post resource management): A2*B2.
DSP Report: register linienmodule_fast_a_iir0_z10 is absorbed into DSP linienmodule_fast_a_iir0_z10.
DSP Report: register linienmodule_fast_a_iir0_b00_reg is absorbed into DSP linienmodule_fast_a_iir0_z10.
DSP Report: operator linienmodule_fast_a_iir0_z10 is absorbed into DSP linienmodule_fast_a_iir0_z10.
DSP Report: operator linienmodule_fast_a_iir0_z10 is absorbed into DSP linienmodule_fast_a_iir0_z10.
DSP Report: Generating DSP linienmodule_fast_a_iir0_z10, operation Mode is (post resource management): (PCIN>>17)+A2*B2.
DSP Report: register linienmodule_fast_a_limitcsr0_limitcsr0_y0_reg is absorbed into DSP linienmodule_fast_a_iir0_z10.
DSP Report: register linienmodule_fast_a_iir0_b00_reg is absorbed into DSP linienmodule_fast_a_iir0_z10.
DSP Report: operator linienmodule_fast_a_iir0_z10 is absorbed into DSP linienmodule_fast_a_iir0_z10.
DSP Report: operator linienmodule_fast_a_iir0_z10 is absorbed into DSP linienmodule_fast_a_iir0_z10.
DSP Report: Generating DSP linienmodule_fast_a_iir0_z00, operation Mode is (post resource management): A2*B2.
DSP Report: register linienmodule_fast_a_iir0_z00 is absorbed into DSP linienmodule_fast_a_iir0_z00.
DSP Report: register linienmodule_fast_a_iir0_b10_reg is absorbed into DSP linienmodule_fast_a_iir0_z00.
DSP Report: operator linienmodule_fast_a_iir0_z00 is absorbed into DSP linienmodule_fast_a_iir0_z00.
DSP Report: operator linienmodule_fast_a_iir0_z00 is absorbed into DSP linienmodule_fast_a_iir0_z00.
DSP Report: Generating DSP linienmodule_fast_a_iir0_z00, operation Mode is (post resource management): (PCIN>>17)+A2*B2.
DSP Report: register linienmodule_fast_a_limitcsr0_limitcsr0_y0_reg is absorbed into DSP linienmodule_fast_a_iir0_z00.
DSP Report: register linienmodule_fast_a_iir0_b10_reg is absorbed into DSP linienmodule_fast_a_iir0_z00.
DSP Report: operator linienmodule_fast_a_iir0_z00 is absorbed into DSP linienmodule_fast_a_iir0_z00.
DSP Report: operator linienmodule_fast_a_iir0_z00 is absorbed into DSP linienmodule_fast_a_iir0_z00.
DSP Report: Generating DSP linienmodule_fast_a_iir0_z70, operation Mode is (post resource management): A2*B2.
DSP Report: register linienmodule_fast_a_iir0_z70 is absorbed into DSP linienmodule_fast_a_iir0_z70.
DSP Report: register linienmodule_fast_a_iir0_a11_reg is absorbed into DSP linienmodule_fast_a_iir0_z70.
DSP Report: operator linienmodule_fast_a_iir0_z70 is absorbed into DSP linienmodule_fast_a_iir0_z70.
DSP Report: operator linienmodule_fast_a_iir0_z70 is absorbed into DSP linienmodule_fast_a_iir0_z70.
DSP Report: Generating DSP linienmodule_fast_a_iir0_z70, operation Mode is (post resource management): (PCIN>>17)+A2*B2.
DSP Report: register linienmodule_fast_a_iir0_y2_reg is absorbed into DSP linienmodule_fast_a_iir0_z70.
DSP Report: register linienmodule_fast_a_iir0_a11_reg is absorbed into DSP linienmodule_fast_a_iir0_z70.
DSP Report: operator linienmodule_fast_a_iir0_z70 is absorbed into DSP linienmodule_fast_a_iir0_z70.
DSP Report: operator linienmodule_fast_a_iir0_z70 is absorbed into DSP linienmodule_fast_a_iir0_z70.
DSP Report: Generating DSP linienmodule_fast_a_iir0_z60, operation Mode is (post resource management): A2*B2.
DSP Report: register linienmodule_fast_a_iir0_z60 is absorbed into DSP linienmodule_fast_a_iir0_z60.
DSP Report: register linienmodule_fast_a_iir0_a2_reg is absorbed into DSP linienmodule_fast_a_iir0_z60.
DSP Report: operator linienmodule_fast_a_iir0_z60 is absorbed into DSP linienmodule_fast_a_iir0_z60.
DSP Report: operator linienmodule_fast_a_iir0_z60 is absorbed into DSP linienmodule_fast_a_iir0_z60.
DSP Report: Generating DSP linienmodule_fast_a_iir0_z60, operation Mode is (post resource management): (PCIN>>17)+A2*B2.
DSP Report: register linienmodule_fast_a_iir0_y2_reg is absorbed into DSP linienmodule_fast_a_iir0_z60.
DSP Report: register linienmodule_fast_a_iir0_a2_reg is absorbed into DSP linienmodule_fast_a_iir0_z60.
DSP Report: operator linienmodule_fast_a_iir0_z60 is absorbed into DSP linienmodule_fast_a_iir0_z60.
DSP Report: operator linienmodule_fast_a_iir0_z60 is absorbed into DSP linienmodule_fast_a_iir0_z60.
DSP Report: Generating DSP linienmodule_fast_a_iir0_z50, operation Mode is (post resource management): A2*B2.
DSP Report: register linienmodule_fast_a_iir0_z50 is absorbed into DSP linienmodule_fast_a_iir0_z50.
DSP Report: register linienmodule_fast_a_iir0_b01_reg is absorbed into DSP linienmodule_fast_a_iir0_z50.
DSP Report: operator linienmodule_fast_a_iir0_z50 is absorbed into DSP linienmodule_fast_a_iir0_z50.
DSP Report: operator linienmodule_fast_a_iir0_z50 is absorbed into DSP linienmodule_fast_a_iir0_z50.
DSP Report: Generating DSP linienmodule_fast_a_iir0_z50, operation Mode is (post resource management): (PCIN>>17)+A2*B2.
DSP Report: register linienmodule_fast_a_iir0_y0_reg is absorbed into DSP linienmodule_fast_a_iir0_z50.
DSP Report: register linienmodule_fast_a_iir0_b01_reg is absorbed into DSP linienmodule_fast_a_iir0_z50.
DSP Report: operator linienmodule_fast_a_iir0_z50 is absorbed into DSP linienmodule_fast_a_iir0_z50.
DSP Report: operator linienmodule_fast_a_iir0_z50 is absorbed into DSP linienmodule_fast_a_iir0_z50.
DSP Report: Generating DSP linienmodule_fast_a_iir0_z40, operation Mode is (post resource management): A2*B2.
DSP Report: register linienmodule_fast_a_iir0_z40 is absorbed into DSP linienmodule_fast_a_iir0_z40.
DSP Report: register linienmodule_fast_a_iir0_b11_reg is absorbed into DSP linienmodule_fast_a_iir0_z40.
DSP Report: operator linienmodule_fast_a_iir0_z40 is absorbed into DSP linienmodule_fast_a_iir0_z40.
DSP Report: operator linienmodule_fast_a_iir0_z40 is absorbed into DSP linienmodule_fast_a_iir0_z40.
DSP Report: Generating DSP linienmodule_fast_a_iir0_z40, operation Mode is (post resource management): (PCIN>>17)+A2*B2.
DSP Report: register linienmodule_fast_a_iir0_y0_reg is absorbed into DSP linienmodule_fast_a_iir0_z40.
DSP Report: register linienmodule_fast_a_iir0_b11_reg is absorbed into DSP linienmodule_fast_a_iir0_z40.
DSP Report: operator linienmodule_fast_a_iir0_z40 is absorbed into DSP linienmodule_fast_a_iir0_z40.
DSP Report: operator linienmodule_fast_a_iir0_z40 is absorbed into DSP linienmodule_fast_a_iir0_z40.
DSP Report: Generating DSP linienmodule_fast_a_iir0_z30, operation Mode is (post resource management): A2*B2.
DSP Report: register linienmodule_fast_a_iir0_z30 is absorbed into DSP linienmodule_fast_a_iir0_z30.
DSP Report: register linienmodule_fast_a_iir0_b2_reg is absorbed into DSP linienmodule_fast_a_iir0_z30.
DSP Report: operator linienmodule_fast_a_iir0_z30 is absorbed into DSP linienmodule_fast_a_iir0_z30.
DSP Report: operator linienmodule_fast_a_iir0_z30 is absorbed into DSP linienmodule_fast_a_iir0_z30.
DSP Report: Generating DSP linienmodule_fast_a_iir0_z30, operation Mode is (post resource management): (PCIN>>17)+A2*B2.
DSP Report: register linienmodule_fast_a_iir0_y0_reg is absorbed into DSP linienmodule_fast_a_iir0_z30.
DSP Report: register linienmodule_fast_a_iir0_b2_reg is absorbed into DSP linienmodule_fast_a_iir0_z30.
DSP Report: operator linienmodule_fast_a_iir0_z30 is absorbed into DSP linienmodule_fast_a_iir0_z30.
DSP Report: operator linienmodule_fast_a_iir0_z30 is absorbed into DSP linienmodule_fast_a_iir0_z30.
DSP Report: Generating DSP linienmodule_raw_acquisition_iir_z100, operation Mode is (post resource management): A2*B2.
DSP Report: register linienmodule_raw_acquisition_iir_z100 is absorbed into DSP linienmodule_raw_acquisition_iir_z100.
DSP Report: register linienmodule_raw_acquisition_iir_a1_reg is absorbed into DSP linienmodule_raw_acquisition_iir_z100.
DSP Report: operator linienmodule_raw_acquisition_iir_z100 is absorbed into DSP linienmodule_raw_acquisition_iir_z100.
DSP Report: operator linienmodule_raw_acquisition_iir_z100 is absorbed into DSP linienmodule_raw_acquisition_iir_z100.
DSP Report: Generating DSP linienmodule_raw_acquisition_iir_z100, operation Mode is (post resource management): (PCIN>>17)+A2*B2.
DSP Report: register linienmodule_raw_acquisition_iir_y0_reg is absorbed into DSP linienmodule_raw_acquisition_iir_z100.
DSP Report: register linienmodule_raw_acquisition_iir_a1_reg is absorbed into DSP linienmodule_raw_acquisition_iir_z100.
DSP Report: operator linienmodule_raw_acquisition_iir_z100 is absorbed into DSP linienmodule_raw_acquisition_iir_z100.
DSP Report: operator linienmodule_raw_acquisition_iir_z100 is absorbed into DSP linienmodule_raw_acquisition_iir_z100.
DSP Report: Generating DSP linienmodule_raw_acquisition_iir_z50, operation Mode is (post resource management): A2*B2.
DSP Report: register linienmodule_raw_acquisition_iir_z50 is absorbed into DSP linienmodule_raw_acquisition_iir_z50.
DSP Report: register linienmodule_raw_acquisition_iir_b0_reg is absorbed into DSP linienmodule_raw_acquisition_iir_z50.
DSP Report: operator linienmodule_raw_acquisition_iir_z50 is absorbed into DSP linienmodule_raw_acquisition_iir_z50.
DSP Report: operator linienmodule_raw_acquisition_iir_z50 is absorbed into DSP linienmodule_raw_acquisition_iir_z50.
DSP Report: Generating DSP linienmodule_raw_acquisition_iir_z30, operation Mode is (post resource management): A2*B2.
DSP Report: register linienmodule_raw_acquisition_iir_z30 is absorbed into DSP linienmodule_raw_acquisition_iir_z30.
DSP Report: register linienmodule_raw_acquisition_iir_b2_reg is absorbed into DSP linienmodule_raw_acquisition_iir_z30.
DSP Report: operator linienmodule_raw_acquisition_iir_z30 is absorbed into DSP linienmodule_raw_acquisition_iir_z30.
DSP Report: operator linienmodule_raw_acquisition_iir_z30 is absorbed into DSP linienmodule_raw_acquisition_iir_z30.
DSP Report: Generating DSP linienmodule_raw_acquisition_iir_z30, operation Mode is (post resource management): (PCIN>>17)+A2*B2.
DSP Report: register linienmodule_limit_error_signal_limitcsr_y_reg is absorbed into DSP linienmodule_raw_acquisition_iir_z30.
DSP Report: register linienmodule_raw_acquisition_iir_b2_reg is absorbed into DSP linienmodule_raw_acquisition_iir_z30.
DSP Report: operator linienmodule_raw_acquisition_iir_z30 is absorbed into DSP linienmodule_raw_acquisition_iir_z30.
DSP Report: operator linienmodule_raw_acquisition_iir_z30 is absorbed into DSP linienmodule_raw_acquisition_iir_z30.
DSP Report: Generating DSP linienmodule_raw_acquisition_iir_z20, operation Mode is (post resource management): A2*B2.
DSP Report: register linienmodule_raw_acquisition_iir_z20 is absorbed into DSP linienmodule_raw_acquisition_iir_z20.
DSP Report: register linienmodule_raw_acquisition_iir_b3_reg is absorbed into DSP linienmodule_raw_acquisition_iir_z20.
DSP Report: operator linienmodule_raw_acquisition_iir_z20 is absorbed into DSP linienmodule_raw_acquisition_iir_z20.
DSP Report: operator linienmodule_raw_acquisition_iir_z20 is absorbed into DSP linienmodule_raw_acquisition_iir_z20.
DSP Report: Generating DSP linienmodule_raw_acquisition_iir_z20, operation Mode is (post resource management): (PCIN>>17)+A2*B2.
DSP Report: register linienmodule_limit_error_signal_limitcsr_y_reg is absorbed into DSP linienmodule_raw_acquisition_iir_z20.
DSP Report: register linienmodule_raw_acquisition_iir_b3_reg is absorbed into DSP linienmodule_raw_acquisition_iir_z20.
DSP Report: operator linienmodule_raw_acquisition_iir_z20 is absorbed into DSP linienmodule_raw_acquisition_iir_z20.
DSP Report: operator linienmodule_raw_acquisition_iir_z20 is absorbed into DSP linienmodule_raw_acquisition_iir_z20.
 DSP resource Status: linienmodule_fast_b_iir1_z20_37 0 4806 3449: Used 1 time : Accepted (56 < 80) uniquify 0 
 DSP resource Status: linienmodule_fast_b_iir1_z20_37 1 4806 1357: Used 1 time : Accepted (57 < 80) uniquify 0 
 DSP resource Status: linienmodule_fast_b_iir1_z70_3c 0 4806 3449: Used 1 time : Accepted (66 < 80) uniquify 0 
 DSP resource Status: linienmodule_fast_b_iir1_z70_3c 1 4806 1357: Used 1 time : Accepted (67 < 80) uniquify 0 
 DSP resource Status: linienmodule_fast_b_iir1_z60_3b 0 4806 3449: Used 1 time : Accepted (64 < 80) uniquify 0 
 DSP resource Status: linienmodule_fast_b_iir1_z60_3b 1 4806 1357: Used 1 time : Accepted (65 < 80) uniquify 0 
 DSP resource Status: linienmodule_fast_b_iir1_z50_3a 0 4806 3449: Used 1 time : Accepted (62 < 80) uniquify 0 
 DSP resource Status: linienmodule_fast_b_iir1_z50_3a 1 4806 1357: Used 1 time : Accepted (63 < 80) uniquify 0 
 DSP resource Status: linienmodule_fast_b_iir1_z40_39 0 4806 3449: Used 1 time : Accepted (60 < 80) uniquify 0 
 DSP resource Status: linienmodule_fast_b_iir1_z40_39 1 4806 1357: Used 1 time : Accepted (61 < 80) uniquify 0 
 DSP resource Status: linienmodule_fast_b_iir1_z30_38 0 4806 3449: Used 1 time : Accepted (58 < 80) uniquify 0 
 DSP resource Status: linienmodule_fast_b_iir1_z30_38 1 4806 1357: Used 1 time : Accepted (59 < 80) uniquify 0 
DSP Report: Generating DSP linienmodule_fast_b_iir1_z20, operation Mode is (post resource management): A2*B2.
DSP Report: register linienmodule_fast_b_iir1_z20 is absorbed into DSP linienmodule_fast_b_iir1_z20.
DSP Report: register linienmodule_fast_b_iir1_a10_reg is absorbed into DSP linienmodule_fast_b_iir1_z20.
DSP Report: operator linienmodule_fast_b_iir1_z20 is absorbed into DSP linienmodule_fast_b_iir1_z20.
DSP Report: operator linienmodule_fast_b_iir1_z20 is absorbed into DSP linienmodule_fast_b_iir1_z20.
DSP Report: Generating DSP linienmodule_fast_b_iir1_z20, operation Mode is (post resource management): (PCIN>>17)+A2*B2.
DSP Report: register linienmodule_fast_b_iir1_y0_reg is absorbed into DSP linienmodule_fast_b_iir1_z20.
DSP Report: register linienmodule_fast_b_iir1_a10_reg is absorbed into DSP linienmodule_fast_b_iir1_z20.
DSP Report: operator linienmodule_fast_b_iir1_z20 is absorbed into DSP linienmodule_fast_b_iir1_z20.
DSP Report: operator linienmodule_fast_b_iir1_z20 is absorbed into DSP linienmodule_fast_b_iir1_z20.
DSP Report: Generating DSP linienmodule_fast_b_iir1_z70, operation Mode is (post resource management): A2*B2.
DSP Report: register linienmodule_fast_b_iir1_z70 is absorbed into DSP linienmodule_fast_b_iir1_z70.
DSP Report: register linienmodule_fast_b_iir1_a11_reg is absorbed into DSP linienmodule_fast_b_iir1_z70.
DSP Report: operator linienmodule_fast_b_iir1_z70 is absorbed into DSP linienmodule_fast_b_iir1_z70.
DSP Report: operator linienmodule_fast_b_iir1_z70 is absorbed into DSP linienmodule_fast_b_iir1_z70.
DSP Report: Generating DSP linienmodule_fast_b_iir1_z70, operation Mode is (post resource management): (PCIN>>17)+A2*B2.
DSP Report: register linienmodule_fast_b_iir1_y2_reg is absorbed into DSP linienmodule_fast_b_iir1_z70.
DSP Report: register linienmodule_fast_b_iir1_a11_reg is absorbed into DSP linienmodule_fast_b_iir1_z70.
DSP Report: operator linienmodule_fast_b_iir1_z70 is absorbed into DSP linienmodule_fast_b_iir1_z70.
DSP Report: operator linienmodule_fast_b_iir1_z70 is absorbed into DSP linienmodule_fast_b_iir1_z70.
DSP Report: Generating DSP linienmodule_fast_b_iir1_z60, operation Mode is (post resource management): A2*B2.
DSP Report: register linienmodule_fast_b_iir1_z60 is absorbed into DSP linienmodule_fast_b_iir1_z60.
DSP Report: register linienmodule_fast_b_iir1_a2_reg is absorbed into DSP linienmodule_fast_b_iir1_z60.
DSP Report: operator linienmodule_fast_b_iir1_z60 is absorbed into DSP linienmodule_fast_b_iir1_z60.
DSP Report: operator linienmodule_fast_b_iir1_z60 is absorbed into DSP linienmodule_fast_b_iir1_z60.
DSP Report: Generating DSP linienmodule_fast_b_iir1_z60, operation Mode is (post resource management): (PCIN>>17)+A2*B2.
DSP Report: register linienmodule_fast_b_iir1_y2_reg is absorbed into DSP linienmodule_fast_b_iir1_z60.
DSP Report: register linienmodule_fast_b_iir1_a2_reg is absorbed into DSP linienmodule_fast_b_iir1_z60.
DSP Report: operator linienmodule_fast_b_iir1_z60 is absorbed into DSP linienmodule_fast_b_iir1_z60.
DSP Report: operator linienmodule_fast_b_iir1_z60 is absorbed into DSP linienmodule_fast_b_iir1_z60.
DSP Report: Generating DSP linienmodule_fast_b_iir1_z50, operation Mode is (post resource management): A2*B2.
DSP Report: register linienmodule_fast_b_iir1_z50 is absorbed into DSP linienmodule_fast_b_iir1_z50.
DSP Report: register linienmodule_fast_b_iir1_b01_reg is absorbed into DSP linienmodule_fast_b_iir1_z50.
DSP Report: operator linienmodule_fast_b_iir1_z50 is absorbed into DSP linienmodule_fast_b_iir1_z50.
DSP Report: operator linienmodule_fast_b_iir1_z50 is absorbed into DSP linienmodule_fast_b_iir1_z50.
DSP Report: Generating DSP linienmodule_fast_b_iir1_z50, operation Mode is (post resource management): (PCIN>>17)+A2*B2.
DSP Report: register linienmodule_fast_b_iir1_y0_reg is absorbed into DSP linienmodule_fast_b_iir1_z50.
DSP Report: register linienmodule_fast_b_iir1_b01_reg is absorbed into DSP linienmodule_fast_b_iir1_z50.
DSP Report: operator linienmodule_fast_b_iir1_z50 is absorbed into DSP linienmodule_fast_b_iir1_z50.
DSP Report: operator linienmodule_fast_b_iir1_z50 is absorbed into DSP linienmodule_fast_b_iir1_z50.
DSP Report: Generating DSP linienmodule_fast_b_iir1_z40, operation Mode is (post resource management): A2*B2.
DSP Report: register linienmodule_fast_b_iir1_z40 is absorbed into DSP linienmodule_fast_b_iir1_z40.
DSP Report: register linienmodule_fast_b_iir1_b11_reg is absorbed into DSP linienmodule_fast_b_iir1_z40.
DSP Report: operator linienmodule_fast_b_iir1_z40 is absorbed into DSP linienmodule_fast_b_iir1_z40.
DSP Report: operator linienmodule_fast_b_iir1_z40 is absorbed into DSP linienmodule_fast_b_iir1_z40.
DSP Report: Generating DSP linienmodule_fast_b_iir1_z40, operation Mode is (post resource management): (PCIN>>17)+A2*B2.
DSP Report: register linienmodule_fast_b_iir1_y0_reg is absorbed into DSP linienmodule_fast_b_iir1_z40.
DSP Report: register linienmodule_fast_b_iir1_b11_reg is absorbed into DSP linienmodule_fast_b_iir1_z40.
DSP Report: operator linienmodule_fast_b_iir1_z40 is absorbed into DSP linienmodule_fast_b_iir1_z40.
DSP Report: operator linienmodule_fast_b_iir1_z40 is absorbed into DSP linienmodule_fast_b_iir1_z40.
DSP Report: Generating DSP linienmodule_fast_b_iir1_z30, operation Mode is (post resource management): A2*B2.
DSP Report: register linienmodule_fast_b_iir1_z30 is absorbed into DSP linienmodule_fast_b_iir1_z30.
DSP Report: register linienmodule_fast_b_iir1_b2_reg is absorbed into DSP linienmodule_fast_b_iir1_z30.
DSP Report: operator linienmodule_fast_b_iir1_z30 is absorbed into DSP linienmodule_fast_b_iir1_z30.
DSP Report: operator linienmodule_fast_b_iir1_z30 is absorbed into DSP linienmodule_fast_b_iir1_z30.
DSP Report: Generating DSP linienmodule_fast_b_iir1_z30, operation Mode is (post resource management): (PCIN>>17)+A2*B2.
DSP Report: register linienmodule_fast_b_iir1_y0_reg is absorbed into DSP linienmodule_fast_b_iir1_z30.
DSP Report: register linienmodule_fast_b_iir1_b2_reg is absorbed into DSP linienmodule_fast_b_iir1_z30.
DSP Report: operator linienmodule_fast_b_iir1_z30 is absorbed into DSP linienmodule_fast_b_iir1_z30.
DSP Report: operator linienmodule_fast_b_iir1_z30 is absorbed into DSP linienmodule_fast_b_iir1_z30.
---------------------------------------------------------------------------------
Start ROM, RAM, DSP, Shift Register and Retiming Reporting
---------------------------------------------------------------------------------

Block RAM: Preliminary Mapping Report (see note below)
+---------------------+----------------------+------------------------+---+---+------------------------+---+---+------------------+--------+--------+
|Module Name          | RTL Object           | PORT A (Depth x Width) | W | R | PORT B (Depth x Width) | W | R | Ports driving FF | RAMB18 | RAMB36 | 
+---------------------+----------------------+------------------------+---+---+------------------------+---+---+------------------+--------+--------+
|i_0/sequence_top     | fsm_reg_file/mem_reg | 512 x 32(READ_FIRST)   | W |   | 512 x 32(WRITE_FIRST)  |   | R | Port A and B     | 1      | 0      | 
|i_3/red_pitaya_scope | adc_a_buf_reg        | 16 K x 14(READ_FIRST)  | W |   | 16 K x 14(WRITE_FIRST) |   | R | Port A and B     | 0      | 7      | 
|i_3/red_pitaya_scope | adc_b_buf_reg        | 16 K x 14(READ_FIRST)  | W |   | 16 K x 14(WRITE_FIRST) |   | R | Port A and B     | 0      | 7      | 
|i_3/red_pitaya_scope | adc_a_q_buf_reg      | 16 K x 14(READ_FIRST)  | W |   | 16 K x 14(WRITE_FIRST) |   | R | Port A and B     | 0      | 7      | 
|i_3/red_pitaya_scope | adc_b_q_buf_reg      | 16 K x 14(READ_FIRST)  | W |   | 16 K x 14(WRITE_FIRST) |   | R | Port A and B     | 0      | 7      | 
+---------------------+----------------------+------------------------+---+---+------------------------+---+---+------------------+--------+--------+

Note: The table above is a preliminary report that shows the Block RAMs at the current stage of the synthesis flow. Some Block RAMs may be reimplemented as non Block RAM primitives later in the synthesis flow. Multiple instantiated Block RAMs are reported only once. 

DSP: Preliminary Mapping Report (see note below. The ' indicates corresponding REG is set)
+------------+----------------------+--------+--------+--------+--------+--------+------+------+------+------+-------+------+------+
|Module Name | DSP Mapping          | A Size | B Size | C Size | D Size | P Size | AREG | BREG | CREG | DREG | ADREG | MREG | PREG | 
+------------+----------------------+--------+--------+--------+--------+--------+------+------+------+------+-------+------+------+
|sinusoid    | A2*B2                | 18     | 14     | -      | -      | 48     | 1    | 1    | -    | -    | -     | 0    | 0    | 
|sinusoid    | (PCIN>>17)+A*B2      | 15     | 14     | -      | -      | 48     | 0    | 1    | -    | -    | -     | 0    | 1    | 
|top         | (0 or C)+(A2*B or 0) | 25     | 10     | 35     | -      | 35     | 1    | 0    | 0    | -    | -     | 0    | 0    | 
|top         | (A2*B or 0)          | 25     | 10     | -      | -      | 35     | 1    | 0    | -    | -    | -     | 0    | 0    | 
|top         | PCIN+A2:B+C          | 15     | 18     | 36     | -      | -1     | 1    | 0    | 0    | -    | -     | 0    | 0    | 
|top         | A*B                  | 15     | 14     | -      | -      | 29     | 0    | 0    | -    | -    | -     | 0    | 0    | 
|top         | A*B                  | 15     | 14     | -      | -      | 29     | 0    | 0    | -    | -    | -     | 0    | 0    | 
|top         | A*B                  | 15     | 14     | -      | -      | 29     | 0    | 0    | -    | -    | -     | 0    | 0    | 
|top         | (C or 0)+A*B         | 25     | 14     | 13     | -      | 39     | 0    | 0    | 0    | -    | -     | 0    | 0    | 
|top         | (C or 0)+A*B         | 25     | 14     | 13     | -      | 39     | 0    | 0    | 0    | -    | -     | 0    | 0    | 
|top         | (C or 0)+A*B         | 25     | 14     | 13     | -      | 39     | 0    | 0    | 0    | -    | -     | 0    | 0    | 
|top         | A2*B2                | 25     | 18     | -      | -      | 48     | 1    | 1    | -    | -    | -     | 0    | 0    | 
|top         | (PCIN>>17)+A2*B2     | 25     | 8      | -      | -      | 33     | 1    | 1    | -    | -    | -     | 0    | 0    | 
|top         | A2*B2                | 25     | 18     | -      | -      | 48     | 1    | 1    | -    | -    | -     | 0    | 0    | 
|top         | (PCIN>>17)+A2*B2     | 25     | 8      | -      | -      | 33     | 1    | 1    | -    | -    | -     | 0    | 0    | 
|top         | A2*B2                | 25     | 18     | -      | -      | 48     | 1    | 1    | -    | -    | -     | 0    | 0    | 
|top         | (PCIN>>17)+A2*B2     | 25     | 8      | -      | -      | 33     | 1    | 1    | -    | -    | -     | 0    | 0    | 
|top         | A2*B2                | 25     | 18     | -      | -      | 48     | 1    | 1    | -    | -    | -     | 0    | 0    | 
|top         | (PCIN>>17)+A2*B2     | 25     | 8      | -      | -      | 33     | 1    | 1    | -    | -    | -     | 0    | 0    | 
|top         | A2*B2                | 25     | 18     | -      | -      | 48     | 1    | 1    | -    | -    | -     | 0    | 0    | 
|top         | (PCIN>>17)+A2*B2     | 25     | 8      | -      | -      | 33     | 1    | 1    | -    | -    | -     | 0    | 0    | 
|top         | A2*B2                | 25     | 18     | -      | -      | 48     | 1    | 1    | -    | -    | -     | 0    | 0    | 
|top         | (PCIN>>17)+A2*B2     | 25     | 8      | -      | -      | 33     | 1    | 1    | -    | -    | -     | 0    | 0    | 
|top         | A2*B2                | 25     | 18     | -      | -      | 48     | 1    | 1    | -    | -    | -     | 0    | 0    | 
|top         | (PCIN>>17)+A2*B2     | 25     | 8      | -      | -      | 33     | 1    | 1    | -    | -    | -     | 0    | 0    | 
|top         | A2*B2                | 25     | 18     | -      | -      | 48     | 1    | 1    | -    | -    | -     | 0    | 0    | 
|top         | (PCIN>>17)+A2*B2     | 25     | 8      | -      | -      | 33     | 1    | 1    | -    | -    | -     | 0    | 0    | 
|top         | A2*B2                | 25     | 18     | -      | -      | 48     | 1    | 1    | -    | -    | -     | 0    | 0    | 
|top         | (PCIN>>17)+A2*B2     | 25     | 8      | -      | -      | 33     | 1    | 1    | -    | -    | -     | 0    | 0    | 
|top         | A2*B2                | 25     | 18     | -      | -      | 48     | 1    | 1    | -    | -    | -     | 0    | 0    | 
|top         | (PCIN>>17)+A*B2      | 25     | 8      | -      | -      | 33     | 1    | 1    | -    | -    | -     | 0    | 0    | 
|top         | A2*B2                | 25     | 18     | -      | -      | 48     | 1    | 1    | -    | -    | -     | 0    | 0    | 
|top         | (PCIN>>17)+A*B2      | 25     | 8      | -      | -      | 33     | 1    | 1    | -    | -    | -     | 0    | 0    | 
|top         | A2*B2                | 25     | 18     | -      | -      | 48     | 1    | 1    | -    | -    | -     | 0    | 0    | 
|top         | (PCIN>>17)+A2*B2     | 25     | 8      | -      | -      | 33     | 1    | 1    | -    | -    | -     | 0    | 0    | 
|top         | A2*B2                | 25     | 18     | -      | -      | 48     | 1    | 1    | -    | -    | -     | 0    | 0    | 
|top         | (PCIN>>17)+A2*B2     | 25     | 8      | -      | -      | 33     | 1    | 1    | -    | -    | -     | 0    | 0    | 
|top         | A2*B2                | 25     | 18     | -      | -      | 48     | 1    | 1    | -    | -    | -     | 0    | 0    | 
|top         | (PCIN>>17)+A2*B2     | 25     | 8      | -      | -      | 33     | 1    | 1    | -    | -    | -     | 0    | 0    | 
|top         | A2*B2                | 25     | 18     | -      | -      | 48     | 1    | 1    | -    | -    | -     | 0    | 0    | 
|top         | (PCIN>>17)+A2*B2     | 25     | 8      | -      | -      | 33     | 1    | 1    | -    | -    | -     | 0    | 0    | 
|top         | A2*B2                | 25     | 18     | -      | -      | 48     | 1    | 1    | -    | -    | -     | 0    | 0    | 
|top         | (PCIN>>17)+A2*B2     | 25     | 8      | -      | -      | 33     | 1    | 1    | -    | -    | -     | 0    | 0    | 
|top         | A2*B2                | 25     | 18     | -      | -      | 48     | 1    | 1    | -    | -    | -     | 0    | 0    | 
|top         | (PCIN>>17)+A2*B2     | 25     | 8      | -      | -      | 33     | 1    | 1    | -    | -    | -     | 0    | 0    | 
|top         | A2*B2                | 25     | 18     | -      | -      | 48     | 1    | 1    | -    | -    | -     | 0    | 0    | 
|top         | (PCIN>>17)+A2*B2     | 25     | 8      | -      | -      | 33     | 1    | 1    | -    | -    | -     | 0    | 0    | 
|top         | A2*B2                | 25     | 18     | -      | -      | 48     | 1    | 1    | -    | -    | -     | 0    | 0    | 
|top         | (PCIN>>17)+A2*B2     | 25     | 8      | -      | -      | 33     | 1    | 1    | -    | -    | -     | 0    | 0    | 
|top         | A2*B2                | 25     | 18     | -      | -      | 48     | 1    | 1    | -    | -    | -     | 0    | 0    | 
|top         | (PCIN>>17)+A*B2      | 25     | 8      | -      | -      | 33     | 1    | 1    | -    | -    | -     | 0    | 0    | 
|top         | A2*B2                | 25     | 18     | -      | -      | 48     | 1    | 1    | -    | -    | -     | 0    | 0    | 
|top         | (PCIN>>17)+A*B2      | 25     | 8      | -      | -      | 33     | 1    | 1    | -    | -    | -     | 0    | 0    | 
|top         | A2*B2                | 25     | 18     | -      | -      | 48     | 1    | 1    | -    | -    | -     | 0    | 0    | 
|top         | (PCIN>>17)+A2*B2     | 25     | 8      | -      | -      | 33     | 1    | 1    | -    | -    | -     | 0    | 0    | 
|top         | A2*B2                | 25     | 18     | -      | -      | 48     | 1    | 1    | -    | -    | -     | 0    | 0    | 
|top         | (PCIN>>17)+A2*B2     | 25     | 8      | -      | -      | 33     | 1    | 1    | -    | -    | -     | 0    | 0    | 
|top         | A2*B2                | 25     | 18     | -      | -      | 48     | 1    | 1    | -    | -    | -     | 0    | 0    | 
|top         | (PCIN>>17)+A2*B2     | 25     | 8      | -      | -      | 33     | 1    | 1    | -    | -    | -     | 0    | 0    | 
|top         | A2*B2                | 25     | 18     | -      | -      | 48     | 1    | 1    | -    | -    | -     | 0    | 0    | 
|top         | (PCIN>>17)+A2*B2     | 25     | 8      | -      | -      | 33     | 1    | 1    | -    | -    | -     | 0    | 0    | 
|top         | A2*B2                | 25     | 18     | -      | -      | 48     | 1    | 1    | -    | -    | -     | 0    | 0    | 
|top         | (PCIN>>17)+A2*B2     | 25     | 8      | -      | -      | 33     | 1    | 1    | -    | -    | -     | 0    | 0    | 
|top         | A2*B2                | 25     | 18     | -      | -      | 48     | 1    | 1    | -    | -    | -     | 0    | 0    | 
|top         | (PCIN>>17)+A2*B2     | 25     | 8      | -      | -      | 33     | 1    | 1    | -    | -    | -     | 0    | 0    | 
|top         | A2*B2                | 25     | 18     | -      | -      | 48     | 1    | 1    | -    | -    | -     | 0    | 0    | 
|top         | (PCIN>>17)+A*B2      | 25     | 8      | -      | -      | 33     | 1    | 1    | -    | -    | -     | 0    | 0    | 
|top         | A2*B2                | 25     | 18     | -      | -      | 48     | 1    | 1    | -    | -    | -     | 0    | 0    | 
|top         | (PCIN>>17)+A*B2      | 25     | 8      | -      | -      | 33     | 1    | 1    | -    | -    | -     | 0    | 0    | 
|top         | A2*B2                | 25     | 18     | -      | -      | 48     | 1    | 1    | -    | -    | -     | 0    | 0    | 
|top         | (PCIN>>17)+A2*B2     | 25     | 8      | -      | -      | 33     | 1    | 1    | -    | -    | -     | 0    | 0    | 
|top         | A2*B2                | 25     | 18     | -      | -      | 48     | 1    | 1    | -    | -    | -     | 0    | 0    | 
|top         | (PCIN>>17)+A2*B2     | 25     | 8      | -      | -      | 33     | 1    | 1    | -    | -    | -     | 0    | 0    | 
|top         | A2*B2                | 25     | 18     | -      | -      | 48     | 1    | 1    | -    | -    | -     | 0    | 0    | 
|top         | (PCIN>>17)+A*B2      | 25     | 8      | -      | -      | 33     | 1    | 1    | -    | -    | -     | 0    | 0    | 
|top         | A2*B2                | 25     | 18     | -      | -      | 48     | 1    | 1    | -    | -    | -     | 0    | 0    | 
|top         | (PCIN>>17)+A*B2      | 25     | 8      | -      | -      | 33     | 1    | 1    | -    | -    | -     | 0    | 0    | 
|top         | A2*B2                | 25     | 18     | -      | -      | 48     | 1    | 1    | -    | -    | -     | 0    | 0    | 
|top         | (PCIN>>17)+A*B2      | 25     | 8      | -      | -      | 33     | 1    | 1    | -    | -    | -     | 0    | 0    | 
|top         | A2*B2                | 25     | 18     | -      | -      | 48     | 1    | 1    | -    | -    | -     | 0    | 0    | 
|top         | (PCIN>>17)+A2*B2     | 25     | 8      | -      | -      | 33     | 1    | 1    | -    | -    | -     | 0    | 0    | 
|top         | A2*B2                | 25     | 18     | -      | -      | 48     | 1    | 1    | -    | -    | -     | 0    | 0    | 
|top         | (PCIN>>17)+A2*B2     | 25     | 8      | -      | -      | 33     | 1    | 1    | -    | -    | -     | 0    | 0    | 
|top         | A2*B2                | 25     | 18     | -      | -      | 48     | 1    | 1    | -    | -    | -     | 0    | 0    | 
|top         | (PCIN>>17)+A2*B2     | 25     | 8      | -      | -      | 33     | 1    | 1    | -    | -    | -     | 0    | 0    | 
|top         | A2*B2                | 25     | 18     | -      | -      | 48     | 1    | 1    | -    | -    | -     | 0    | 0    | 
|top         | (PCIN>>17)+A2*B2     | 25     | 8      | -      | -      | 33     | 1    | 1    | -    | -    | -     | 0    | 0    | 
|top         | A2*B2                | 25     | 18     | -      | -      | 48     | 1    | 1    | -    | -    | -     | 0    | 0    | 
|top         | (PCIN>>17)+A2*B2     | 25     | 8      | -      | -      | 33     | 1    | 1    | -    | -    | -     | 0    | 0    | 
|top         | A2*B2                | 25     | 18     | -      | -      | 48     | 1    | 1    | -    | -    | -     | 0    | 0    | 
|top         | (PCIN>>17)+A2*B2     | 25     | 8      | -      | -      | 33     | 1    | 1    | -    | -    | -     | 0    | 0    | 
|top         | A2*B2                | 25     | 18     | -      | -      | 48     | 1    | 1    | -    | -    | -     | 0    | 0    | 
|top         | (PCIN>>17)+A2*B2     | 25     | 8      | -      | -      | 33     | 1    | 1    | -    | -    | -     | 0    | 0    | 
|top         | A2*B2                | 25     | 18     | -      | -      | 48     | 1    | 1    | -    | -    | -     | 0    | 0    | 
|top         | (PCIN>>17)+A*B2      | 25     | 8      | -      | -      | 33     | 1    | 1    | -    | -    | -     | 0    | 0    | 
|top         | A2*B2                | 25     | 18     | -      | -      | 48     | 1    | 1    | -    | -    | -     | 0    | 0    | 
|top         | (PCIN>>17)+A*B2      | 25     | 8      | -      | -      | 33     | 1    | 1    | -    | -    | -     | 0    | 0    | 
+------------+----------------------+--------+--------+--------+--------+--------+------+------+------+------+-------+------+------+

Note: The table above is a preliminary report that shows the DSPs inferred at the current stage of the synthesis flow. Some DSP may be reimplemented as non DSP primitives later in the synthesis flow. Multiple instantiated DSPs are reported only once.
---------------------------------------------------------------------------------
Finished ROM, RAM, DSP, Shift Register and Retiming Reporting
---------------------------------------------------------------------------------
---------------------------------------------------------------------------------
Start Applying XDC Timing Constraints
---------------------------------------------------------------------------------
---------------------------------------------------------------------------------
Finished Applying XDC Timing Constraints : Time (s): cpu = 00:00:40 ; elapsed = 00:00:41 . Memory (MB): peak = 2812.422 ; gain = 1076.172 ; free physical = 11165 ; free virtual = 39100
---------------------------------------------------------------------------------
---------------------------------------------------------------------------------
Start Timing Optimization
---------------------------------------------------------------------------------
      : i_0/sequence_top/o_dac_drive_inferred/p_0_in[13]
      : i_0/sequence_top/o_dac_drive_inferred/o_dac_drive[13]
      : i_2/sequence_top/o_dac_drive_inferred/p_0_in[13]
      : i_2/sequence_top/o_dac_drive_inferred/o_dac_drive[13]
---------------------------------------------------------------------------------
Finished Timing Optimization : Time (s): cpu = 00:01:00 ; elapsed = 00:01:01 . Memory (MB): peak = 3117.359 ; gain = 1381.109 ; free physical = 10876 ; free virtual = 38818
---------------------------------------------------------------------------------
---------------------------------------------------------------------------------
Start ROM, RAM, DSP, Shift Register and Retiming Reporting
---------------------------------------------------------------------------------

Block RAM: Final Mapping Report
+---------------------+----------------------+------------------------+---+---+------------------------+---+---+------------------+--------+--------+
|Module Name          | RTL Object           | PORT A (Depth x Width) | W | R | PORT B (Depth x Width) | W | R | Ports driving FF | RAMB18 | RAMB36 | 
+---------------------+----------------------+------------------------+---+---+------------------------+---+---+------------------+--------+--------+
|i_3/red_pitaya_scope | adc_a_buf_reg        | 16 K x 14(READ_FIRST)  | W |   | 16 K x 14(WRITE_FIRST) |   | R | Port A and B     | 0      | 7      | 
|i_3/red_pitaya_scope | adc_b_buf_reg        | 16 K x 14(READ_FIRST)  | W |   | 16 K x 14(WRITE_FIRST) |   | R | Port A and B     | 0      | 7      | 
|i_3/red_pitaya_scope | adc_a_q_buf_reg      | 16 K x 14(READ_FIRST)  | W |   | 16 K x 14(WRITE_FIRST) |   | R | Port A and B     | 0      | 7      | 
|i_3/red_pitaya_scope | adc_b_q_buf_reg      | 16 K x 14(READ_FIRST)  | W |   | 16 K x 14(WRITE_FIRST) |   | R | Port A and B     | 0      | 7      | 
|i_0/sequence_top     | fsm_reg_file/mem_reg | 512 x 32(READ_FIRST)   | W |   | 512 x 32(WRITE_FIRST)  |   | R | Port A and B     | 1      | 0      | 
+---------------------+----------------------+------------------------+---+---+------------------------+---+---+------------------+--------+--------+

---------------------------------------------------------------------------------
Finished ROM, RAM, DSP, Shift Register and Retiming Reporting
---------------------------------------------------------------------------------
---------------------------------------------------------------------------------
Start Technology Mapping
---------------------------------------------------------------------------------
INFO: [Synth 8-7052] The timing for the instance red_pitaya_scope/adc_a_buf_reg_0 (implemented as a Block RAM) might be sub-optimal as no optional output register could be merged into the ram block. Providing additional output register may help in improving timing.
INFO: [Synth 8-7052] The timing for the instance red_pitaya_scope/adc_a_buf_reg_1 (implemented as a Block RAM) might be sub-optimal as no optional output register could be merged into the ram block. Providing additional output register may help in improving timing.
INFO: [Synth 8-7052] The timing for the instance red_pitaya_scope/adc_a_buf_reg_2 (implemented as a Block RAM) might be sub-optimal as no optional output register could be merged into the ram block. Providing additional output register may help in improving timing.
INFO: [Synth 8-7052] The timing for the instance red_pitaya_scope/adc_a_buf_reg_3 (implemented as a Block RAM) might be sub-optimal as no optional output register could be merged into the ram block. Providing additional output register may help in improving timing.
INFO: [Synth 8-7052] The timing for the instance red_pitaya_scope/adc_a_buf_reg_4 (implemented as a Block RAM) might be sub-optimal as no optional output register could be merged into the ram block. Providing additional output register may help in improving timing.
INFO: [Synth 8-7052] The timing for the instance red_pitaya_scope/adc_a_buf_reg_5 (implemented as a Block RAM) might be sub-optimal as no optional output register could be merged into the ram block. Providing additional output register may help in improving timing.
INFO: [Synth 8-7052] The timing for the instance red_pitaya_scope/adc_a_buf_reg_6 (implemented as a Block RAM) might be sub-optimal as no optional output register could be merged into the ram block. Providing additional output register may help in improving timing.
INFO: [Synth 8-7052] The timing for the instance red_pitaya_scope/adc_b_buf_reg_0 (implemented as a Block RAM) might be sub-optimal as no optional output register could be merged into the ram block. Providing additional output register may help in improving timing.
INFO: [Synth 8-7052] The timing for the instance red_pitaya_scope/adc_b_buf_reg_1 (implemented as a Block RAM) might be sub-optimal as no optional output register could be merged into the ram block. Providing additional output register may help in improving timing.
INFO: [Synth 8-7052] The timing for the instance red_pitaya_scope/adc_b_buf_reg_2 (implemented as a Block RAM) might be sub-optimal as no optional output register could be merged into the ram block. Providing additional output register may help in improving timing.
INFO: [Synth 8-7052] The timing for the instance red_pitaya_scope/adc_b_buf_reg_3 (implemented as a Block RAM) might be sub-optimal as no optional output register could be merged into the ram block. Providing additional output register may help in improving timing.
INFO: [Synth 8-7052] The timing for the instance red_pitaya_scope/adc_b_buf_reg_4 (implemented as a Block RAM) might be sub-optimal as no optional output register could be merged into the ram block. Providing additional output register may help in improving timing.
INFO: [Synth 8-7052] The timing for the instance red_pitaya_scope/adc_b_buf_reg_5 (implemented as a Block RAM) might be sub-optimal as no optional output register could be merged into the ram block. Providing additional output register may help in improving timing.
INFO: [Synth 8-7052] The timing for the instance red_pitaya_scope/adc_b_buf_reg_6 (implemented as a Block RAM) might be sub-optimal as no optional output register could be merged into the ram block. Providing additional output register may help in improving timing.
INFO: [Synth 8-7052] The timing for the instance red_pitaya_scope/adc_a_q_buf_reg_0 (implemented as a Block RAM) might be sub-optimal as no optional output register could be merged into the ram block. Providing additional output register may help in improving timing.
INFO: [Synth 8-7052] The timing for the instance red_pitaya_scope/adc_a_q_buf_reg_1 (implemented as a Block RAM) might be sub-optimal as no optional output register could be merged into the ram block. Providing additional output register may help in improving timing.
INFO: [Synth 8-7052] The timing for the instance red_pitaya_scope/adc_a_q_buf_reg_2 (implemented as a Block RAM) might be sub-optimal as no optional output register could be merged into the ram block. Providing additional output register may help in improving timing.
INFO: [Synth 8-7052] The timing for the instance red_pitaya_scope/adc_a_q_buf_reg_3 (implemented as a Block RAM) might be sub-optimal as no optional output register could be merged into the ram block. Providing additional output register may help in improving timing.
INFO: [Synth 8-7052] The timing for the instance red_pitaya_scope/adc_a_q_buf_reg_4 (implemented as a Block RAM) might be sub-optimal as no optional output register could be merged into the ram block. Providing additional output register may help in improving timing.
INFO: [Synth 8-7052] The timing for the instance red_pitaya_scope/adc_a_q_buf_reg_5 (implemented as a Block RAM) might be sub-optimal as no optional output register could be merged into the ram block. Providing additional output register may help in improving timing.
INFO: [Synth 8-7052] The timing for the instance red_pitaya_scope/adc_a_q_buf_reg_6 (implemented as a Block RAM) might be sub-optimal as no optional output register could be merged into the ram block. Providing additional output register may help in improving timing.
INFO: [Synth 8-7052] The timing for the instance red_pitaya_scope/adc_b_q_buf_reg_0 (implemented as a Block RAM) might be sub-optimal as no optional output register could be merged into the ram block. Providing additional output register may help in improving timing.
INFO: [Synth 8-7052] The timing for the instance red_pitaya_scope/adc_b_q_buf_reg_1 (implemented as a Block RAM) might be sub-optimal as no optional output register could be merged into the ram block. Providing additional output register may help in improving timing.
INFO: [Synth 8-7052] The timing for the instance red_pitaya_scope/adc_b_q_buf_reg_2 (implemented as a Block RAM) might be sub-optimal as no optional output register could be merged into the ram block. Providing additional output register may help in improving timing.
INFO: [Synth 8-7052] The timing for the instance red_pitaya_scope/adc_b_q_buf_reg_3 (implemented as a Block RAM) might be sub-optimal as no optional output register could be merged into the ram block. Providing additional output register may help in improving timing.
INFO: [Synth 8-7052] The timing for the instance red_pitaya_scope/adc_b_q_buf_reg_4 (implemented as a Block RAM) might be sub-optimal as no optional output register could be merged into the ram block. Providing additional output register may help in improving timing.
INFO: [Synth 8-7052] The timing for the instance red_pitaya_scope/adc_b_q_buf_reg_5 (implemented as a Block RAM) might be sub-optimal as no optional output register could be merged into the ram block. Providing additional output register may help in improving timing.
INFO: [Synth 8-7052] The timing for the instance red_pitaya_scope/adc_b_q_buf_reg_6 (implemented as a Block RAM) might be sub-optimal as no optional output register could be merged into the ram block. Providing additional output register may help in improving timing.
INFO: [Synth 8-7052] The timing for the instance sequence_top/fsm_reg_file/mem_reg (implemented as a Block RAM) might be sub-optimal as no optional output register could be merged into the ram block. Providing additional output register may help in improving timing.
---------------------------------------------------------------------------------
Finished Technology Mapping : Time (s): cpu = 00:01:08 ; elapsed = 00:01:08 . Memory (MB): peak = 3117.359 ; gain = 1381.109 ; free physical = 10897 ; free virtual = 38839
---------------------------------------------------------------------------------
---------------------------------------------------------------------------------
Start IO Insertion
---------------------------------------------------------------------------------
---------------------------------------------------------------------------------
Start Flattening Before IO Insertion
---------------------------------------------------------------------------------
---------------------------------------------------------------------------------
Finished Flattening Before IO Insertion
---------------------------------------------------------------------------------
---------------------------------------------------------------------------------
Start Final Netlist Cleanup
---------------------------------------------------------------------------------
---------------------------------------------------------------------------------
Finished Final Netlist Cleanup
---------------------------------------------------------------------------------
INFO: [Common 17-41] Interrupt caught. Command should exit soon.
1
INFO: [Common 17-83] Releasing license: Synthesis
133 Infos, 322 Warnings, 7 Critical Warnings and 1 Errors encountered.
synth_design failed
synth_design: Time (s): cpu = 00:01:14 ; elapsed = 00:01:13 . Memory (MB): peak = 3125.363 ; gain = 1497.715 ; free physical = 11160 ; free virtual = 39100
INFO: [Common 17-2834] synth_design peak Physical Memory [PSS] (MB): overall = 2726.401; main = 2557.928; forked = 347.803
INFO: [Common 17-2834] synth_design peak Virtual Memory [VSS] (MB): overall = 4108.430; main = 3125.367; forked = 991.066
INFO: [Common 17-344] 'source' was cancelled
INFO: [Common 17-206] Exiting Vivado at Fri Jul 31 01:11:23 2026...
