#-----------------------------------------------------------
# Vivado v2025.2 (64-bit)
# SW Build 6299465 on Fri Nov 14 19:35:11 GMT 2025
# IP Build 6300035 on Fri Nov 14 10:48:45 MST 2025
# SharedData Build 6298862 on Thu Nov 13 04:50:51 MST 2025
# Start of session at: Fri Sep  4 12:21:08 2026
# Process ID         : 29772
# Current directory  : C:/UW-Madison/RA/linien/gateware/build
# Command line       : vivado.exe -mode batch -source top.tcl
# Log file           : C:/UW-Madison/RA/linien/gateware/build/vivado.log
# Journal file       : C:/UW-Madison/RA/linien/gateware/build\vivado.jou
# Running On         : TejaskumarBabel
# Platform           : Windows Server 2016 or Windows 10
# Operating System   : 26200
# Processor Detail   : AMD Ryzen 7 7435HS                             
# CPU Frequency      : 3094 MHz
# CPU Physical cores : 8
# CPU Logical cores  : 16
# Host memory        : 16849 MB
# Swap memory        : 17179 MB
# Total Virtual      : 34029 MB
# Available Virtual  : 5095 MB
#-----------------------------------------------------------
source top.tcl
# source "top_route.tcl"
## create_project -force -name top -part xc7z010-clg400-1
create_project: Time (s): cpu = 00:00:12 ; elapsed = 00:00:08 . Memory (MB): peak = 532.234 ; gain = 219.336
## set_property XPM_LIBRARIES {XPM_CDC XPM_MEMORY} [current_project]
## add_files {imports\UW-Madison\RA\linien\gateware\verilog\axi_slave.v}
## set_property library work [get_files {imports\UW-Madison\RA\linien\gateware\verilog\axi_slave.v}]
## add_files {imports\UW-Madison\RA\linien\gateware\verilog\bus_clk_bridge.v}
## set_property library work [get_files {imports\UW-Madison\RA\linien\gateware\verilog\bus_clk_bridge.v}]
## add_files {imports\UW-Madison\RA\linien\gateware\verilog\processing_system7_v5_4_processing_system7.v}
## set_property library work [get_files {imports\UW-Madison\RA\linien\gateware\verilog\processing_system7_v5_4_processing_system7.v}]
## add_files {imports\UW-Madison\RA\linien\gateware\verilog\red_pitaya_scope.v}
## set_property library work [get_files {imports\UW-Madison\RA\linien\gateware\verilog\red_pitaya_scope.v}]
## add_files {imports\UW-Madison\RA\linien\gateware\verilog\system_processing_system7_0_0.v}
## set_property library work [get_files {imports\UW-Madison\RA\linien\gateware\verilog\system_processing_system7_0_0.v}]
## add_files {imports\UW-Madison\RA\linien\src\ROM.sv}
## set_property library work [get_files {imports\UW-Madison\RA\linien\src\ROM.sv}]
## add_files {imports\UW-Madison\RA\linien\src\arb_wave.sv}
## set_property library work [get_files {imports\UW-Madison\RA\linien\src\arb_wave.sv}]
## add_files {imports\UW-Madison\RA\linien\src\bram.sv}
## set_property library work [get_files {imports\UW-Madison\RA\linien\src\bram.sv}]
## add_files {imports\UW-Madison\RA\linien\src\chirp_gen.sv}
## set_property library work [get_files {imports\UW-Madison\RA\linien\src\chirp_gen.sv}]
## add_files {imports\UW-Madison\RA\linien\src\control.sv}
## set_property library work [get_files {imports\UW-Madison\RA\linien\src\control.sv}]
## add_files {imports\UW-Madison\RA\linien\src\delay.sv}
## set_property library work [get_files {imports\UW-Madison\RA\linien\src\delay.sv}]
## add_files {imports\UW-Madison\RA\linien\src\direct_jump.sv}
## set_property library work [get_files {imports\UW-Madison\RA\linien\src\direct_jump.sv}]
## add_files {imports\UW-Madison\RA\linien\src\linear_ramp.sv}
## set_property library work [get_files {imports\UW-Madison\RA\linien\src\linear_ramp.sv}]
## add_files {imports\UW-Madison\RA\linien\src\sequence_top.sv}
## set_property library work [get_files {imports\UW-Madison\RA\linien\src\sequence_top.sv}]
## add_files {imports\UW-Madison\RA\linien\src\sinusoid.sv}
## set_property library work [get_files {imports\UW-Madison\RA\linien\src\sinusoid.sv}]
## add_files {imports\UW-Madison\RA\linien\src\temp_pwm.sv}
## set_property library work [get_files {imports\UW-Madison\RA\linien\src\temp_pwm.sv}]
## add_files {imports\UW-Madison\RA\linien\src\temp_sampler.sv}
## set_property library work [get_files {imports\UW-Madison\RA\linien\src\temp_sampler.sv}]
## add_files {top.v}
## set_property library work [get_files {top.v}]
## read_xdc top.xdc
## read_xdc -ref processing_system7_v5_4_processing_system7 ../verilog/system_processing_system7_0_0.xdc
## add_files -norecurse ../../src/sin_lut.mem
## synth_design -top top -part xc7z010-clg400-1
Command: synth_design -top top -part xc7z010-clg400-1
Starting synth_design
Attempting to get a license for feature 'Synthesis' and/or device 'xc7z010'
INFO: [Common 17-349] Got license for feature 'Synthesis' and/or device 'xc7z010'
INFO: [Device 21-403] Loading part xc7z010clg400-1
INFO: [Synth 8-7079] Multithreading enabled for synth_design using a maximum of 2 processes.
INFO: [Synth 8-7078] Launching helper process for spawning children vivado processes
INFO: [Synth 8-7075] Helper process launched with PID 48076
---------------------------------------------------------------------------------
Starting RTL Elaboration : Time (s): cpu = 00:00:04 ; elapsed = 00:00:05 . Memory (MB): peak = 1287.496 ; gain = 540.410
---------------------------------------------------------------------------------
INFO: [Synth 8-6157] synthesizing module 'top' from library 'work' [C:/UW-Madison/RA/linien/gateware/build/top.v:2]
INFO: [Synth 8-155] case statement is not full and has no default [C:/UW-Madison/RA/linien/gateware/build/top.v:7364]
INFO: [Synth 8-155] case statement is not full and has no default [C:/UW-Madison/RA/linien/gateware/build/top.v:7765]
INFO: [Synth 8-155] case statement is not full and has no default [C:/UW-Madison/RA/linien/gateware/build/top.v:8611]
INFO: [Synth 8-155] case statement is not full and has no default [C:/UW-Madison/RA/linien/gateware/build/top.v:9457]
INFO: [Synth 8-155] case statement is not full and has no default [C:/UW-Madison/RA/linien/gateware/build/top.v:9592]
INFO: [Synth 8-155] case statement is not full and has no default [C:/UW-Madison/RA/linien/gateware/build/top.v:9614]
INFO: [Synth 8-155] case statement is not full and has no default [C:/UW-Madison/RA/linien/gateware/build/top.v:10699]
INFO: [Synth 8-155] case statement is not full and has no default [C:/UW-Madison/RA/linien/gateware/build/top.v:10793]
INFO: [Synth 8-155] case statement is not full and has no default [C:/UW-Madison/RA/linien/gateware/build/top.v:10910]
INFO: [Synth 8-155] case statement is not full and has no default [C:/UW-Madison/RA/linien/gateware/build/top.v:10940]
INFO: [Synth 8-155] case statement is not full and has no default [C:/UW-Madison/RA/linien/gateware/build/top.v:11721]
INFO: [Synth 8-6157] synthesizing module 'axi_slave' from library 'work' [C:/UW-Madison/RA/linien/gateware/build/imports/UW-Madison/RA/linien/gateware/verilog/axi_slave.v:52]
	Parameter AXI_DW bound to: 6'b100000 
	Parameter AXI_AW bound to: 6'b100000 
	Parameter AXI_IW bound to: 4'b1100 
INFO: [Synth 8-6155] done synthesizing module 'axi_slave' from library 'work' (0#1) [C:/UW-Madison/RA/linien/gateware/build/imports/UW-Madison/RA/linien/gateware/verilog/axi_slave.v:52]
INFO: [Synth 8-6157] synthesizing module 'system_processing_system7_0_0' from library 'work' [C:/UW-Madison/RA/linien/gateware/build/imports/UW-Madison/RA/linien/gateware/verilog/system_processing_system7_0_0.v:53]
INFO: [Synth 8-6157] synthesizing module 'processing_system7_v5_4_processing_system7' from library 'work' [C:/UW-Madison/RA/linien/gateware/build/imports/UW-Madison/RA/linien/gateware/verilog/processing_system7_v5_4_processing_system7.v:152]
INFO: [Synth 8-6157] synthesizing module 'BUFG' [C:/AMDDesignTools/2025.2/Vivado/scripts/rt/data/unisim_comp.v:2678]
INFO: [Synth 8-6155] done synthesizing module 'BUFG' (0#1) [C:/AMDDesignTools/2025.2/Vivado/scripts/rt/data/unisim_comp.v:2678]
INFO: [Synth 8-6157] synthesizing module 'BIBUF' [C:/AMDDesignTools/2025.2/Vivado/scripts/rt/data/unisim_comp.v:2325]
INFO: [Synth 8-6155] done synthesizing module 'BIBUF' (0#1) [C:/AMDDesignTools/2025.2/Vivado/scripts/rt/data/unisim_comp.v:2325]
INFO: [Synth 8-6157] synthesizing module 'PS7' [C:/AMDDesignTools/2025.2/Vivado/scripts/rt/data/unisim_comp.v:140294]
INFO: [Synth 8-6155] done synthesizing module 'PS7' (0#1) [C:/AMDDesignTools/2025.2/Vivado/scripts/rt/data/unisim_comp.v:140294]
INFO: [Synth 8-6155] done synthesizing module 'processing_system7_v5_4_processing_system7' from library 'work' (0#1) [C:/UW-Madison/RA/linien/gateware/build/imports/UW-Madison/RA/linien/gateware/verilog/processing_system7_v5_4_processing_system7.v:152]
INFO: [Synth 8-7071] port 'M_AXI_GP0_ARESETN' of module 'processing_system7_v5_4_processing_system7' is unconnected for instance 'inst' [C:/UW-Madison/RA/linien/gateware/build/imports/UW-Madison/RA/linien/gateware/verilog/system_processing_system7_0_0.v:365]
INFO: [Synth 8-7071] port 'M_AXI_GP1_ARESETN' of module 'processing_system7_v5_4_processing_system7' is unconnected for instance 'inst' [C:/UW-Madison/RA/linien/gateware/build/imports/UW-Madison/RA/linien/gateware/verilog/system_processing_system7_0_0.v:365]
INFO: [Synth 8-7071] port 'S_AXI_GP0_ARESETN' of module 'processing_system7_v5_4_processing_system7' is unconnected for instance 'inst' [C:/UW-Madison/RA/linien/gateware/build/imports/UW-Madison/RA/linien/gateware/verilog/system_processing_system7_0_0.v:365]
INFO: [Synth 8-7071] port 'S_AXI_GP1_ARESETN' of module 'processing_system7_v5_4_processing_system7' is unconnected for instance 'inst' [C:/UW-Madison/RA/linien/gateware/build/imports/UW-Madison/RA/linien/gateware/verilog/system_processing_system7_0_0.v:365]
INFO: [Synth 8-7071] port 'S_AXI_ACP_ARESETN' of module 'processing_system7_v5_4_processing_system7' is unconnected for instance 'inst' [C:/UW-Madison/RA/linien/gateware/build/imports/UW-Madison/RA/linien/gateware/verilog/system_processing_system7_0_0.v:365]
INFO: [Synth 8-7071] port 'S_AXI_HP0_ARESETN' of module 'processing_system7_v5_4_processing_system7' is unconnected for instance 'inst' [C:/UW-Madison/RA/linien/gateware/build/imports/UW-Madison/RA/linien/gateware/verilog/system_processing_system7_0_0.v:365]
INFO: [Synth 8-7071] port 'S_AXI_HP1_ARESETN' of module 'processing_system7_v5_4_processing_system7' is unconnected for instance 'inst' [C:/UW-Madison/RA/linien/gateware/build/imports/UW-Madison/RA/linien/gateware/verilog/system_processing_system7_0_0.v:365]
INFO: [Synth 8-7071] port 'S_AXI_HP2_ARESETN' of module 'processing_system7_v5_4_processing_system7' is unconnected for instance 'inst' [C:/UW-Madison/RA/linien/gateware/build/imports/UW-Madison/RA/linien/gateware/verilog/system_processing_system7_0_0.v:365]
INFO: [Synth 8-7071] port 'S_AXI_HP3_ARESETN' of module 'processing_system7_v5_4_processing_system7' is unconnected for instance 'inst' [C:/UW-Madison/RA/linien/gateware/build/imports/UW-Madison/RA/linien/gateware/verilog/system_processing_system7_0_0.v:365]
INFO: [Synth 8-7071] port 'DMA0_RSTN' of module 'processing_system7_v5_4_processing_system7' is unconnected for instance 'inst' [C:/UW-Madison/RA/linien/gateware/build/imports/UW-Madison/RA/linien/gateware/verilog/system_processing_system7_0_0.v:365]
INFO: [Synth 8-7071] port 'DMA1_RSTN' of module 'processing_system7_v5_4_processing_system7' is unconnected for instance 'inst' [C:/UW-Madison/RA/linien/gateware/build/imports/UW-Madison/RA/linien/gateware/verilog/system_processing_system7_0_0.v:365]
INFO: [Synth 8-7071] port 'DMA2_RSTN' of module 'processing_system7_v5_4_processing_system7' is unconnected for instance 'inst' [C:/UW-Madison/RA/linien/gateware/build/imports/UW-Madison/RA/linien/gateware/verilog/system_processing_system7_0_0.v:365]
INFO: [Synth 8-7071] port 'DMA3_RSTN' of module 'processing_system7_v5_4_processing_system7' is unconnected for instance 'inst' [C:/UW-Madison/RA/linien/gateware/build/imports/UW-Madison/RA/linien/gateware/verilog/system_processing_system7_0_0.v:365]
INFO: [Synth 8-7023] instance 'inst' of module 'processing_system7_v5_4_processing_system7' has 686 connections declared, but only 673 given [C:/UW-Madison/RA/linien/gateware/build/imports/UW-Madison/RA/linien/gateware/verilog/system_processing_system7_0_0.v:365]
INFO: [Synth 8-6155] done synthesizing module 'system_processing_system7_0_0' from library 'work' (0#1) [C:/UW-Madison/RA/linien/gateware/build/imports/UW-Madison/RA/linien/gateware/verilog/system_processing_system7_0_0.v:53]
WARNING: [Synth 8-7071] port 'SPI0_SCLK_O' of module 'system_processing_system7_0_0' is unconnected for instance 'system_processing_system7_0_0' [C:/UW-Madison/RA/linien/gateware/build/top.v:11797]
WARNING: [Synth 8-7071] port 'SPI0_SCLK_T' of module 'system_processing_system7_0_0' is unconnected for instance 'system_processing_system7_0_0' [C:/UW-Madison/RA/linien/gateware/build/top.v:11797]
WARNING: [Synth 8-7071] port 'SPI0_MOSI_O' of module 'system_processing_system7_0_0' is unconnected for instance 'system_processing_system7_0_0' [C:/UW-Madison/RA/linien/gateware/build/top.v:11797]
WARNING: [Synth 8-7071] port 'SPI0_MOSI_T' of module 'system_processing_system7_0_0' is unconnected for instance 'system_processing_system7_0_0' [C:/UW-Madison/RA/linien/gateware/build/top.v:11797]
WARNING: [Synth 8-7071] port 'SPI0_MISO_O' of module 'system_processing_system7_0_0' is unconnected for instance 'system_processing_system7_0_0' [C:/UW-Madison/RA/linien/gateware/build/top.v:11797]
WARNING: [Synth 8-7071] port 'SPI0_MISO_T' of module 'system_processing_system7_0_0' is unconnected for instance 'system_processing_system7_0_0' [C:/UW-Madison/RA/linien/gateware/build/top.v:11797]
WARNING: [Synth 8-7071] port 'SPI0_SS_O' of module 'system_processing_system7_0_0' is unconnected for instance 'system_processing_system7_0_0' [C:/UW-Madison/RA/linien/gateware/build/top.v:11797]
WARNING: [Synth 8-7071] port 'SPI0_SS1_O' of module 'system_processing_system7_0_0' is unconnected for instance 'system_processing_system7_0_0' [C:/UW-Madison/RA/linien/gateware/build/top.v:11797]
WARNING: [Synth 8-7071] port 'SPI0_SS2_O' of module 'system_processing_system7_0_0' is unconnected for instance 'system_processing_system7_0_0' [C:/UW-Madison/RA/linien/gateware/build/top.v:11797]
WARNING: [Synth 8-7071] port 'SPI0_SS_T' of module 'system_processing_system7_0_0' is unconnected for instance 'system_processing_system7_0_0' [C:/UW-Madison/RA/linien/gateware/build/top.v:11797]
WARNING: [Synth 8-7071] port 'TTC0_WAVE0_OUT' of module 'system_processing_system7_0_0' is unconnected for instance 'system_processing_system7_0_0' [C:/UW-Madison/RA/linien/gateware/build/top.v:11797]
WARNING: [Synth 8-7071] port 'TTC0_WAVE1_OUT' of module 'system_processing_system7_0_0' is unconnected for instance 'system_processing_system7_0_0' [C:/UW-Madison/RA/linien/gateware/build/top.v:11797]
WARNING: [Synth 8-7071] port 'TTC0_WAVE2_OUT' of module 'system_processing_system7_0_0' is unconnected for instance 'system_processing_system7_0_0' [C:/UW-Madison/RA/linien/gateware/build/top.v:11797]
WARNING: [Synth 8-7071] port 'USB0_PORT_INDCTL' of module 'system_processing_system7_0_0' is unconnected for instance 'system_processing_system7_0_0' [C:/UW-Madison/RA/linien/gateware/build/top.v:11797]
WARNING: [Synth 8-7071] port 'USB0_VBUS_PWRSELECT' of module 'system_processing_system7_0_0' is unconnected for instance 'system_processing_system7_0_0' [C:/UW-Madison/RA/linien/gateware/build/top.v:11797]
WARNING: [Synth 8-7023] instance 'system_processing_system7_0_0' of module 'system_processing_system7_0_0' has 88 connections declared, but only 73 given [C:/UW-Madison/RA/linien/gateware/build/top.v:11797]
INFO: [Synth 8-6157] synthesizing module 'IBUFGDS' [C:/AMDDesignTools/2025.2/Vivado/scripts/rt/data/unisim_comp.v:83467]
INFO: [Synth 8-6155] done synthesizing module 'IBUFGDS' (0#1) [C:/AMDDesignTools/2025.2/Vivado/scripts/rt/data/unisim_comp.v:83467]
INFO: [Synth 8-6157] synthesizing module 'PLLE2_BASE' [C:/AMDDesignTools/2025.2/Vivado/scripts/rt/data/unisim_comp.v:133986]
	Parameter BANDWIDTH bound to: OPTIMIZED - type: string 
	Parameter CLKFBOUT_MULT bound to: 8 - type: integer 
	Parameter CLKFBOUT_PHASE bound to: 0.000000e+00 - type: double 
	Parameter CLKIN1_PERIOD bound to: 8.000000e+00 - type: double 
	Parameter CLKOUT0_DIVIDE bound to: 2 - type: integer 
	Parameter CLKOUT0_DUTY_CYCLE bound to: 5.000000e-01 - type: double 
	Parameter CLKOUT0_PHASE bound to: 0.000000e+00 - type: double 
	Parameter CLKOUT1_DIVIDE bound to: 4 - type: integer 
	Parameter CLKOUT1_DUTY_CYCLE bound to: 5.000000e-01 - type: double 
	Parameter CLKOUT1_PHASE bound to: 0.000000e+00 - type: double 
	Parameter CLKOUT2_DIVIDE bound to: 8 - type: integer 
	Parameter CLKOUT2_DUTY_CYCLE bound to: 5.000000e-01 - type: double 
	Parameter CLKOUT2_PHASE bound to: 0.000000e+00 - type: double 
	Parameter CLKOUT3_DIVIDE bound to: 120 - type: integer 
	Parameter CLKOUT3_DUTY_CYCLE bound to: 5.000000e-01 - type: double 
	Parameter CLKOUT3_PHASE bound to: 0.000000e+00 - type: double 
	Parameter CLKOUT4_DIVIDE bound to: 4 - type: integer 
	Parameter CLKOUT4_DUTY_CYCLE bound to: 5.000000e-01 - type: double 
	Parameter CLKOUT4_PHASE bound to: 0.000000e+00 - type: double 
	Parameter CLKOUT5_DIVIDE bound to: 4 - type: integer 
	Parameter CLKOUT5_DUTY_CYCLE bound to: 5.000000e-01 - type: double 
	Parameter CLKOUT5_PHASE bound to: 0.000000e+00 - type: double 
	Parameter DIVCLK_DIVIDE bound to: 1 - type: integer 
	Parameter REF_JITTER1 bound to: 1.000000e-02 - type: double 
	Parameter STARTUP_WAIT bound to: FALSE - type: string 
INFO: [Synth 8-6155] done synthesizing module 'PLLE2_BASE' (0#1) [C:/AMDDesignTools/2025.2/Vivado/scripts/rt/data/unisim_comp.v:133986]
INFO: [Synth 8-6157] synthesizing module 'FD' [C:/AMDDesignTools/2025.2/Vivado/scripts/rt/data/unisim_comp.v:49155]
	Parameter INIT bound to: 1'b1 
INFO: [Synth 8-6155] done synthesizing module 'FD' (0#1) [C:/AMDDesignTools/2025.2/Vivado/scripts/rt/data/unisim_comp.v:49155]
INFO: [Synth 8-6157] synthesizing module 'sequence_top' from library 'work' [C:/UW-Madison/RA/linien/gateware/build/imports/UW-Madison/RA/linien/src/sequence_top.sv:3]
	Parameter MAX_BLOCKS bound to: 16 - type: integer 
	Parameter DATA_WIDTH bound to: 32 - type: integer 
	Parameter V_DATA_WIDTH bound to: 14 - type: integer 
	Parameter NUM_BLOCK_TYPES bound to: 6 - type: integer 
	Parameter FSM_REGFILE_ADDR_WIDTH bound to: 9 - type: integer 
	Parameter AWG_REGFILE_ADDR_WIDTH bound to: 10 - type: integer 
INFO: [Synth 8-6157] synthesizing module 'bram' from library 'work' [C:/UW-Madison/RA/linien/gateware/build/imports/UW-Madison/RA/linien/src/bram.sv:28]
	Parameter ADDR_WIDTH bound to: 9 - type: integer 
	Parameter DATA_WIDTH bound to: 32 - type: integer 
INFO: [Synth 8-6155] done synthesizing module 'bram' from library 'work' (0#1) [C:/UW-Madison/RA/linien/gateware/build/imports/UW-Madison/RA/linien/src/bram.sv:28]
INFO: [Synth 8-6157] synthesizing module 'bram__parameterized0' from library 'work' [C:/UW-Madison/RA/linien/gateware/build/imports/UW-Madison/RA/linien/src/bram.sv:28]
	Parameter ADDR_WIDTH bound to: 10 - type: integer 
	Parameter DATA_WIDTH bound to: 14 - type: integer 
INFO: [Synth 8-6155] done synthesizing module 'bram__parameterized0' from library 'work' (0#1) [C:/UW-Madison/RA/linien/gateware/build/imports/UW-Madison/RA/linien/src/bram.sv:28]
INFO: [Synth 8-6157] synthesizing module 'control' from library 'work' [C:/UW-Madison/RA/linien/gateware/build/imports/UW-Madison/RA/linien/src/control.sv:30]
	Parameter MAX_BLOCKS bound to: 16 - type: integer 
	Parameter DATA_WIDTH bound to: 32 - type: integer 
INFO: [Synth 8-155] case statement is not full and has no default [C:/UW-Madison/RA/linien/gateware/build/imports/UW-Madison/RA/linien/src/control.sv:234]
INFO: [Synth 8-6155] done synthesizing module 'control' from library 'work' (0#1) [C:/UW-Madison/RA/linien/gateware/build/imports/UW-Madison/RA/linien/src/control.sv:30]
INFO: [Synth 8-6157] synthesizing module 'delay' from library 'work' [C:/UW-Madison/RA/linien/gateware/build/imports/UW-Madison/RA/linien/src/delay.sv:2]
	Parameter DATA_WIDTH bound to: 32 - type: integer 
INFO: [Synth 8-6155] done synthesizing module 'delay' from library 'work' (0#1) [C:/UW-Madison/RA/linien/gateware/build/imports/UW-Madison/RA/linien/src/delay.sv:2]
INFO: [Synth 8-6157] synthesizing module 'linear_ramp' from library 'work' [C:/UW-Madison/RA/linien/gateware/build/imports/UW-Madison/RA/linien/src/linear_ramp.sv:2]
	Parameter DATA_WIDTH bound to: 32 - type: integer 
INFO: [Synth 8-155] case statement is not full and has no default [C:/UW-Madison/RA/linien/gateware/build/imports/UW-Madison/RA/linien/src/linear_ramp.sv:27]
INFO: [Synth 8-6155] done synthesizing module 'linear_ramp' from library 'work' (0#1) [C:/UW-Madison/RA/linien/gateware/build/imports/UW-Madison/RA/linien/src/linear_ramp.sv:2]
INFO: [Synth 8-6157] synthesizing module 'direct_jump' from library 'work' [C:/UW-Madison/RA/linien/gateware/build/imports/UW-Madison/RA/linien/src/direct_jump.sv:3]
	Parameter DATA_WIDTH bound to: 32 - type: integer 
INFO: [Synth 8-6155] done synthesizing module 'direct_jump' from library 'work' (0#1) [C:/UW-Madison/RA/linien/gateware/build/imports/UW-Madison/RA/linien/src/direct_jump.sv:3]
INFO: [Synth 8-6157] synthesizing module 'chirp_gen' from library 'work' [C:/UW-Madison/RA/linien/gateware/build/imports/UW-Madison/RA/linien/src/chirp_gen.sv:7]
INFO: [Synth 8-6155] done synthesizing module 'chirp_gen' from library 'work' (0#1) [C:/UW-Madison/RA/linien/gateware/build/imports/UW-Madison/RA/linien/src/chirp_gen.sv:7]
INFO: [Synth 8-6157] synthesizing module 'sinusoid' from library 'work' [C:/UW-Madison/RA/linien/gateware/build/imports/UW-Madison/RA/linien/src/sinusoid.sv:14]
	Parameter DATA_WIDTH bound to: 32 - type: integer 
INFO: [Synth 8-155] case statement is not full and has no default [C:/UW-Madison/RA/linien/gateware/build/imports/UW-Madison/RA/linien/src/sinusoid.sv:54]
INFO: [Synth 8-6157] synthesizing module 'ROM' from library 'work' [C:/UW-Madison/RA/linien/gateware/build/imports/UW-Madison/RA/linien/src/ROM.sv:2]
	Parameter FILE bound to: sin_lut.mem - type: string 
	Parameter DATA_WIDTH bound to: 32'sb00000000000000000000000000001110 
	Parameter ADDR_WIDTH bound to: 32'sb00000000000000000000000000001001 
INFO: [Synth 8-3876] $readmem data file 'sin_lut.mem' is read successfully [C:/UW-Madison/RA/linien/gateware/build/imports/UW-Madison/RA/linien/src/ROM.sv:16]
INFO: [Synth 8-6155] done synthesizing module 'ROM' from library 'work' (0#1) [C:/UW-Madison/RA/linien/gateware/build/imports/UW-Madison/RA/linien/src/ROM.sv:2]
INFO: [Synth 8-6155] done synthesizing module 'sinusoid' from library 'work' (0#1) [C:/UW-Madison/RA/linien/gateware/build/imports/UW-Madison/RA/linien/src/sinusoid.sv:14]
INFO: [Synth 8-6157] synthesizing module 'arb_wave' from library 'work' [C:/UW-Madison/RA/linien/gateware/build/imports/UW-Madison/RA/linien/src/arb_wave.sv:4]
INFO: [Synth 8-155] case statement is not full and has no default [C:/UW-Madison/RA/linien/gateware/build/imports/UW-Madison/RA/linien/src/arb_wave.sv:26]
INFO: [Synth 8-6155] done synthesizing module 'arb_wave' from library 'work' (0#1) [C:/UW-Madison/RA/linien/gateware/build/imports/UW-Madison/RA/linien/src/arb_wave.sv:4]
INFO: [Synth 8-6155] done synthesizing module 'sequence_top' from library 'work' (0#1) [C:/UW-Madison/RA/linien/gateware/build/imports/UW-Madison/RA/linien/src/sequence_top.sv:3]
INFO: [Synth 8-6157] synthesizing module 'ODDR' [C:/AMDDesignTools/2025.2/Vivado/scripts/rt/data/unisim_comp.v:117225]
INFO: [Synth 8-6155] done synthesizing module 'ODDR' (0#1) [C:/AMDDesignTools/2025.2/Vivado/scripts/rt/data/unisim_comp.v:117225]
INFO: [Synth 8-6157] synthesizing module 'XADC' [C:/AMDDesignTools/2025.2/Vivado/scripts/rt/data/unisim_comp.v:171125]
	Parameter INIT_40 bound to: 16'b0000000000000000 
	Parameter INIT_41 bound to: 16'b0010111100001111 
	Parameter INIT_42 bound to: 16'b0000010000000000 
	Parameter INIT_48 bound to: 16'b0000100100000000 
	Parameter INIT_49 bound to: 16'b0000001100000011 
	Parameter INIT_4A bound to: 16'b0100011111100000 
	Parameter INIT_4B bound to: 16'b0000000000000000 
	Parameter INIT_4C bound to: 16'b0000100000000000 
	Parameter INIT_4D bound to: 16'b0000001100000011 
	Parameter INIT_4E bound to: 16'b0000000000000000 
	Parameter INIT_4F bound to: 16'b0000000000000000 
	Parameter INIT_50 bound to: 16'b1011010111101101 
	Parameter INIT_51 bound to: 16'b0101011111100100 
	Parameter INIT_52 bound to: 16'b1010000101000111 
	Parameter INIT_53 bound to: 16'b1100101000110011 
	Parameter INIT_54 bound to: 16'b1010100100111010 
	Parameter INIT_55 bound to: 16'b0101001011000110 
	Parameter INIT_56 bound to: 16'b1001010101010101 
	Parameter INIT_57 bound to: 16'b1010111001001110 
	Parameter INIT_58 bound to: 16'b0101100110011001 
	Parameter INIT_59 bound to: 16'b0101010101010101 
	Parameter INIT_5A bound to: 16'b1001100110011001 
	Parameter INIT_5B bound to: 16'b0110101010101010 
	Parameter INIT_5C bound to: 16'b0101000100010001 
	Parameter INIT_5D bound to: 16'b0101000100010001 
	Parameter INIT_5E bound to: 16'b1001000111101011 
	Parameter INIT_5F bound to: 16'b0110011001100110 
INFO: [Synth 8-6155] done synthesizing module 'XADC' (0#1) [C:/AMDDesignTools/2025.2/Vivado/scripts/rt/data/unisim_comp.v:171125]
WARNING: [Synth 8-689] width (7) of port connection 'CHANNEL' does not match port width (5) of module 'XADC' [C:/UW-Madison/RA/linien/gateware/build/top.v:12201]
WARNING: [Synth 8-7071] port 'JTAGBUSY' of module 'XADC' is unconnected for instance 'XADC' [C:/UW-Madison/RA/linien/gateware/build/top.v:12186]
WARNING: [Synth 8-7071] port 'JTAGLOCKED' of module 'XADC' is unconnected for instance 'XADC' [C:/UW-Madison/RA/linien/gateware/build/top.v:12186]
WARNING: [Synth 8-7071] port 'JTAGMODIFIED' of module 'XADC' is unconnected for instance 'XADC' [C:/UW-Madison/RA/linien/gateware/build/top.v:12186]
WARNING: [Synth 8-7071] port 'MUXADDR' of module 'XADC' is unconnected for instance 'XADC' [C:/UW-Madison/RA/linien/gateware/build/top.v:12186]
WARNING: [Synth 8-7023] instance 'XADC' of module 'XADC' has 24 connections declared, but only 20 given [C:/UW-Madison/RA/linien/gateware/build/top.v:12186]
INFO: [Synth 8-6157] synthesizing module 'DNA_PORT' [C:/AMDDesignTools/2025.2/Vivado/scripts/rt/data/unisim_comp.v:47654]
INFO: [Synth 8-6155] done synthesizing module 'DNA_PORT' (0#1) [C:/AMDDesignTools/2025.2/Vivado/scripts/rt/data/unisim_comp.v:47654]
INFO: [Synth 8-6157] synthesizing module 'red_pitaya_scope' from library 'work' [C:/UW-Madison/RA/linien/gateware/build/imports/UW-Madison/RA/linien/gateware/verilog/red_pitaya_scope.v:54]
WARNING: [Synth 8-693] zero replication count - replication ignored [C:/UW-Madison/RA/linien/gateware/build/imports/UW-Madison/RA/linien/gateware/verilog/red_pitaya_scope.v:606]
INFO: [Synth 8-6157] synthesizing module 'bus_clk_bridge' from library 'work' [C:/UW-Madison/RA/linien/gateware/build/imports/UW-Madison/RA/linien/gateware/verilog/bus_clk_bridge.v:38]
INFO: [Synth 8-6155] done synthesizing module 'bus_clk_bridge' from library 'work' (0#1) [C:/UW-Madison/RA/linien/gateware/build/imports/UW-Madison/RA/linien/gateware/verilog/bus_clk_bridge.v:38]
INFO: [Synth 8-6155] done synthesizing module 'red_pitaya_scope' from library 'work' (0#1) [C:/UW-Madison/RA/linien/gateware/build/imports/UW-Madison/RA/linien/gateware/verilog/red_pitaya_scope.v:54]
WARNING: [Synth 8-689] width (25) of port connection 'adc_a_i' does not match port width (14) of module 'red_pitaya_scope' [C:/UW-Madison/RA/linien/gateware/build/top.v:12266]
WARNING: [Synth 8-689] width (25) of port connection 'adc_a_q_i' does not match port width (14) of module 'red_pitaya_scope' [C:/UW-Madison/RA/linien/gateware/build/top.v:12267]
WARNING: [Synth 8-689] width (25) of port connection 'adc_b_i' does not match port width (14) of module 'red_pitaya_scope' [C:/UW-Madison/RA/linien/gateware/build/top.v:12268]
WARNING: [Synth 8-689] width (25) of port connection 'adc_b_q_i' does not match port width (14) of module 'red_pitaya_scope' [C:/UW-Madison/RA/linien/gateware/build/top.v:12269]
INFO: [Synth 8-6157] synthesizing module 'temp_pwm' from library 'work' [C:/UW-Madison/RA/linien/gateware/build/imports/UW-Madison/RA/linien/src/temp_pwm.sv:15]
INFO: [Synth 8-6155] done synthesizing module 'temp_pwm' from library 'work' (0#1) [C:/UW-Madison/RA/linien/gateware/build/imports/UW-Madison/RA/linien/src/temp_pwm.sv:15]
INFO: [Synth 8-6157] synthesizing module 'temp_sampler' from library 'work' [C:/UW-Madison/RA/linien/gateware/build/imports/UW-Madison/RA/linien/src/temp_sampler.sv:33]
	Parameter DELAY_CLKS bound to: 250000 - type: integer 
	Parameter WINDOW_LOG2 bound to: 16 - type: integer 
	Parameter FRAC_BITS bound to: 4 - type: integer 
INFO: [Synth 8-226] default block is never used [C:/UW-Madison/RA/linien/gateware/build/imports/UW-Madison/RA/linien/src/temp_sampler.sv:72]
INFO: [Synth 8-6155] done synthesizing module 'temp_sampler' from library 'work' (0#1) [C:/UW-Madison/RA/linien/gateware/build/imports/UW-Madison/RA/linien/src/temp_sampler.sv:33]
INFO: [Synth 8-6155] done synthesizing module 'top' from library 'work' (0#1) [C:/UW-Madison/RA/linien/gateware/build/top.v:2]
WARNING: [Synth 8-6014] Unused sequential element wr_wid_reg was removed.  [C:/UW-Madison/RA/linien/gateware/build/imports/UW-Madison/RA/linien/gateware/verilog/axi_slave.v:177]
WARNING: [Synth 8-6014] Unused sequential element axi_rvalid_o_reg was removed.  [C:/UW-Madison/RA/linien/gateware/build/imports/UW-Madison/RA/linien/gateware/verilog/axi_slave.v:202]
WARNING: [Synth 8-3848] Net ENET0_GMII_TX_EN in module/entity processing_system7_v5_4_processing_system7 does not have driver. [C:/UW-Madison/RA/linien/gateware/build/imports/UW-Madison/RA/linien/gateware/verilog/processing_system7_v5_4_processing_system7.v:212]
WARNING: [Synth 8-3848] Net ENET0_GMII_TX_ER in module/entity processing_system7_v5_4_processing_system7 does not have driver. [C:/UW-Madison/RA/linien/gateware/build/imports/UW-Madison/RA/linien/gateware/verilog/processing_system7_v5_4_processing_system7.v:213]
WARNING: [Synth 8-3848] Net ENET0_GMII_TXD in module/entity processing_system7_v5_4_processing_system7 does not have driver. [C:/UW-Madison/RA/linien/gateware/build/imports/UW-Madison/RA/linien/gateware/verilog/processing_system7_v5_4_processing_system7.v:229]
WARNING: [Synth 8-3848] Net ENET1_GMII_TX_EN in module/entity processing_system7_v5_4_processing_system7 does not have driver. [C:/UW-Madison/RA/linien/gateware/build/imports/UW-Madison/RA/linien/gateware/verilog/processing_system7_v5_4_processing_system7.v:243]
WARNING: [Synth 8-3848] Net ENET1_GMII_TX_ER in module/entity processing_system7_v5_4_processing_system7 does not have driver. [C:/UW-Madison/RA/linien/gateware/build/imports/UW-Madison/RA/linien/gateware/verilog/processing_system7_v5_4_processing_system7.v:244]
WARNING: [Synth 8-3848] Net ENET1_GMII_TXD in module/entity processing_system7_v5_4_processing_system7 does not have driver. [C:/UW-Madison/RA/linien/gateware/build/imports/UW-Madison/RA/linien/gateware/verilog/processing_system7_v5_4_processing_system7.v:258]
WARNING: [Synth 8-3848] Net TRACE_CTL_PIPE[0] in module/entity processing_system7_v5_4_processing_system7 does not have driver. [C:/UW-Madison/RA/linien/gateware/build/imports/UW-Madison/RA/linien/gateware/verilog/processing_system7_v5_4_processing_system7.v:1300]
WARNING: [Synth 8-3848] Net TRACE_DATA_PIPE[0] in module/entity processing_system7_v5_4_processing_system7 does not have driver. [C:/UW-Madison/RA/linien/gateware/build/imports/UW-Madison/RA/linien/gateware/verilog/processing_system7_v5_4_processing_system7.v:1301]
WARNING: [Synth 8-3848] Net TRACE_CLK_OUT in module/entity processing_system7_v5_4_processing_system7 does not have driver. [C:/UW-Madison/RA/linien/gateware/build/imports/UW-Madison/RA/linien/gateware/verilog/processing_system7_v5_4_processing_system7.v:405]
WARNING: [Synth 8-3848] Net ENET0_GMII_COL_i in module/entity processing_system7_v5_4_processing_system7 does not have driver. [C:/UW-Madison/RA/linien/gateware/build/imports/UW-Madison/RA/linien/gateware/verilog/processing_system7_v5_4_processing_system7.v:1048]
WARNING: [Synth 8-3848] Net ENET0_GMII_CRS_i in module/entity processing_system7_v5_4_processing_system7 does not have driver. [C:/UW-Madison/RA/linien/gateware/build/imports/UW-Madison/RA/linien/gateware/verilog/processing_system7_v5_4_processing_system7.v:1049]
WARNING: [Synth 8-3848] Net ENET0_GMII_RXD_i in module/entity processing_system7_v5_4_processing_system7 does not have driver. [C:/UW-Madison/RA/linien/gateware/build/imports/UW-Madison/RA/linien/gateware/verilog/processing_system7_v5_4_processing_system7.v:1052]
WARNING: [Synth 8-3848] Net ENET0_GMII_RX_DV_i in module/entity processing_system7_v5_4_processing_system7 does not have driver. [C:/UW-Madison/RA/linien/gateware/build/imports/UW-Madison/RA/linien/gateware/verilog/processing_system7_v5_4_processing_system7.v:1050]
WARNING: [Synth 8-3848] Net ENET0_GMII_RX_ER_i in module/entity processing_system7_v5_4_processing_system7 does not have driver. [C:/UW-Madison/RA/linien/gateware/build/imports/UW-Madison/RA/linien/gateware/verilog/processing_system7_v5_4_processing_system7.v:1051]
WARNING: [Synth 8-3848] Net ENET1_GMII_COL_i in module/entity processing_system7_v5_4_processing_system7 does not have driver. [C:/UW-Madison/RA/linien/gateware/build/imports/UW-Madison/RA/linien/gateware/verilog/processing_system7_v5_4_processing_system7.v:1057]
WARNING: [Synth 8-3848] Net ENET1_GMII_CRS_i in module/entity processing_system7_v5_4_processing_system7 does not have driver. [C:/UW-Madison/RA/linien/gateware/build/imports/UW-Madison/RA/linien/gateware/verilog/processing_system7_v5_4_processing_system7.v:1058]
WARNING: [Synth 8-3848] Net ENET1_GMII_RXD_i in module/entity processing_system7_v5_4_processing_system7 does not have driver. [C:/UW-Madison/RA/linien/gateware/build/imports/UW-Madison/RA/linien/gateware/verilog/processing_system7_v5_4_processing_system7.v:1061]
WARNING: [Synth 8-3848] Net ENET1_GMII_RX_DV_i in module/entity processing_system7_v5_4_processing_system7 does not have driver. [C:/UW-Madison/RA/linien/gateware/build/imports/UW-Madison/RA/linien/gateware/verilog/processing_system7_v5_4_processing_system7.v:1059]
WARNING: [Synth 8-3848] Net ENET1_GMII_RX_ER_i in module/entity processing_system7_v5_4_processing_system7 does not have driver. [C:/UW-Madison/RA/linien/gateware/build/imports/UW-Madison/RA/linien/gateware/verilog/processing_system7_v5_4_processing_system7.v:1060]
WARNING: [Synth 8-3848] Net FTMD_TRACEIN_ATID_i in module/entity processing_system7_v5_4_processing_system7 does not have driver. [C:/UW-Madison/RA/linien/gateware/build/imports/UW-Madison/RA/linien/gateware/verilog/processing_system7_v5_4_processing_system7.v:1070]
WARNING: [Synth 8-3848] Net FTMD_TRACEIN_DATA_i in module/entity processing_system7_v5_4_processing_system7 does not have driver. [C:/UW-Madison/RA/linien/gateware/build/imports/UW-Madison/RA/linien/gateware/verilog/processing_system7_v5_4_processing_system7.v:1068]
WARNING: [Synth 8-3848] Net FTMD_TRACEIN_VALID_i in module/entity processing_system7_v5_4_processing_system7 does not have driver. [C:/UW-Madison/RA/linien/gateware/build/imports/UW-Madison/RA/linien/gateware/verilog/processing_system7_v5_4_processing_system7.v:1069]
WARNING: [Synth 8-6014] Unused sequential element b_reg was removed.  [C:/UW-Madison/RA/linien/gateware/build/imports/UW-Madison/RA/linien/src/chirp_gen.sv:28]
WARNING: [Synth 8-6014] Unused sequential element active_ff_reg was removed.  [C:/UW-Madison/RA/linien/gateware/build/imports/UW-Madison/RA/linien/src/sinusoid.sv:105]
WARNING: [Synth 8-3848] Net block_drive[4] in module/entity sequence_top does not have driver. [C:/UW-Madison/RA/linien/gateware/build/imports/UW-Madison/RA/linien/src/sequence_top.sv:74]
WARNING: [Synth 8-6014] Unused sequential element adc_b_raddr_reg was removed.  [C:/UW-Madison/RA/linien/gateware/build/imports/UW-Madison/RA/linien/gateware/verilog/red_pitaya_scope.v:321]
WARNING: [Synth 8-6014] Unused sequential element adc_a_q_raddr_reg was removed.  [C:/UW-Madison/RA/linien/gateware/build/imports/UW-Madison/RA/linien/gateware/verilog/red_pitaya_scope.v:322]
WARNING: [Synth 8-6014] Unused sequential element adc_b_q_raddr_reg was removed.  [C:/UW-Madison/RA/linien/gateware/build/imports/UW-Madison/RA/linien/gateware/verilog/red_pitaya_scope.v:323]
WARNING: [Synth 8-6014] Unused sequential element linienmodule_slowchain_limitcsr_error_reg was removed.  [C:/UW-Madison/RA/linien/gateware/build/top.v:7149]
WARNING: [Synth 8-6014] Unused sequential element linienmodule_mod_cordic_y15_reg was removed.  [C:/UW-Madison/RA/linien/gateware/build/top.v:3561]
WARNING: [Synth 8-6014] Unused sequential element linienmodule_mod_cordic_z15_reg was removed.  [C:/UW-Madison/RA/linien/gateware/build/top.v:3562]
WARNING: [Synth 8-6014] Unused sequential element linienmodule_limit_error_signal_limitcsr_error_reg was removed.  [C:/UW-Madison/RA/linien/gateware/build/top.v:7267]
WARNING: [Synth 8-6014] Unused sequential element linienmodule_limit_fast1_limitcsr_error_reg was removed.  [C:/UW-Madison/RA/linien/gateware/build/top.v:7271]
WARNING: [Synth 8-6014] Unused sequential element linienmodule_limit_fast2_limitcsr_error_reg was removed.  [C:/UW-Madison/RA/linien/gateware/build/top.v:7275]
WARNING: [Synth 8-6014] Unused sequential element linienmodule_raw_acquisition_iir_error_reg was removed.  [C:/UW-Madison/RA/linien/gateware/build/top.v:7339]
WARNING: [Synth 8-6014] Unused sequential element linienmodule_fast_a_z15_reg was removed.  [C:/UW-Madison/RA/linien/gateware/build/top.v:3985]
WARNING: [Synth 8-6014] Unused sequential element linienmodule_fast_a_limitcsr0_limitcsr0_error0_reg was removed.  [C:/UW-Madison/RA/linien/gateware/build/top.v:7473]
WARNING: [Synth 8-6014] Unused sequential element linienmodule_fast_a_iir0_error0_reg was removed.  [C:/UW-Madison/RA/linien/gateware/build/top.v:7478]
WARNING: [Synth 8-6014] Unused sequential element linienmodule_fast_a_iir0_error1_reg was removed.  [C:/UW-Madison/RA/linien/gateware/build/top.v:7496]
WARNING: [Synth 8-6014] Unused sequential element linienmodule_fast_a_limitcsr0_limitcsr0_error1_reg was removed.  [C:/UW-Madison/RA/linien/gateware/build/top.v:7513]
WARNING: [Synth 8-6014] Unused sequential element linienmodule_fast_a_limitcsr1_limitcsr1_error0_reg was removed.  [C:/UW-Madison/RA/linien/gateware/build/top.v:7517]
WARNING: [Synth 8-6014] Unused sequential element linienmodule_fast_a_iir1_error0_reg was removed.  [C:/UW-Madison/RA/linien/gateware/build/top.v:7522]
WARNING: [Synth 8-6014] Unused sequential element linienmodule_fast_a_iir1_error1_reg was removed.  [C:/UW-Madison/RA/linien/gateware/build/top.v:7540]
WARNING: [Synth 8-6014] Unused sequential element linienmodule_fast_a_limitcsr1_limitcsr1_error1_reg was removed.  [C:/UW-Madison/RA/linien/gateware/build/top.v:7557]
WARNING: [Synth 8-6014] Unused sequential element linienmodule_fast_b_z15_reg was removed.  [C:/UW-Madison/RA/linien/gateware/build/top.v:4234]
WARNING: [Synth 8-6014] Unused sequential element linienmodule_fast_b_limitcsr0_limitcsr0_error0_reg was removed.  [C:/UW-Madison/RA/linien/gateware/build/top.v:7627]
WARNING: [Synth 8-6014] Unused sequential element linienmodule_fast_b_iir0_error0_reg was removed.  [C:/UW-Madison/RA/linien/gateware/build/top.v:7632]
WARNING: [Synth 8-6014] Unused sequential element linienmodule_fast_b_iir0_error1_reg was removed.  [C:/UW-Madison/RA/linien/gateware/build/top.v:7650]
WARNING: [Synth 8-6014] Unused sequential element linienmodule_fast_b_limitcsr0_limitcsr0_error1_reg was removed.  [C:/UW-Madison/RA/linien/gateware/build/top.v:7667]
WARNING: [Synth 8-6014] Unused sequential element linienmodule_fast_b_limitcsr1_limitcsr1_error0_reg was removed.  [C:/UW-Madison/RA/linien/gateware/build/top.v:7671]
WARNING: [Synth 8-6014] Unused sequential element linienmodule_fast_b_iir1_error0_reg was removed.  [C:/UW-Madison/RA/linien/gateware/build/top.v:7676]
WARNING: [Synth 8-6014] Unused sequential element linienmodule_fast_b_iir1_error1_reg was removed.  [C:/UW-Madison/RA/linien/gateware/build/top.v:7694]
WARNING: [Synth 8-6014] Unused sequential element linienmodule_fast_b_limitcsr1_limitcsr1_error1_reg was removed.  [C:/UW-Madison/RA/linien/gateware/build/top.v:7711]
WARNING: [Synth 8-6014] Unused sequential element linienmodule_fast_a_y_tap_re_reg was removed.  [C:/UW-Madison/RA/linien/gateware/build/top.v:8215]
WARNING: [Synth 8-6014] Unused sequential element linienmodule_fast_a_invert_re_reg was removed.  [C:/UW-Madison/RA/linien/gateware/build/top.v:8219]
WARNING: [Synth 8-6014] Unused sequential element linienmodule_fast_a_delay_re_reg was removed.  [C:/UW-Madison/RA/linien/gateware/build/top.v:8232]
WARNING: [Synth 8-6014] Unused sequential element linienmodule_fast_a_multiplier_re_reg was removed.  [C:/UW-Madison/RA/linien/gateware/build/top.v:8236]
WARNING: [Synth 8-6014] Unused sequential element linienmodule_fast_a_limitcsr0_min_re0_reg was removed.  [C:/UW-Madison/RA/linien/gateware/build/top.v:8249]
WARNING: [Synth 8-6014] Unused sequential element linienmodule_fast_a_limitcsr0_max_re0_reg was removed.  [C:/UW-Madison/RA/linien/gateware/build/top.v:8262]
WARNING: [Synth 8-6014] Unused sequential element linienmodule_fast_a_iir0_re0_reg was removed.  [C:/UW-Madison/RA/linien/gateware/build/top.v:8275]
WARNING: [Synth 8-6014] Unused sequential element linienmodule_fast_a_iir0_csrstorage0_re0_reg was removed.  [C:/UW-Madison/RA/linien/gateware/build/top.v:8288]
WARNING: [Synth 8-6014] Unused sequential element linienmodule_fast_a_iir0_csrstorage1_re0_reg was removed.  [C:/UW-Madison/RA/linien/gateware/build/top.v:8301]
WARNING: [Synth 8-6014] Unused sequential element linienmodule_fast_a_iir0_csrstorage2_re0_reg was removed.  [C:/UW-Madison/RA/linien/gateware/build/top.v:8314]
WARNING: [Synth 8-6014] Unused sequential element linienmodule_fast_a_iir0_re1_reg was removed.  [C:/UW-Madison/RA/linien/gateware/build/top.v:8327]
WARNING: [Synth 8-6014] Unused sequential element linienmodule_fast_a_iir0_csrstorage0_re1_reg was removed.  [C:/UW-Madison/RA/linien/gateware/build/top.v:8340]
WARNING: [Synth 8-6014] Unused sequential element linienmodule_fast_a_iir0_csrstorage1_re1_reg was removed.  [C:/UW-Madison/RA/linien/gateware/build/top.v:8353]
WARNING: [Synth 8-6014] Unused sequential element linienmodule_fast_a_iir0_csrstorage2_re1_reg was removed.  [C:/UW-Madison/RA/linien/gateware/build/top.v:8366]
WARNING: [Synth 8-6014] Unused sequential element linienmodule_fast_a_iir0_csrstorage3_re_reg was removed.  [C:/UW-Madison/RA/linien/gateware/build/top.v:8379]
WARNING: [Synth 8-6014] Unused sequential element linienmodule_fast_a_iir0_csrstorage4_re_reg was removed.  [C:/UW-Madison/RA/linien/gateware/build/top.v:8392]
WARNING: [Synth 8-6014] Unused sequential element linienmodule_fast_a_limitcsr0_min_re1_reg was removed.  [C:/UW-Madison/RA/linien/gateware/build/top.v:8405]
WARNING: [Synth 8-6014] Unused sequential element linienmodule_fast_a_limitcsr0_max_re1_reg was removed.  [C:/UW-Madison/RA/linien/gateware/build/top.v:8418]
WARNING: [Synth 8-6014] Unused sequential element linienmodule_fast_a_limitcsr1_min_re0_reg was removed.  [C:/UW-Madison/RA/linien/gateware/build/top.v:8431]
WARNING: [Synth 8-6014] Unused sequential element linienmodule_fast_a_limitcsr1_max_re0_reg was removed.  [C:/UW-Madison/RA/linien/gateware/build/top.v:8444]
WARNING: [Synth 8-6014] Unused sequential element linienmodule_fast_a_iir1_re0_reg was removed.  [C:/UW-Madison/RA/linien/gateware/build/top.v:8457]
WARNING: [Synth 8-6014] Unused sequential element linienmodule_fast_a_iir1_csrstorage3_re_reg was removed.  [C:/UW-Madison/RA/linien/gateware/build/top.v:8470]
WARNING: [Synth 8-6014] Unused sequential element linienmodule_fast_a_iir1_csrstorage4_re_reg was removed.  [C:/UW-Madison/RA/linien/gateware/build/top.v:8483]
WARNING: [Synth 8-6014] Unused sequential element linienmodule_fast_a_iir1_csrstorage5_re0_reg was removed.  [C:/UW-Madison/RA/linien/gateware/build/top.v:8496]
WARNING: [Synth 8-6014] Unused sequential element linienmodule_fast_a_iir1_re1_reg was removed.  [C:/UW-Madison/RA/linien/gateware/build/top.v:8509]
WARNING: [Synth 8-6014] Unused sequential element linienmodule_fast_a_iir1_csrstorage5_re1_reg was removed.  [C:/UW-Madison/RA/linien/gateware/build/top.v:8522]
WARNING: [Synth 8-6014] Unused sequential element linienmodule_fast_a_iir1_csrstorage6_re_reg was removed.  [C:/UW-Madison/RA/linien/gateware/build/top.v:8535]
WARNING: [Synth 8-6014] Unused sequential element linienmodule_fast_a_iir1_csrstorage7_re_reg was removed.  [C:/UW-Madison/RA/linien/gateware/build/top.v:8548]
WARNING: [Synth 8-6014] Unused sequential element linienmodule_fast_a_iir1_csrstorage8_re_reg was removed.  [C:/UW-Madison/RA/linien/gateware/build/top.v:8561]
WARNING: [Synth 8-6014] Unused sequential element linienmodule_fast_a_iir1_csrstorage9_re_reg was removed.  [C:/UW-Madison/RA/linien/gateware/build/top.v:8574]
WARNING: [Synth 8-6014] Unused sequential element linienmodule_fast_a_limitcsr1_min_re1_reg was removed.  [C:/UW-Madison/RA/linien/gateware/build/top.v:8587]
WARNING: [Synth 8-6014] Unused sequential element linienmodule_fast_a_limitcsr1_max_re1_reg was removed.  [C:/UW-Madison/RA/linien/gateware/build/top.v:8600]
WARNING: [Synth 8-6014] Unused sequential element linienmodule_csrstorage8_re_reg was removed.  [C:/UW-Madison/RA/linien/gateware/build/top.v:8604]
WARNING: [Synth 8-6014] Unused sequential element linienmodule_csrstorage9_re_reg was removed.  [C:/UW-Madison/RA/linien/gateware/build/top.v:8608]
WARNING: [Synth 8-6014] Unused sequential element linienmodule_fast_b_y_tap_re_reg was removed.  [C:/UW-Madison/RA/linien/gateware/build/top.v:9061]
WARNING: [Synth 8-6014] Unused sequential element linienmodule_fast_b_invert_re_reg was removed.  [C:/UW-Madison/RA/linien/gateware/build/top.v:9065]
WARNING: [Synth 8-6014] Unused sequential element linienmodule_fast_b_delay_re_reg was removed.  [C:/UW-Madison/RA/linien/gateware/build/top.v:9078]
WARNING: [Synth 8-6014] Unused sequential element linienmodule_fast_b_multiplier_re_reg was removed.  [C:/UW-Madison/RA/linien/gateware/build/top.v:9082]
WARNING: [Synth 8-6014] Unused sequential element linienmodule_fast_b_limitcsr0_min_re0_reg was removed.  [C:/UW-Madison/RA/linien/gateware/build/top.v:9095]
WARNING: [Synth 8-6014] Unused sequential element linienmodule_fast_b_limitcsr0_max_re0_reg was removed.  [C:/UW-Madison/RA/linien/gateware/build/top.v:9108]
WARNING: [Synth 8-6014] Unused sequential element linienmodule_fast_b_iir0_re0_reg was removed.  [C:/UW-Madison/RA/linien/gateware/build/top.v:9121]
WARNING: [Synth 8-6014] Unused sequential element linienmodule_fast_b_iir0_csrstorage0_re0_reg was removed.  [C:/UW-Madison/RA/linien/gateware/build/top.v:9134]
WARNING: [Synth 8-6014] Unused sequential element linienmodule_fast_b_iir0_csrstorage1_re0_reg was removed.  [C:/UW-Madison/RA/linien/gateware/build/top.v:9147]
WARNING: [Synth 8-6014] Unused sequential element linienmodule_fast_b_iir0_csrstorage2_re0_reg was removed.  [C:/UW-Madison/RA/linien/gateware/build/top.v:9160]
WARNING: [Synth 8-6014] Unused sequential element linienmodule_fast_b_iir0_re1_reg was removed.  [C:/UW-Madison/RA/linien/gateware/build/top.v:9173]
WARNING: [Synth 8-6014] Unused sequential element linienmodule_fast_b_iir0_csrstorage0_re1_reg was removed.  [C:/UW-Madison/RA/linien/gateware/build/top.v:9186]
WARNING: [Synth 8-6014] Unused sequential element linienmodule_fast_b_iir0_csrstorage1_re1_reg was removed.  [C:/UW-Madison/RA/linien/gateware/build/top.v:9199]
WARNING: [Synth 8-6014] Unused sequential element linienmodule_fast_b_iir0_csrstorage2_re1_reg was removed.  [C:/UW-Madison/RA/linien/gateware/build/top.v:9212]
WARNING: [Synth 8-6014] Unused sequential element linienmodule_fast_b_iir0_csrstorage3_re_reg was removed.  [C:/UW-Madison/RA/linien/gateware/build/top.v:9225]
WARNING: [Synth 8-6014] Unused sequential element linienmodule_fast_b_iir0_csrstorage4_re_reg was removed.  [C:/UW-Madison/RA/linien/gateware/build/top.v:9238]
WARNING: [Synth 8-6014] Unused sequential element linienmodule_fast_b_limitcsr0_min_re1_reg was removed.  [C:/UW-Madison/RA/linien/gateware/build/top.v:9251]
WARNING: [Synth 8-6014] Unused sequential element linienmodule_fast_b_limitcsr0_max_re1_reg was removed.  [C:/UW-Madison/RA/linien/gateware/build/top.v:9264]
WARNING: [Synth 8-6014] Unused sequential element linienmodule_fast_b_limitcsr1_min_re0_reg was removed.  [C:/UW-Madison/RA/linien/gateware/build/top.v:9277]
WARNING: [Synth 8-6014] Unused sequential element linienmodule_fast_b_limitcsr1_max_re0_reg was removed.  [C:/UW-Madison/RA/linien/gateware/build/top.v:9290]
WARNING: [Synth 8-6014] Unused sequential element linienmodule_fast_b_iir1_re0_reg was removed.  [C:/UW-Madison/RA/linien/gateware/build/top.v:9303]
WARNING: [Synth 8-6014] Unused sequential element linienmodule_fast_b_iir1_csrstorage3_re_reg was removed.  [C:/UW-Madison/RA/linien/gateware/build/top.v:9316]
WARNING: [Synth 8-6014] Unused sequential element linienmodule_fast_b_iir1_csrstorage4_re_reg was removed.  [C:/UW-Madison/RA/linien/gateware/build/top.v:9329]
WARNING: [Synth 8-6014] Unused sequential element linienmodule_fast_b_iir1_csrstorage5_re0_reg was removed.  [C:/UW-Madison/RA/linien/gateware/build/top.v:9342]
WARNING: [Synth 8-6014] Unused sequential element linienmodule_fast_b_iir1_re1_reg was removed.  [C:/UW-Madison/RA/linien/gateware/build/top.v:9355]
WARNING: [Synth 8-6014] Unused sequential element linienmodule_fast_b_iir1_csrstorage5_re1_reg was removed.  [C:/UW-Madison/RA/linien/gateware/build/top.v:9368]
WARNING: [Synth 8-6014] Unused sequential element linienmodule_fast_b_iir1_csrstorage6_re_reg was removed.  [C:/UW-Madison/RA/linien/gateware/build/top.v:9381]
WARNING: [Synth 8-6014] Unused sequential element linienmodule_fast_b_iir1_csrstorage7_re_reg was removed.  [C:/UW-Madison/RA/linien/gateware/build/top.v:9394]
WARNING: [Synth 8-6014] Unused sequential element linienmodule_fast_b_iir1_csrstorage8_re_reg was removed.  [C:/UW-Madison/RA/linien/gateware/build/top.v:9407]
WARNING: [Synth 8-6014] Unused sequential element linienmodule_fast_b_iir1_csrstorage9_re_reg was removed.  [C:/UW-Madison/RA/linien/gateware/build/top.v:9420]
WARNING: [Synth 8-6014] Unused sequential element linienmodule_fast_b_limitcsr1_min_re1_reg was removed.  [C:/UW-Madison/RA/linien/gateware/build/top.v:9433]
WARNING: [Synth 8-6014] Unused sequential element linienmodule_fast_b_limitcsr1_max_re1_reg was removed.  [C:/UW-Madison/RA/linien/gateware/build/top.v:9446]
WARNING: [Synth 8-6014] Unused sequential element linienmodule_csrstorage10_re_reg was removed.  [C:/UW-Madison/RA/linien/gateware/build/top.v:9450]
WARNING: [Synth 8-6014] Unused sequential element linienmodule_csrstorage11_re_reg was removed.  [C:/UW-Madison/RA/linien/gateware/build/top.v:9454]
INFO: [Common 17-14] Message 'Synth 8-6014' appears 100 times and further instances of the messages will be disabled. Use the Tcl command set_msg_config to change the current settings.
WARNING: [Synth 8-3917] design top has port adc_clk[1] driven by constant 1
WARNING: [Synth 8-3917] design top has port adc_clk[0] driven by constant 0
WARNING: [Synth 8-3917] design top has port adc_cdcs driven by constant 1
WARNING: [Synth 8-3917] design top has port user_led_6 driven by constant 0
WARNING: [Synth 8-3917] design top has port user_led_7 driven by constant 0
WARNING: [Synth 8-7129] Port sys_sel_i[3] in module bus_clk_bridge is either unconnected or has no load
WARNING: [Synth 8-7129] Port sys_sel_i[2] in module bus_clk_bridge is either unconnected or has no load
WARNING: [Synth 8-7129] Port sys_sel_i[1] in module bus_clk_bridge is either unconnected or has no load
WARNING: [Synth 8-7129] Port sys_sel_i[0] in module bus_clk_bridge is either unconnected or has no load
WARNING: [Synth 8-7129] Port i_param_data[31] in module direct_jump is either unconnected or has no load
WARNING: [Synth 8-7129] Port i_param_data[30] in module direct_jump is either unconnected or has no load
WARNING: [Synth 8-7129] Port i_param_data[29] in module direct_jump is either unconnected or has no load
WARNING: [Synth 8-7129] Port i_param_data[28] in module direct_jump is either unconnected or has no load
WARNING: [Synth 8-7129] Port i_param_data[27] in module direct_jump is either unconnected or has no load
WARNING: [Synth 8-7129] Port i_param_data[26] in module direct_jump is either unconnected or has no load
WARNING: [Synth 8-7129] Port i_param_data[25] in module direct_jump is either unconnected or has no load
WARNING: [Synth 8-7129] Port i_param_data[24] in module direct_jump is either unconnected or has no load
WARNING: [Synth 8-7129] Port i_param_data[23] in module direct_jump is either unconnected or has no load
WARNING: [Synth 8-7129] Port i_param_data[22] in module direct_jump is either unconnected or has no load
WARNING: [Synth 8-7129] Port i_param_data[21] in module direct_jump is either unconnected or has no load
WARNING: [Synth 8-7129] Port i_param_data[20] in module direct_jump is either unconnected or has no load
WARNING: [Synth 8-7129] Port i_param_data[19] in module direct_jump is either unconnected or has no load
WARNING: [Synth 8-7129] Port i_param_data[18] in module direct_jump is either unconnected or has no load
WARNING: [Synth 8-7129] Port i_param_data[17] in module direct_jump is either unconnected or has no load
WARNING: [Synth 8-7129] Port i_param_data[16] in module direct_jump is either unconnected or has no load
WARNING: [Synth 8-7129] Port i_param_data[15] in module direct_jump is either unconnected or has no load
WARNING: [Synth 8-7129] Port i_param_data[14] in module direct_jump is either unconnected or has no load
WARNING: [Synth 8-7129] Port i_param_data[31] in module delay is either unconnected or has no load
WARNING: [Synth 8-7129] Port i_param_data[30] in module delay is either unconnected or has no load
WARNING: [Synth 8-7129] Port i_param_data[29] in module delay is either unconnected or has no load
WARNING: [Synth 8-7129] Port i_param_data[28] in module delay is either unconnected or has no load
WARNING: [Synth 8-7129] Port i_param_data[27] in module delay is either unconnected or has no load
WARNING: [Synth 8-7129] Port i_param_data[26] in module delay is either unconnected or has no load
WARNING: [Synth 8-7129] Port i_param_data[25] in module delay is either unconnected or has no load
WARNING: [Synth 8-7129] Port i_param_data[24] in module delay is either unconnected or has no load
WARNING: [Synth 8-7129] Port i_param_data[23] in module delay is either unconnected or has no load
WARNING: [Synth 8-7129] Port i_param_data[22] in module delay is either unconnected or has no load
WARNING: [Synth 8-7129] Port i_param_data[21] in module delay is either unconnected or has no load
WARNING: [Synth 8-7129] Port i_param_data[20] in module delay is either unconnected or has no load
WARNING: [Synth 8-7129] Port i_param_data[19] in module delay is either unconnected or has no load
WARNING: [Synth 8-7129] Port i_param_data[18] in module delay is either unconnected or has no load
WARNING: [Synth 8-7129] Port i_param_data[17] in module delay is either unconnected or has no load
WARNING: [Synth 8-7129] Port i_param_data[16] in module delay is either unconnected or has no load
WARNING: [Synth 8-7129] Port i_param_data[15] in module delay is either unconnected or has no load
WARNING: [Synth 8-7129] Port i_param_data[14] in module delay is either unconnected or has no load
WARNING: [Synth 8-7129] Port ENET0_GMII_TX_EN in module processing_system7_v5_4_processing_system7 is either unconnected or has no load
WARNING: [Synth 8-7129] Port ENET0_GMII_TX_ER in module processing_system7_v5_4_processing_system7 is either unconnected or has no load
WARNING: [Synth 8-7129] Port ENET0_GMII_TXD[7] in module processing_system7_v5_4_processing_system7 is either unconnected or has no load
WARNING: [Synth 8-7129] Port ENET0_GMII_TXD[6] in module processing_system7_v5_4_processing_system7 is either unconnected or has no load
WARNING: [Synth 8-7129] Port ENET0_GMII_TXD[5] in module processing_system7_v5_4_processing_system7 is either unconnected or has no load
WARNING: [Synth 8-7129] Port ENET0_GMII_TXD[4] in module processing_system7_v5_4_processing_system7 is either unconnected or has no load
WARNING: [Synth 8-7129] Port ENET0_GMII_TXD[3] in module processing_system7_v5_4_processing_system7 is either unconnected or has no load
WARNING: [Synth 8-7129] Port ENET0_GMII_TXD[2] in module processing_system7_v5_4_processing_system7 is either unconnected or has no load
WARNING: [Synth 8-7129] Port ENET0_GMII_TXD[1] in module processing_system7_v5_4_processing_system7 is either unconnected or has no load
WARNING: [Synth 8-7129] Port ENET0_GMII_TXD[0] in module processing_system7_v5_4_processing_system7 is either unconnected or has no load
WARNING: [Synth 8-7129] Port ENET1_GMII_TX_EN in module processing_system7_v5_4_processing_system7 is either unconnected or has no load
WARNING: [Synth 8-7129] Port ENET1_GMII_TX_ER in module processing_system7_v5_4_processing_system7 is either unconnected or has no load
WARNING: [Synth 8-7129] Port ENET1_GMII_TXD[7] in module processing_system7_v5_4_processing_system7 is either unconnected or has no load
WARNING: [Synth 8-7129] Port ENET1_GMII_TXD[6] in module processing_system7_v5_4_processing_system7 is either unconnected or has no load
WARNING: [Synth 8-7129] Port ENET1_GMII_TXD[5] in module processing_system7_v5_4_processing_system7 is either unconnected or has no load
WARNING: [Synth 8-7129] Port ENET1_GMII_TXD[4] in module processing_system7_v5_4_processing_system7 is either unconnected or has no load
WARNING: [Synth 8-7129] Port ENET1_GMII_TXD[3] in module processing_system7_v5_4_processing_system7 is either unconnected or has no load
WARNING: [Synth 8-7129] Port ENET1_GMII_TXD[2] in module processing_system7_v5_4_processing_system7 is either unconnected or has no load
WARNING: [Synth 8-7129] Port ENET1_GMII_TXD[1] in module processing_system7_v5_4_processing_system7 is either unconnected or has no load
WARNING: [Synth 8-7129] Port ENET1_GMII_TXD[0] in module processing_system7_v5_4_processing_system7 is either unconnected or has no load
WARNING: [Synth 8-7129] Port TRACE_CTL in module processing_system7_v5_4_processing_system7 is either unconnected or has no load
WARNING: [Synth 8-7129] Port TRACE_DATA[31] in module processing_system7_v5_4_processing_system7 is either unconnected or has no load
WARNING: [Synth 8-7129] Port TRACE_DATA[30] in module processing_system7_v5_4_processing_system7 is either unconnected or has no load
WARNING: [Synth 8-7129] Port TRACE_DATA[29] in module processing_system7_v5_4_processing_system7 is either unconnected or has no load
WARNING: [Synth 8-7129] Port TRACE_DATA[28] in module processing_system7_v5_4_processing_system7 is either unconnected or has no load
WARNING: [Synth 8-7129] Port TRACE_DATA[27] in module processing_system7_v5_4_processing_system7 is either unconnected or has no load
WARNING: [Synth 8-7129] Port TRACE_DATA[26] in module processing_system7_v5_4_processing_system7 is either unconnected or has no load
WARNING: [Synth 8-7129] Port TRACE_DATA[25] in module processing_system7_v5_4_processing_system7 is either unconnected or has no load
WARNING: [Synth 8-7129] Port TRACE_DATA[24] in module processing_system7_v5_4_processing_system7 is either unconnected or has no load
WARNING: [Synth 8-7129] Port TRACE_DATA[23] in module processing_system7_v5_4_processing_system7 is either unconnected or has no load
WARNING: [Synth 8-7129] Port TRACE_DATA[22] in module processing_system7_v5_4_processing_system7 is either unconnected or has no load
WARNING: [Synth 8-7129] Port TRACE_DATA[21] in module processing_system7_v5_4_processing_system7 is either unconnected or has no load
WARNING: [Synth 8-7129] Port TRACE_DATA[20] in module processing_system7_v5_4_processing_system7 is either unconnected or has no load
WARNING: [Synth 8-7129] Port TRACE_DATA[19] in module processing_system7_v5_4_processing_system7 is either unconnected or has no load
WARNING: [Synth 8-7129] Port TRACE_DATA[18] in module processing_system7_v5_4_processing_system7 is either unconnected or has no load
WARNING: [Synth 8-7129] Port TRACE_DATA[17] in module processing_system7_v5_4_processing_system7 is either unconnected or has no load
WARNING: [Synth 8-7129] Port TRACE_DATA[16] in module processing_system7_v5_4_processing_system7 is either unconnected or has no load
WARNING: [Synth 8-7129] Port TRACE_DATA[15] in module processing_system7_v5_4_processing_system7 is either unconnected or has no load
WARNING: [Synth 8-7129] Port TRACE_DATA[14] in module processing_system7_v5_4_processing_system7 is either unconnected or has no load
WARNING: [Synth 8-7129] Port TRACE_DATA[13] in module processing_system7_v5_4_processing_system7 is either unconnected or has no load
WARNING: [Synth 8-7129] Port TRACE_DATA[12] in module processing_system7_v5_4_processing_system7 is either unconnected or has no load
WARNING: [Synth 8-7129] Port TRACE_DATA[11] in module processing_system7_v5_4_processing_system7 is either unconnected or has no load
WARNING: [Synth 8-7129] Port TRACE_DATA[10] in module processing_system7_v5_4_processing_system7 is either unconnected or has no load
WARNING: [Synth 8-7129] Port TRACE_DATA[9] in module processing_system7_v5_4_processing_system7 is either unconnected or has no load
WARNING: [Synth 8-7129] Port TRACE_DATA[8] in module processing_system7_v5_4_processing_system7 is either unconnected or has no load
WARNING: [Synth 8-7129] Port TRACE_DATA[7] in module processing_system7_v5_4_processing_system7 is either unconnected or has no load
WARNING: [Synth 8-7129] Port TRACE_DATA[6] in module processing_system7_v5_4_processing_system7 is either unconnected or has no load
WARNING: [Synth 8-7129] Port TRACE_DATA[5] in module processing_system7_v5_4_processing_system7 is either unconnected or has no load
WARNING: [Synth 8-7129] Port TRACE_DATA[4] in module processing_system7_v5_4_processing_system7 is either unconnected or has no load
WARNING: [Synth 8-7129] Port TRACE_DATA[3] in module processing_system7_v5_4_processing_system7 is either unconnected or has no load
WARNING: [Synth 8-7129] Port TRACE_DATA[2] in module processing_system7_v5_4_processing_system7 is either unconnected or has no load
WARNING: [Synth 8-7129] Port TRACE_DATA[1] in module processing_system7_v5_4_processing_system7 is either unconnected or has no load
WARNING: [Synth 8-7129] Port TRACE_DATA[0] in module processing_system7_v5_4_processing_system7 is either unconnected or has no load
WARNING: [Synth 8-7129] Port TRACE_CLK_OUT in module processing_system7_v5_4_processing_system7 is either unconnected or has no load
WARNING: [Synth 8-7129] Port ENET0_GMII_COL in module processing_system7_v5_4_processing_system7 is either unconnected or has no load
WARNING: [Synth 8-7129] Port ENET0_GMII_CRS in module processing_system7_v5_4_processing_system7 is either unconnected or has no load
WARNING: [Synth 8-7129] Port ENET0_GMII_RX_DV in module processing_system7_v5_4_processing_system7 is either unconnected or has no load
WARNING: [Synth 8-7129] Port ENET0_GMII_RX_ER in module processing_system7_v5_4_processing_system7 is either unconnected or has no load
WARNING: [Synth 8-7129] Port ENET0_GMII_RXD[7] in module processing_system7_v5_4_processing_system7 is either unconnected or has no load
WARNING: [Synth 8-7129] Port ENET0_GMII_RXD[6] in module processing_system7_v5_4_processing_system7 is either unconnected or has no load
INFO: [Common 17-14] Message 'Synth 8-7129' appears 100 times and further instances of the messages will be disabled. Use the Tcl command set_msg_config to change the current settings.
---------------------------------------------------------------------------------
Finished RTL Elaboration : Time (s): cpu = 00:00:08 ; elapsed = 00:00:09 . Memory (MB): peak = 1524.086 ; gain = 777.000
---------------------------------------------------------------------------------
---------------------------------------------------------------------------------
Start Handling Custom Attributes
---------------------------------------------------------------------------------
---------------------------------------------------------------------------------
Finished Handling Custom Attributes : Time (s): cpu = 00:00:08 ; elapsed = 00:00:10 . Memory (MB): peak = 1524.086 ; gain = 777.000
---------------------------------------------------------------------------------
---------------------------------------------------------------------------------
Finished RTL Optimization Phase 1 : Time (s): cpu = 00:00:08 ; elapsed = 00:00:10 . Memory (MB): peak = 1524.086 ; gain = 777.000
---------------------------------------------------------------------------------
Netlist sorting complete. Time (s): cpu = 00:00:00 ; elapsed = 00:00:00.277 . Memory (MB): peak = 1524.086 ; gain = 0.000
WARNING: [Netlist 29-345] The value of SIM_DEVICE on instance 'XADC' of type 'XADC' is '7SERIES'; it is being changed to match the current FPGA architecture, 'ZYNQ'. For functional simulation to match hardware behavior, the value of SIM_DEVICE should be changed in the source netlist. 
INFO: [Netlist 29-17] Analyzing 21 Unisim elements for replacement
INFO: [Netlist 29-28] Unisim Transformation completed in 0 CPU seconds
INFO: [Project 1-570] Preparing netlist for logic optimization

Processing XDC Constraints
Initializing timing engine
Parsing XDC File [C:/UW-Madison/RA/linien/gateware/build/top.xdc]
WARNING: [Vivado 12-627] No clocks matched 'clk125_p'. [C:/UW-Madison/RA/linien/gateware/build/top.xdc:368]
INFO: [Vivado 12-626] No clocks found. Please use 'create_clock' or 'create_generated_clock' command to create clocks. [C:/UW-Madison/RA/linien/gateware/build/top.xdc:368]
WARNING: [Vivado 12-627] No clocks matched 'clk_fpga_0'. [C:/UW-Madison/RA/linien/gateware/build/top.xdc:368]
INFO: [Vivado 12-626] No clocks found. Please use 'create_clock' or 'create_generated_clock' command to create clocks. [C:/UW-Madison/RA/linien/gateware/build/top.xdc:368]
CRITICAL WARNING: [Vivado 12-4739] set_clock_groups:No valid object(s) found for '-group [get_clocks -include_generated_clocks clk125_p]'. [C:/UW-Madison/RA/linien/gateware/build/top.xdc:368]
Resolution: Check if the specified object(s) exists in the current design. If it does, ensure that the correct design hierarchy was specified for the object. If you are working with clocks, make sure create_clock was used to create the clock object before it is referenced.
CRITICAL WARNING: [Vivado 12-4739] set_clock_groups:No valid object(s) found for '-group '. [C:/UW-Madison/RA/linien/gateware/build/top.xdc:368]
Resolution: Check if the specified object(s) exists in the current design. If it does, ensure that the correct design hierarchy was specified for the object. If you are working with clocks, make sure create_clock was used to create the clock object before it is referenced.
CRITICAL WARNING: [Vivado 12-4739] set_clock_groups:No valid object(s) found for '-group [get_clocks -include_generated_clocks clk_fpga_0]'. [C:/UW-Madison/RA/linien/gateware/build/top.xdc:368]
Resolution: Check if the specified object(s) exists in the current design. If it does, ensure that the correct design hierarchy was specified for the object. If you are working with clocks, make sure create_clock was used to create the clock object before it is referenced.
CRITICAL WARNING: [Vivado 12-4739] set_clock_groups:No valid object(s) found for '-group '. [C:/UW-Madison/RA/linien/gateware/build/top.xdc:368]
Resolution: Check if the specified object(s) exists in the current design. If it does, ensure that the correct design hierarchy was specified for the object. If you are working with clocks, make sure create_clock was used to create the clock object before it is referenced.
CRITICAL WARNING: [Constraints 18-4644] set_clock_groups: All clock groups specified are empty. Please specify atleast one clock group which is not empty. [C:/UW-Madison/RA/linien/gateware/build/top.xdc:368]
WARNING: [Vivado 12-180] No cells matched 'get_cells -filter {ars_ff1 == TRUE || ars_ff2 == TRUE}'. [C:/UW-Madison/RA/linien/gateware/build/top.xdc:374]
WARNING: [Vivado 12-508] No pins matched 'get_pins -filter {REF_PIN_NAME == PRE} -of [get_cells -filter {ars_ff1 == TRUE || ars_ff2 == TRUE}]'. [C:/UW-Madison/RA/linien/gateware/build/top.xdc:374]
WARNING: [Vivado 12-180] No cells matched 'get_cells -filter {ars_ff1 == TRUE}'. [C:/UW-Madison/RA/linien/gateware/build/top.xdc:376]
WARNING: [Vivado 12-508] No pins matched 'get_pins -filter {REF_PIN_NAME == Q} -of [get_cells -filter {ars_ff1 == TRUE}]'. [C:/UW-Madison/RA/linien/gateware/build/top.xdc:376]
WARNING: [Vivado 12-180] No cells matched 'get_cells -filter {ars_ff2 == TRUE}'. [C:/UW-Madison/RA/linien/gateware/build/top.xdc:376]
WARNING: [Vivado 12-508] No pins matched 'get_pins -filter {REF_PIN_NAME == D} -of [get_cells -filter {ars_ff2 == TRUE}]'. [C:/UW-Madison/RA/linien/gateware/build/top.xdc:376]
Finished Parsing XDC File [C:/UW-Madison/RA/linien/gateware/build/top.xdc]
INFO: [Project 1-236] Implementation specific constraints were found while reading constraint file [C:/UW-Madison/RA/linien/gateware/build/top.xdc]. These constraints will be ignored for synthesis but will be used in implementation. Impacted constraints are listed in the file [.Xil/top_propImpl.xdc].
Resolution: To avoid this warning, move constraints listed in [.Xil/top_propImpl.xdc] to another XDC file and exclude this new file from synthesis with the used_in_synthesis property (File Properties dialog in GUI) and re-run elaboration/synthesis.
Parsing XDC File [C:/UW-Madison/RA/linien/gateware/verilog/system_processing_system7_0_0.xdc] for cell 'system_processing_system7_0_0/inst'
Finished Parsing XDC File [C:/UW-Madison/RA/linien/gateware/verilog/system_processing_system7_0_0.xdc] for cell 'system_processing_system7_0_0/inst'
INFO: [Project 1-236] Implementation specific constraints were found while reading constraint file [C:/UW-Madison/RA/linien/gateware/verilog/system_processing_system7_0_0.xdc]. These constraints will be ignored for synthesis but will be used in implementation. Impacted constraints are listed in the file [.Xil/top_propImpl.xdc].
Resolution: To avoid this warning, move constraints listed in [.Xil/top_propImpl.xdc] to another XDC file and exclude this new file from synthesis with the used_in_synthesis property (File Properties dialog in GUI) and re-run elaboration/synthesis.
INFO: [Timing 38-2] Deriving generated clocks
Completed Processing XDC Constraints

Netlist sorting complete. Time (s): cpu = 00:00:00 ; elapsed = 00:00:00.010 . Memory (MB): peak = 1608.180 ; gain = 0.000
INFO: [Project 1-111] Unisim Transformation Summary:
  A total of 3 instances were transformed.
  FD => FDRE: 1 instance 
  IBUFGDS => IBUFDS: 1 instance 
  PLLE2_BASE => PLLE2_ADV: 1 instance 

Constraint Validation Runtime : Time (s): cpu = 00:00:01 ; elapsed = 00:00:00.139 . Memory (MB): peak = 1608.180 ; gain = 0.000
---------------------------------------------------------------------------------
Finished Constraint Validation : Time (s): cpu = 00:00:20 ; elapsed = 00:00:22 . Memory (MB): peak = 1608.180 ; gain = 861.094
---------------------------------------------------------------------------------
---------------------------------------------------------------------------------
Start Loading Part and Timing Information
---------------------------------------------------------------------------------
Loading part: xc7z010clg400-1
---------------------------------------------------------------------------------
Finished Loading Part and Timing Information : Time (s): cpu = 00:00:20 ; elapsed = 00:00:22 . Memory (MB): peak = 1608.180 ; gain = 861.094
---------------------------------------------------------------------------------
---------------------------------------------------------------------------------
Start Applying 'set_property' XDC Constraints
---------------------------------------------------------------------------------
---------------------------------------------------------------------------------
Finished applying 'set_property' XDC Constraints : Time (s): cpu = 00:00:22 ; elapsed = 00:00:24 . Memory (MB): peak = 1608.180 ; gain = 861.094
---------------------------------------------------------------------------------
INFO: [Synth 8-802] inferred FSM for state register 'state_reg' in module 'control'
INFO: [Synth 8-802] inferred FSM for state register 'state_reg' in module 'temp_sampler'
INFO: [Synth 8-802] inferred FSM for state register 'state_reg' in module 'top'
---------------------------------------------------------------------------------------------------
                   State |                     New Encoding |                Previous Encoding 
---------------------------------------------------------------------------------------------------
                    IDLE |                             0000 |                             0000
              FETCH_TYPE |                             0001 |                             0010
               LOAD_INIT |                             0010 |                             0011
             LOAD_PARAMS |                             0011 |                             0100
             START_BLOCK |                             0100 |                             0101
               WAIT_DONE |                             0101 |                             0110
          CAPTURE_VDRIVE |                             0110 |                             0111
                    DONE |                             0111 |                             1000
          ENABLE_CARRIER |                             1000 |                             0001
---------------------------------------------------------------------------------------------------
INFO: [Synth 8-3354] encoded FSM with state register 'state_reg' using encoding 'sequential' in module 'control'
---------------------------------------------------------------------------------------------------
                   State |                     New Encoding |                Previous Encoding 
---------------------------------------------------------------------------------------------------
                  S_IDLE |                               00 |                               00
                 S_DELAY |                               01 |                               01
                 S_ACCUM |                               10 |                               10
               S_PUBLISH |                               11 |                               11
---------------------------------------------------------------------------------------------------
INFO: [Synth 8-3354] encoded FSM with state register 'state_reg' using encoding 'sequential' in module 'temp_sampler'
---------------------------------------------------------------------------------------------------
                   State |                     New Encoding |                Previous Encoding 
---------------------------------------------------------------------------------------------------
                  iSTATE |                             0001 |                               00
*
                 iSTATE0 |                             0010 |                               01
                 iSTATE1 |                             0100 |                               10
                 iSTATE2 |                             1000 |                               11
---------------------------------------------------------------------------------------------------
INFO: [Synth 8-3354] encoded FSM with state register 'state_reg' using encoding 'one-hot' in module 'top'
---------------------------------------------------------------------------------
Finished RTL Optimization Phase 2 : Time (s): cpu = 00:00:28 ; elapsed = 00:00:30 . Memory (MB): peak = 1608.180 ; gain = 861.094
---------------------------------------------------------------------------------
---------------------------------------------------------------------------------
Start RTL Component Statistics 
---------------------------------------------------------------------------------
Detailed RTL Component Info : 
+---Adders : 
	   3 Input   84 Bit       Adders := 1     
	   3 Input   51 Bit       Adders := 1     
	   2 Input   50 Bit       Adders := 43    
	   2 Input   44 Bit       Adders := 1     
	   3 Input   37 Bit       Adders := 1     
	   3 Input   34 Bit       Adders := 1     
	   2 Input   33 Bit       Adders := 1     
	   2 Input   32 Bit       Adders := 6     
	   2 Input   30 Bit       Adders := 1     
	   3 Input   28 Bit       Adders := 4     
	   2 Input   26 Bit       Adders := 4     
	   3 Input   26 Bit       Adders := 1     
	   3 Input   23 Bit       Adders := 1     
	   2 Input   20 Bit       Adders := 4     
	   5 Input   18 Bit       Adders := 2     
	   2 Input   18 Bit       Adders := 1     
	   3 Input   17 Bit       Adders := 90    
	   2 Input   17 Bit       Adders := 42    
	   4 Input   16 Bit       Adders := 4     
	   2 Input   16 Bit       Adders := 1     
	   3 Input   15 Bit       Adders := 3     
	   2 Input   15 Bit       Adders := 6     
	   3 Input   14 Bit       Adders := 2     
	   2 Input   14 Bit       Adders := 3     
	   2 Input   12 Bit       Adders := 1     
	   2 Input   10 Bit       Adders := 1     
	   3 Input    9 Bit       Adders := 1     
	   2 Input    8 Bit       Adders := 2     
	   2 Input    6 Bit       Adders := 1     
	   2 Input    4 Bit       Adders := 1     
	   2 Input    3 Bit       Adders := 2     
+---XORs : 
	   2 Input      1 Bit         XORs := 7     
+---Registers : 
	               84 Bit    Registers := 1     
	               64 Bit    Registers := 1     
	               51 Bit    Registers := 1     
	               50 Bit    Registers := 52    
	               43 Bit    Registers := 1     
	               34 Bit    Registers := 3     
	               32 Bit    Registers := 33    
	               30 Bit    Registers := 2     
	               27 Bit    Registers := 9     
	               25 Bit    Registers := 139   
	               23 Bit    Registers := 3     
	               20 Bit    Registers := 4     
	               18 Bit    Registers := 49    
	               17 Bit    Registers := 133   
	               16 Bit    Registers := 7     
	               15 Bit    Registers := 4     
	               14 Bit    Registers := 73    
	               12 Bit    Registers := 10    
	               10 Bit    Registers := 2     
	                9 Bit    Registers := 12    
	                8 Bit    Registers := 66    
	                6 Bit    Registers := 1     
	                5 Bit    Registers := 1     
	                4 Bit    Registers := 24    
	                3 Bit    Registers := 4     
	                2 Bit    Registers := 19    
	                1 Bit    Registers := 70    
+---Multipliers : 
	              14x32  Multipliers := 1     
+---RAMs : 
	             224K Bit	(16384 X 14 bit)          RAMs := 4     
	              16K Bit	(512 X 32 bit)          RAMs := 1     
	              14K Bit	(1024 X 14 bit)          RAMs := 1     
+---ROMs : 
	                    ROMs := 1     
+---Muxes : 
	   5 Input   43 Bit        Muxes := 1     
	   2 Input   36 Bit        Muxes := 2     
	   2 Input   32 Bit        Muxes := 4     
	   3 Input   32 Bit        Muxes := 1     
	   9 Input   32 Bit        Muxes := 2     
	   4 Input   30 Bit        Muxes := 1     
	   2 Input   28 Bit        Muxes := 1     
	   2 Input   25 Bit        Muxes := 28    
	   4 Input   25 Bit        Muxes := 1     
	   3 Input   20 Bit        Muxes := 4     
	   4 Input   18 Bit        Muxes := 1     
	   2 Input   17 Bit        Muxes := 89    
	   2 Input   16 Bit        Muxes := 3     
	   4 Input   16 Bit        Muxes := 1     
	   2 Input   15 Bit        Muxes := 9     
	   2 Input   14 Bit        Muxes := 43    
	   4 Input   14 Bit        Muxes := 3     
	   9 Input   14 Bit        Muxes := 2     
	   2 Input   13 Bit        Muxes := 3     
	   2 Input   12 Bit        Muxes := 5     
	   2 Input   11 Bit        Muxes := 3     
	   2 Input   10 Bit        Muxes := 3     
	   2 Input    9 Bit        Muxes := 3     
	   5 Input    9 Bit        Muxes := 1     
	   2 Input    8 Bit        Muxes := 3     
	   4 Input    8 Bit        Muxes := 1     
	   2 Input    7 Bit        Muxes := 3     
	   4 Input    6 Bit        Muxes := 1     
	   2 Input    6 Bit        Muxes := 8     
	   9 Input    6 Bit        Muxes := 2     
	   2 Input    5 Bit        Muxes := 3     
	   2 Input    4 Bit        Muxes := 7     
	   5 Input    4 Bit        Muxes := 2     
	   4 Input    4 Bit        Muxes := 3     
	   9 Input    4 Bit        Muxes := 2     
	   2 Input    3 Bit        Muxes := 4     
	   6 Input    3 Bit        Muxes := 1     
	   9 Input    3 Bit        Muxes := 2     
	   2 Input    2 Bit        Muxes := 1     
	   6 Input    2 Bit        Muxes := 1     
	   5 Input    2 Bit        Muxes := 1     
	   4 Input    2 Bit        Muxes := 1     
	   2 Input    1 Bit        Muxes := 68    
	   4 Input    1 Bit        Muxes := 14    
	   9 Input    1 Bit        Muxes := 9     
	   6 Input    1 Bit        Muxes := 5     
	   7 Input    1 Bit        Muxes := 6     
---------------------------------------------------------------------------------
Finished RTL Component Statistics 
---------------------------------------------------------------------------------
---------------------------------------------------------------------------------
Start Part Resource Summary
---------------------------------------------------------------------------------
Part Resources:
DSPs: 80 (col length:40)
BRAMs: 120 (col length: RAMB18 40 RAMB36 20)
---------------------------------------------------------------------------------
Finished Part Resource Summary
---------------------------------------------------------------------------------
---------------------------------------------------------------------------------
Start Cross Boundary and Area Optimization
---------------------------------------------------------------------------------
WARNING: [Synth 8-3936] Found unconnected internal register 'bus_clk_bridge/wdata_o_reg' and it is trimmed from '32' to '8' bits. [C:/UW-Madison/RA/linien/gateware/build/imports/UW-Madison/RA/linien/gateware/verilog/bus_clk_bridge.v:91]
WARNING: [Synth 8-3936] Found unconnected internal register 'bus_clk_bridge/addr_o_reg' and it is trimmed from '32' to '16' bits. [C:/UW-Madison/RA/linien/gateware/build/imports/UW-Madison/RA/linien/gateware/verilog/bus_clk_bridge.v:90]
DSP Report: Generating DSP linienmodule_fast_a_iir1_z20, operation Mode is: A2*B2.
DSP Report: register linienmodule_fast_a_iir1_z50 is absorbed into DSP linienmodule_fast_a_iir1_z20.
DSP Report: register linienmodule_fast_a_iir1_a10_reg is absorbed into DSP linienmodule_fast_a_iir1_z20.
DSP Report: operator linienmodule_fast_a_iir1_z20 is absorbed into DSP linienmodule_fast_a_iir1_z20.
DSP Report: operator linienmodule_fast_a_iir1_z20 is absorbed into DSP linienmodule_fast_a_iir1_z20.
DSP Report: Generating DSP linienmodule_fast_a_iir1_z20, operation Mode is: (PCIN>>17)+A2*B2.
DSP Report: register linienmodule_fast_a_iir1_y0_reg is absorbed into DSP linienmodule_fast_a_iir1_z20.
DSP Report: register linienmodule_fast_a_iir1_a10_reg is absorbed into DSP linienmodule_fast_a_iir1_z20.
DSP Report: operator linienmodule_fast_a_iir1_z20 is absorbed into DSP linienmodule_fast_a_iir1_z20.
DSP Report: operator linienmodule_fast_a_iir1_z20 is absorbed into DSP linienmodule_fast_a_iir1_z20.
DSP Report: Generating DSP linienmodule_fast_b_iir1_z20, operation Mode is: A2*B2.
DSP Report: register linienmodule_fast_b_iir1_z20 is absorbed into DSP linienmodule_fast_b_iir1_z20.
DSP Report: register linienmodule_fast_b_iir1_a10_reg is absorbed into DSP linienmodule_fast_b_iir1_z20.
DSP Report: operator linienmodule_fast_b_iir1_z20 is absorbed into DSP linienmodule_fast_b_iir1_z20.
DSP Report: operator linienmodule_fast_b_iir1_z20 is absorbed into DSP linienmodule_fast_b_iir1_z20.
DSP Report: Generating DSP linienmodule_fast_b_iir1_z20, operation Mode is: (PCIN>>17)+A2*B2.
DSP Report: register linienmodule_fast_b_iir1_y0_reg is absorbed into DSP linienmodule_fast_b_iir1_z20.
DSP Report: register linienmodule_fast_b_iir1_a10_reg is absorbed into DSP linienmodule_fast_b_iir1_z20.
DSP Report: operator linienmodule_fast_b_iir1_z20 is absorbed into DSP linienmodule_fast_b_iir1_z20.
DSP Report: operator linienmodule_fast_b_iir1_z20 is absorbed into DSP linienmodule_fast_b_iir1_z20.
DSP Report: Generating DSP linienmodule_raw_acquisition_iir_z100, operation Mode is: A2*B2.
DSP Report: register linienmodule_raw_acquisition_iir_z100 is absorbed into DSP linienmodule_raw_acquisition_iir_z100.
DSP Report: register linienmodule_raw_acquisition_iir_a1_reg is absorbed into DSP linienmodule_raw_acquisition_iir_z100.
DSP Report: operator linienmodule_raw_acquisition_iir_z100 is absorbed into DSP linienmodule_raw_acquisition_iir_z100.
DSP Report: operator linienmodule_raw_acquisition_iir_z100 is absorbed into DSP linienmodule_raw_acquisition_iir_z100.
DSP Report: Generating DSP linienmodule_raw_acquisition_iir_z100, operation Mode is: (PCIN>>17)+A2*B2.
DSP Report: register linienmodule_raw_acquisition_iir_y_reg is absorbed into DSP linienmodule_raw_acquisition_iir_z100.
DSP Report: register linienmodule_raw_acquisition_iir_a1_reg is absorbed into DSP linienmodule_raw_acquisition_iir_z100.
DSP Report: operator linienmodule_raw_acquisition_iir_z100 is absorbed into DSP linienmodule_raw_acquisition_iir_z100.
DSP Report: operator linienmodule_raw_acquisition_iir_z100 is absorbed into DSP linienmodule_raw_acquisition_iir_z100.
DSP Report: Generating DSP linienmodule_raw_acquisition_iir_z90, operation Mode is: A2*B2.
DSP Report: register linienmodule_raw_acquisition_iir_z100 is absorbed into DSP linienmodule_raw_acquisition_iir_z90.
DSP Report: register linienmodule_raw_acquisition_iir_a2_reg is absorbed into DSP linienmodule_raw_acquisition_iir_z90.
DSP Report: operator linienmodule_raw_acquisition_iir_z90 is absorbed into DSP linienmodule_raw_acquisition_iir_z90.
DSP Report: operator linienmodule_raw_acquisition_iir_z90 is absorbed into DSP linienmodule_raw_acquisition_iir_z90.
DSP Report: Generating DSP linienmodule_raw_acquisition_iir_z90, operation Mode is: (PCIN>>17)+A2*B2.
DSP Report: register linienmodule_raw_acquisition_iir_y_reg is absorbed into DSP linienmodule_raw_acquisition_iir_z90.
DSP Report: register linienmodule_raw_acquisition_iir_a2_reg is absorbed into DSP linienmodule_raw_acquisition_iir_z90.
DSP Report: operator linienmodule_raw_acquisition_iir_z90 is absorbed into DSP linienmodule_raw_acquisition_iir_z90.
DSP Report: operator linienmodule_raw_acquisition_iir_z90 is absorbed into DSP linienmodule_raw_acquisition_iir_z90.
DSP Report: Generating DSP linienmodule_raw_acquisition_iir_z80, operation Mode is: A2*B2.
DSP Report: register linienmodule_raw_acquisition_iir_a3_reg is absorbed into DSP linienmodule_raw_acquisition_iir_z80.
DSP Report: register linienmodule_raw_acquisition_iir_z100 is absorbed into DSP linienmodule_raw_acquisition_iir_z80.
DSP Report: operator linienmodule_raw_acquisition_iir_z80 is absorbed into DSP linienmodule_raw_acquisition_iir_z80.
DSP Report: operator linienmodule_raw_acquisition_iir_z80 is absorbed into DSP linienmodule_raw_acquisition_iir_z80.
DSP Report: Generating DSP linienmodule_raw_acquisition_iir_z80, operation Mode is: (PCIN>>17)+A*B2.
DSP Report: register linienmodule_raw_acquisition_iir_a3_reg is absorbed into DSP linienmodule_raw_acquisition_iir_z80.
DSP Report: register linienmodule_raw_acquisition_iir_y_reg is absorbed into DSP linienmodule_raw_acquisition_iir_z80.
DSP Report: operator linienmodule_raw_acquisition_iir_z80 is absorbed into DSP linienmodule_raw_acquisition_iir_z80.
DSP Report: operator linienmodule_raw_acquisition_iir_z80 is absorbed into DSP linienmodule_raw_acquisition_iir_z80.
DSP Report: Generating DSP linienmodule_raw_acquisition_iir_z70, operation Mode is: A2*B2.
DSP Report: register linienmodule_raw_acquisition_iir_a4_reg is absorbed into DSP linienmodule_raw_acquisition_iir_z70.
DSP Report: register linienmodule_raw_acquisition_iir_z100 is absorbed into DSP linienmodule_raw_acquisition_iir_z70.
DSP Report: operator linienmodule_raw_acquisition_iir_z70 is absorbed into DSP linienmodule_raw_acquisition_iir_z70.
DSP Report: operator linienmodule_raw_acquisition_iir_z70 is absorbed into DSP linienmodule_raw_acquisition_iir_z70.
DSP Report: Generating DSP linienmodule_raw_acquisition_iir_z70, operation Mode is: (PCIN>>17)+A*B2.
DSP Report: register linienmodule_raw_acquisition_iir_a4_reg is absorbed into DSP linienmodule_raw_acquisition_iir_z70.
DSP Report: register linienmodule_raw_acquisition_iir_y_reg is absorbed into DSP linienmodule_raw_acquisition_iir_z70.
DSP Report: operator linienmodule_raw_acquisition_iir_z70 is absorbed into DSP linienmodule_raw_acquisition_iir_z70.
DSP Report: operator linienmodule_raw_acquisition_iir_z70 is absorbed into DSP linienmodule_raw_acquisition_iir_z70.
DSP Report: Generating DSP linienmodule_raw_acquisition_iir_z60, operation Mode is: A2*B2.
DSP Report: register linienmodule_raw_acquisition_iir_a5_reg is absorbed into DSP linienmodule_raw_acquisition_iir_z60.
DSP Report: register linienmodule_raw_acquisition_iir_z100 is absorbed into DSP linienmodule_raw_acquisition_iir_z60.
DSP Report: operator linienmodule_raw_acquisition_iir_z60 is absorbed into DSP linienmodule_raw_acquisition_iir_z60.
DSP Report: operator linienmodule_raw_acquisition_iir_z60 is absorbed into DSP linienmodule_raw_acquisition_iir_z60.
DSP Report: Generating DSP linienmodule_raw_acquisition_iir_z60, operation Mode is: (PCIN>>17)+A*B2.
DSP Report: register linienmodule_raw_acquisition_iir_a5_reg is absorbed into DSP linienmodule_raw_acquisition_iir_z60.
DSP Report: register linienmodule_raw_acquisition_iir_y_reg is absorbed into DSP linienmodule_raw_acquisition_iir_z60.
DSP Report: operator linienmodule_raw_acquisition_iir_z60 is absorbed into DSP linienmodule_raw_acquisition_iir_z60.
DSP Report: operator linienmodule_raw_acquisition_iir_z60 is absorbed into DSP linienmodule_raw_acquisition_iir_z60.
DSP Report: Generating DSP linienmodule_fast_b_iir1_z10, operation Mode is: A2*B2.
DSP Report: register linienmodule_fast_b_iir1_z10 is absorbed into DSP linienmodule_fast_b_iir1_z10.
DSP Report: register linienmodule_fast_b_iir1_b00_reg is absorbed into DSP linienmodule_fast_b_iir1_z10.
DSP Report: operator linienmodule_fast_b_iir1_z10 is absorbed into DSP linienmodule_fast_b_iir1_z10.
DSP Report: operator linienmodule_fast_b_iir1_z10 is absorbed into DSP linienmodule_fast_b_iir1_z10.
DSP Report: Generating DSP linienmodule_fast_b_iir1_z10, operation Mode is: (PCIN>>17)+A2*B2.
DSP Report: register linienmodule_fast_b_limitcsr1_limitcsr1_y0_reg is absorbed into DSP linienmodule_fast_b_iir1_z10.
DSP Report: register linienmodule_fast_b_iir1_b00_reg is absorbed into DSP linienmodule_fast_b_iir1_z10.
DSP Report: operator linienmodule_fast_b_iir1_z10 is absorbed into DSP linienmodule_fast_b_iir1_z10.
DSP Report: operator linienmodule_fast_b_iir1_z10 is absorbed into DSP linienmodule_fast_b_iir1_z10.
DSP Report: Generating DSP linienmodule_fast_b_iir1_z00, operation Mode is: A2*B2.
DSP Report: register linienmodule_fast_b_iir1_z00 is absorbed into DSP linienmodule_fast_b_iir1_z00.
DSP Report: register linienmodule_fast_b_iir1_b10_reg is absorbed into DSP linienmodule_fast_b_iir1_z00.
DSP Report: operator linienmodule_fast_b_iir1_z00 is absorbed into DSP linienmodule_fast_b_iir1_z00.
DSP Report: operator linienmodule_fast_b_iir1_z00 is absorbed into DSP linienmodule_fast_b_iir1_z00.
DSP Report: Generating DSP linienmodule_fast_b_iir1_z00, operation Mode is: (PCIN>>17)+A2*B2.
DSP Report: register linienmodule_fast_b_limitcsr1_limitcsr1_y0_reg is absorbed into DSP linienmodule_fast_b_iir1_z00.
DSP Report: register linienmodule_fast_b_iir1_b10_reg is absorbed into DSP linienmodule_fast_b_iir1_z00.
DSP Report: operator linienmodule_fast_b_iir1_z00 is absorbed into DSP linienmodule_fast_b_iir1_z00.
DSP Report: operator linienmodule_fast_b_iir1_z00 is absorbed into DSP linienmodule_fast_b_iir1_z00.
DSP Report: Generating DSP linienmodule_fast_b_iir1_z70, operation Mode is: A2*B2.
DSP Report: register linienmodule_fast_b_iir1_z60 is absorbed into DSP linienmodule_fast_b_iir1_z70.
DSP Report: register linienmodule_fast_b_iir1_a11_reg is absorbed into DSP linienmodule_fast_b_iir1_z70.
DSP Report: operator linienmodule_fast_b_iir1_z70 is absorbed into DSP linienmodule_fast_b_iir1_z70.
DSP Report: operator linienmodule_fast_b_iir1_z70 is absorbed into DSP linienmodule_fast_b_iir1_z70.
DSP Report: Generating DSP linienmodule_fast_b_iir1_z70, operation Mode is: (PCIN>>17)+A2*B2.
DSP Report: register linienmodule_fast_b_iir1_y1_reg is absorbed into DSP linienmodule_fast_b_iir1_z70.
DSP Report: register linienmodule_fast_b_iir1_a11_reg is absorbed into DSP linienmodule_fast_b_iir1_z70.
DSP Report: operator linienmodule_fast_b_iir1_z70 is absorbed into DSP linienmodule_fast_b_iir1_z70.
DSP Report: operator linienmodule_fast_b_iir1_z70 is absorbed into DSP linienmodule_fast_b_iir1_z70.
DSP Report: Generating DSP linienmodule_fast_b_iir1_z60, operation Mode is: A2*B2.
DSP Report: register linienmodule_fast_b_iir1_z60 is absorbed into DSP linienmodule_fast_b_iir1_z60.
DSP Report: register linienmodule_fast_b_iir1_a2_reg is absorbed into DSP linienmodule_fast_b_iir1_z60.
DSP Report: operator linienmodule_fast_b_iir1_z60 is absorbed into DSP linienmodule_fast_b_iir1_z60.
DSP Report: operator linienmodule_fast_b_iir1_z60 is absorbed into DSP linienmodule_fast_b_iir1_z60.
DSP Report: Generating DSP linienmodule_fast_b_iir1_z60, operation Mode is: (PCIN>>17)+A2*B2.
DSP Report: register linienmodule_fast_b_iir1_y1_reg is absorbed into DSP linienmodule_fast_b_iir1_z60.
DSP Report: register linienmodule_fast_b_iir1_a2_reg is absorbed into DSP linienmodule_fast_b_iir1_z60.
DSP Report: operator linienmodule_fast_b_iir1_z60 is absorbed into DSP linienmodule_fast_b_iir1_z60.
DSP Report: operator linienmodule_fast_b_iir1_z60 is absorbed into DSP linienmodule_fast_b_iir1_z60.
DSP Report: Generating DSP linienmodule_fast_b_iir1_z50, operation Mode is: A2*B2.
DSP Report: register linienmodule_fast_b_iir1_z20 is absorbed into DSP linienmodule_fast_b_iir1_z50.
DSP Report: register linienmodule_fast_b_iir1_b01_reg is absorbed into DSP linienmodule_fast_b_iir1_z50.
DSP Report: operator linienmodule_fast_b_iir1_z50 is absorbed into DSP linienmodule_fast_b_iir1_z50.
DSP Report: operator linienmodule_fast_b_iir1_z50 is absorbed into DSP linienmodule_fast_b_iir1_z50.
DSP Report: Generating DSP linienmodule_fast_b_iir1_z50, operation Mode is: (PCIN>>17)+A2*B2.
DSP Report: register linienmodule_fast_b_iir1_y0_reg is absorbed into DSP linienmodule_fast_b_iir1_z50.
DSP Report: register linienmodule_fast_b_iir1_b01_reg is absorbed into DSP linienmodule_fast_b_iir1_z50.
DSP Report: operator linienmodule_fast_b_iir1_z50 is absorbed into DSP linienmodule_fast_b_iir1_z50.
DSP Report: operator linienmodule_fast_b_iir1_z50 is absorbed into DSP linienmodule_fast_b_iir1_z50.
DSP Report: Generating DSP linienmodule_fast_b_iir1_z40, operation Mode is: A2*B2.
DSP Report: register linienmodule_fast_b_iir1_b11_reg is absorbed into DSP linienmodule_fast_b_iir1_z40.
DSP Report: register linienmodule_fast_b_iir1_z20 is absorbed into DSP linienmodule_fast_b_iir1_z40.
DSP Report: operator linienmodule_fast_b_iir1_z40 is absorbed into DSP linienmodule_fast_b_iir1_z40.
DSP Report: operator linienmodule_fast_b_iir1_z40 is absorbed into DSP linienmodule_fast_b_iir1_z40.
DSP Report: Generating DSP linienmodule_fast_b_iir1_z40, operation Mode is: (PCIN>>17)+A*B2.
DSP Report: register linienmodule_fast_b_iir1_b11_reg is absorbed into DSP linienmodule_fast_b_iir1_z40.
DSP Report: register linienmodule_fast_b_iir1_y0_reg is absorbed into DSP linienmodule_fast_b_iir1_z40.
DSP Report: operator linienmodule_fast_b_iir1_z40 is absorbed into DSP linienmodule_fast_b_iir1_z40.
DSP Report: operator linienmodule_fast_b_iir1_z40 is absorbed into DSP linienmodule_fast_b_iir1_z40.
DSP Report: Generating DSP linienmodule_fast_b_iir1_z30, operation Mode is: A2*B2.
DSP Report: register linienmodule_fast_b_iir1_b2_reg is absorbed into DSP linienmodule_fast_b_iir1_z30.
DSP Report: register linienmodule_fast_b_iir1_z20 is absorbed into DSP linienmodule_fast_b_iir1_z30.
DSP Report: operator linienmodule_fast_b_iir1_z30 is absorbed into DSP linienmodule_fast_b_iir1_z30.
DSP Report: operator linienmodule_fast_b_iir1_z30 is absorbed into DSP linienmodule_fast_b_iir1_z30.
DSP Report: Generating DSP linienmodule_fast_b_iir1_z30, operation Mode is: (PCIN>>17)+A*B2.
DSP Report: register linienmodule_fast_b_iir1_b2_reg is absorbed into DSP linienmodule_fast_b_iir1_z30.
DSP Report: register linienmodule_fast_b_iir1_y0_reg is absorbed into DSP linienmodule_fast_b_iir1_z30.
DSP Report: operator linienmodule_fast_b_iir1_z30 is absorbed into DSP linienmodule_fast_b_iir1_z30.
DSP Report: operator linienmodule_fast_b_iir1_z30 is absorbed into DSP linienmodule_fast_b_iir1_z30.
DSP Report: Generating DSP linienmodule_fast_b_iir0_z20, operation Mode is: A2*B2.
DSP Report: register linienmodule_fast_b_iir0_z30 is absorbed into DSP linienmodule_fast_b_iir0_z20.
DSP Report: register linienmodule_fast_b_iir0_a10_reg is absorbed into DSP linienmodule_fast_b_iir0_z20.
DSP Report: operator linienmodule_fast_b_iir0_z20 is absorbed into DSP linienmodule_fast_b_iir0_z20.
DSP Report: operator linienmodule_fast_b_iir0_z20 is absorbed into DSP linienmodule_fast_b_iir0_z20.
DSP Report: Generating DSP linienmodule_fast_b_iir0_z20, operation Mode is: (PCIN>>17)+A2*B2.
DSP Report: register linienmodule_fast_b_iir0_y0_reg is absorbed into DSP linienmodule_fast_b_iir0_z20.
DSP Report: register linienmodule_fast_b_iir0_a10_reg is absorbed into DSP linienmodule_fast_b_iir0_z20.
DSP Report: operator linienmodule_fast_b_iir0_z20 is absorbed into DSP linienmodule_fast_b_iir0_z20.
DSP Report: operator linienmodule_fast_b_iir0_z20 is absorbed into DSP linienmodule_fast_b_iir0_z20.
DSP Report: Generating DSP linienmodule_fast_b_iir0_z10, operation Mode is: A2*B2.
DSP Report: register linienmodule_fast_b_iir0_z10 is absorbed into DSP linienmodule_fast_b_iir0_z10.
DSP Report: register linienmodule_fast_b_iir0_b00_reg is absorbed into DSP linienmodule_fast_b_iir0_z10.
DSP Report: operator linienmodule_fast_b_iir0_z10 is absorbed into DSP linienmodule_fast_b_iir0_z10.
DSP Report: operator linienmodule_fast_b_iir0_z10 is absorbed into DSP linienmodule_fast_b_iir0_z10.
DSP Report: Generating DSP linienmodule_fast_b_iir0_z10, operation Mode is: (PCIN>>17)+A2*B2.
DSP Report: register linienmodule_fast_b_limitcsr0_limitcsr0_y0_reg is absorbed into DSP linienmodule_fast_b_iir0_z10.
DSP Report: register linienmodule_fast_b_iir0_b00_reg is absorbed into DSP linienmodule_fast_b_iir0_z10.
DSP Report: operator linienmodule_fast_b_iir0_z10 is absorbed into DSP linienmodule_fast_b_iir0_z10.
DSP Report: operator linienmodule_fast_b_iir0_z10 is absorbed into DSP linienmodule_fast_b_iir0_z10.
DSP Report: Generating DSP linienmodule_fast_b_iir0_z00, operation Mode is: A2*B2.
DSP Report: register linienmodule_fast_b_iir0_z00 is absorbed into DSP linienmodule_fast_b_iir0_z00.
DSP Report: register linienmodule_fast_b_iir0_b10_reg is absorbed into DSP linienmodule_fast_b_iir0_z00.
DSP Report: operator linienmodule_fast_b_iir0_z00 is absorbed into DSP linienmodule_fast_b_iir0_z00.
DSP Report: operator linienmodule_fast_b_iir0_z00 is absorbed into DSP linienmodule_fast_b_iir0_z00.
DSP Report: Generating DSP linienmodule_fast_b_iir0_z00, operation Mode is: (PCIN>>17)+A2*B2.
DSP Report: register linienmodule_fast_b_limitcsr0_limitcsr0_y0_reg is absorbed into DSP linienmodule_fast_b_iir0_z00.
DSP Report: register linienmodule_fast_b_iir0_b10_reg is absorbed into DSP linienmodule_fast_b_iir0_z00.
DSP Report: operator linienmodule_fast_b_iir0_z00 is absorbed into DSP linienmodule_fast_b_iir0_z00.
DSP Report: operator linienmodule_fast_b_iir0_z00 is absorbed into DSP linienmodule_fast_b_iir0_z00.
DSP Report: Generating DSP linienmodule_fast_b_iir0_z70, operation Mode is: A2*B2.
DSP Report: register linienmodule_fast_b_iir0_z60 is absorbed into DSP linienmodule_fast_b_iir0_z70.
DSP Report: register linienmodule_fast_b_iir0_a11_reg is absorbed into DSP linienmodule_fast_b_iir0_z70.
DSP Report: operator linienmodule_fast_b_iir0_z70 is absorbed into DSP linienmodule_fast_b_iir0_z70.
DSP Report: operator linienmodule_fast_b_iir0_z70 is absorbed into DSP linienmodule_fast_b_iir0_z70.
DSP Report: Generating DSP linienmodule_fast_b_iir0_z70, operation Mode is: (PCIN>>17)+A2*B2.
DSP Report: register linienmodule_fast_b_iir0_y1_reg is absorbed into DSP linienmodule_fast_b_iir0_z70.
DSP Report: register linienmodule_fast_b_iir0_a11_reg is absorbed into DSP linienmodule_fast_b_iir0_z70.
DSP Report: operator linienmodule_fast_b_iir0_z70 is absorbed into DSP linienmodule_fast_b_iir0_z70.
DSP Report: operator linienmodule_fast_b_iir0_z70 is absorbed into DSP linienmodule_fast_b_iir0_z70.
DSP Report: Generating DSP linienmodule_fast_b_iir0_z60, operation Mode is: A2*B2.
DSP Report: register linienmodule_fast_b_iir0_z60 is absorbed into DSP linienmodule_fast_b_iir0_z60.
DSP Report: register linienmodule_fast_b_iir0_a2_reg is absorbed into DSP linienmodule_fast_b_iir0_z60.
DSP Report: operator linienmodule_fast_b_iir0_z60 is absorbed into DSP linienmodule_fast_b_iir0_z60.
DSP Report: operator linienmodule_fast_b_iir0_z60 is absorbed into DSP linienmodule_fast_b_iir0_z60.
DSP Report: Generating DSP linienmodule_fast_b_iir0_z60, operation Mode is: (PCIN>>17)+A2*B2.
DSP Report: register linienmodule_fast_b_iir0_y1_reg is absorbed into DSP linienmodule_fast_b_iir0_z60.
DSP Report: register linienmodule_fast_b_iir0_a2_reg is absorbed into DSP linienmodule_fast_b_iir0_z60.
DSP Report: operator linienmodule_fast_b_iir0_z60 is absorbed into DSP linienmodule_fast_b_iir0_z60.
DSP Report: operator linienmodule_fast_b_iir0_z60 is absorbed into DSP linienmodule_fast_b_iir0_z60.
DSP Report: Generating DSP linienmodule_fast_b_iir0_z50, operation Mode is: A2*B2.
DSP Report: register linienmodule_fast_b_iir0_z30 is absorbed into DSP linienmodule_fast_b_iir0_z50.
DSP Report: register linienmodule_fast_b_iir0_b01_reg is absorbed into DSP linienmodule_fast_b_iir0_z50.
DSP Report: operator linienmodule_fast_b_iir0_z50 is absorbed into DSP linienmodule_fast_b_iir0_z50.
DSP Report: operator linienmodule_fast_b_iir0_z50 is absorbed into DSP linienmodule_fast_b_iir0_z50.
DSP Report: Generating DSP linienmodule_fast_b_iir0_z50, operation Mode is: (PCIN>>17)+A2*B2.
DSP Report: register linienmodule_fast_b_iir0_y0_reg is absorbed into DSP linienmodule_fast_b_iir0_z50.
DSP Report: register linienmodule_fast_b_iir0_b01_reg is absorbed into DSP linienmodule_fast_b_iir0_z50.
DSP Report: operator linienmodule_fast_b_iir0_z50 is absorbed into DSP linienmodule_fast_b_iir0_z50.
DSP Report: operator linienmodule_fast_b_iir0_z50 is absorbed into DSP linienmodule_fast_b_iir0_z50.
DSP Report: Generating DSP linienmodule_fast_b_iir0_z40, operation Mode is: A2*B2.
DSP Report: register linienmodule_fast_b_iir0_b11_reg is absorbed into DSP linienmodule_fast_b_iir0_z40.
DSP Report: register linienmodule_fast_b_iir0_z30 is absorbed into DSP linienmodule_fast_b_iir0_z40.
DSP Report: operator linienmodule_fast_b_iir0_z40 is absorbed into DSP linienmodule_fast_b_iir0_z40.
DSP Report: operator linienmodule_fast_b_iir0_z40 is absorbed into DSP linienmodule_fast_b_iir0_z40.
DSP Report: Generating DSP linienmodule_fast_b_iir0_z40, operation Mode is: (PCIN>>17)+A*B2.
DSP Report: register linienmodule_fast_b_iir0_b11_reg is absorbed into DSP linienmodule_fast_b_iir0_z40.
DSP Report: register linienmodule_fast_b_iir0_y0_reg is absorbed into DSP linienmodule_fast_b_iir0_z40.
DSP Report: operator linienmodule_fast_b_iir0_z40 is absorbed into DSP linienmodule_fast_b_iir0_z40.
DSP Report: operator linienmodule_fast_b_iir0_z40 is absorbed into DSP linienmodule_fast_b_iir0_z40.
DSP Report: Generating DSP linienmodule_fast_b_iir0_z30, operation Mode is: A2*B2.
DSP Report: register linienmodule_fast_b_iir0_b2_reg is absorbed into DSP linienmodule_fast_b_iir0_z30.
DSP Report: register linienmodule_fast_b_iir0_z30 is absorbed into DSP linienmodule_fast_b_iir0_z30.
DSP Report: operator linienmodule_fast_b_iir0_z30 is absorbed into DSP linienmodule_fast_b_iir0_z30.
DSP Report: operator linienmodule_fast_b_iir0_z30 is absorbed into DSP linienmodule_fast_b_iir0_z30.
DSP Report: Generating DSP linienmodule_fast_b_iir0_z30, operation Mode is: (PCIN>>17)+A*B2.
DSP Report: register linienmodule_fast_b_iir0_b2_reg is absorbed into DSP linienmodule_fast_b_iir0_z30.
DSP Report: register linienmodule_fast_b_iir0_y0_reg is absorbed into DSP linienmodule_fast_b_iir0_z30.
DSP Report: operator linienmodule_fast_b_iir0_z30 is absorbed into DSP linienmodule_fast_b_iir0_z30.
DSP Report: operator linienmodule_fast_b_iir0_z30 is absorbed into DSP linienmodule_fast_b_iir0_z30.
DSP Report: Generating DSP linienmodule_fast_a_iir1_z10, operation Mode is: A2*B2.
DSP Report: register linienmodule_fast_a_iir1_z10 is absorbed into DSP linienmodule_fast_a_iir1_z10.
DSP Report: register linienmodule_fast_a_iir1_b00_reg is absorbed into DSP linienmodule_fast_a_iir1_z10.
DSP Report: operator linienmodule_fast_a_iir1_z10 is absorbed into DSP linienmodule_fast_a_iir1_z10.
DSP Report: operator linienmodule_fast_a_iir1_z10 is absorbed into DSP linienmodule_fast_a_iir1_z10.
DSP Report: Generating DSP linienmodule_fast_a_iir1_z10, operation Mode is: (PCIN>>17)+A2*B2.
DSP Report: register linienmodule_fast_a_limitcsr1_limitcsr1_y0_reg is absorbed into DSP linienmodule_fast_a_iir1_z10.
DSP Report: register linienmodule_fast_a_iir1_b00_reg is absorbed into DSP linienmodule_fast_a_iir1_z10.
DSP Report: operator linienmodule_fast_a_iir1_z10 is absorbed into DSP linienmodule_fast_a_iir1_z10.
DSP Report: operator linienmodule_fast_a_iir1_z10 is absorbed into DSP linienmodule_fast_a_iir1_z10.
DSP Report: Generating DSP linienmodule_fast_a_iir1_z00, operation Mode is: A2*B2.
DSP Report: register linienmodule_fast_a_iir1_z00 is absorbed into DSP linienmodule_fast_a_iir1_z00.
DSP Report: register linienmodule_fast_a_iir1_b10_reg is absorbed into DSP linienmodule_fast_a_iir1_z00.
DSP Report: operator linienmodule_fast_a_iir1_z00 is absorbed into DSP linienmodule_fast_a_iir1_z00.
DSP Report: operator linienmodule_fast_a_iir1_z00 is absorbed into DSP linienmodule_fast_a_iir1_z00.
DSP Report: Generating DSP linienmodule_fast_a_iir1_z00, operation Mode is: (PCIN>>17)+A2*B2.
DSP Report: register linienmodule_fast_a_limitcsr1_limitcsr1_y0_reg is absorbed into DSP linienmodule_fast_a_iir1_z00.
DSP Report: register linienmodule_fast_a_iir1_b10_reg is absorbed into DSP linienmodule_fast_a_iir1_z00.
DSP Report: operator linienmodule_fast_a_iir1_z00 is absorbed into DSP linienmodule_fast_a_iir1_z00.
DSP Report: operator linienmodule_fast_a_iir1_z00 is absorbed into DSP linienmodule_fast_a_iir1_z00.
DSP Report: Generating DSP linienmodule_fast_a_iir1_z70, operation Mode is: A2*B2.
DSP Report: register linienmodule_fast_a_iir1_z70 is absorbed into DSP linienmodule_fast_a_iir1_z70.
DSP Report: register linienmodule_fast_a_iir1_a11_reg is absorbed into DSP linienmodule_fast_a_iir1_z70.
DSP Report: operator linienmodule_fast_a_iir1_z70 is absorbed into DSP linienmodule_fast_a_iir1_z70.
DSP Report: operator linienmodule_fast_a_iir1_z70 is absorbed into DSP linienmodule_fast_a_iir1_z70.
DSP Report: Generating DSP linienmodule_fast_a_iir1_z70, operation Mode is: (PCIN>>17)+A2*B2.
DSP Report: register linienmodule_fast_a_iir1_y1_reg is absorbed into DSP linienmodule_fast_a_iir1_z70.
DSP Report: register linienmodule_fast_a_iir1_a11_reg is absorbed into DSP linienmodule_fast_a_iir1_z70.
DSP Report: operator linienmodule_fast_a_iir1_z70 is absorbed into DSP linienmodule_fast_a_iir1_z70.
DSP Report: operator linienmodule_fast_a_iir1_z70 is absorbed into DSP linienmodule_fast_a_iir1_z70.
DSP Report: Generating DSP linienmodule_fast_a_iir1_z60, operation Mode is: A2*B2.
DSP Report: register linienmodule_fast_a_iir1_z70 is absorbed into DSP linienmodule_fast_a_iir1_z60.
DSP Report: register linienmodule_fast_a_iir1_a2_reg is absorbed into DSP linienmodule_fast_a_iir1_z60.
DSP Report: operator linienmodule_fast_a_iir1_z60 is absorbed into DSP linienmodule_fast_a_iir1_z60.
DSP Report: operator linienmodule_fast_a_iir1_z60 is absorbed into DSP linienmodule_fast_a_iir1_z60.
DSP Report: Generating DSP linienmodule_fast_a_iir1_z60, operation Mode is: (PCIN>>17)+A2*B2.
DSP Report: register linienmodule_fast_a_iir1_y1_reg is absorbed into DSP linienmodule_fast_a_iir1_z60.
DSP Report: register linienmodule_fast_a_iir1_a2_reg is absorbed into DSP linienmodule_fast_a_iir1_z60.
DSP Report: operator linienmodule_fast_a_iir1_z60 is absorbed into DSP linienmodule_fast_a_iir1_z60.
DSP Report: operator linienmodule_fast_a_iir1_z60 is absorbed into DSP linienmodule_fast_a_iir1_z60.
DSP Report: Generating DSP linienmodule_fast_a_iir1_z50, operation Mode is: A2*B2.
DSP Report: register linienmodule_fast_a_iir1_z50 is absorbed into DSP linienmodule_fast_a_iir1_z50.
DSP Report: register linienmodule_fast_a_iir1_b01_reg is absorbed into DSP linienmodule_fast_a_iir1_z50.
DSP Report: operator linienmodule_fast_a_iir1_z50 is absorbed into DSP linienmodule_fast_a_iir1_z50.
DSP Report: operator linienmodule_fast_a_iir1_z50 is absorbed into DSP linienmodule_fast_a_iir1_z50.
DSP Report: Generating DSP linienmodule_fast_a_iir1_z50, operation Mode is: (PCIN>>17)+A2*B2.
DSP Report: register linienmodule_fast_a_iir1_y0_reg is absorbed into DSP linienmodule_fast_a_iir1_z50.
DSP Report: register linienmodule_fast_a_iir1_b01_reg is absorbed into DSP linienmodule_fast_a_iir1_z50.
DSP Report: operator linienmodule_fast_a_iir1_z50 is absorbed into DSP linienmodule_fast_a_iir1_z50.
DSP Report: operator linienmodule_fast_a_iir1_z50 is absorbed into DSP linienmodule_fast_a_iir1_z50.
DSP Report: Generating DSP linienmodule_fast_a_iir1_z40, operation Mode is: A2*B2.
DSP Report: register linienmodule_fast_a_iir1_b11_reg is absorbed into DSP linienmodule_fast_a_iir1_z40.
DSP Report: register linienmodule_fast_a_iir1_z50 is absorbed into DSP linienmodule_fast_a_iir1_z40.
DSP Report: operator linienmodule_fast_a_iir1_z40 is absorbed into DSP linienmodule_fast_a_iir1_z40.
DSP Report: operator linienmodule_fast_a_iir1_z40 is absorbed into DSP linienmodule_fast_a_iir1_z40.
DSP Report: Generating DSP linienmodule_fast_a_iir1_z40, operation Mode is: (PCIN>>17)+A*B2.
DSP Report: register linienmodule_fast_a_iir1_b11_reg is absorbed into DSP linienmodule_fast_a_iir1_z40.
DSP Report: register linienmodule_fast_a_iir1_y0_reg is absorbed into DSP linienmodule_fast_a_iir1_z40.
DSP Report: operator linienmodule_fast_a_iir1_z40 is absorbed into DSP linienmodule_fast_a_iir1_z40.
DSP Report: operator linienmodule_fast_a_iir1_z40 is absorbed into DSP linienmodule_fast_a_iir1_z40.
DSP Report: Generating DSP linienmodule_fast_a_iir1_z30, operation Mode is: A2*B2.
DSP Report: register linienmodule_fast_a_iir1_b2_reg is absorbed into DSP linienmodule_fast_a_iir1_z30.
DSP Report: register linienmodule_fast_a_iir1_z50 is absorbed into DSP linienmodule_fast_a_iir1_z30.
DSP Report: operator linienmodule_fast_a_iir1_z30 is absorbed into DSP linienmodule_fast_a_iir1_z30.
DSP Report: operator linienmodule_fast_a_iir1_z30 is absorbed into DSP linienmodule_fast_a_iir1_z30.
DSP Report: Generating DSP linienmodule_fast_a_iir1_z30, operation Mode is: (PCIN>>17)+A*B2.
DSP Report: register linienmodule_fast_a_iir1_b2_reg is absorbed into DSP linienmodule_fast_a_iir1_z30.
DSP Report: register linienmodule_fast_a_iir1_y0_reg is absorbed into DSP linienmodule_fast_a_iir1_z30.
DSP Report: operator linienmodule_fast_a_iir1_z30 is absorbed into DSP linienmodule_fast_a_iir1_z30.
DSP Report: operator linienmodule_fast_a_iir1_z30 is absorbed into DSP linienmodule_fast_a_iir1_z30.
DSP Report: Generating DSP linienmodule_fast_a_iir0_z20, operation Mode is: A2*B2.
DSP Report: register linienmodule_fast_a_iir0_z20 is absorbed into DSP linienmodule_fast_a_iir0_z20.
DSP Report: register linienmodule_fast_a_iir0_a10_reg is absorbed into DSP linienmodule_fast_a_iir0_z20.
DSP Report: operator linienmodule_fast_a_iir0_z20 is absorbed into DSP linienmodule_fast_a_iir0_z20.
DSP Report: operator linienmodule_fast_a_iir0_z20 is absorbed into DSP linienmodule_fast_a_iir0_z20.
DSP Report: Generating DSP linienmodule_fast_a_iir0_z20, operation Mode is: (PCIN>>17)+A2*B2.
DSP Report: register linienmodule_fast_a_iir0_y0_reg is absorbed into DSP linienmodule_fast_a_iir0_z20.
DSP Report: register linienmodule_fast_a_iir0_a10_reg is absorbed into DSP linienmodule_fast_a_iir0_z20.
DSP Report: operator linienmodule_fast_a_iir0_z20 is absorbed into DSP linienmodule_fast_a_iir0_z20.
DSP Report: operator linienmodule_fast_a_iir0_z20 is absorbed into DSP linienmodule_fast_a_iir0_z20.
DSP Report: Generating DSP linienmodule_fast_a_iir0_z10, operation Mode is: A2*B2.
DSP Report: register linienmodule_fast_a_iir0_z10 is absorbed into DSP linienmodule_fast_a_iir0_z10.
DSP Report: register linienmodule_fast_a_iir0_b00_reg is absorbed into DSP linienmodule_fast_a_iir0_z10.
DSP Report: operator linienmodule_fast_a_iir0_z10 is absorbed into DSP linienmodule_fast_a_iir0_z10.
DSP Report: operator linienmodule_fast_a_iir0_z10 is absorbed into DSP linienmodule_fast_a_iir0_z10.
DSP Report: Generating DSP linienmodule_fast_a_iir0_z10, operation Mode is: (PCIN>>17)+A2*B2.
DSP Report: register linienmodule_fast_a_limitcsr0_limitcsr0_y0_reg is absorbed into DSP linienmodule_fast_a_iir0_z10.
DSP Report: register linienmodule_fast_a_iir0_b00_reg is absorbed into DSP linienmodule_fast_a_iir0_z10.
DSP Report: operator linienmodule_fast_a_iir0_z10 is absorbed into DSP linienmodule_fast_a_iir0_z10.
DSP Report: operator linienmodule_fast_a_iir0_z10 is absorbed into DSP linienmodule_fast_a_iir0_z10.
DSP Report: Generating DSP linienmodule_fast_a_iir0_z00, operation Mode is: A2*B2.
DSP Report: register linienmodule_fast_a_iir0_z00 is absorbed into DSP linienmodule_fast_a_iir0_z00.
DSP Report: register linienmodule_fast_a_iir0_b10_reg is absorbed into DSP linienmodule_fast_a_iir0_z00.
DSP Report: operator linienmodule_fast_a_iir0_z00 is absorbed into DSP linienmodule_fast_a_iir0_z00.
DSP Report: operator linienmodule_fast_a_iir0_z00 is absorbed into DSP linienmodule_fast_a_iir0_z00.
DSP Report: Generating DSP linienmodule_fast_a_iir0_z00, operation Mode is: (PCIN>>17)+A2*B2.
DSP Report: register linienmodule_fast_a_limitcsr0_limitcsr0_y0_reg is absorbed into DSP linienmodule_fast_a_iir0_z00.
DSP Report: register linienmodule_fast_a_iir0_b10_reg is absorbed into DSP linienmodule_fast_a_iir0_z00.
DSP Report: operator linienmodule_fast_a_iir0_z00 is absorbed into DSP linienmodule_fast_a_iir0_z00.
DSP Report: operator linienmodule_fast_a_iir0_z00 is absorbed into DSP linienmodule_fast_a_iir0_z00.
DSP Report: Generating DSP linienmodule_fast_a_iir0_z70, operation Mode is: A2*B2.
DSP Report: register linienmodule_fast_a_iir0_z70 is absorbed into DSP linienmodule_fast_a_iir0_z70.
DSP Report: register linienmodule_fast_a_iir0_a11_reg is absorbed into DSP linienmodule_fast_a_iir0_z70.
DSP Report: operator linienmodule_fast_a_iir0_z70 is absorbed into DSP linienmodule_fast_a_iir0_z70.
DSP Report: operator linienmodule_fast_a_iir0_z70 is absorbed into DSP linienmodule_fast_a_iir0_z70.
DSP Report: Generating DSP linienmodule_fast_a_iir0_z70, operation Mode is: (PCIN>>17)+A2*B2.
DSP Report: register linienmodule_fast_a_iir0_y1_reg is absorbed into DSP linienmodule_fast_a_iir0_z70.
DSP Report: register linienmodule_fast_a_iir0_a11_reg is absorbed into DSP linienmodule_fast_a_iir0_z70.
DSP Report: operator linienmodule_fast_a_iir0_z70 is absorbed into DSP linienmodule_fast_a_iir0_z70.
DSP Report: operator linienmodule_fast_a_iir0_z70 is absorbed into DSP linienmodule_fast_a_iir0_z70.
DSP Report: Generating DSP linienmodule_fast_a_iir0_z60, operation Mode is: A2*B2.
DSP Report: register linienmodule_fast_a_iir0_z70 is absorbed into DSP linienmodule_fast_a_iir0_z60.
DSP Report: register linienmodule_fast_a_iir0_a2_reg is absorbed into DSP linienmodule_fast_a_iir0_z60.
DSP Report: operator linienmodule_fast_a_iir0_z60 is absorbed into DSP linienmodule_fast_a_iir0_z60.
DSP Report: operator linienmodule_fast_a_iir0_z60 is absorbed into DSP linienmodule_fast_a_iir0_z60.
DSP Report: Generating DSP linienmodule_fast_a_iir0_z60, operation Mode is: (PCIN>>17)+A2*B2.
DSP Report: register linienmodule_fast_a_iir0_y1_reg is absorbed into DSP linienmodule_fast_a_iir0_z60.
DSP Report: register linienmodule_fast_a_iir0_a2_reg is absorbed into DSP linienmodule_fast_a_iir0_z60.
DSP Report: operator linienmodule_fast_a_iir0_z60 is absorbed into DSP linienmodule_fast_a_iir0_z60.
DSP Report: operator linienmodule_fast_a_iir0_z60 is absorbed into DSP linienmodule_fast_a_iir0_z60.
DSP Report: Generating DSP linienmodule_fast_a_iir0_z50, operation Mode is: A2*B2.
DSP Report: register linienmodule_fast_a_iir0_z20 is absorbed into DSP linienmodule_fast_a_iir0_z50.
DSP Report: register linienmodule_fast_a_iir0_b01_reg is absorbed into DSP linienmodule_fast_a_iir0_z50.
DSP Report: operator linienmodule_fast_a_iir0_z50 is absorbed into DSP linienmodule_fast_a_iir0_z50.
DSP Report: operator linienmodule_fast_a_iir0_z50 is absorbed into DSP linienmodule_fast_a_iir0_z50.
DSP Report: Generating DSP linienmodule_fast_a_iir0_z50, operation Mode is: (PCIN>>17)+A2*B2.
DSP Report: register linienmodule_fast_a_iir0_y0_reg is absorbed into DSP linienmodule_fast_a_iir0_z50.
DSP Report: register linienmodule_fast_a_iir0_b01_reg is absorbed into DSP linienmodule_fast_a_iir0_z50.
DSP Report: operator linienmodule_fast_a_iir0_z50 is absorbed into DSP linienmodule_fast_a_iir0_z50.
DSP Report: operator linienmodule_fast_a_iir0_z50 is absorbed into DSP linienmodule_fast_a_iir0_z50.
DSP Report: Generating DSP linienmodule_fast_a_iir0_z40, operation Mode is: A2*B2.
DSP Report: register linienmodule_fast_a_iir0_b11_reg is absorbed into DSP linienmodule_fast_a_iir0_z40.
DSP Report: register linienmodule_fast_a_iir0_z20 is absorbed into DSP linienmodule_fast_a_iir0_z40.
DSP Report: operator linienmodule_fast_a_iir0_z40 is absorbed into DSP linienmodule_fast_a_iir0_z40.
DSP Report: operator linienmodule_fast_a_iir0_z40 is absorbed into DSP linienmodule_fast_a_iir0_z40.
DSP Report: Generating DSP linienmodule_fast_a_iir0_z40, operation Mode is: (PCIN>>17)+A*B2.
DSP Report: register linienmodule_fast_a_iir0_b11_reg is absorbed into DSP linienmodule_fast_a_iir0_z40.
DSP Report: register linienmodule_fast_a_iir0_y0_reg is absorbed into DSP linienmodule_fast_a_iir0_z40.
DSP Report: operator linienmodule_fast_a_iir0_z40 is absorbed into DSP linienmodule_fast_a_iir0_z40.
DSP Report: operator linienmodule_fast_a_iir0_z40 is absorbed into DSP linienmodule_fast_a_iir0_z40.
DSP Report: Generating DSP linienmodule_fast_a_iir0_z30, operation Mode is: A2*B2.
DSP Report: register linienmodule_fast_a_iir0_b2_reg is absorbed into DSP linienmodule_fast_a_iir0_z30.
DSP Report: register linienmodule_fast_a_iir0_z20 is absorbed into DSP linienmodule_fast_a_iir0_z30.
DSP Report: operator linienmodule_fast_a_iir0_z30 is absorbed into DSP linienmodule_fast_a_iir0_z30.
DSP Report: operator linienmodule_fast_a_iir0_z30 is absorbed into DSP linienmodule_fast_a_iir0_z30.
DSP Report: Generating DSP linienmodule_fast_a_iir0_z30, operation Mode is: (PCIN>>17)+A*B2.
DSP Report: register linienmodule_fast_a_iir0_b2_reg is absorbed into DSP linienmodule_fast_a_iir0_z30.
DSP Report: register linienmodule_fast_a_iir0_y0_reg is absorbed into DSP linienmodule_fast_a_iir0_z30.
DSP Report: operator linienmodule_fast_a_iir0_z30 is absorbed into DSP linienmodule_fast_a_iir0_z30.
DSP Report: operator linienmodule_fast_a_iir0_z30 is absorbed into DSP linienmodule_fast_a_iir0_z30.
DSP Report: Generating DSP p_1_out, operation Mode is: (C or 0)+A*B.
DSP Report: operator linienmodule_pid_kp_mult is absorbed into DSP p_1_out.
DSP Report: operator linienmodule_pid_kp_mult is absorbed into DSP p_1_out.
DSP Report: Generating DSP linienmodule_mixed2, operation Mode is: (0 or C')+(A2*B or 0).
DSP Report: register linienmodule_fast_a_limitcsr0_limitcsr0_y1_reg is absorbed into DSP linienmodule_mixed2.
DSP Report: register linienmodule_mixed2 is absorbed into DSP linienmodule_mixed2.
DSP Report: operator linienmodule_mixed2 is absorbed into DSP linienmodule_mixed2.
DSP Report: Generating DSP linienmodule_mixed2, operation Mode is: (A2*B or 0).
DSP Report: register linienmodule_fast_b_limitcsr0_limitcsr0_y1_reg is absorbed into DSP linienmodule_mixed2.
DSP Report: operator linienmodule_mixed2 is absorbed into DSP linienmodule_mixed2.
DSP Report: Generating DSP O441, operation Mode is: PCIN+A2:B+C.
DSP Report: register O441 is absorbed into DSP O441.
DSP Report: operator O441 is absorbed into DSP O441.
DSP Report: Generating DSP p_1_out, operation Mode is: (C or 0)+A*B.
DSP Report: operator linienmodule_pid_ki_mult0 is absorbed into DSP p_1_out.
DSP Report: operator linienmodule_pid_ki_mult0 is absorbed into DSP p_1_out.
DSP Report: Generating DSP p_1_out, operation Mode is: (C or 0)+A*B.
DSP Report: operator linienmodule_pid_kd_mult is absorbed into DSP p_1_out.
DSP Report: operator linienmodule_pid_kd_mult is absorbed into DSP p_1_out.
WARNING: [Synth 8-3936] Found unconnected internal register 'i_bridge/addr_o_reg' and it is trimmed from '32' to '20' bits. [C:/UW-Madison/RA/linien/gateware/build/imports/UW-Madison/RA/linien/gateware/verilog/bus_clk_bridge.v:90]
DSP Report: Generating DSP mult_reg0, operation Mode is: A2*B2.
DSP Report: register lut_reg_reg is absorbed into DSP mult_reg0.
DSP Report: register mult_reg0 is absorbed into DSP mult_reg0.
DSP Report: operator mult_reg0 is absorbed into DSP mult_reg0.
DSP Report: operator mult_reg0 is absorbed into DSP mult_reg0.
DSP Report: Generating DSP mult_reg_reg, operation Mode is: (PCIN>>17)+A*B2.
DSP Report: register lut_reg_reg is absorbed into DSP mult_reg_reg.
DSP Report: register mult_reg_reg is absorbed into DSP mult_reg_reg.
DSP Report: operator mult_reg0 is absorbed into DSP mult_reg_reg.
DSP Report: operator mult_reg0 is absorbed into DSP mult_reg_reg.
DSP Report: Generating DSP linienmodule_slowchain_ki_mult0, operation Mode is: A*B.
DSP Report: operator linienmodule_slowchain_ki_mult0 is absorbed into DSP linienmodule_slowchain_ki_mult0.
DSP Report: Generating DSP linienmodule_slowchain_kd_mult, operation Mode is: A*B.
DSP Report: operator linienmodule_slowchain_kd_mult is absorbed into DSP linienmodule_slowchain_kd_mult.
DSP Report: Generating DSP linienmodule_slowchain_kp_mult, operation Mode is: A*B.
DSP Report: operator linienmodule_slowchain_kp_mult is absorbed into DSP linienmodule_slowchain_kp_mult.
DSP Report: Generating DSP linienmodule_raw_acquisition_iir_z50, operation Mode is: A2*B2.
DSP Report: register linienmodule_raw_acquisition_iir_z50 is absorbed into DSP linienmodule_raw_acquisition_iir_z50.
DSP Report: register linienmodule_raw_acquisition_iir_b0_reg is absorbed into DSP linienmodule_raw_acquisition_iir_z50.
DSP Report: operator linienmodule_raw_acquisition_iir_z50 is absorbed into DSP linienmodule_raw_acquisition_iir_z50.
DSP Report: operator linienmodule_raw_acquisition_iir_z50 is absorbed into DSP linienmodule_raw_acquisition_iir_z50.
DSP Report: Generating DSP linienmodule_raw_acquisition_iir_z50, operation Mode is: (PCIN>>17)+A2*B2.
DSP Report: register linienmodule_limit_error_signal_limitcsr_y_reg is absorbed into DSP linienmodule_raw_acquisition_iir_z50.
DSP Report: register linienmodule_raw_acquisition_iir_b0_reg is absorbed into DSP linienmodule_raw_acquisition_iir_z50.
DSP Report: operator linienmodule_raw_acquisition_iir_z50 is absorbed into DSP linienmodule_raw_acquisition_iir_z50.
DSP Report: operator linienmodule_raw_acquisition_iir_z50 is absorbed into DSP linienmodule_raw_acquisition_iir_z50.
DSP Report: Generating DSP linienmodule_raw_acquisition_iir_z40, operation Mode is: A2*B2.
DSP Report: register linienmodule_raw_acquisition_iir_z40 is absorbed into DSP linienmodule_raw_acquisition_iir_z40.
DSP Report: register linienmodule_raw_acquisition_iir_b1_reg is absorbed into DSP linienmodule_raw_acquisition_iir_z40.
DSP Report: operator linienmodule_raw_acquisition_iir_z40 is absorbed into DSP linienmodule_raw_acquisition_iir_z40.
DSP Report: operator linienmodule_raw_acquisition_iir_z40 is absorbed into DSP linienmodule_raw_acquisition_iir_z40.
DSP Report: Generating DSP linienmodule_raw_acquisition_iir_z40, operation Mode is: (PCIN>>17)+A2*B2.
DSP Report: register linienmodule_limit_error_signal_limitcsr_y_reg is absorbed into DSP linienmodule_raw_acquisition_iir_z40.
DSP Report: register linienmodule_raw_acquisition_iir_b1_reg is absorbed into DSP linienmodule_raw_acquisition_iir_z40.
DSP Report: operator linienmodule_raw_acquisition_iir_z40 is absorbed into DSP linienmodule_raw_acquisition_iir_z40.
DSP Report: operator linienmodule_raw_acquisition_iir_z40 is absorbed into DSP linienmodule_raw_acquisition_iir_z40.
DSP Report: Generating DSP linienmodule_raw_acquisition_iir_z30, operation Mode is: A2*B2.
DSP Report: register linienmodule_raw_acquisition_iir_z30 is absorbed into DSP linienmodule_raw_acquisition_iir_z30.
DSP Report: register linienmodule_raw_acquisition_iir_b2_reg is absorbed into DSP linienmodule_raw_acquisition_iir_z30.
DSP Report: operator linienmodule_raw_acquisition_iir_z30 is absorbed into DSP linienmodule_raw_acquisition_iir_z30.
DSP Report: operator linienmodule_raw_acquisition_iir_z30 is absorbed into DSP linienmodule_raw_acquisition_iir_z30.
DSP Report: Generating DSP linienmodule_raw_acquisition_iir_z30, operation Mode is: (PCIN>>17)+A2*B2.
DSP Report: register linienmodule_limit_error_signal_limitcsr_y_reg is absorbed into DSP linienmodule_raw_acquisition_iir_z30.
DSP Report: register linienmodule_raw_acquisition_iir_b2_reg is absorbed into DSP linienmodule_raw_acquisition_iir_z30.
DSP Report: operator linienmodule_raw_acquisition_iir_z30 is absorbed into DSP linienmodule_raw_acquisition_iir_z30.
DSP Report: operator linienmodule_raw_acquisition_iir_z30 is absorbed into DSP linienmodule_raw_acquisition_iir_z30.
DSP Report: Generating DSP linienmodule_raw_acquisition_iir_z20, operation Mode is: A2*B2.
DSP Report: register linienmodule_raw_acquisition_iir_z20 is absorbed into DSP linienmodule_raw_acquisition_iir_z20.
DSP Report: register linienmodule_raw_acquisition_iir_b3_reg is absorbed into DSP linienmodule_raw_acquisition_iir_z20.
DSP Report: operator linienmodule_raw_acquisition_iir_z20 is absorbed into DSP linienmodule_raw_acquisition_iir_z20.
DSP Report: operator linienmodule_raw_acquisition_iir_z20 is absorbed into DSP linienmodule_raw_acquisition_iir_z20.
DSP Report: Generating DSP linienmodule_raw_acquisition_iir_z20, operation Mode is: (PCIN>>17)+A2*B2.
DSP Report: register linienmodule_limit_error_signal_limitcsr_y_reg is absorbed into DSP linienmodule_raw_acquisition_iir_z20.
DSP Report: register linienmodule_raw_acquisition_iir_b3_reg is absorbed into DSP linienmodule_raw_acquisition_iir_z20.
DSP Report: operator linienmodule_raw_acquisition_iir_z20 is absorbed into DSP linienmodule_raw_acquisition_iir_z20.
DSP Report: operator linienmodule_raw_acquisition_iir_z20 is absorbed into DSP linienmodule_raw_acquisition_iir_z20.
DSP Report: Generating DSP linienmodule_raw_acquisition_iir_z10, operation Mode is: A2*B2.
DSP Report: register linienmodule_raw_acquisition_iir_z10 is absorbed into DSP linienmodule_raw_acquisition_iir_z10.
DSP Report: register linienmodule_raw_acquisition_iir_b4_reg is absorbed into DSP linienmodule_raw_acquisition_iir_z10.
DSP Report: operator linienmodule_raw_acquisition_iir_z10 is absorbed into DSP linienmodule_raw_acquisition_iir_z10.
DSP Report: operator linienmodule_raw_acquisition_iir_z10 is absorbed into DSP linienmodule_raw_acquisition_iir_z10.
DSP Report: Generating DSP linienmodule_raw_acquisition_iir_z10, operation Mode is: (PCIN>>17)+A2*B2.
DSP Report: register linienmodule_limit_error_signal_limitcsr_y_reg is absorbed into DSP linienmodule_raw_acquisition_iir_z10.
DSP Report: register linienmodule_raw_acquisition_iir_b4_reg is absorbed into DSP linienmodule_raw_acquisition_iir_z10.
DSP Report: operator linienmodule_raw_acquisition_iir_z10 is absorbed into DSP linienmodule_raw_acquisition_iir_z10.
DSP Report: operator linienmodule_raw_acquisition_iir_z10 is absorbed into DSP linienmodule_raw_acquisition_iir_z10.
DSP Report: Generating DSP linienmodule_raw_acquisition_iir_z00, operation Mode is: A2*B2.
DSP Report: register linienmodule_raw_acquisition_iir_z00 is absorbed into DSP linienmodule_raw_acquisition_iir_z00.
DSP Report: register linienmodule_raw_acquisition_iir_b5_reg is absorbed into DSP linienmodule_raw_acquisition_iir_z00.
DSP Report: operator linienmodule_raw_acquisition_iir_z00 is absorbed into DSP linienmodule_raw_acquisition_iir_z00.
DSP Report: operator linienmodule_raw_acquisition_iir_z00 is absorbed into DSP linienmodule_raw_acquisition_iir_z00.
DSP Report: Generating DSP linienmodule_raw_acquisition_iir_z00, operation Mode is: (PCIN>>17)+A2*B2.
DSP Report: register linienmodule_limit_error_signal_limitcsr_y_reg is absorbed into DSP linienmodule_raw_acquisition_iir_z00.
DSP Report: register linienmodule_raw_acquisition_iir_b5_reg is absorbed into DSP linienmodule_raw_acquisition_iir_z00.
DSP Report: operator linienmodule_raw_acquisition_iir_z00 is absorbed into DSP linienmodule_raw_acquisition_iir_z00.
DSP Report: operator linienmodule_raw_acquisition_iir_z00 is absorbed into DSP linienmodule_raw_acquisition_iir_z00.
WARNING: [Synth 8-3917] design top has port adc_clk[1] driven by constant 1
WARNING: [Synth 8-3917] design top has port adc_clk[0] driven by constant 0
WARNING: [Synth 8-3917] design top has port adc_cdcs driven by constant 1
WARNING: [Synth 8-3917] design top has port user_led_6 driven by constant 0
WARNING: [Synth 8-3917] design top has port user_led_7 driven by constant 0
WARNING: [Synth 8-3332] Sequential element (u_sinusoid/mult_reg_reg[47]) is unused and will be removed from module sequence_top.
WARNING: [Synth 8-3332] Sequential element (u_sinusoid/mult_reg_reg[46]) is unused and will be removed from module sequence_top.
WARNING: [Synth 8-3332] Sequential element (u_sinusoid/mult_reg_reg[45]) is unused and will be removed from module sequence_top.
WARNING: [Synth 8-3332] Sequential element (u_sinusoid/mult_reg_reg[44]) is unused and will be removed from module sequence_top.
WARNING: [Synth 8-3332] Sequential element (u_sinusoid/mult_reg_reg[43]) is unused and will be removed from module sequence_top.
WARNING: [Synth 8-3332] Sequential element (u_sinusoid/mult_reg_reg[42]) is unused and will be removed from module sequence_top.
WARNING: [Synth 8-3332] Sequential element (u_sinusoid/mult_reg_reg[41]) is unused and will be removed from module sequence_top.
WARNING: [Synth 8-3332] Sequential element (u_sinusoid/mult_reg_reg[40]) is unused and will be removed from module sequence_top.
WARNING: [Synth 8-3332] Sequential element (u_sinusoid/mult_reg_reg[39]) is unused and will be removed from module sequence_top.
WARNING: [Synth 8-3332] Sequential element (u_sinusoid/mult_reg_reg[38]) is unused and will be removed from module sequence_top.
WARNING: [Synth 8-3332] Sequential element (u_sinusoid/mult_reg_reg[37]) is unused and will be removed from module sequence_top.
WARNING: [Synth 8-3332] Sequential element (u_sinusoid/mult_reg_reg[36]) is unused and will be removed from module sequence_top.
WARNING: [Synth 8-3332] Sequential element (u_sinusoid/mult_reg_reg[35]) is unused and will be removed from module sequence_top.
WARNING: [Synth 8-3332] Sequential element (u_sinusoid/mult_reg_reg[34]) is unused and will be removed from module sequence_top.
WARNING: [Synth 8-3332] Sequential element (u_sinusoid/mult_reg_reg[33]) is unused and will be removed from module sequence_top.
WARNING: [Synth 8-3332] Sequential element (u_sinusoid/mult_reg_reg[32]) is unused and will be removed from module sequence_top.
WARNING: [Synth 8-3332] Sequential element (u_sinusoid/mult_reg_reg[31]) is unused and will be removed from module sequence_top.
WARNING: [Synth 8-3332] Sequential element (u_sinusoid/mult_reg_reg[30]) is unused and will be removed from module sequence_top.
WARNING: [Synth 8-3332] Sequential element (u_sinusoid/mult_reg_reg[29]) is unused and will be removed from module sequence_top.
WARNING: [Synth 8-3332] Sequential element (u_sinusoid/mult_reg_reg[28]) is unused and will be removed from module sequence_top.
WARNING: [Synth 8-3332] Sequential element (u_sinusoid/mult_reg_reg[27]) is unused and will be removed from module sequence_top.
WARNING: [Synth 8-3332] Sequential element (u_sinusoid/mult_reg_reg[26]) is unused and will be removed from module sequence_top.
WARNING: [Synth 8-3332] Sequential element (u_sinusoid/mult_reg_reg[25]) is unused and will be removed from module sequence_top.
WARNING: [Synth 8-3332] Sequential element (u_sinusoid/mult_reg_reg[24]) is unused and will be removed from module sequence_top.
WARNING: [Synth 8-3332] Sequential element (u_sinusoid/mult_reg_reg[23]) is unused and will be removed from module sequence_top.
WARNING: [Synth 8-3332] Sequential element (u_sinusoid/mult_reg_reg[22]) is unused and will be removed from module sequence_top.
WARNING: [Synth 8-3332] Sequential element (u_sinusoid/mult_reg_reg[21]) is unused and will be removed from module sequence_top.
WARNING: [Synth 8-3332] Sequential element (u_sinusoid/mult_reg_reg[20]) is unused and will be removed from module sequence_top.
WARNING: [Synth 8-3332] Sequential element (u_sinusoid/mult_reg_reg[19]) is unused and will be removed from module sequence_top.
WARNING: [Synth 8-3332] Sequential element (u_sinusoid/mult_reg_reg[18]) is unused and will be removed from module sequence_top.
WARNING: [Synth 8-3332] Sequential element (u_sinusoid/mult_reg_reg[17]) is unused and will be removed from module sequence_top.
WARNING: [Synth 8-3332] Sequential element (u_sinusoid/mult_reg_reg[12]) is unused and will be removed from module sequence_top.
WARNING: [Synth 8-3332] Sequential element (u_sinusoid/mult_reg_reg[11]) is unused and will be removed from module sequence_top.
WARNING: [Synth 8-3332] Sequential element (u_sinusoid/mult_reg_reg[10]) is unused and will be removed from module sequence_top.
WARNING: [Synth 8-3332] Sequential element (u_sinusoid/mult_reg_reg[9]) is unused and will be removed from module sequence_top.
WARNING: [Synth 8-3332] Sequential element (u_sinusoid/mult_reg_reg[8]) is unused and will be removed from module sequence_top.
WARNING: [Synth 8-3332] Sequential element (u_sinusoid/mult_reg_reg[7]) is unused and will be removed from module sequence_top.
WARNING: [Synth 8-3332] Sequential element (u_sinusoid/mult_reg_reg[6]) is unused and will be removed from module sequence_top.
WARNING: [Synth 8-3332] Sequential element (u_sinusoid/mult_reg_reg[5]) is unused and will be removed from module sequence_top.
WARNING: [Synth 8-3332] Sequential element (u_sinusoid/mult_reg_reg[4]) is unused and will be removed from module sequence_top.
WARNING: [Synth 8-3332] Sequential element (u_sinusoid/mult_reg_reg[3]) is unused and will be removed from module sequence_top.
WARNING: [Synth 8-3332] Sequential element (u_sinusoid/mult_reg_reg[2]) is unused and will be removed from module sequence_top.
WARNING: [Synth 8-3332] Sequential element (u_sinusoid/mult_reg_reg[1]) is unused and will be removed from module sequence_top.
WARNING: [Synth 8-3332] Sequential element (u_sinusoid/mult_reg_reg[0]) is unused and will be removed from module sequence_top.
---------------------------------------------------------------------------------
Finished Cross Boundary and Area Optimization : Time (s): cpu = 00:01:06 ; elapsed = 00:01:09 . Memory (MB): peak = 1780.629 ; gain = 1033.543
---------------------------------------------------------------------------------
WARNING: [Synth 8-3323] Resources of type DSP have been overutilized. Used = 97, Available = 80. Use report_utilization command for details.
 Sort Area is top__GCB0 p_1_out_27 : 0 0 : 2570 2570 : Used 1 time 100
 Sort Area is top__GCB0 p_1_out_2e : 0 0 : 2570 2570 : Used 1 time 100
 Sort Area is top__GCB0 p_1_out_2f : 0 0 : 2570 2570 : Used 1 time 100
 Sort Area is top__GCB0 linienmodule_fast_a_iir0_z00_f : 0 0 : 3449 4806 : Used 1 time 0
 Sort Area is top__GCB0 linienmodule_fast_a_iir0_z00_f : 0 1 : 1357 4806 : Used 1 time 0
 Sort Area is top__GCB0 linienmodule_fast_a_iir0_z10_10 : 0 0 : 3449 4806 : Used 1 time 0
 Sort Area is top__GCB0 linienmodule_fast_a_iir0_z10_10 : 0 1 : 1357 4806 : Used 1 time 0
 Sort Area is top__GCB0 linienmodule_fast_a_iir0_z20_11 : 0 0 : 3449 4806 : Used 1 time 0
 Sort Area is top__GCB0 linienmodule_fast_a_iir0_z20_11 : 0 1 : 1357 4806 : Used 1 time 0
 Sort Area is top__GCB0 linienmodule_fast_a_iir0_z30_12 : 0 0 : 3449 4806 : Used 1 time 0
 Sort Area is top__GCB0 linienmodule_fast_a_iir0_z30_12 : 0 1 : 1357 4806 : Used 1 time 0
 Sort Area is top__GCB0 linienmodule_fast_a_iir0_z40_13 : 0 0 : 3449 4806 : Used 1 time 0
 Sort Area is top__GCB0 linienmodule_fast_a_iir0_z40_13 : 0 1 : 1357 4806 : Used 1 time 0
 Sort Area is top__GCB0 linienmodule_fast_a_iir0_z50_14 : 0 0 : 3449 4806 : Used 1 time 0
 Sort Area is top__GCB0 linienmodule_fast_a_iir0_z50_14 : 0 1 : 1357 4806 : Used 1 time 0
 Sort Area is top__GCB0 linienmodule_fast_a_iir0_z60_15 : 0 0 : 3449 4806 : Used 1 time 0
 Sort Area is top__GCB0 linienmodule_fast_a_iir0_z60_15 : 0 1 : 1357 4806 : Used 1 time 0
 Sort Area is top__GCB0 linienmodule_fast_a_iir0_z70_16 : 0 0 : 3449 4806 : Used 1 time 0
 Sort Area is top__GCB0 linienmodule_fast_a_iir0_z70_16 : 0 1 : 1357 4806 : Used 1 time 0
 Sort Area is top__GCB0 linienmodule_fast_a_iir1_z00_17 : 0 0 : 3449 4806 : Used 1 time 0
 Sort Area is top__GCB0 linienmodule_fast_a_iir1_z00_17 : 0 1 : 1357 4806 : Used 1 time 0
 Sort Area is top__GCB0 linienmodule_fast_a_iir1_z10_18 : 0 0 : 3449 4806 : Used 1 time 0
 Sort Area is top__GCB0 linienmodule_fast_a_iir1_z10_18 : 0 1 : 1357 4806 : Used 1 time 0
 Sort Area is top__GCB0 linienmodule_fast_a_iir1_z20_19 : 0 0 : 3449 4806 : Used 1 time 0
 Sort Area is top__GCB0 linienmodule_fast_a_iir1_z20_19 : 0 1 : 1357 4806 : Used 1 time 0
 Sort Area is top__GCB0 linienmodule_fast_a_iir1_z30_1a : 0 0 : 3449 4806 : Used 1 time 0
 Sort Area is top__GCB0 linienmodule_fast_a_iir1_z30_1a : 0 1 : 1357 4806 : Used 1 time 0
 Sort Area is top__GCB0 linienmodule_fast_a_iir1_z40_1b : 0 0 : 3449 4806 : Used 1 time 0
 Sort Area is top__GCB0 linienmodule_fast_a_iir1_z40_1b : 0 1 : 1357 4806 : Used 1 time 0
 Sort Area is top__GCB0 linienmodule_fast_a_iir1_z50_1c : 0 0 : 3449 4806 : Used 1 time 0
 Sort Area is top__GCB0 linienmodule_fast_a_iir1_z50_1c : 0 1 : 1357 4806 : Used 1 time 0
 Sort Area is top__GCB0 linienmodule_fast_a_iir1_z60_1d : 0 0 : 3449 4806 : Used 1 time 0
 Sort Area is top__GCB0 linienmodule_fast_a_iir1_z60_1d : 0 1 : 1357 4806 : Used 1 time 0
 Sort Area is top__GCB0 linienmodule_fast_a_iir1_z70_1e : 0 0 : 3449 4806 : Used 1 time 0
 Sort Area is top__GCB0 linienmodule_fast_a_iir1_z70_1e : 0 1 : 1357 4806 : Used 1 time 0
 Sort Area is top__GCB0 linienmodule_fast_b_iir0_z00_7 : 0 0 : 3449 4806 : Used 1 time 0
 Sort Area is top__GCB0 linienmodule_fast_b_iir0_z00_7 : 0 1 : 1357 4806 : Used 1 time 0
 Sort Area is top__GCB0 linienmodule_fast_b_iir0_z10_8 : 0 0 : 3449 4806 : Used 1 time 0
 Sort Area is top__GCB0 linienmodule_fast_b_iir0_z10_8 : 0 1 : 1357 4806 : Used 1 time 0
 Sort Area is top__GCB0 linienmodule_fast_b_iir0_z20_9 : 0 0 : 3449 4806 : Used 1 time 0
 Sort Area is top__GCB0 linienmodule_fast_b_iir0_z20_9 : 0 1 : 1357 4806 : Used 1 time 0
 Sort Area is top__GCB0 linienmodule_fast_b_iir0_z30_a : 0 0 : 3449 4806 : Used 1 time 0
 Sort Area is top__GCB0 linienmodule_fast_b_iir0_z30_a : 0 1 : 1357 4806 : Used 1 time 0
 Sort Area is top__GCB0 linienmodule_fast_b_iir0_z40_b : 0 0 : 3449 4806 : Used 1 time 0
 Sort Area is top__GCB0 linienmodule_fast_b_iir0_z40_b : 0 1 : 1357 4806 : Used 1 time 0
 Sort Area is top__GCB0 linienmodule_fast_b_iir0_z50_c : 0 0 : 3449 4806 : Used 1 time 0
 Sort Area is top__GCB0 linienmodule_fast_b_iir0_z50_c : 0 1 : 1357 4806 : Used 1 time 0
 Sort Area is top__GCB0 linienmodule_fast_b_iir0_z60_d : 0 0 : 3449 4806 : Used 1 time 0
 Sort Area is top__GCB0 linienmodule_fast_b_iir0_z60_d : 0 1 : 1357 4806 : Used 1 time 0
 Sort Area is top__GCB0 linienmodule_fast_b_iir0_z70_e : 0 0 : 3449 4806 : Used 1 time 0
 Sort Area is top__GCB0 linienmodule_fast_b_iir0_z70_e : 0 1 : 1357 4806 : Used 1 time 0
 Sort Area is top__GCB0 linienmodule_fast_b_iir1_z00_1f : 0 0 : 3449 4806 : Used 1 time 0
 Sort Area is top__GCB0 linienmodule_fast_b_iir1_z00_1f : 0 1 : 1357 4806 : Used 1 time 0
 Sort Area is top__GCB0 linienmodule_fast_b_iir1_z10_20 : 0 0 : 3449 4806 : Used 1 time 0
 Sort Area is top__GCB0 linienmodule_fast_b_iir1_z10_20 : 0 1 : 1357 4806 : Used 1 time 0
 Sort Area is top__GCB0 linienmodule_fast_b_iir1_z20_21 : 0 0 : 3449 4806 : Used 1 time 0
 Sort Area is top__GCB0 linienmodule_fast_b_iir1_z20_21 : 0 1 : 1357 4806 : Used 1 time 0
 Sort Area is top__GCB0 linienmodule_fast_b_iir1_z30_22 : 0 0 : 3449 4806 : Used 1 time 0
 Sort Area is top__GCB0 linienmodule_fast_b_iir1_z30_22 : 0 1 : 1357 4806 : Used 1 time 0
 Sort Area is top__GCB0 linienmodule_fast_b_iir1_z40_23 : 0 0 : 3449 4806 : Used 1 time 0
 Sort Area is top__GCB0 linienmodule_fast_b_iir1_z40_23 : 0 1 : 1357 4806 : Used 1 time 0
 Sort Area is top__GCB0 linienmodule_fast_b_iir1_z50_24 : 0 0 : 3449 4806 : Used 1 time 0
 Sort Area is top__GCB0 linienmodule_fast_b_iir1_z50_24 : 0 1 : 1357 4806 : Used 1 time 0
 Sort Area is top__GCB0 linienmodule_fast_b_iir1_z60_25 : 0 0 : 3449 4806 : Used 1 time 0
 Sort Area is top__GCB0 linienmodule_fast_b_iir1_z60_25 : 0 1 : 1357 4806 : Used 1 time 0
 Sort Area is top__GCB0 linienmodule_fast_b_iir1_z70_26 : 0 0 : 3449 4806 : Used 1 time 0
 Sort Area is top__GCB0 linienmodule_fast_b_iir1_z70_26 : 0 1 : 1357 4806 : Used 1 time 0
 Sort Area is top__GCB2 linienmodule_raw_acquisition_iir_z00_37 : 0 0 : 3449 4806 : Used 1 time 0
 Sort Area is top__GCB2 linienmodule_raw_acquisition_iir_z00_37 : 0 1 : 1357 4806 : Used 1 time 0
 Sort Area is top__GCB0 linienmodule_raw_acquisition_iir_z100_6 : 0 0 : 3449 4806 : Used 1 time 0
 Sort Area is top__GCB0 linienmodule_raw_acquisition_iir_z100_6 : 0 1 : 1357 4806 : Used 1 time 0
 Sort Area is top__GCB2 linienmodule_raw_acquisition_iir_z10_38 : 0 0 : 3449 4806 : Used 1 time 0
 Sort Area is top__GCB2 linienmodule_raw_acquisition_iir_z10_38 : 0 1 : 1357 4806 : Used 1 time 0
 Sort Area is top__GCB2 linienmodule_raw_acquisition_iir_z20_39 : 0 0 : 3449 4806 : Used 1 time 0
 Sort Area is top__GCB2 linienmodule_raw_acquisition_iir_z20_39 : 0 1 : 1357 4806 : Used 1 time 0
 Sort Area is top__GCB2 linienmodule_raw_acquisition_iir_z30_3a : 0 0 : 3449 4806 : Used 1 time 0
 Sort Area is top__GCB2 linienmodule_raw_acquisition_iir_z30_3a : 0 1 : 1357 4806 : Used 1 time 0
 Sort Area is top__GCB2 linienmodule_raw_acquisition_iir_z40_3b : 0 0 : 3449 4806 : Used 1 time 0
 Sort Area is top__GCB2 linienmodule_raw_acquisition_iir_z40_3b : 0 1 : 1357 4806 : Used 1 time 0
 Sort Area is top__GCB2 linienmodule_raw_acquisition_iir_z50_3c : 0 0 : 3449 4806 : Used 1 time 0
 Sort Area is top__GCB2 linienmodule_raw_acquisition_iir_z50_3c : 0 1 : 1357 4806 : Used 1 time 0
 Sort Area is top__GCB0 linienmodule_raw_acquisition_iir_z60_0 : 0 0 : 3449 4806 : Used 1 time 0
 Sort Area is top__GCB0 linienmodule_raw_acquisition_iir_z60_0 : 0 1 : 1357 4806 : Used 1 time 0
 Sort Area is top__GCB0 linienmodule_raw_acquisition_iir_z70_3 : 0 0 : 3449 4806 : Used 1 time 0
 Sort Area is top__GCB0 linienmodule_raw_acquisition_iir_z70_3 : 0 1 : 1357 4806 : Used 1 time 0
 Sort Area is top__GCB0 linienmodule_raw_acquisition_iir_z80_4 : 0 0 : 3449 4806 : Used 1 time 0
 Sort Area is top__GCB0 linienmodule_raw_acquisition_iir_z80_4 : 0 1 : 1357 4806 : Used 1 time 0
 Sort Area is top__GCB0 linienmodule_raw_acquisition_iir_z90_5 : 0 0 : 3449 4806 : Used 1 time 0
 Sort Area is top__GCB0 linienmodule_raw_acquisition_iir_z90_5 : 0 1 : 1357 4806 : Used 1 time 0
 Sort Area is top__GCB2 mult_reg0_30 : 0 0 : 2027 3813 : Used 1 time 0
 Sort Area is top__GCB2 mult_reg0_30 : 0 1 : 1786 3813 : Used 1 time 0
 Sort Area is top__GCB0 linienmodule_mixed2_2b : 0 0 : 1654 1959 : Used 1 time 0
 Sort Area is top__GCB0 linienmodule_mixed2_2b : 0 1 : 305 1959 : Used 1 time 0
 Sort Area is top__GCB0 linienmodule_mixed2_29 : 0 0 : 1619 1619 : Used 1 time 0
 Sort Area is top__GCB2 linienmodule_slowchain_kd_mult_35 : 0 0 : 1578 1578 : Used 1 time 0
 Sort Area is top__GCB2 linienmodule_slowchain_ki_mult0_36 : 0 0 : 1578 1578 : Used 1 time 0
 Sort Area is top__GCB2 linienmodule_slowchain_kp_mult_33 : 0 0 : 1578 1578 : Used 1 time 0
 DSP resource Status: linienmodule_fast_a_iir1_z20_19 0 4806 3449: Used 1 time : Accepted (24 < 80) uniquify 0 
 DSP resource Status: linienmodule_fast_a_iir1_z20_19 1 4806 1357: Used 1 time : Accepted (25 < 80) uniquify 0 
 DSP resource Status: linienmodule_fast_b_iir1_z20_21 0 4806 3449: Used 1 time : Accepted (56 < 80) uniquify 0 
 DSP resource Status: linienmodule_fast_b_iir1_z20_21 1 4806 1357: Used 1 time : Accepted (57 < 80) uniquify 0 
 DSP resource Status: linienmodule_raw_acquisition_iir_z100_6 0 4806 3449: Used 1 time : Accepted (70 < 80) uniquify 0 
 DSP resource Status: linienmodule_raw_acquisition_iir_z100_6 1 4806 1357: Used 1 time : Accepted (71 < 80) uniquify 0 
 DSP resource Status: linienmodule_raw_acquisition_iir_z90_5 0 4806 3449: Used 1 time : Rejected (88 > 80) uniquify 0 
 DSP resource Status: linienmodule_raw_acquisition_iir_z90_5 1 4806 1357: Used 1 time : Rejected (89 > 80) uniquify 0 
 DSP resource Status: linienmodule_raw_acquisition_iir_z80_4 0 4806 3449: Used 1 time : Rejected (86 > 80) uniquify 0 
 DSP resource Status: linienmodule_raw_acquisition_iir_z80_4 1 4806 1357: Used 1 time : Rejected (87 > 80) uniquify 0 
 DSP resource Status: linienmodule_raw_acquisition_iir_z70_3 0 4806 3449: Used 1 time : Rejected (84 > 80) uniquify 0 
 DSP resource Status: linienmodule_raw_acquisition_iir_z70_3 1 4806 1357: Used 1 time : Rejected (85 > 80) uniquify 0 
 DSP resource Status: linienmodule_raw_acquisition_iir_z60_0 0 4806 3449: Used 1 time : Rejected (82 > 80) uniquify 0 
 DSP resource Status: linienmodule_raw_acquisition_iir_z60_0 1 4806 1357: Used 1 time : Rejected (83 > 80) uniquify 0 
 DSP resource Status: linienmodule_fast_b_iir1_z10_20 0 4806 3449: Used 1 time : Accepted (54 < 80) uniquify 0 
 DSP resource Status: linienmodule_fast_b_iir1_z10_20 1 4806 1357: Used 1 time : Accepted (55 < 80) uniquify 0 
 DSP resource Status: linienmodule_fast_b_iir1_z00_1f 0 4806 3449: Used 1 time : Accepted (52 < 80) uniquify 0 
 DSP resource Status: linienmodule_fast_b_iir1_z00_1f 1 4806 1357: Used 1 time : Accepted (53 < 80) uniquify 0 
 DSP resource Status: linienmodule_fast_b_iir1_z70_26 0 4806 3449: Used 1 time : Accepted (66 < 80) uniquify 0 
 DSP resource Status: linienmodule_fast_b_iir1_z70_26 1 4806 1357: Used 1 time : Accepted (67 < 80) uniquify 0 
 DSP resource Status: linienmodule_fast_b_iir1_z60_25 0 4806 3449: Used 1 time : Accepted (64 < 80) uniquify 0 
 DSP resource Status: linienmodule_fast_b_iir1_z60_25 1 4806 1357: Used 1 time : Accepted (65 < 80) uniquify 0 
 DSP resource Status: linienmodule_fast_b_iir1_z50_24 0 4806 3449: Used 1 time : Accepted (62 < 80) uniquify 0 
 DSP resource Status: linienmodule_fast_b_iir1_z50_24 1 4806 1357: Used 1 time : Accepted (63 < 80) uniquify 0 
 DSP resource Status: linienmodule_fast_b_iir1_z40_23 0 4806 3449: Used 1 time : Accepted (60 < 80) uniquify 0 
 DSP resource Status: linienmodule_fast_b_iir1_z40_23 1 4806 1357: Used 1 time : Accepted (61 < 80) uniquify 0 
 DSP resource Status: linienmodule_fast_b_iir1_z30_22 0 4806 3449: Used 1 time : Accepted (58 < 80) uniquify 0 
 DSP resource Status: linienmodule_fast_b_iir1_z30_22 1 4806 1357: Used 1 time : Accepted (59 < 80) uniquify 0 
 DSP resource Status: linienmodule_fast_b_iir0_z20_9 0 4806 3449: Used 1 time : Accepted (40 < 80) uniquify 0 
 DSP resource Status: linienmodule_fast_b_iir0_z20_9 1 4806 1357: Used 1 time : Accepted (41 < 80) uniquify 0 
 DSP resource Status: linienmodule_fast_b_iir0_z10_8 0 4806 3449: Used 1 time : Accepted (38 < 80) uniquify 0 
 DSP resource Status: linienmodule_fast_b_iir0_z10_8 1 4806 1357: Used 1 time : Accepted (39 < 80) uniquify 0 
 DSP resource Status: linienmodule_fast_b_iir0_z00_7 0 4806 3449: Used 1 time : Accepted (36 < 80) uniquify 0 
 DSP resource Status: linienmodule_fast_b_iir0_z00_7 1 4806 1357: Used 1 time : Accepted (37 < 80) uniquify 0 
 DSP resource Status: linienmodule_fast_b_iir0_z70_e 0 4806 3449: Used 1 time : Accepted (50 < 80) uniquify 0 
 DSP resource Status: linienmodule_fast_b_iir0_z70_e 1 4806 1357: Used 1 time : Accepted (51 < 80) uniquify 0 
 DSP resource Status: linienmodule_fast_b_iir0_z60_d 0 4806 3449: Used 1 time : Accepted (48 < 80) uniquify 0 
 DSP resource Status: linienmodule_fast_b_iir0_z60_d 1 4806 1357: Used 1 time : Accepted (49 < 80) uniquify 0 
 DSP resource Status: linienmodule_fast_b_iir0_z50_c 0 4806 3449: Used 1 time : Accepted (46 < 80) uniquify 0 
 DSP resource Status: linienmodule_fast_b_iir0_z50_c 1 4806 1357: Used 1 time : Accepted (47 < 80) uniquify 0 
 DSP resource Status: linienmodule_fast_b_iir0_z40_b 0 4806 3449: Used 1 time : Accepted (44 < 80) uniquify 0 
 DSP resource Status: linienmodule_fast_b_iir0_z40_b 1 4806 1357: Used 1 time : Accepted (45 < 80) uniquify 0 
 DSP resource Status: linienmodule_fast_b_iir0_z30_a 0 4806 3449: Used 1 time : Accepted (42 < 80) uniquify 0 
 DSP resource Status: linienmodule_fast_b_iir0_z30_a 1 4806 1357: Used 1 time : Accepted (43 < 80) uniquify 0 
 DSP resource Status: linienmodule_fast_a_iir1_z10_18 0 4806 3449: Used 1 time : Accepted (22 < 80) uniquify 0 
 DSP resource Status: linienmodule_fast_a_iir1_z10_18 1 4806 1357: Used 1 time : Accepted (23 < 80) uniquify 0 
 DSP resource Status: linienmodule_fast_a_iir1_z00_17 0 4806 3449: Used 1 time : Accepted (20 < 80) uniquify 0 
 DSP resource Status: linienmodule_fast_a_iir1_z00_17 1 4806 1357: Used 1 time : Accepted (21 < 80) uniquify 0 
 DSP resource Status: linienmodule_fast_a_iir1_z70_1e 0 4806 3449: Used 1 time : Accepted (34 < 80) uniquify 0 
 DSP resource Status: linienmodule_fast_a_iir1_z70_1e 1 4806 1357: Used 1 time : Accepted (35 < 80) uniquify 0 
 DSP resource Status: linienmodule_fast_a_iir1_z60_1d 0 4806 3449: Used 1 time : Accepted (32 < 80) uniquify 0 
 DSP resource Status: linienmodule_fast_a_iir1_z60_1d 1 4806 1357: Used 1 time : Accepted (33 < 80) uniquify 0 
 DSP resource Status: linienmodule_fast_a_iir1_z50_1c 0 4806 3449: Used 1 time : Accepted (30 < 80) uniquify 0 
 DSP resource Status: linienmodule_fast_a_iir1_z50_1c 1 4806 1357: Used 1 time : Accepted (31 < 80) uniquify 0 
 DSP resource Status: linienmodule_fast_a_iir1_z40_1b 0 4806 3449: Used 1 time : Accepted (28 < 80) uniquify 0 
 DSP resource Status: linienmodule_fast_a_iir1_z40_1b 1 4806 1357: Used 1 time : Accepted (29 < 80) uniquify 0 
 DSP resource Status: linienmodule_fast_a_iir1_z30_1a 0 4806 3449: Used 1 time : Accepted (26 < 80) uniquify 0 
 DSP resource Status: linienmodule_fast_a_iir1_z30_1a 1 4806 1357: Used 1 time : Accepted (27 < 80) uniquify 0 
 DSP resource Status: linienmodule_fast_a_iir0_z20_11 0 4806 3449: Used 1 time : Accepted (8 < 80) uniquify 0 
 DSP resource Status: linienmodule_fast_a_iir0_z20_11 1 4806 1357: Used 1 time : Accepted (9 < 80) uniquify 0 
 DSP resource Status: linienmodule_fast_a_iir0_z10_10 0 4806 3449: Used 1 time : Accepted (6 < 80) uniquify 0 
 DSP resource Status: linienmodule_fast_a_iir0_z10_10 1 4806 1357: Used 1 time : Accepted (7 < 80) uniquify 0 
 DSP resource Status: linienmodule_fast_a_iir0_z00_f 0 4806 3449: Used 1 time : Accepted (4 < 80) uniquify 0 
 DSP resource Status: linienmodule_fast_a_iir0_z00_f 1 4806 1357: Used 1 time : Accepted (5 < 80) uniquify 0 
 DSP resource Status: linienmodule_fast_a_iir0_z70_16 0 4806 3449: Used 1 time : Accepted (18 < 80) uniquify 0 
 DSP resource Status: linienmodule_fast_a_iir0_z70_16 1 4806 1357: Used 1 time : Accepted (19 < 80) uniquify 0 
 DSP resource Status: linienmodule_fast_a_iir0_z60_15 0 4806 3449: Used 1 time : Accepted (16 < 80) uniquify 0 
 DSP resource Status: linienmodule_fast_a_iir0_z60_15 1 4806 1357: Used 1 time : Accepted (17 < 80) uniquify 0 
 DSP resource Status: linienmodule_fast_a_iir0_z50_14 0 4806 3449: Used 1 time : Accepted (14 < 80) uniquify 0 
 DSP resource Status: linienmodule_fast_a_iir0_z50_14 1 4806 1357: Used 1 time : Accepted (15 < 80) uniquify 0 
 DSP resource Status: linienmodule_fast_a_iir0_z40_13 0 4806 3449: Used 1 time : Accepted (12 < 80) uniquify 0 
 DSP resource Status: linienmodule_fast_a_iir0_z40_13 1 4806 1357: Used 1 time : Accepted (13 < 80) uniquify 0 
 DSP resource Status: linienmodule_fast_a_iir0_z30_12 0 4806 3449: Used 1 time : Accepted (10 < 80) uniquify 0 
 DSP resource Status: linienmodule_fast_a_iir0_z30_12 1 4806 1357: Used 1 time : Accepted (11 < 80) uniquify 0 
 DSP resource Status: p_1_out_27 0 2570 2570: Used 1 time : Accepted (1 < 80) uniquify 0 
 DSP resource Status: linienmodule_mixed2_2b 0 1959 1654: Used 1 time : Rejected (92 > 80) uniquify 0 
 DSP resource Status: linienmodule_mixed2_29 0 1619 1619: Used 1 time : Rejected (94 > 80) uniquify 0 
 DSP resource Status: linienmodule_mixed2_2b 1 1959 305: Used 1 time : Rejected (93 > 80) uniquify 0 
 DSP resource Status: p_1_out_2e 0 2570 2570: Used 1 time : Accepted (2 < 80) uniquify 0 
 DSP resource Status: p_1_out_2f 0 2570 2570: Used 1 time : Accepted (3 < 80) uniquify 0 
DSP Report: Generating DSP linienmodule_fast_a_iir1_z20, operation Mode is (post resource management): A2*B2.
DSP Report: register linienmodule_fast_a_iir1_z20 is absorbed into DSP linienmodule_fast_a_iir1_z20.
DSP Report: register linienmodule_fast_a_iir1_a10_reg is absorbed into DSP linienmodule_fast_a_iir1_z20.
DSP Report: operator linienmodule_fast_a_iir1_z20 is absorbed into DSP linienmodule_fast_a_iir1_z20.
DSP Report: operator linienmodule_fast_a_iir1_z20 is absorbed into DSP linienmodule_fast_a_iir1_z20.
DSP Report: Generating DSP linienmodule_fast_a_iir1_z20, operation Mode is (post resource management): (PCIN>>17)+A2*B2.
DSP Report: register linienmodule_fast_a_iir1_y0_reg is absorbed into DSP linienmodule_fast_a_iir1_z20.
DSP Report: register linienmodule_fast_a_iir1_a10_reg is absorbed into DSP linienmodule_fast_a_iir1_z20.
DSP Report: operator linienmodule_fast_a_iir1_z20 is absorbed into DSP linienmodule_fast_a_iir1_z20.
DSP Report: operator linienmodule_fast_a_iir1_z20 is absorbed into DSP linienmodule_fast_a_iir1_z20.
DSP Report: Generating DSP linienmodule_fast_b_iir1_z20, operation Mode is (post resource management): A2*B2.
DSP Report: register linienmodule_fast_b_iir1_z20 is absorbed into DSP linienmodule_fast_b_iir1_z20.
DSP Report: register linienmodule_fast_b_iir1_a10_reg is absorbed into DSP linienmodule_fast_b_iir1_z20.
DSP Report: operator linienmodule_fast_b_iir1_z20 is absorbed into DSP linienmodule_fast_b_iir1_z20.
DSP Report: operator linienmodule_fast_b_iir1_z20 is absorbed into DSP linienmodule_fast_b_iir1_z20.
DSP Report: Generating DSP linienmodule_fast_b_iir1_z20, operation Mode is (post resource management): (PCIN>>17)+A2*B2.
DSP Report: register linienmodule_fast_b_iir1_y0_reg is absorbed into DSP linienmodule_fast_b_iir1_z20.
DSP Report: register linienmodule_fast_b_iir1_a10_reg is absorbed into DSP linienmodule_fast_b_iir1_z20.
DSP Report: operator linienmodule_fast_b_iir1_z20 is absorbed into DSP linienmodule_fast_b_iir1_z20.
DSP Report: operator linienmodule_fast_b_iir1_z20 is absorbed into DSP linienmodule_fast_b_iir1_z20.
DSP Report: Generating DSP linienmodule_raw_acquisition_iir_z100, operation Mode is (post resource management): A2*B2.
DSP Report: register linienmodule_raw_acquisition_iir_z100 is absorbed into DSP linienmodule_raw_acquisition_iir_z100.
DSP Report: register linienmodule_raw_acquisition_iir_a1_reg is absorbed into DSP linienmodule_raw_acquisition_iir_z100.
DSP Report: operator linienmodule_raw_acquisition_iir_z100 is absorbed into DSP linienmodule_raw_acquisition_iir_z100.
DSP Report: operator linienmodule_raw_acquisition_iir_z100 is absorbed into DSP linienmodule_raw_acquisition_iir_z100.
DSP Report: Generating DSP linienmodule_raw_acquisition_iir_z100, operation Mode is (post resource management): (PCIN>>17)+A2*B2.
DSP Report: register linienmodule_raw_acquisition_iir_y_reg is absorbed into DSP linienmodule_raw_acquisition_iir_z100.
DSP Report: register linienmodule_raw_acquisition_iir_a1_reg is absorbed into DSP linienmodule_raw_acquisition_iir_z100.
DSP Report: operator linienmodule_raw_acquisition_iir_z100 is absorbed into DSP linienmodule_raw_acquisition_iir_z100.
DSP Report: operator linienmodule_raw_acquisition_iir_z100 is absorbed into DSP linienmodule_raw_acquisition_iir_z100.
DSP Report: Generating DSP linienmodule_fast_b_iir1_z10, operation Mode is (post resource management): A2*B2.
DSP Report: register linienmodule_fast_b_iir1_z10 is absorbed into DSP linienmodule_fast_b_iir1_z10.
DSP Report: register linienmodule_fast_b_iir1_b00_reg is absorbed into DSP linienmodule_fast_b_iir1_z10.
DSP Report: operator linienmodule_fast_b_iir1_z10 is absorbed into DSP linienmodule_fast_b_iir1_z10.
DSP Report: operator linienmodule_fast_b_iir1_z10 is absorbed into DSP linienmodule_fast_b_iir1_z10.
DSP Report: Generating DSP linienmodule_fast_b_iir1_z10, operation Mode is (post resource management): (PCIN>>17)+A2*B2.
DSP Report: register linienmodule_fast_b_limitcsr1_limitcsr1_y0_reg is absorbed into DSP linienmodule_fast_b_iir1_z10.
DSP Report: register linienmodule_fast_b_iir1_b00_reg is absorbed into DSP linienmodule_fast_b_iir1_z10.
DSP Report: operator linienmodule_fast_b_iir1_z10 is absorbed into DSP linienmodule_fast_b_iir1_z10.
DSP Report: operator linienmodule_fast_b_iir1_z10 is absorbed into DSP linienmodule_fast_b_iir1_z10.
DSP Report: Generating DSP linienmodule_fast_b_iir1_z00, operation Mode is (post resource management): A2*B2.
DSP Report: register linienmodule_fast_b_iir1_z00 is absorbed into DSP linienmodule_fast_b_iir1_z00.
DSP Report: register linienmodule_fast_b_iir1_b10_reg is absorbed into DSP linienmodule_fast_b_iir1_z00.
DSP Report: operator linienmodule_fast_b_iir1_z00 is absorbed into DSP linienmodule_fast_b_iir1_z00.
DSP Report: operator linienmodule_fast_b_iir1_z00 is absorbed into DSP linienmodule_fast_b_iir1_z00.
DSP Report: Generating DSP linienmodule_fast_b_iir1_z00, operation Mode is (post resource management): (PCIN>>17)+A2*B2.
DSP Report: register linienmodule_fast_b_limitcsr1_limitcsr1_y0_reg is absorbed into DSP linienmodule_fast_b_iir1_z00.
DSP Report: register linienmodule_fast_b_iir1_b10_reg is absorbed into DSP linienmodule_fast_b_iir1_z00.
DSP Report: operator linienmodule_fast_b_iir1_z00 is absorbed into DSP linienmodule_fast_b_iir1_z00.
DSP Report: operator linienmodule_fast_b_iir1_z00 is absorbed into DSP linienmodule_fast_b_iir1_z00.
DSP Report: Generating DSP linienmodule_fast_b_iir1_z70, operation Mode is (post resource management): A2*B2.
DSP Report: register linienmodule_fast_b_iir1_z70 is absorbed into DSP linienmodule_fast_b_iir1_z70.
DSP Report: register linienmodule_fast_b_iir1_a11_reg is absorbed into DSP linienmodule_fast_b_iir1_z70.
DSP Report: operator linienmodule_fast_b_iir1_z70 is absorbed into DSP linienmodule_fast_b_iir1_z70.
DSP Report: operator linienmodule_fast_b_iir1_z70 is absorbed into DSP linienmodule_fast_b_iir1_z70.
DSP Report: Generating DSP linienmodule_fast_b_iir1_z70, operation Mode is (post resource management): (PCIN>>17)+A2*B2.
DSP Report: register linienmodule_fast_b_iir1_y1_reg is absorbed into DSP linienmodule_fast_b_iir1_z70.
DSP Report: register linienmodule_fast_b_iir1_a11_reg is absorbed into DSP linienmodule_fast_b_iir1_z70.
DSP Report: operator linienmodule_fast_b_iir1_z70 is absorbed into DSP linienmodule_fast_b_iir1_z70.
DSP Report: operator linienmodule_fast_b_iir1_z70 is absorbed into DSP linienmodule_fast_b_iir1_z70.
DSP Report: Generating DSP linienmodule_fast_b_iir1_z60, operation Mode is (post resource management): A2*B2.
DSP Report: register linienmodule_fast_b_iir1_z60 is absorbed into DSP linienmodule_fast_b_iir1_z60.
DSP Report: register linienmodule_fast_b_iir1_a2_reg is absorbed into DSP linienmodule_fast_b_iir1_z60.
DSP Report: operator linienmodule_fast_b_iir1_z60 is absorbed into DSP linienmodule_fast_b_iir1_z60.
DSP Report: operator linienmodule_fast_b_iir1_z60 is absorbed into DSP linienmodule_fast_b_iir1_z60.
DSP Report: Generating DSP linienmodule_fast_b_iir1_z60, operation Mode is (post resource management): (PCIN>>17)+A2*B2.
DSP Report: register linienmodule_fast_b_iir1_y1_reg is absorbed into DSP linienmodule_fast_b_iir1_z60.
DSP Report: register linienmodule_fast_b_iir1_a2_reg is absorbed into DSP linienmodule_fast_b_iir1_z60.
DSP Report: operator linienmodule_fast_b_iir1_z60 is absorbed into DSP linienmodule_fast_b_iir1_z60.
DSP Report: operator linienmodule_fast_b_iir1_z60 is absorbed into DSP linienmodule_fast_b_iir1_z60.
DSP Report: Generating DSP linienmodule_fast_b_iir1_z50, operation Mode is (post resource management): A2*B2.
DSP Report: register linienmodule_fast_b_iir1_z50 is absorbed into DSP linienmodule_fast_b_iir1_z50.
DSP Report: register linienmodule_fast_b_iir1_b01_reg is absorbed into DSP linienmodule_fast_b_iir1_z50.
DSP Report: operator linienmodule_fast_b_iir1_z50 is absorbed into DSP linienmodule_fast_b_iir1_z50.
DSP Report: operator linienmodule_fast_b_iir1_z50 is absorbed into DSP linienmodule_fast_b_iir1_z50.
DSP Report: Generating DSP linienmodule_fast_b_iir1_z50, operation Mode is (post resource management): (PCIN>>17)+A2*B2.
DSP Report: register linienmodule_fast_b_iir1_y0_reg is absorbed into DSP linienmodule_fast_b_iir1_z50.
DSP Report: register linienmodule_fast_b_iir1_b01_reg is absorbed into DSP linienmodule_fast_b_iir1_z50.
DSP Report: operator linienmodule_fast_b_iir1_z50 is absorbed into DSP linienmodule_fast_b_iir1_z50.
DSP Report: operator linienmodule_fast_b_iir1_z50 is absorbed into DSP linienmodule_fast_b_iir1_z50.
DSP Report: Generating DSP linienmodule_fast_b_iir1_z40, operation Mode is (post resource management): A2*B2.
DSP Report: register linienmodule_fast_b_iir1_z40 is absorbed into DSP linienmodule_fast_b_iir1_z40.
DSP Report: register linienmodule_fast_b_iir1_b11_reg is absorbed into DSP linienmodule_fast_b_iir1_z40.
DSP Report: operator linienmodule_fast_b_iir1_z40 is absorbed into DSP linienmodule_fast_b_iir1_z40.
DSP Report: operator linienmodule_fast_b_iir1_z40 is absorbed into DSP linienmodule_fast_b_iir1_z40.
DSP Report: Generating DSP linienmodule_fast_b_iir1_z40, operation Mode is (post resource management): (PCIN>>17)+A2*B2.
DSP Report: register linienmodule_fast_b_iir1_y0_reg is absorbed into DSP linienmodule_fast_b_iir1_z40.
DSP Report: register linienmodule_fast_b_iir1_b11_reg is absorbed into DSP linienmodule_fast_b_iir1_z40.
DSP Report: operator linienmodule_fast_b_iir1_z40 is absorbed into DSP linienmodule_fast_b_iir1_z40.
DSP Report: operator linienmodule_fast_b_iir1_z40 is absorbed into DSP linienmodule_fast_b_iir1_z40.
DSP Report: Generating DSP linienmodule_fast_b_iir1_z30, operation Mode is (post resource management): A2*B2.
DSP Report: register linienmodule_fast_b_iir1_z30 is absorbed into DSP linienmodule_fast_b_iir1_z30.
DSP Report: register linienmodule_fast_b_iir1_b2_reg is absorbed into DSP linienmodule_fast_b_iir1_z30.
DSP Report: operator linienmodule_fast_b_iir1_z30 is absorbed into DSP linienmodule_fast_b_iir1_z30.
DSP Report: operator linienmodule_fast_b_iir1_z30 is absorbed into DSP linienmodule_fast_b_iir1_z30.
DSP Report: Generating DSP linienmodule_fast_b_iir1_z30, operation Mode is (post resource management): (PCIN>>17)+A2*B2.
DSP Report: register linienmodule_fast_b_iir1_y0_reg is absorbed into DSP linienmodule_fast_b_iir1_z30.
DSP Report: register linienmodule_fast_b_iir1_b2_reg is absorbed into DSP linienmodule_fast_b_iir1_z30.
DSP Report: operator linienmodule_fast_b_iir1_z30 is absorbed into DSP linienmodule_fast_b_iir1_z30.
DSP Report: operator linienmodule_fast_b_iir1_z30 is absorbed into DSP linienmodule_fast_b_iir1_z30.
DSP Report: Generating DSP linienmodule_fast_b_iir0_z20, operation Mode is (post resource management): A2*B2.
DSP Report: register linienmodule_fast_b_iir0_z20 is absorbed into DSP linienmodule_fast_b_iir0_z20.
DSP Report: register linienmodule_fast_b_iir0_a10_reg is absorbed into DSP linienmodule_fast_b_iir0_z20.
DSP Report: operator linienmodule_fast_b_iir0_z20 is absorbed into DSP linienmodule_fast_b_iir0_z20.
DSP Report: operator linienmodule_fast_b_iir0_z20 is absorbed into DSP linienmodule_fast_b_iir0_z20.
DSP Report: Generating DSP linienmodule_fast_b_iir0_z20, operation Mode is (post resource management): (PCIN>>17)+A2*B2.
DSP Report: register linienmodule_fast_b_iir0_y0_reg is absorbed into DSP linienmodule_fast_b_iir0_z20.
DSP Report: register linienmodule_fast_b_iir0_a10_reg is absorbed into DSP linienmodule_fast_b_iir0_z20.
DSP Report: operator linienmodule_fast_b_iir0_z20 is absorbed into DSP linienmodule_fast_b_iir0_z20.
DSP Report: operator linienmodule_fast_b_iir0_z20 is absorbed into DSP linienmodule_fast_b_iir0_z20.
DSP Report: Generating DSP linienmodule_fast_b_iir0_z10, operation Mode is (post resource management): A2*B2.
DSP Report: register linienmodule_fast_b_iir0_z10 is absorbed into DSP linienmodule_fast_b_iir0_z10.
DSP Report: register linienmodule_fast_b_iir0_b00_reg is absorbed into DSP linienmodule_fast_b_iir0_z10.
DSP Report: operator linienmodule_fast_b_iir0_z10 is absorbed into DSP linienmodule_fast_b_iir0_z10.
DSP Report: operator linienmodule_fast_b_iir0_z10 is absorbed into DSP linienmodule_fast_b_iir0_z10.
DSP Report: Generating DSP linienmodule_fast_b_iir0_z10, operation Mode is (post resource management): (PCIN>>17)+A2*B2.
DSP Report: register linienmodule_fast_b_limitcsr0_limitcsr0_y0_reg is absorbed into DSP linienmodule_fast_b_iir0_z10.
DSP Report: register linienmodule_fast_b_iir0_b00_reg is absorbed into DSP linienmodule_fast_b_iir0_z10.
DSP Report: operator linienmodule_fast_b_iir0_z10 is absorbed into DSP linienmodule_fast_b_iir0_z10.
DSP Report: operator linienmodule_fast_b_iir0_z10 is absorbed into DSP linienmodule_fast_b_iir0_z10.
DSP Report: Generating DSP linienmodule_fast_b_iir0_z00, operation Mode is (post resource management): A2*B2.
DSP Report: register linienmodule_fast_b_iir0_z00 is absorbed into DSP linienmodule_fast_b_iir0_z00.
DSP Report: register linienmodule_fast_b_iir0_b10_reg is absorbed into DSP linienmodule_fast_b_iir0_z00.
DSP Report: operator linienmodule_fast_b_iir0_z00 is absorbed into DSP linienmodule_fast_b_iir0_z00.
DSP Report: operator linienmodule_fast_b_iir0_z00 is absorbed into DSP linienmodule_fast_b_iir0_z00.
DSP Report: Generating DSP linienmodule_fast_b_iir0_z00, operation Mode is (post resource management): (PCIN>>17)+A2*B2.
DSP Report: register linienmodule_fast_b_limitcsr0_limitcsr0_y0_reg is absorbed into DSP linienmodule_fast_b_iir0_z00.
DSP Report: register linienmodule_fast_b_iir0_b10_reg is absorbed into DSP linienmodule_fast_b_iir0_z00.
DSP Report: operator linienmodule_fast_b_iir0_z00 is absorbed into DSP linienmodule_fast_b_iir0_z00.
DSP Report: operator linienmodule_fast_b_iir0_z00 is absorbed into DSP linienmodule_fast_b_iir0_z00.
DSP Report: Generating DSP linienmodule_fast_b_iir0_z70, operation Mode is (post resource management): A2*B2.
DSP Report: register linienmodule_fast_b_iir0_z70 is absorbed into DSP linienmodule_fast_b_iir0_z70.
DSP Report: register linienmodule_fast_b_iir0_a11_reg is absorbed into DSP linienmodule_fast_b_iir0_z70.
DSP Report: operator linienmodule_fast_b_iir0_z70 is absorbed into DSP linienmodule_fast_b_iir0_z70.
DSP Report: operator linienmodule_fast_b_iir0_z70 is absorbed into DSP linienmodule_fast_b_iir0_z70.
DSP Report: Generating DSP linienmodule_fast_b_iir0_z70, operation Mode is (post resource management): (PCIN>>17)+A2*B2.
DSP Report: register linienmodule_fast_b_iir0_y1_reg is absorbed into DSP linienmodule_fast_b_iir0_z70.
DSP Report: register linienmodule_fast_b_iir0_a11_reg is absorbed into DSP linienmodule_fast_b_iir0_z70.
DSP Report: operator linienmodule_fast_b_iir0_z70 is absorbed into DSP linienmodule_fast_b_iir0_z70.
DSP Report: operator linienmodule_fast_b_iir0_z70 is absorbed into DSP linienmodule_fast_b_iir0_z70.
DSP Report: Generating DSP linienmodule_fast_b_iir0_z60, operation Mode is (post resource management): A2*B2.
DSP Report: register linienmodule_fast_b_iir0_z60 is absorbed into DSP linienmodule_fast_b_iir0_z60.
DSP Report: register linienmodule_fast_b_iir0_a2_reg is absorbed into DSP linienmodule_fast_b_iir0_z60.
DSP Report: operator linienmodule_fast_b_iir0_z60 is absorbed into DSP linienmodule_fast_b_iir0_z60.
DSP Report: operator linienmodule_fast_b_iir0_z60 is absorbed into DSP linienmodule_fast_b_iir0_z60.
DSP Report: Generating DSP linienmodule_fast_b_iir0_z60, operation Mode is (post resource management): (PCIN>>17)+A2*B2.
DSP Report: register linienmodule_fast_b_iir0_y1_reg is absorbed into DSP linienmodule_fast_b_iir0_z60.
DSP Report: register linienmodule_fast_b_iir0_a2_reg is absorbed into DSP linienmodule_fast_b_iir0_z60.
DSP Report: operator linienmodule_fast_b_iir0_z60 is absorbed into DSP linienmodule_fast_b_iir0_z60.
DSP Report: operator linienmodule_fast_b_iir0_z60 is absorbed into DSP linienmodule_fast_b_iir0_z60.
DSP Report: Generating DSP linienmodule_fast_b_iir0_z50, operation Mode is (post resource management): A2*B2.
DSP Report: register linienmodule_fast_b_iir0_z50 is absorbed into DSP linienmodule_fast_b_iir0_z50.
DSP Report: register linienmodule_fast_b_iir0_b01_reg is absorbed into DSP linienmodule_fast_b_iir0_z50.
DSP Report: operator linienmodule_fast_b_iir0_z50 is absorbed into DSP linienmodule_fast_b_iir0_z50.
DSP Report: operator linienmodule_fast_b_iir0_z50 is absorbed into DSP linienmodule_fast_b_iir0_z50.
DSP Report: Generating DSP linienmodule_fast_b_iir0_z50, operation Mode is (post resource management): (PCIN>>17)+A2*B2.
DSP Report: register linienmodule_fast_b_iir0_y0_reg is absorbed into DSP linienmodule_fast_b_iir0_z50.
DSP Report: register linienmodule_fast_b_iir0_b01_reg is absorbed into DSP linienmodule_fast_b_iir0_z50.
DSP Report: operator linienmodule_fast_b_iir0_z50 is absorbed into DSP linienmodule_fast_b_iir0_z50.
DSP Report: operator linienmodule_fast_b_iir0_z50 is absorbed into DSP linienmodule_fast_b_iir0_z50.
DSP Report: Generating DSP linienmodule_fast_b_iir0_z40, operation Mode is (post resource management): A2*B2.
DSP Report: register linienmodule_fast_b_iir0_z40 is absorbed into DSP linienmodule_fast_b_iir0_z40.
DSP Report: register linienmodule_fast_b_iir0_b11_reg is absorbed into DSP linienmodule_fast_b_iir0_z40.
DSP Report: operator linienmodule_fast_b_iir0_z40 is absorbed into DSP linienmodule_fast_b_iir0_z40.
DSP Report: operator linienmodule_fast_b_iir0_z40 is absorbed into DSP linienmodule_fast_b_iir0_z40.
DSP Report: Generating DSP linienmodule_fast_b_iir0_z40, operation Mode is (post resource management): (PCIN>>17)+A2*B2.
DSP Report: register linienmodule_fast_b_iir0_y0_reg is absorbed into DSP linienmodule_fast_b_iir0_z40.
DSP Report: register linienmodule_fast_b_iir0_b11_reg is absorbed into DSP linienmodule_fast_b_iir0_z40.
DSP Report: operator linienmodule_fast_b_iir0_z40 is absorbed into DSP linienmodule_fast_b_iir0_z40.
DSP Report: operator linienmodule_fast_b_iir0_z40 is absorbed into DSP linienmodule_fast_b_iir0_z40.
DSP Report: Generating DSP linienmodule_fast_b_iir0_z30, operation Mode is (post resource management): A2*B2.
DSP Report: register linienmodule_fast_b_iir0_z30 is absorbed into DSP linienmodule_fast_b_iir0_z30.
DSP Report: register linienmodule_fast_b_iir0_b2_reg is absorbed into DSP linienmodule_fast_b_iir0_z30.
DSP Report: operator linienmodule_fast_b_iir0_z30 is absorbed into DSP linienmodule_fast_b_iir0_z30.
DSP Report: operator linienmodule_fast_b_iir0_z30 is absorbed into DSP linienmodule_fast_b_iir0_z30.
DSP Report: Generating DSP linienmodule_fast_b_iir0_z30, operation Mode is (post resource management): (PCIN>>17)+A2*B2.
DSP Report: register linienmodule_fast_b_iir0_y0_reg is absorbed into DSP linienmodule_fast_b_iir0_z30.
DSP Report: register linienmodule_fast_b_iir0_b2_reg is absorbed into DSP linienmodule_fast_b_iir0_z30.
DSP Report: operator linienmodule_fast_b_iir0_z30 is absorbed into DSP linienmodule_fast_b_iir0_z30.
DSP Report: operator linienmodule_fast_b_iir0_z30 is absorbed into DSP linienmodule_fast_b_iir0_z30.
DSP Report: Generating DSP linienmodule_fast_a_iir1_z10, operation Mode is (post resource management): A2*B2.
DSP Report: register linienmodule_fast_a_iir1_z10 is absorbed into DSP linienmodule_fast_a_iir1_z10.
DSP Report: register linienmodule_fast_a_iir1_b00_reg is absorbed into DSP linienmodule_fast_a_iir1_z10.
DSP Report: operator linienmodule_fast_a_iir1_z10 is absorbed into DSP linienmodule_fast_a_iir1_z10.
DSP Report: operator linienmodule_fast_a_iir1_z10 is absorbed into DSP linienmodule_fast_a_iir1_z10.
DSP Report: Generating DSP linienmodule_fast_a_iir1_z10, operation Mode is (post resource management): (PCIN>>17)+A2*B2.
DSP Report: register linienmodule_fast_a_limitcsr1_limitcsr1_y0_reg is absorbed into DSP linienmodule_fast_a_iir1_z10.
DSP Report: register linienmodule_fast_a_iir1_b00_reg is absorbed into DSP linienmodule_fast_a_iir1_z10.
DSP Report: operator linienmodule_fast_a_iir1_z10 is absorbed into DSP linienmodule_fast_a_iir1_z10.
DSP Report: operator linienmodule_fast_a_iir1_z10 is absorbed into DSP linienmodule_fast_a_iir1_z10.
DSP Report: Generating DSP linienmodule_fast_a_iir1_z00, operation Mode is (post resource management): A2*B2.
DSP Report: register linienmodule_fast_a_iir1_z00 is absorbed into DSP linienmodule_fast_a_iir1_z00.
DSP Report: register linienmodule_fast_a_iir1_b10_reg is absorbed into DSP linienmodule_fast_a_iir1_z00.
DSP Report: operator linienmodule_fast_a_iir1_z00 is absorbed into DSP linienmodule_fast_a_iir1_z00.
DSP Report: operator linienmodule_fast_a_iir1_z00 is absorbed into DSP linienmodule_fast_a_iir1_z00.
DSP Report: Generating DSP linienmodule_fast_a_iir1_z00, operation Mode is (post resource management): (PCIN>>17)+A2*B2.
DSP Report: register linienmodule_fast_a_limitcsr1_limitcsr1_y0_reg is absorbed into DSP linienmodule_fast_a_iir1_z00.
DSP Report: register linienmodule_fast_a_iir1_b10_reg is absorbed into DSP linienmodule_fast_a_iir1_z00.
DSP Report: operator linienmodule_fast_a_iir1_z00 is absorbed into DSP linienmodule_fast_a_iir1_z00.
DSP Report: operator linienmodule_fast_a_iir1_z00 is absorbed into DSP linienmodule_fast_a_iir1_z00.
DSP Report: Generating DSP linienmodule_fast_a_iir1_z70, operation Mode is (post resource management): A2*B2.
DSP Report: register linienmodule_fast_a_iir1_z70 is absorbed into DSP linienmodule_fast_a_iir1_z70.
DSP Report: register linienmodule_fast_a_iir1_a11_reg is absorbed into DSP linienmodule_fast_a_iir1_z70.
DSP Report: operator linienmodule_fast_a_iir1_z70 is absorbed into DSP linienmodule_fast_a_iir1_z70.
DSP Report: operator linienmodule_fast_a_iir1_z70 is absorbed into DSP linienmodule_fast_a_iir1_z70.
DSP Report: Generating DSP linienmodule_fast_a_iir1_z70, operation Mode is (post resource management): (PCIN>>17)+A2*B2.
DSP Report: register linienmodule_fast_a_iir1_y1_reg is absorbed into DSP linienmodule_fast_a_iir1_z70.
DSP Report: register linienmodule_fast_a_iir1_a11_reg is absorbed into DSP linienmodule_fast_a_iir1_z70.
DSP Report: operator linienmodule_fast_a_iir1_z70 is absorbed into DSP linienmodule_fast_a_iir1_z70.
DSP Report: operator linienmodule_fast_a_iir1_z70 is absorbed into DSP linienmodule_fast_a_iir1_z70.
DSP Report: Generating DSP linienmodule_fast_a_iir1_z60, operation Mode is (post resource management): A2*B2.
DSP Report: register linienmodule_fast_a_iir1_z60 is absorbed into DSP linienmodule_fast_a_iir1_z60.
DSP Report: register linienmodule_fast_a_iir1_a2_reg is absorbed into DSP linienmodule_fast_a_iir1_z60.
DSP Report: operator linienmodule_fast_a_iir1_z60 is absorbed into DSP linienmodule_fast_a_iir1_z60.
DSP Report: operator linienmodule_fast_a_iir1_z60 is absorbed into DSP linienmodule_fast_a_iir1_z60.
DSP Report: Generating DSP linienmodule_fast_a_iir1_z60, operation Mode is (post resource management): (PCIN>>17)+A2*B2.
DSP Report: register linienmodule_fast_a_iir1_y1_reg is absorbed into DSP linienmodule_fast_a_iir1_z60.
DSP Report: register linienmodule_fast_a_iir1_a2_reg is absorbed into DSP linienmodule_fast_a_iir1_z60.
DSP Report: operator linienmodule_fast_a_iir1_z60 is absorbed into DSP linienmodule_fast_a_iir1_z60.
DSP Report: operator linienmodule_fast_a_iir1_z60 is absorbed into DSP linienmodule_fast_a_iir1_z60.
DSP Report: Generating DSP linienmodule_fast_a_iir1_z50, operation Mode is (post resource management): A2*B2.
DSP Report: register linienmodule_fast_a_iir1_z50 is absorbed into DSP linienmodule_fast_a_iir1_z50.
DSP Report: register linienmodule_fast_a_iir1_b01_reg is absorbed into DSP linienmodule_fast_a_iir1_z50.
DSP Report: operator linienmodule_fast_a_iir1_z50 is absorbed into DSP linienmodule_fast_a_iir1_z50.
DSP Report: operator linienmodule_fast_a_iir1_z50 is absorbed into DSP linienmodule_fast_a_iir1_z50.
DSP Report: Generating DSP linienmodule_fast_a_iir1_z50, operation Mode is (post resource management): (PCIN>>17)+A2*B2.
DSP Report: register linienmodule_fast_a_iir1_y0_reg is absorbed into DSP linienmodule_fast_a_iir1_z50.
DSP Report: register linienmodule_fast_a_iir1_b01_reg is absorbed into DSP linienmodule_fast_a_iir1_z50.
DSP Report: operator linienmodule_fast_a_iir1_z50 is absorbed into DSP linienmodule_fast_a_iir1_z50.
DSP Report: operator linienmodule_fast_a_iir1_z50 is absorbed into DSP linienmodule_fast_a_iir1_z50.
DSP Report: Generating DSP linienmodule_fast_a_iir1_z40, operation Mode is (post resource management): A2*B2.
DSP Report: register linienmodule_fast_a_iir1_z40 is absorbed into DSP linienmodule_fast_a_iir1_z40.
DSP Report: register linienmodule_fast_a_iir1_b11_reg is absorbed into DSP linienmodule_fast_a_iir1_z40.
DSP Report: operator linienmodule_fast_a_iir1_z40 is absorbed into DSP linienmodule_fast_a_iir1_z40.
DSP Report: operator linienmodule_fast_a_iir1_z40 is absorbed into DSP linienmodule_fast_a_iir1_z40.
DSP Report: Generating DSP linienmodule_fast_a_iir1_z40, operation Mode is (post resource management): (PCIN>>17)+A2*B2.
DSP Report: register linienmodule_fast_a_iir1_y0_reg is absorbed into DSP linienmodule_fast_a_iir1_z40.
DSP Report: register linienmodule_fast_a_iir1_b11_reg is absorbed into DSP linienmodule_fast_a_iir1_z40.
DSP Report: operator linienmodule_fast_a_iir1_z40 is absorbed into DSP linienmodule_fast_a_iir1_z40.
DSP Report: operator linienmodule_fast_a_iir1_z40 is absorbed into DSP linienmodule_fast_a_iir1_z40.
DSP Report: Generating DSP linienmodule_fast_a_iir1_z30, operation Mode is (post resource management): A2*B2.
DSP Report: register linienmodule_fast_a_iir1_z30 is absorbed into DSP linienmodule_fast_a_iir1_z30.
DSP Report: register linienmodule_fast_a_iir1_b2_reg is absorbed into DSP linienmodule_fast_a_iir1_z30.
DSP Report: operator linienmodule_fast_a_iir1_z30 is absorbed into DSP linienmodule_fast_a_iir1_z30.
DSP Report: operator linienmodule_fast_a_iir1_z30 is absorbed into DSP linienmodule_fast_a_iir1_z30.
DSP Report: Generating DSP linienmodule_fast_a_iir1_z30, operation Mode is (post resource management): (PCIN>>17)+A2*B2.
DSP Report: register linienmodule_fast_a_iir1_y0_reg is absorbed into DSP linienmodule_fast_a_iir1_z30.
DSP Report: register linienmodule_fast_a_iir1_b2_reg is absorbed into DSP linienmodule_fast_a_iir1_z30.
DSP Report: operator linienmodule_fast_a_iir1_z30 is absorbed into DSP linienmodule_fast_a_iir1_z30.
DSP Report: operator linienmodule_fast_a_iir1_z30 is absorbed into DSP linienmodule_fast_a_iir1_z30.
DSP Report: Generating DSP linienmodule_fast_a_iir0_z20, operation Mode is (post resource management): A2*B2.
DSP Report: register linienmodule_fast_a_iir0_z20 is absorbed into DSP linienmodule_fast_a_iir0_z20.
DSP Report: register linienmodule_fast_a_iir0_a10_reg is absorbed into DSP linienmodule_fast_a_iir0_z20.
DSP Report: operator linienmodule_fast_a_iir0_z20 is absorbed into DSP linienmodule_fast_a_iir0_z20.
DSP Report: operator linienmodule_fast_a_iir0_z20 is absorbed into DSP linienmodule_fast_a_iir0_z20.
DSP Report: Generating DSP linienmodule_fast_a_iir0_z20, operation Mode is (post resource management): (PCIN>>17)+A2*B2.
DSP Report: register linienmodule_fast_a_iir0_y0_reg is absorbed into DSP linienmodule_fast_a_iir0_z20.
DSP Report: register linienmodule_fast_a_iir0_a10_reg is absorbed into DSP linienmodule_fast_a_iir0_z20.
DSP Report: operator linienmodule_fast_a_iir0_z20 is absorbed into DSP linienmodule_fast_a_iir0_z20.
DSP Report: operator linienmodule_fast_a_iir0_z20 is absorbed into DSP linienmodule_fast_a_iir0_z20.
DSP Report: Generating DSP linienmodule_fast_a_iir0_z10, operation Mode is (post resource management): A2*B2.
DSP Report: register linienmodule_fast_a_iir0_z10 is absorbed into DSP linienmodule_fast_a_iir0_z10.
DSP Report: register linienmodule_fast_a_iir0_b00_reg is absorbed into DSP linienmodule_fast_a_iir0_z10.
DSP Report: operator linienmodule_fast_a_iir0_z10 is absorbed into DSP linienmodule_fast_a_iir0_z10.
DSP Report: operator linienmodule_fast_a_iir0_z10 is absorbed into DSP linienmodule_fast_a_iir0_z10.
DSP Report: Generating DSP linienmodule_fast_a_iir0_z10, operation Mode is (post resource management): (PCIN>>17)+A2*B2.
DSP Report: register linienmodule_fast_a_limitcsr0_limitcsr0_y0_reg is absorbed into DSP linienmodule_fast_a_iir0_z10.
DSP Report: register linienmodule_fast_a_iir0_b00_reg is absorbed into DSP linienmodule_fast_a_iir0_z10.
DSP Report: operator linienmodule_fast_a_iir0_z10 is absorbed into DSP linienmodule_fast_a_iir0_z10.
DSP Report: operator linienmodule_fast_a_iir0_z10 is absorbed into DSP linienmodule_fast_a_iir0_z10.
DSP Report: Generating DSP linienmodule_fast_a_iir0_z00, operation Mode is (post resource management): A2*B2.
DSP Report: register linienmodule_fast_a_iir0_z00 is absorbed into DSP linienmodule_fast_a_iir0_z00.
DSP Report: register linienmodule_fast_a_iir0_b10_reg is absorbed into DSP linienmodule_fast_a_iir0_z00.
DSP Report: operator linienmodule_fast_a_iir0_z00 is absorbed into DSP linienmodule_fast_a_iir0_z00.
DSP Report: operator linienmodule_fast_a_iir0_z00 is absorbed into DSP linienmodule_fast_a_iir0_z00.
DSP Report: Generating DSP linienmodule_fast_a_iir0_z00, operation Mode is (post resource management): (PCIN>>17)+A2*B2.
DSP Report: register linienmodule_fast_a_limitcsr0_limitcsr0_y0_reg is absorbed into DSP linienmodule_fast_a_iir0_z00.
DSP Report: register linienmodule_fast_a_iir0_b10_reg is absorbed into DSP linienmodule_fast_a_iir0_z00.
DSP Report: operator linienmodule_fast_a_iir0_z00 is absorbed into DSP linienmodule_fast_a_iir0_z00.
DSP Report: operator linienmodule_fast_a_iir0_z00 is absorbed into DSP linienmodule_fast_a_iir0_z00.
DSP Report: Generating DSP linienmodule_fast_a_iir0_z70, operation Mode is (post resource management): A2*B2.
DSP Report: register linienmodule_fast_a_iir0_z70 is absorbed into DSP linienmodule_fast_a_iir0_z70.
DSP Report: register linienmodule_fast_a_iir0_a11_reg is absorbed into DSP linienmodule_fast_a_iir0_z70.
DSP Report: operator linienmodule_fast_a_iir0_z70 is absorbed into DSP linienmodule_fast_a_iir0_z70.
DSP Report: operator linienmodule_fast_a_iir0_z70 is absorbed into DSP linienmodule_fast_a_iir0_z70.
DSP Report: Generating DSP linienmodule_fast_a_iir0_z70, operation Mode is (post resource management): (PCIN>>17)+A2*B2.
DSP Report: register linienmodule_fast_a_iir0_y1_reg is absorbed into DSP linienmodule_fast_a_iir0_z70.
DSP Report: register linienmodule_fast_a_iir0_a11_reg is absorbed into DSP linienmodule_fast_a_iir0_z70.
DSP Report: operator linienmodule_fast_a_iir0_z70 is absorbed into DSP linienmodule_fast_a_iir0_z70.
DSP Report: operator linienmodule_fast_a_iir0_z70 is absorbed into DSP linienmodule_fast_a_iir0_z70.
DSP Report: Generating DSP linienmodule_fast_a_iir0_z60, operation Mode is (post resource management): A2*B2.
DSP Report: register linienmodule_fast_a_iir0_z60 is absorbed into DSP linienmodule_fast_a_iir0_z60.
DSP Report: register linienmodule_fast_a_iir0_a2_reg is absorbed into DSP linienmodule_fast_a_iir0_z60.
DSP Report: operator linienmodule_fast_a_iir0_z60 is absorbed into DSP linienmodule_fast_a_iir0_z60.
DSP Report: operator linienmodule_fast_a_iir0_z60 is absorbed into DSP linienmodule_fast_a_iir0_z60.
DSP Report: Generating DSP linienmodule_fast_a_iir0_z60, operation Mode is (post resource management): (PCIN>>17)+A2*B2.
DSP Report: register linienmodule_fast_a_iir0_y1_reg is absorbed into DSP linienmodule_fast_a_iir0_z60.
DSP Report: register linienmodule_fast_a_iir0_a2_reg is absorbed into DSP linienmodule_fast_a_iir0_z60.
DSP Report: operator linienmodule_fast_a_iir0_z60 is absorbed into DSP linienmodule_fast_a_iir0_z60.
DSP Report: operator linienmodule_fast_a_iir0_z60 is absorbed into DSP linienmodule_fast_a_iir0_z60.
DSP Report: Generating DSP linienmodule_fast_a_iir0_z50, operation Mode is (post resource management): A2*B2.
DSP Report: register linienmodule_fast_a_iir0_z50 is absorbed into DSP linienmodule_fast_a_iir0_z50.
DSP Report: register linienmodule_fast_a_iir0_b01_reg is absorbed into DSP linienmodule_fast_a_iir0_z50.
DSP Report: operator linienmodule_fast_a_iir0_z50 is absorbed into DSP linienmodule_fast_a_iir0_z50.
DSP Report: operator linienmodule_fast_a_iir0_z50 is absorbed into DSP linienmodule_fast_a_iir0_z50.
DSP Report: Generating DSP linienmodule_fast_a_iir0_z50, operation Mode is (post resource management): (PCIN>>17)+A2*B2.
DSP Report: register linienmodule_fast_a_iir0_y0_reg is absorbed into DSP linienmodule_fast_a_iir0_z50.
DSP Report: register linienmodule_fast_a_iir0_b01_reg is absorbed into DSP linienmodule_fast_a_iir0_z50.
DSP Report: operator linienmodule_fast_a_iir0_z50 is absorbed into DSP linienmodule_fast_a_iir0_z50.
DSP Report: operator linienmodule_fast_a_iir0_z50 is absorbed into DSP linienmodule_fast_a_iir0_z50.
DSP Report: Generating DSP linienmodule_fast_a_iir0_z40, operation Mode is (post resource management): A2*B2.
DSP Report: register linienmodule_fast_a_iir0_z40 is absorbed into DSP linienmodule_fast_a_iir0_z40.
DSP Report: register linienmodule_fast_a_iir0_b11_reg is absorbed into DSP linienmodule_fast_a_iir0_z40.
DSP Report: operator linienmodule_fast_a_iir0_z40 is absorbed into DSP linienmodule_fast_a_iir0_z40.
DSP Report: operator linienmodule_fast_a_iir0_z40 is absorbed into DSP linienmodule_fast_a_iir0_z40.
DSP Report: Generating DSP linienmodule_fast_a_iir0_z40, operation Mode is (post resource management): (PCIN>>17)+A2*B2.
DSP Report: register linienmodule_fast_a_iir0_y0_reg is absorbed into DSP linienmodule_fast_a_iir0_z40.
DSP Report: register linienmodule_fast_a_iir0_b11_reg is absorbed into DSP linienmodule_fast_a_iir0_z40.
DSP Report: operator linienmodule_fast_a_iir0_z40 is absorbed into DSP linienmodule_fast_a_iir0_z40.
DSP Report: operator linienmodule_fast_a_iir0_z40 is absorbed into DSP linienmodule_fast_a_iir0_z40.
DSP Report: Generating DSP linienmodule_fast_a_iir0_z30, operation Mode is (post resource management): A2*B2.
DSP Report: register linienmodule_fast_a_iir0_z30 is absorbed into DSP linienmodule_fast_a_iir0_z30.
DSP Report: register linienmodule_fast_a_iir0_b2_reg is absorbed into DSP linienmodule_fast_a_iir0_z30.
DSP Report: operator linienmodule_fast_a_iir0_z30 is absorbed into DSP linienmodule_fast_a_iir0_z30.
DSP Report: operator linienmodule_fast_a_iir0_z30 is absorbed into DSP linienmodule_fast_a_iir0_z30.
DSP Report: Generating DSP linienmodule_fast_a_iir0_z30, operation Mode is (post resource management): (PCIN>>17)+A2*B2.
DSP Report: register linienmodule_fast_a_iir0_y0_reg is absorbed into DSP linienmodule_fast_a_iir0_z30.
DSP Report: register linienmodule_fast_a_iir0_b2_reg is absorbed into DSP linienmodule_fast_a_iir0_z30.
DSP Report: operator linienmodule_fast_a_iir0_z30 is absorbed into DSP linienmodule_fast_a_iir0_z30.
DSP Report: operator linienmodule_fast_a_iir0_z30 is absorbed into DSP linienmodule_fast_a_iir0_z30.
DSP Report: Generating DSP p_1_out, operation Mode is (post resource management): (C or 0)+A*B.
DSP Report: operator linienmodule_pid_kp_mult is absorbed into DSP p_1_out.
DSP Report: operator linienmodule_pid_kp_mult is absorbed into DSP p_1_out.
DSP Report: Generating DSP p_1_out, operation Mode is (post resource management): (C or 0)+A*B.
DSP Report: operator linienmodule_pid_ki_mult0 is absorbed into DSP p_1_out.
DSP Report: operator linienmodule_pid_ki_mult0 is absorbed into DSP p_1_out.
DSP Report: Generating DSP p_1_out, operation Mode is (post resource management): (C or 0)+A*B.
DSP Report: operator linienmodule_pid_kd_mult is absorbed into DSP p_1_out.
DSP Report: operator linienmodule_pid_kd_mult is absorbed into DSP p_1_out.
 DSP resource Status: mult_reg0_30 0 3813 2027: Used 1 time : Rejected (90 > 80) uniquify 0 
 DSP resource Status: mult_reg0_30 1 3813 1786: Used 1 time : Rejected (91 > 80) uniquify 0 
 DSP resource Status: linienmodule_slowchain_ki_mult0_36 0 1578 1578: Used 1 time : Rejected (96 > 80) uniquify 0 
 DSP resource Status: linienmodule_slowchain_kd_mult_35 0 1578 1578: Used 1 time : Rejected (95 > 80) uniquify 0 
 DSP resource Status: linienmodule_slowchain_kp_mult_33 0 1578 1578: Used 1 time : Rejected (97 > 80) uniquify 0 
 DSP resource Status: linienmodule_raw_acquisition_iir_z50_3c 0 4806 3449: Used 1 time : Accepted (80 < 80) uniquify 0 
 DSP resource Status: linienmodule_raw_acquisition_iir_z50_3c 1 4806 1357: Used 1 time : Rejected (81 > 80) uniquify 0 
 DSP resource Status: linienmodule_raw_acquisition_iir_z40_3b 0 4806 3449: Used 1 time : Accepted (78 < 80) uniquify 0 
 DSP resource Status: linienmodule_raw_acquisition_iir_z40_3b 1 4806 1357: Used 1 time : Accepted (79 < 80) uniquify 0 
 DSP resource Status: linienmodule_raw_acquisition_iir_z30_3a 0 4806 3449: Used 1 time : Accepted (76 < 80) uniquify 0 
 DSP resource Status: linienmodule_raw_acquisition_iir_z30_3a 1 4806 1357: Used 1 time : Accepted (77 < 80) uniquify 0 
 DSP resource Status: linienmodule_raw_acquisition_iir_z20_39 0 4806 3449: Used 1 time : Accepted (74 < 80) uniquify 0 
 DSP resource Status: linienmodule_raw_acquisition_iir_z20_39 1 4806 1357: Used 1 time : Accepted (75 < 80) uniquify 0 
 DSP resource Status: linienmodule_raw_acquisition_iir_z10_38 0 4806 3449: Used 1 time : Accepted (72 < 80) uniquify 0 
 DSP resource Status: linienmodule_raw_acquisition_iir_z10_38 1 4806 1357: Used 1 time : Accepted (73 < 80) uniquify 0 
 DSP resource Status: linienmodule_raw_acquisition_iir_z00_37 0 4806 3449: Used 1 time : Accepted (68 < 80) uniquify 0 
 DSP resource Status: linienmodule_raw_acquisition_iir_z00_37 1 4806 1357: Used 1 time : Accepted (69 < 80) uniquify 0 
DSP Report: Generating DSP linienmodule_raw_acquisition_iir_z50, operation Mode is (post resource management): A2*B2.
DSP Report: register linienmodule_raw_acquisition_iir_z50 is absorbed into DSP linienmodule_raw_acquisition_iir_z50.
DSP Report: register linienmodule_raw_acquisition_iir_b0_reg is absorbed into DSP linienmodule_raw_acquisition_iir_z50.
DSP Report: operator linienmodule_raw_acquisition_iir_z50 is absorbed into DSP linienmodule_raw_acquisition_iir_z50.
DSP Report: operator linienmodule_raw_acquisition_iir_z50 is absorbed into DSP linienmodule_raw_acquisition_iir_z50.
DSP Report: Generating DSP linienmodule_raw_acquisition_iir_z40, operation Mode is (post resource management): A2*B2.
DSP Report: register linienmodule_raw_acquisition_iir_z40 is absorbed into DSP linienmodule_raw_acquisition_iir_z40.
DSP Report: register linienmodule_raw_acquisition_iir_b1_reg is absorbed into DSP linienmodule_raw_acquisition_iir_z40.
DSP Report: operator linienmodule_raw_acquisition_iir_z40 is absorbed into DSP linienmodule_raw_acquisition_iir_z40.
DSP Report: operator linienmodule_raw_acquisition_iir_z40 is absorbed into DSP linienmodule_raw_acquisition_iir_z40.
DSP Report: Generating DSP linienmodule_raw_acquisition_iir_z40, operation Mode is (post resource management): (PCIN>>17)+A2*B2.
DSP Report: register linienmodule_limit_error_signal_limitcsr_y_reg is absorbed into DSP linienmodule_raw_acquisition_iir_z40.
DSP Report: register linienmodule_raw_acquisition_iir_b1_reg is absorbed into DSP linienmodule_raw_acquisition_iir_z40.
DSP Report: operator linienmodule_raw_acquisition_iir_z40 is absorbed into DSP linienmodule_raw_acquisition_iir_z40.
DSP Report: operator linienmodule_raw_acquisition_iir_z40 is absorbed into DSP linienmodule_raw_acquisition_iir_z40.
DSP Report: Generating DSP linienmodule_raw_acquisition_iir_z30, operation Mode is (post resource management): A2*B2.
DSP Report: register linienmodule_raw_acquisition_iir_z30 is absorbed into DSP linienmodule_raw_acquisition_iir_z30.
DSP Report: register linienmodule_raw_acquisition_iir_b2_reg is absorbed into DSP linienmodule_raw_acquisition_iir_z30.
DSP Report: operator linienmodule_raw_acquisition_iir_z30 is absorbed into DSP linienmodule_raw_acquisition_iir_z30.
DSP Report: operator linienmodule_raw_acquisition_iir_z30 is absorbed into DSP linienmodule_raw_acquisition_iir_z30.
DSP Report: Generating DSP linienmodule_raw_acquisition_iir_z30, operation Mode is (post resource management): (PCIN>>17)+A2*B2.
DSP Report: register linienmodule_limit_error_signal_limitcsr_y_reg is absorbed into DSP linienmodule_raw_acquisition_iir_z30.
DSP Report: register linienmodule_raw_acquisition_iir_b2_reg is absorbed into DSP linienmodule_raw_acquisition_iir_z30.
DSP Report: operator linienmodule_raw_acquisition_iir_z30 is absorbed into DSP linienmodule_raw_acquisition_iir_z30.
DSP Report: operator linienmodule_raw_acquisition_iir_z30 is absorbed into DSP linienmodule_raw_acquisition_iir_z30.
DSP Report: Generating DSP linienmodule_raw_acquisition_iir_z20, operation Mode is (post resource management): A2*B2.
DSP Report: register linienmodule_raw_acquisition_iir_z20 is absorbed into DSP linienmodule_raw_acquisition_iir_z20.
DSP Report: register linienmodule_raw_acquisition_iir_b3_reg is absorbed into DSP linienmodule_raw_acquisition_iir_z20.
DSP Report: operator linienmodule_raw_acquisition_iir_z20 is absorbed into DSP linienmodule_raw_acquisition_iir_z20.
DSP Report: operator linienmodule_raw_acquisition_iir_z20 is absorbed into DSP linienmodule_raw_acquisition_iir_z20.
DSP Report: Generating DSP linienmodule_raw_acquisition_iir_z20, operation Mode is (post resource management): (PCIN>>17)+A2*B2.
DSP Report: register linienmodule_limit_error_signal_limitcsr_y_reg is absorbed into DSP linienmodule_raw_acquisition_iir_z20.
DSP Report: register linienmodule_raw_acquisition_iir_b3_reg is absorbed into DSP linienmodule_raw_acquisition_iir_z20.
DSP Report: operator linienmodule_raw_acquisition_iir_z20 is absorbed into DSP linienmodule_raw_acquisition_iir_z20.
DSP Report: operator linienmodule_raw_acquisition_iir_z20 is absorbed into DSP linienmodule_raw_acquisition_iir_z20.
DSP Report: Generating DSP linienmodule_raw_acquisition_iir_z10, operation Mode is (post resource management): A2*B2.
DSP Report: register linienmodule_raw_acquisition_iir_z10 is absorbed into DSP linienmodule_raw_acquisition_iir_z10.
DSP Report: register linienmodule_raw_acquisition_iir_b4_reg is absorbed into DSP linienmodule_raw_acquisition_iir_z10.
DSP Report: operator linienmodule_raw_acquisition_iir_z10 is absorbed into DSP linienmodule_raw_acquisition_iir_z10.
DSP Report: operator linienmodule_raw_acquisition_iir_z10 is absorbed into DSP linienmodule_raw_acquisition_iir_z10.
DSP Report: Generating DSP linienmodule_raw_acquisition_iir_z10, operation Mode is (post resource management): (PCIN>>17)+A2*B2.
DSP Report: register linienmodule_limit_error_signal_limitcsr_y_reg is absorbed into DSP linienmodule_raw_acquisition_iir_z10.
DSP Report: register linienmodule_raw_acquisition_iir_b4_reg is absorbed into DSP linienmodule_raw_acquisition_iir_z10.
DSP Report: operator linienmodule_raw_acquisition_iir_z10 is absorbed into DSP linienmodule_raw_acquisition_iir_z10.
DSP Report: operator linienmodule_raw_acquisition_iir_z10 is absorbed into DSP linienmodule_raw_acquisition_iir_z10.
DSP Report: Generating DSP linienmodule_raw_acquisition_iir_z00, operation Mode is (post resource management): A2*B2.
DSP Report: register linienmodule_raw_acquisition_iir_z00 is absorbed into DSP linienmodule_raw_acquisition_iir_z00.
DSP Report: register linienmodule_raw_acquisition_iir_b5_reg is absorbed into DSP linienmodule_raw_acquisition_iir_z00.
DSP Report: operator linienmodule_raw_acquisition_iir_z00 is absorbed into DSP linienmodule_raw_acquisition_iir_z00.
DSP Report: operator linienmodule_raw_acquisition_iir_z00 is absorbed into DSP linienmodule_raw_acquisition_iir_z00.
DSP Report: Generating DSP linienmodule_raw_acquisition_iir_z00, operation Mode is (post resource management): (PCIN>>17)+A2*B2.
DSP Report: register linienmodule_limit_error_signal_limitcsr_y_reg is absorbed into DSP linienmodule_raw_acquisition_iir_z00.
DSP Report: register linienmodule_raw_acquisition_iir_b5_reg is absorbed into DSP linienmodule_raw_acquisition_iir_z00.
DSP Report: operator linienmodule_raw_acquisition_iir_z00 is absorbed into DSP linienmodule_raw_acquisition_iir_z00.
DSP Report: operator linienmodule_raw_acquisition_iir_z00 is absorbed into DSP linienmodule_raw_acquisition_iir_z00.
---------------------------------------------------------------------------------
Start ROM, RAM, DSP, Shift Register and Retiming Reporting
---------------------------------------------------------------------------------

Block RAM: Preliminary Mapping Report (see note below)
+---------------------+----------------------+------------------------+---+---+------------------------+---+---+------------------+--------+--------+
|Module Name          | RTL Object           | PORT A (Depth x Width) | W | R | PORT B (Depth x Width) | W | R | Ports driving FF | RAMB18 | RAMB36 | 
+---------------------+----------------------+------------------------+---+---+------------------------+---+---+------------------+--------+--------+
|i_1/red_pitaya_scope | adc_a_buf_reg        | 16 K x 14(READ_FIRST)  | W |   | 16 K x 14(WRITE_FIRST) |   | R | Port A and B     | 0      | 7      | 
|i_1/red_pitaya_scope | adc_b_buf_reg        | 16 K x 14(READ_FIRST)  | W |   | 16 K x 14(WRITE_FIRST) |   | R | Port A and B     | 0      | 7      | 
|i_1/red_pitaya_scope | adc_a_q_buf_reg      | 16 K x 14(READ_FIRST)  | W |   | 16 K x 14(WRITE_FIRST) |   | R | Port A and B     | 0      | 7      | 
|i_1/red_pitaya_scope | adc_b_q_buf_reg      | 16 K x 14(READ_FIRST)  | W |   | 16 K x 14(WRITE_FIRST) |   | R | Port A and B     | 0      | 7      | 
|i_2/sequence_top     | fsm_reg_file/mem_reg | 512 x 32(READ_FIRST)   | W |   | 512 x 32(WRITE_FIRST)  |   | R | Port A and B     | 1      | 0      | 
|i_2/sequence_top     | BRAM/mem_reg         | 1 K x 14(READ_FIRST)   | W |   | 1 K x 14(WRITE_FIRST)  |   | R | Port A and B     | 1      | 0      | 
+---------------------+----------------------+------------------------+---+---+------------------------+---+---+------------------+--------+--------+

Note: The table above is a preliminary report that shows the Block RAMs at the current stage of the synthesis flow. Some Block RAMs may be reimplemented as non Block RAM primitives later in the synthesis flow. Multiple instantiated Block RAMs are reported only once. 

DSP: Preliminary Mapping Report (see note below. The ' indicates corresponding REG is set)
+------------+-----------------------+--------+--------+--------+--------+--------+------+------+------+------+-------+------+------+
|Module Name | DSP Mapping           | A Size | B Size | C Size | D Size | P Size | AREG | BREG | CREG | DREG | ADREG | MREG | PREG | 
+------------+-----------------------+--------+--------+--------+--------+--------+------+------+------+------+-------+------+------+
|top         | A2*B2                 | 25     | 18     | -      | -      | 48     | 1    | 1    | -    | -    | -     | 0    | 0    | 
|top         | (PCIN>>17)+A2*B2      | 25     | 8      | -      | -      | 33     | 1    | 1    | -    | -    | -     | 0    | 0    | 
|top         | A2*B2                 | 25     | 18     | -      | -      | 48     | 1    | 1    | -    | -    | -     | 0    | 0    | 
|top         | (PCIN>>17)+A2*B2      | 25     | 8      | -      | -      | 33     | 1    | 1    | -    | -    | -     | 0    | 0    | 
|top         | A2*B2                 | 25     | 18     | -      | -      | 48     | 1    | 1    | -    | -    | -     | 0    | 0    | 
|top         | (PCIN>>17)+A2*B2      | 25     | 8      | -      | -      | 33     | 1    | 1    | -    | -    | -     | 0    | 0    | 
|top         | A2*B2                 | 25     | 18     | -      | -      | 48     | 1    | 1    | -    | -    | -     | 0    | 0    | 
|top         | (PCIN>>17)+A2*B2      | 25     | 8      | -      | -      | 33     | 1    | 1    | -    | -    | -     | 0    | 0    | 
|top         | A2*B2                 | 25     | 18     | -      | -      | 48     | 1    | 1    | -    | -    | -     | 0    | 0    | 
|top         | (PCIN>>17)+A*B2       | 25     | 8      | -      | -      | 33     | 1    | 1    | -    | -    | -     | 0    | 0    | 
|top         | A2*B2                 | 25     | 18     | -      | -      | 48     | 1    | 1    | -    | -    | -     | 0    | 0    | 
|top         | (PCIN>>17)+A*B2       | 25     | 8      | -      | -      | 33     | 1    | 1    | -    | -    | -     | 0    | 0    | 
|top         | A2*B2                 | 25     | 18     | -      | -      | 48     | 1    | 1    | -    | -    | -     | 0    | 0    | 
|top         | (PCIN>>17)+A*B2       | 25     | 8      | -      | -      | 33     | 1    | 1    | -    | -    | -     | 0    | 0    | 
|top         | A2*B2                 | 25     | 18     | -      | -      | 48     | 1    | 1    | -    | -    | -     | 0    | 0    | 
|top         | (PCIN>>17)+A2*B2      | 25     | 8      | -      | -      | 33     | 1    | 1    | -    | -    | -     | 0    | 0    | 
|top         | A2*B2                 | 25     | 18     | -      | -      | 48     | 1    | 1    | -    | -    | -     | 0    | 0    | 
|top         | (PCIN>>17)+A2*B2      | 25     | 8      | -      | -      | 33     | 1    | 1    | -    | -    | -     | 0    | 0    | 
|top         | A2*B2                 | 25     | 18     | -      | -      | 48     | 1    | 1    | -    | -    | -     | 0    | 0    | 
|top         | (PCIN>>17)+A2*B2      | 25     | 8      | -      | -      | 33     | 1    | 1    | -    | -    | -     | 0    | 0    | 
|top         | A2*B2                 | 25     | 18     | -      | -      | 48     | 1    | 1    | -    | -    | -     | 0    | 0    | 
|top         | (PCIN>>17)+A2*B2      | 25     | 8      | -      | -      | 33     | 1    | 1    | -    | -    | -     | 0    | 0    | 
|top         | A2*B2                 | 25     | 18     | -      | -      | 48     | 1    | 1    | -    | -    | -     | 0    | 0    | 
|top         | (PCIN>>17)+A2*B2      | 25     | 8      | -      | -      | 33     | 1    | 1    | -    | -    | -     | 0    | 0    | 
|top         | A2*B2                 | 25     | 18     | -      | -      | 48     | 1    | 1    | -    | -    | -     | 0    | 0    | 
|top         | (PCIN>>17)+A*B2       | 25     | 8      | -      | -      | 33     | 1    | 1    | -    | -    | -     | 0    | 0    | 
|top         | A2*B2                 | 25     | 18     | -      | -      | 48     | 1    | 1    | -    | -    | -     | 0    | 0    | 
|top         | (PCIN>>17)+A*B2       | 25     | 8      | -      | -      | 33     | 1    | 1    | -    | -    | -     | 0    | 0    | 
|top         | A2*B2                 | 25     | 18     | -      | -      | 48     | 1    | 1    | -    | -    | -     | 0    | 0    | 
|top         | (PCIN>>17)+A2*B2      | 25     | 8      | -      | -      | 33     | 1    | 1    | -    | -    | -     | 0    | 0    | 
|top         | A2*B2                 | 25     | 18     | -      | -      | 48     | 1    | 1    | -    | -    | -     | 0    | 0    | 
|top         | (PCIN>>17)+A2*B2      | 25     | 8      | -      | -      | 33     | 1    | 1    | -    | -    | -     | 0    | 0    | 
|top         | A2*B2                 | 25     | 18     | -      | -      | 48     | 1    | 1    | -    | -    | -     | 0    | 0    | 
|top         | (PCIN>>17)+A2*B2      | 25     | 8      | -      | -      | 33     | 1    | 1    | -    | -    | -     | 0    | 0    | 
|top         | A2*B2                 | 25     | 18     | -      | -      | 48     | 1    | 1    | -    | -    | -     | 0    | 0    | 
|top         | (PCIN>>17)+A2*B2      | 25     | 8      | -      | -      | 33     | 1    | 1    | -    | -    | -     | 0    | 0    | 
|top         | A2*B2                 | 25     | 18     | -      | -      | 48     | 1    | 1    | -    | -    | -     | 0    | 0    | 
|top         | (PCIN>>17)+A2*B2      | 25     | 8      | -      | -      | 33     | 1    | 1    | -    | -    | -     | 0    | 0    | 
|top         | A2*B2                 | 25     | 18     | -      | -      | 48     | 1    | 1    | -    | -    | -     | 0    | 0    | 
|top         | (PCIN>>17)+A2*B2      | 25     | 8      | -      | -      | 33     | 1    | 1    | -    | -    | -     | 0    | 0    | 
|top         | A2*B2                 | 25     | 18     | -      | -      | 48     | 1    | 1    | -    | -    | -     | 0    | 0    | 
|top         | (PCIN>>17)+A*B2       | 25     | 8      | -      | -      | 33     | 1    | 1    | -    | -    | -     | 0    | 0    | 
|top         | A2*B2                 | 25     | 18     | -      | -      | 48     | 1    | 1    | -    | -    | -     | 0    | 0    | 
|top         | (PCIN>>17)+A*B2       | 25     | 8      | -      | -      | 33     | 1    | 1    | -    | -    | -     | 0    | 0    | 
|top         | A2*B2                 | 25     | 18     | -      | -      | 48     | 1    | 1    | -    | -    | -     | 0    | 0    | 
|top         | (PCIN>>17)+A2*B2      | 25     | 8      | -      | -      | 33     | 1    | 1    | -    | -    | -     | 0    | 0    | 
|top         | A2*B2                 | 25     | 18     | -      | -      | 48     | 1    | 1    | -    | -    | -     | 0    | 0    | 
|top         | (PCIN>>17)+A2*B2      | 25     | 8      | -      | -      | 33     | 1    | 1    | -    | -    | -     | 0    | 0    | 
|top         | A2*B2                 | 25     | 18     | -      | -      | 48     | 1    | 1    | -    | -    | -     | 0    | 0    | 
|top         | (PCIN>>17)+A2*B2      | 25     | 8      | -      | -      | 33     | 1    | 1    | -    | -    | -     | 0    | 0    | 
|top         | A2*B2                 | 25     | 18     | -      | -      | 48     | 1    | 1    | -    | -    | -     | 0    | 0    | 
|top         | (PCIN>>17)+A2*B2      | 25     | 8      | -      | -      | 33     | 1    | 1    | -    | -    | -     | 0    | 0    | 
|top         | A2*B2                 | 25     | 18     | -      | -      | 48     | 1    | 1    | -    | -    | -     | 0    | 0    | 
|top         | (PCIN>>17)+A2*B2      | 25     | 8      | -      | -      | 33     | 1    | 1    | -    | -    | -     | 0    | 0    | 
|top         | A2*B2                 | 25     | 18     | -      | -      | 48     | 1    | 1    | -    | -    | -     | 0    | 0    | 
|top         | (PCIN>>17)+A*B2       | 25     | 8      | -      | -      | 33     | 1    | 1    | -    | -    | -     | 0    | 0    | 
|top         | A2*B2                 | 25     | 18     | -      | -      | 48     | 1    | 1    | -    | -    | -     | 0    | 0    | 
|top         | (PCIN>>17)+A*B2       | 25     | 8      | -      | -      | 33     | 1    | 1    | -    | -    | -     | 0    | 0    | 
|top         | A2*B2                 | 25     | 18     | -      | -      | 48     | 1    | 1    | -    | -    | -     | 0    | 0    | 
|top         | (PCIN>>17)+A2*B2      | 25     | 8      | -      | -      | 33     | 1    | 1    | -    | -    | -     | 0    | 0    | 
|top         | A2*B2                 | 25     | 18     | -      | -      | 48     | 1    | 1    | -    | -    | -     | 0    | 0    | 
|top         | (PCIN>>17)+A2*B2      | 25     | 8      | -      | -      | 33     | 1    | 1    | -    | -    | -     | 0    | 0    | 
|top         | A2*B2                 | 25     | 18     | -      | -      | 48     | 1    | 1    | -    | -    | -     | 0    | 0    | 
|top         | (PCIN>>17)+A2*B2      | 25     | 8      | -      | -      | 33     | 1    | 1    | -    | -    | -     | 0    | 0    | 
|top         | A2*B2                 | 25     | 18     | -      | -      | 48     | 1    | 1    | -    | -    | -     | 0    | 0    | 
|top         | (PCIN>>17)+A2*B2      | 25     | 8      | -      | -      | 33     | 1    | 1    | -    | -    | -     | 0    | 0    | 
|top         | A2*B2                 | 25     | 18     | -      | -      | 48     | 1    | 1    | -    | -    | -     | 0    | 0    | 
|top         | (PCIN>>17)+A2*B2      | 25     | 8      | -      | -      | 33     | 1    | 1    | -    | -    | -     | 0    | 0    | 
|top         | A2*B2                 | 25     | 18     | -      | -      | 48     | 1    | 1    | -    | -    | -     | 0    | 0    | 
|top         | (PCIN>>17)+A2*B2      | 25     | 8      | -      | -      | 33     | 1    | 1    | -    | -    | -     | 0    | 0    | 
|top         | A2*B2                 | 25     | 18     | -      | -      | 48     | 1    | 1    | -    | -    | -     | 0    | 0    | 
|top         | (PCIN>>17)+A*B2       | 25     | 8      | -      | -      | 33     | 1    | 1    | -    | -    | -     | 0    | 0    | 
|top         | A2*B2                 | 25     | 18     | -      | -      | 48     | 1    | 1    | -    | -    | -     | 0    | 0    | 
|top         | (PCIN>>17)+A*B2       | 25     | 8      | -      | -      | 33     | 1    | 1    | -    | -    | -     | 0    | 0    | 
|top         | (C or 0)+A*B          | 25     | 14     | 13     | -      | 39     | 0    | 0    | 0    | -    | -     | 0    | 0    | 
|top         | (0 or C')+(A2*B or 0) | 25     | 10     | 35     | -      | 35     | 1    | 0    | 1    | -    | -     | 0    | 0    | 
|top         | (A2*B or 0)           | 25     | 10     | -      | -      | 35     | 1    | 0    | -    | -    | -     | 0    | 0    | 
|top         | PCIN+A2:B+C           | 15     | 18     | 36     | -      | -1     | 1    | 0    | 0    | -    | -     | 0    | 0    | 
|top         | (C or 0)+A*B          | 25     | 14     | 13     | -      | 39     | 0    | 0    | 0    | -    | -     | 0    | 0    | 
|top         | (C or 0)+A*B          | 25     | 14     | 13     | -      | 39     | 0    | 0    | 0    | -    | -     | 0    | 0    | 
|sinusoid    | A2*B2                 | 18     | 14     | -      | -      | 48     | 1    | 1    | -    | -    | -     | 0    | 0    | 
|sinusoid    | (PCIN>>17)+A*B2       | 15     | 14     | -      | -      | 48     | 0    | 1    | -    | -    | -     | 0    | 1    | 
|top         | A*B                   | 15     | 14     | -      | -      | 29     | 0    | 0    | -    | -    | -     | 0    | 0    | 
|top         | A*B                   | 15     | 14     | -      | -      | 29     | 0    | 0    | -    | -    | -     | 0    | 0    | 
|top         | A*B                   | 15     | 14     | -      | -      | 29     | 0    | 0    | -    | -    | -     | 0    | 0    | 
|top         | A2*B2                 | 25     | 18     | -      | -      | 48     | 1    | 1    | -    | -    | -     | 0    | 0    | 
|top         | (PCIN>>17)+A2*B2      | 25     | 8      | -      | -      | 33     | 1    | 1    | -    | -    | -     | 0    | 0    | 
|top         | A2*B2                 | 25     | 18     | -      | -      | 48     | 1    | 1    | -    | -    | -     | 0    | 0    | 
|top         | (PCIN>>17)+A2*B2      | 25     | 8      | -      | -      | 33     | 1    | 1    | -    | -    | -     | 0    | 0    | 
|top         | A2*B2                 | 25     | 18     | -      | -      | 48     | 1    | 1    | -    | -    | -     | 0    | 0    | 
|top         | (PCIN>>17)+A2*B2      | 25     | 8      | -      | -      | 33     | 1    | 1    | -    | -    | -     | 0    | 0    | 
|top         | A2*B2                 | 25     | 18     | -      | -      | 48     | 1    | 1    | -    | -    | -     | 0    | 0    | 
|top         | (PCIN>>17)+A2*B2      | 25     | 8      | -      | -      | 33     | 1    | 1    | -    | -    | -     | 0    | 0    | 
|top         | A2*B2                 | 25     | 18     | -      | -      | 48     | 1    | 1    | -    | -    | -     | 0    | 0    | 
|top         | (PCIN>>17)+A2*B2      | 25     | 8      | -      | -      | 33     | 1    | 1    | -    | -    | -     | 0    | 0    | 
|top         | A2*B2                 | 25     | 18     | -      | -      | 48     | 1    | 1    | -    | -    | -     | 0    | 0    | 
|top         | (PCIN>>17)+A2*B2      | 25     | 8      | -      | -      | 33     | 1    | 1    | -    | -    | -     | 0    | 0    | 
+------------+-----------------------+--------+--------+--------+--------+--------+------+------+------+------+-------+------+------+

Note: The table above is a preliminary report that shows the DSPs inferred at the current stage of the synthesis flow. Some DSP may be reimplemented as non DSP primitives later in the synthesis flow. Multiple instantiated DSPs are reported only once.
---------------------------------------------------------------------------------
Finished ROM, RAM, DSP, Shift Register and Retiming Reporting
---------------------------------------------------------------------------------
---------------------------------------------------------------------------------
Start Applying XDC Timing Constraints
---------------------------------------------------------------------------------
---------------------------------------------------------------------------------
Finished Applying XDC Timing Constraints : Time (s): cpu = 00:01:17 ; elapsed = 00:01:20 . Memory (MB): peak = 1927.344 ; gain = 1180.258
---------------------------------------------------------------------------------
---------------------------------------------------------------------------------
Start Timing Optimization
---------------------------------------------------------------------------------
info: optimization accepted worst group hill climbing move (-5300.0/oG. 731.0ps)
---------------------------------------------------------------------------------
Finished Timing Optimization : Time (s): cpu = 00:02:11 ; elapsed = 00:02:16 . Memory (MB): peak = 2230.109 ; gain = 1483.023
---------------------------------------------------------------------------------
---------------------------------------------------------------------------------
Start ROM, RAM, DSP, Shift Register and Retiming Reporting
---------------------------------------------------------------------------------

Block RAM: Final Mapping Report
+---------------------+----------------------+------------------------+---+---+------------------------+---+---+------------------+--------+--------+
|Module Name          | RTL Object           | PORT A (Depth x Width) | W | R | PORT B (Depth x Width) | W | R | Ports driving FF | RAMB18 | RAMB36 | 
+---------------------+----------------------+------------------------+---+---+------------------------+---+---+------------------+--------+--------+
|i_1/red_pitaya_scope | adc_a_buf_reg        | 16 K x 14(READ_FIRST)  | W |   | 16 K x 14(WRITE_FIRST) |   | R | Port A and B     | 0      | 7      | 
|i_1/red_pitaya_scope | adc_b_buf_reg        | 16 K x 14(READ_FIRST)  | W |   | 16 K x 14(WRITE_FIRST) |   | R | Port A and B     | 0      | 7      | 
|i_1/red_pitaya_scope | adc_a_q_buf_reg      | 16 K x 14(READ_FIRST)  | W |   | 16 K x 14(WRITE_FIRST) |   | R | Port A and B     | 0      | 7      | 
|i_1/red_pitaya_scope | adc_b_q_buf_reg      | 16 K x 14(READ_FIRST)  | W |   | 16 K x 14(WRITE_FIRST) |   | R | Port A and B     | 0      | 7      | 
|i_2/sequence_top     | fsm_reg_file/mem_reg | 512 x 32(READ_FIRST)   | W |   | 512 x 32(WRITE_FIRST)  |   | R | Port A and B     | 1      | 0      | 
|i_2/sequence_top     | BRAM/mem_reg         | 1 K x 14(READ_FIRST)   | W |   | 1 K x 14(WRITE_FIRST)  |   | R | Port A and B     | 1      | 0      | 
+---------------------+----------------------+------------------------+---+---+------------------------+---+---+------------------+--------+--------+

---------------------------------------------------------------------------------
Finished ROM, RAM, DSP, Shift Register and Retiming Reporting
---------------------------------------------------------------------------------
---------------------------------------------------------------------------------
Start Technology Mapping
---------------------------------------------------------------------------------
INFO: [Synth 8-7052] The timing for the instance red_pitaya_scope/adc_a_buf_reg_0 (implemented as a Block RAM) might be sub-optimal as no optional output register could be merged into the ram block. Providing additional output register may help in improving timing.
INFO: [Synth 8-7052] The timing for the instance red_pitaya_scope/adc_a_buf_reg_1 (implemented as a Block RAM) might be sub-optimal as no optional output register could be merged into the ram block. Providing additional output register may help in improving timing.
INFO: [Synth 8-7052] The timing for the instance red_pitaya_scope/adc_a_buf_reg_2 (implemented as a Block RAM) might be sub-optimal as no optional output register could be merged into the ram block. Providing additional output register may help in improving timing.
INFO: [Synth 8-7052] The timing for the instance red_pitaya_scope/adc_a_buf_reg_3 (implemented as a Block RAM) might be sub-optimal as no optional output register could be merged into the ram block. Providing additional output register may help in improving timing.
INFO: [Synth 8-7052] The timing for the instance red_pitaya_scope/adc_a_buf_reg_4 (implemented as a Block RAM) might be sub-optimal as no optional output register could be merged into the ram block. Providing additional output register may help in improving timing.
INFO: [Synth 8-7052] The timing for the instance red_pitaya_scope/adc_a_buf_reg_5 (implemented as a Block RAM) might be sub-optimal as no optional output register could be merged into the ram block. Providing additional output register may help in improving timing.
INFO: [Synth 8-7052] The timing for the instance red_pitaya_scope/adc_a_buf_reg_6 (implemented as a Block RAM) might be sub-optimal as no optional output register could be merged into the ram block. Providing additional output register may help in improving timing.
INFO: [Synth 8-7052] The timing for the instance red_pitaya_scope/adc_b_buf_reg_0 (implemented as a Block RAM) might be sub-optimal as no optional output register could be merged into the ram block. Providing additional output register may help in improving timing.
INFO: [Synth 8-7052] The timing for the instance red_pitaya_scope/adc_b_buf_reg_1 (implemented as a Block RAM) might be sub-optimal as no optional output register could be merged into the ram block. Providing additional output register may help in improving timing.
INFO: [Synth 8-7052] The timing for the instance red_pitaya_scope/adc_b_buf_reg_2 (implemented as a Block RAM) might be sub-optimal as no optional output register could be merged into the ram block. Providing additional output register may help in improving timing.
INFO: [Synth 8-7052] The timing for the instance red_pitaya_scope/adc_b_buf_reg_3 (implemented as a Block RAM) might be sub-optimal as no optional output register could be merged into the ram block. Providing additional output register may help in improving timing.
INFO: [Synth 8-7052] The timing for the instance red_pitaya_scope/adc_b_buf_reg_4 (implemented as a Block RAM) might be sub-optimal as no optional output register could be merged into the ram block. Providing additional output register may help in improving timing.
INFO: [Synth 8-7052] The timing for the instance red_pitaya_scope/adc_b_buf_reg_5 (implemented as a Block RAM) might be sub-optimal as no optional output register could be merged into the ram block. Providing additional output register may help in improving timing.
INFO: [Synth 8-7052] The timing for the instance red_pitaya_scope/adc_b_buf_reg_6 (implemented as a Block RAM) might be sub-optimal as no optional output register could be merged into the ram block. Providing additional output register may help in improving timing.
INFO: [Synth 8-7052] The timing for the instance red_pitaya_scope/adc_a_q_buf_reg_0 (implemented as a Block RAM) might be sub-optimal as no optional output register could be merged into the ram block. Providing additional output register may help in improving timing.
INFO: [Synth 8-7052] The timing for the instance red_pitaya_scope/adc_a_q_buf_reg_1 (implemented as a Block RAM) might be sub-optimal as no optional output register could be merged into the ram block. Providing additional output register may help in improving timing.
INFO: [Synth 8-7052] The timing for the instance red_pitaya_scope/adc_a_q_buf_reg_2 (implemented as a Block RAM) might be sub-optimal as no optional output register could be merged into the ram block. Providing additional output register may help in improving timing.
INFO: [Synth 8-7052] The timing for the instance red_pitaya_scope/adc_a_q_buf_reg_3 (implemented as a Block RAM) might be sub-optimal as no optional output register could be merged into the ram block. Providing additional output register may help in improving timing.
INFO: [Synth 8-7052] The timing for the instance red_pitaya_scope/adc_a_q_buf_reg_4 (implemented as a Block RAM) might be sub-optimal as no optional output register could be merged into the ram block. Providing additional output register may help in improving timing.
INFO: [Synth 8-7052] The timing for the instance red_pitaya_scope/adc_a_q_buf_reg_5 (implemented as a Block RAM) might be sub-optimal as no optional output register could be merged into the ram block. Providing additional output register may help in improving timing.
INFO: [Synth 8-7052] The timing for the instance red_pitaya_scope/adc_a_q_buf_reg_6 (implemented as a Block RAM) might be sub-optimal as no optional output register could be merged into the ram block. Providing additional output register may help in improving timing.
INFO: [Synth 8-7052] The timing for the instance red_pitaya_scope/adc_b_q_buf_reg_0 (implemented as a Block RAM) might be sub-optimal as no optional output register could be merged into the ram block. Providing additional output register may help in improving timing.
INFO: [Synth 8-7052] The timing for the instance red_pitaya_scope/adc_b_q_buf_reg_1 (implemented as a Block RAM) might be sub-optimal as no optional output register could be merged into the ram block. Providing additional output register may help in improving timing.
INFO: [Synth 8-7052] The timing for the instance red_pitaya_scope/adc_b_q_buf_reg_2 (implemented as a Block RAM) might be sub-optimal as no optional output register could be merged into the ram block. Providing additional output register may help in improving timing.
INFO: [Synth 8-7052] The timing for the instance red_pitaya_scope/adc_b_q_buf_reg_3 (implemented as a Block RAM) might be sub-optimal as no optional output register could be merged into the ram block. Providing additional output register may help in improving timing.
INFO: [Synth 8-7052] The timing for the instance red_pitaya_scope/adc_b_q_buf_reg_4 (implemented as a Block RAM) might be sub-optimal as no optional output register could be merged into the ram block. Providing additional output register may help in improving timing.
INFO: [Synth 8-7052] The timing for the instance red_pitaya_scope/adc_b_q_buf_reg_5 (implemented as a Block RAM) might be sub-optimal as no optional output register could be merged into the ram block. Providing additional output register may help in improving timing.
INFO: [Synth 8-7052] The timing for the instance red_pitaya_scope/adc_b_q_buf_reg_6 (implemented as a Block RAM) might be sub-optimal as no optional output register could be merged into the ram block. Providing additional output register may help in improving timing.
INFO: [Synth 8-7052] The timing for the instance sequence_top/fsm_reg_file/mem_reg (implemented as a Block RAM) might be sub-optimal as no optional output register could be merged into the ram block. Providing additional output register may help in improving timing.
INFO: [Synth 8-7052] The timing for the instance sequence_top/u_sinusoid/sin_lut/o_rd_data_reg (implemented as a Block RAM) might be sub-optimal as no optional output register could be merged into the ram block. Providing additional output register may help in improving timing.
---------------------------------------------------------------------------------
Finished Technology Mapping : Time (s): cpu = 00:02:23 ; elapsed = 00:02:28 . Memory (MB): peak = 2241.926 ; gain = 1494.840
---------------------------------------------------------------------------------
---------------------------------------------------------------------------------
Start IO Insertion
---------------------------------------------------------------------------------
---------------------------------------------------------------------------------
Start Flattening Before IO Insertion
---------------------------------------------------------------------------------
---------------------------------------------------------------------------------
Finished Flattening Before IO Insertion
---------------------------------------------------------------------------------
---------------------------------------------------------------------------------
Start Final Netlist Cleanup
---------------------------------------------------------------------------------
---------------------------------------------------------------------------------
Finished Final Netlist Cleanup
---------------------------------------------------------------------------------
---------------------------------------------------------------------------------
Finished IO Insertion : Time (s): cpu = 00:02:28 ; elapsed = 00:02:34 . Memory (MB): peak = 2277.062 ; gain = 1529.977
---------------------------------------------------------------------------------
---------------------------------------------------------------------------------
Start Renaming Generated Instances
---------------------------------------------------------------------------------
---------------------------------------------------------------------------------
Finished Renaming Generated Instances : Time (s): cpu = 00:02:29 ; elapsed = 00:02:34 . Memory (MB): peak = 2277.062 ; gain = 1529.977
---------------------------------------------------------------------------------
---------------------------------------------------------------------------------
Start Rebuilding User Hierarchy
---------------------------------------------------------------------------------
---------------------------------------------------------------------------------
Finished Rebuilding User Hierarchy : Time (s): cpu = 00:02:32 ; elapsed = 00:02:37 . Memory (MB): peak = 2278.805 ; gain = 1531.719
---------------------------------------------------------------------------------
---------------------------------------------------------------------------------
Start Renaming Generated Ports
---------------------------------------------------------------------------------
---------------------------------------------------------------------------------
Finished Renaming Generated Ports : Time (s): cpu = 00:02:32 ; elapsed = 00:02:37 . Memory (MB): peak = 2278.805 ; gain = 1531.719
---------------------------------------------------------------------------------
---------------------------------------------------------------------------------
Start Handling Custom Attributes
---------------------------------------------------------------------------------
---------------------------------------------------------------------------------
Finished Handling Custom Attributes : Time (s): cpu = 00:02:32 ; elapsed = 00:02:37 . Memory (MB): peak = 2278.805 ; gain = 1531.719
---------------------------------------------------------------------------------
---------------------------------------------------------------------------------
Start Renaming Generated Nets
---------------------------------------------------------------------------------
---------------------------------------------------------------------------------
Finished Renaming Generated Nets : Time (s): cpu = 00:02:32 ; elapsed = 00:02:37 . Memory (MB): peak = 2278.805 ; gain = 1531.719
---------------------------------------------------------------------------------
---------------------------------------------------------------------------------
Start Writing Synthesis Report
---------------------------------------------------------------------------------

DSP Final Report (the ' indicates corresponding REG is set)
+------------+-----------------+--------+--------+--------+--------+--------+------+------+------+------+-------+------+------+
|Module Name | DSP Mapping     | A Size | B Size | C Size | D Size | P Size | AREG | BREG | CREG | DREG | ADREG | MREG | PREG | 
+------------+-----------------+--------+--------+--------+--------+--------+------+------+------+------+-------+------+------+
|top         | Dynamic         | -      | -      | -      | -      | 39     | -    | -    | -    | -    | -     | 0    | 0    | 
|top         | A'*B'           | 30     | 17     | -      | -      | 48     | 1    | 1    | -    | -    | -     | 0    | 0    | 
|top         | PCIN>>17+A'*B'  | 30     | 18     | -      | -      | 33     | 1    | 1    | -    | -    | -     | 0    | 0    | 
|top         | A'*B'           | 30     | 17     | -      | -      | 48     | 1    | 1    | -    | -    | -     | 0    | 0    | 
|top         | PCIN>>17+A'*B'  | 30     | 18     | -      | -      | 33     | 1    | 1    | -    | -    | -     | 0    | 0    | 
|top         | A'*B'           | 30     | 17     | -      | -      | 48     | 1    | 1    | -    | -    | -     | 0    | 0    | 
|top         | PCIN>>17+(A*B)' | 30     | 18     | -      | -      | 33     | 0    | 0    | -    | -    | -     | 1    | 0    | 
|top         | A'*B'           | 30     | 17     | -      | -      | 48     | 1    | 1    | -    | -    | -     | 0    | 0    | 
|top         | PCIN>>17+(A*B)' | 30     | 18     | -      | -      | 33     | 0    | 0    | -    | -    | -     | 1    | 0    | 
|top         | A'*B'           | 30     | 17     | -      | -      | 48     | 1    | 1    | -    | -    | -     | 0    | 0    | 
|top         | PCIN>>17+A'*B'  | 30     | 18     | -      | -      | 33     | 1    | 1    | -    | -    | -     | 0    | 0    | 
|top         | A'*B'           | 30     | 17     | -      | -      | 48     | 1    | 1    | -    | -    | -     | 0    | 0    | 
|top         | PCIN>>17+A'*B'  | 30     | 18     | -      | -      | 33     | 1    | 1    | -    | -    | -     | 0    | 0    | 
|top         | A'*B'           | 30     | 17     | -      | -      | 48     | 1    | 1    | -    | -    | -     | 0    | 0    | 
|top         | PCIN>>17+A'*B'  | 30     | 18     | -      | -      | 33     | 1    | 1    | -    | -    | -     | 0    | 0    | 
|top         | A'*B'           | 30     | 17     | -      | -      | 48     | 1    | 1    | -    | -    | -     | 0    | 0    | 
|top         | PCIN>>17+A'*B'  | 30     | 18     | -      | -      | 33     | 1    | 1    | -    | -    | -     | 0    | 0    | 
|top         | A'*B'           | 30     | 17     | -      | -      | 48     | 1    | 1    | -    | -    | -     | 0    | 0    | 
|top         | PCIN>>17+A'*B'  | 30     | 18     | -      | -      | 33     | 1    | 1    | -    | -    | -     | 0    | 0    | 
|top         | A'*B'           | 30     | 17     | -      | -      | 48     | 1    | 1    | -    | -    | -     | 0    | 0    | 
|top         | PCIN>>17+A'*B'  | 30     | 18     | -      | -      | 33     | 1    | 1    | -    | -    | -     | 0    | 0    | 
|top         | A'*B'           | 30     | 17     | -      | -      | 48     | 1    | 1    | -    | -    | -     | 0    | 0    | 
|top         | PCIN>>17+(A*B)' | 30     | 18     | -      | -      | 33     | 0    | 0    | -    | -    | -     | 1    | 0    | 
|top         | A'*B'           | 30     | 17     | -      | -      | 48     | 1    | 1    | -    | -    | -     | 0    | 0    | 
|top         | PCIN>>17+(A*B)' | 30     | 18     | -      | -      | 33     | 0    | 0    | -    | -    | -     | 1    | 0    | 
|top         | A'*B'           | 30     | 17     | -      | -      | 48     | 1    | 1    | -    | -    | -     | 0    | 0    | 
|top         | PCIN>>17+A'*B'  | 30     | 18     | -      | -      | 33     | 1    | 1    | -    | -    | -     | 0    | 0    | 
|top         | A'*B'           | 30     | 17     | -      | -      | 48     | 1    | 1    | -    | -    | -     | 0    | 0    | 
|top         | PCIN>>17+A'*B'  | 30     | 18     | -      | -      | 33     | 1    | 1    | -    | -    | -     | 0    | 0    | 
|top         | A'*B'           | 30     | 17     | -      | -      | 48     | 1    | 1    | -    | -    | -     | 0    | 0    | 
|top         | PCIN>>17+A'*B'  | 30     | 18     | -      | -      | 33     | 1    | 1    | -    | -    | -     | 0    | 0    | 
|top         | A'*B'           | 30     | 17     | -      | -      | 48     | 1    | 1    | -    | -    | -     | 0    | 0    | 
|top         | PCIN>>17+A'*B'  | 30     | 18     | -      | -      | 33     | 1    | 1    | -    | -    | -     | 0    | 0    | 
|top         | A'*B'           | 30     | 17     | -      | -      | 48     | 1    | 1    | -    | -    | -     | 0    | 0    | 
|top         | PCIN>>17+A'*B'  | 30     | 18     | -      | -      | 33     | 1    | 1    | -    | -    | -     | 0    | 0    | 
|top         | A'*B'           | 30     | 17     | -      | -      | 48     | 1    | 1    | -    | -    | -     | 0    | 0    | 
|top         | PCIN>>17+(A*B)' | 30     | 18     | -      | -      | 33     | 0    | 0    | -    | -    | -     | 1    | 0    | 
|top         | A'*B'           | 30     | 17     | -      | -      | 48     | 1    | 1    | -    | -    | -     | 0    | 0    | 
|top         | PCIN>>17+(A*B)' | 30     | 18     | -      | -      | 33     | 0    | 0    | -    | -    | -     | 1    | 0    | 
|top         | A'*B'           | 30     | 17     | -      | -      | 48     | 1    | 1    | -    | -    | -     | 0    | 0    | 
|top         | PCIN>>17+A'*B'  | 30     | 18     | -      | -      | 33     | 1    | 1    | -    | -    | -     | 0    | 0    | 
|top         | A'*B'           | 30     | 17     | -      | -      | 48     | 1    | 1    | -    | -    | -     | 0    | 0    | 
|top         | PCIN>>17+A'*B'  | 30     | 18     | -      | -      | 33     | 1    | 1    | -    | -    | -     | 0    | 0    | 
|top         | A'*B'           | 30     | 17     | -      | -      | 48     | 1    | 1    | -    | -    | -     | 0    | 0    | 
|top         | PCIN>>17+A'*B'  | 30     | 18     | -      | -      | 33     | 1    | 1    | -    | -    | -     | 0    | 0    | 
|top         | A'*B'           | 30     | 17     | -      | -      | 48     | 1    | 1    | -    | -    | -     | 0    | 0    | 
|top         | PCIN>>17+A'*B'  | 30     | 18     | -      | -      | 33     | 1    | 1    | -    | -    | -     | 0    | 0    | 
|top         | A'*B'           | 30     | 17     | -      | -      | 48     | 1    | 1    | -    | -    | -     | 0    | 0    | 
|top         | PCIN>>17+A'*B'  | 30     | 18     | -      | -      | 33     | 1    | 1    | -    | -    | -     | 0    | 0    | 
|top         | A'*B'           | 30     | 17     | -      | -      | 48     | 1    | 1    | -    | -    | -     | 0    | 0    | 
|top         | PCIN>>17+A'*B'  | 30     | 18     | -      | -      | 33     | 1    | 1    | -    | -    | -     | 0    | 0    | 
|top         | A'*B'           | 30     | 17     | -      | -      | 48     | 1    | 1    | -    | -    | -     | 0    | 0    | 
|top         | PCIN>>17+(A*B)' | 30     | 18     | -      | -      | 33     | 0    | 0    | -    | -    | -     | 1    | 0    | 
|top         | A'*B'           | 30     | 17     | -      | -      | 48     | 1    | 1    | -    | -    | -     | 0    | 0    | 
|top         | PCIN>>17+(A*B)' | 30     | 18     | -      | -      | 33     | 0    | 0    | -    | -    | -     | 1    | 0    | 
|top         | A'*B'           | 30     | 17     | -      | -      | 48     | 1    | 1    | -    | -    | -     | 0    | 0    | 
|top         | PCIN>>17+A'*B'  | 30     | 18     | -      | -      | 33     | 1    | 1    | -    | -    | -     | 0    | 0    | 
|top         | A'*B'           | 30     | 17     | -      | -      | 48     | 1    | 1    | -    | -    | -     | 0    | 0    | 
|top         | PCIN>>17+A'*B'  | 30     | 18     | -      | -      | 33     | 1    | 1    | -    | -    | -     | 0    | 0    | 
|top         | A'*B'           | 30     | 17     | -      | -      | 48     | 1    | 1    | -    | -    | -     | 0    | 0    | 
|top         | PCIN>>17+A'*B'  | 30     | 18     | -      | -      | 33     | 1    | 1    | -    | -    | -     | 0    | 0    | 
|top         | A'*B'           | 30     | 17     | -      | -      | 48     | 1    | 1    | -    | -    | -     | 0    | 0    | 
|top         | PCIN>>17+A'*B'  | 30     | 18     | -      | -      | 33     | 1    | 1    | -    | -    | -     | 0    | 0    | 
|top         | A'*B'           | 30     | 17     | -      | -      | 48     | 1    | 1    | -    | -    | -     | 0    | 0    | 
|top         | PCIN>>17+A'*B'  | 30     | 18     | -      | -      | 33     | 1    | 1    | -    | -    | -     | 0    | 0    | 
|top         | A'*B'           | 30     | 17     | -      | -      | 48     | 1    | 1    | -    | -    | -     | 0    | 0    | 
|top         | A'*B'           | 30     | 17     | -      | -      | 48     | 1    | 1    | -    | -    | -     | 0    | 0    | 
|top         | PCIN>>17+A'*B'  | 30     | 18     | -      | -      | 33     | 1    | 1    | -    | -    | -     | 0    | 0    | 
|top         | A'*B'           | 30     | 17     | -      | -      | 48     | 1    | 1    | -    | -    | -     | 0    | 0    | 
|top         | PCIN>>17+A'*B'  | 30     | 18     | -      | -      | 33     | 1    | 1    | -    | -    | -     | 0    | 0    | 
|top         | A'*B'           | 30     | 17     | -      | -      | 48     | 1    | 1    | -    | -    | -     | 0    | 0    | 
|top         | PCIN>>17+A'*B'  | 30     | 18     | -      | -      | 33     | 1    | 1    | -    | -    | -     | 0    | 0    | 
|top         | A'*B'           | 30     | 17     | -      | -      | 48     | 1    | 1    | -    | -    | -     | 0    | 0    | 
|top         | PCIN>>17+A'*B'  | 30     | 18     | -      | -      | 33     | 1    | 1    | -    | -    | -     | 0    | 0    | 
|top         | A'*B'           | 30     | 17     | -      | -      | 48     | 1    | 1    | -    | -    | -     | 0    | 0    | 
|top         | PCIN>>17+A'*B'  | 30     | 18     | -      | -      | 33     | 1    | 1    | -    | -    | -     | 0    | 0    | 
|top         | A'*B'           | 30     | 17     | -      | -      | 48     | 1    | 1    | -    | -    | -     | 0    | 0    | 
|top         | PCIN>>17+A'*B'  | 30     | 18     | -      | -      | 33     | 1    | 1    | -    | -    | -     | 0    | 0    | 
|top         | Dynamic         | -      | -      | -      | -      | 36     | -    | -    | -    | -    | -     | 0    | 0    | 
|top         | Dynamic         | -      | -      | -      | -      | 39     | -    | -    | -    | -    | -     | 0    | 1    | 
+------------+-----------------+--------+--------+--------+--------+--------+------+------+------+------+-------+------+------+


Report BlackBoxes: 
+-+--------------+----------+
| |BlackBox name |Instances |
+-+--------------+----------+
+-+--------------+----------+

Report Cell Usage: 
+------+-----------+------+
|      |Cell       |Count |
+------+-----------+------+
|1     |BIBUF      |   130|
|2     |BUFG       |    11|
|3     |CARRY4     |  2829|
|4     |DNA_PORT   |     1|
|5     |DSP48E1    |    80|
|9     |LUT1       |   436|
|10    |LUT2       |  5136|
|11    |LUT3       |  3331|
|12    |LUT4       |  3480|
|13    |LUT5       |  1994|
|14    |LUT6       |  4707|
|15    |MUXF7      |   339|
|16    |MUXF8      |   102|
|17    |ODDR       |    17|
|18    |PLLE2_BASE |     1|
|19    |PS7        |     1|
|20    |RAMB18E1   |     3|
|23    |RAMB36E1   |    28|
|24    |XADC       |     1|
|25    |FD         |     1|
|26    |FDRE       | 11417|
|27    |FDSE       |   371|
|28    |IBUF       |    36|
|29    |IBUFGDS    |     1|
|30    |IOBUF      |    16|
|31    |OBUF       |    33|
+------+-----------+------+
---------------------------------------------------------------------------------
Finished Writing Synthesis Report : Time (s): cpu = 00:02:32 ; elapsed = 00:02:37 . Memory (MB): peak = 2278.805 ; gain = 1531.719
---------------------------------------------------------------------------------
Synthesis finished with 0 errors, 0 critical warnings and 53 warnings.
Synthesis Optimization Runtime : Time (s): cpu = 00:02:17 ; elapsed = 00:02:31 . Memory (MB): peak = 2278.805 ; gain = 1447.625
Synthesis Optimization Complete : Time (s): cpu = 00:02:32 ; elapsed = 00:02:38 . Memory (MB): peak = 2278.805 ; gain = 1531.719
INFO: [Project 1-571] Translating synthesized netlist
Netlist sorting complete. Time (s): cpu = 00:00:00 ; elapsed = 00:00:00.427 . Memory (MB): peak = 2301.836 ; gain = 0.000
WARNING: [Netlist 29-345] The value of SIM_DEVICE on instance 'XADC' of type 'XADC' is '7SERIES'; it is being changed to match the current FPGA architecture, 'ZYNQ'. For functional simulation to match hardware behavior, the value of SIM_DEVICE should be changed in the source netlist. 
INFO: [Netlist 29-17] Analyzing 3418 Unisim elements for replacement
INFO: [Netlist 29-28] Unisim Transformation completed in 0 CPU seconds
WARNING: [Netlist 29-101] Netlist 'top' is not ideal for floorplanning, since the cellview 'top' contains a large number of primitives.  Please consider enabling hierarchy in synthesis if you want to do floorplanning.
INFO: [Project 1-570] Preparing netlist for logic optimization
INFO: [Opt 31-140] Inserted 2 IBUFs to IO ports without IO buffers.
Parsing XDC File [C:/UW-Madison/RA/linien/gateware/build/top.xdc]
INFO: [Timing 38-35] Done setting XDC timing constraints. [C:/UW-Madison/RA/linien/gateware/build/top.xdc:368]
WARNING: [Vivado 12-627] No clocks matched 'clk125_p'. [C:/UW-Madison/RA/linien/gateware/build/top.xdc:368]
INFO: [Vivado 12-626] No clocks found. Please use 'create_clock' or 'create_generated_clock' command to create clocks. [C:/UW-Madison/RA/linien/gateware/build/top.xdc:368]
get_clocks: Time (s): cpu = 00:00:06 ; elapsed = 00:00:06 . Memory (MB): peak = 2803.629 ; gain = 493.086
WARNING: [Vivado 12-627] No clocks matched 'clk_fpga_0'. [C:/UW-Madison/RA/linien/gateware/build/top.xdc:368]
INFO: [Vivado 12-626] No clocks found. Please use 'create_clock' or 'create_generated_clock' command to create clocks. [C:/UW-Madison/RA/linien/gateware/build/top.xdc:368]
CRITICAL WARNING: [Vivado 12-4739] set_clock_groups:No valid object(s) found for '-group [get_clocks -include_generated_clocks clk125_p]'. [C:/UW-Madison/RA/linien/gateware/build/top.xdc:368]
Resolution: Check if the specified object(s) exists in the current design. If it does, ensure that the correct design hierarchy was specified for the object. If you are working with clocks, make sure create_clock was used to create the clock object before it is referenced.
CRITICAL WARNING: [Vivado 12-4739] set_clock_groups:No valid object(s) found for '-group '. [C:/UW-Madison/RA/linien/gateware/build/top.xdc:368]
Resolution: Check if the specified object(s) exists in the current design. If it does, ensure that the correct design hierarchy was specified for the object. If you are working with clocks, make sure create_clock was used to create the clock object before it is referenced.
CRITICAL WARNING: [Vivado 12-4739] set_clock_groups:No valid object(s) found for '-group [get_clocks -include_generated_clocks clk_fpga_0]'. [C:/UW-Madison/RA/linien/gateware/build/top.xdc:368]
Resolution: Check if the specified object(s) exists in the current design. If it does, ensure that the correct design hierarchy was specified for the object. If you are working with clocks, make sure create_clock was used to create the clock object before it is referenced.
CRITICAL WARNING: [Vivado 12-4739] set_clock_groups:No valid object(s) found for '-group '. [C:/UW-Madison/RA/linien/gateware/build/top.xdc:368]
Resolution: Check if the specified object(s) exists in the current design. If it does, ensure that the correct design hierarchy was specified for the object. If you are working with clocks, make sure create_clock was used to create the clock object before it is referenced.
CRITICAL WARNING: [Constraints 18-4644] set_clock_groups: All clock groups specified are empty. Please specify atleast one clock group which is not empty. [C:/UW-Madison/RA/linien/gateware/build/top.xdc:368]
WARNING: [Vivado 12-180] No cells matched 'get_cells -filter {ars_ff1 == TRUE || ars_ff2 == TRUE}'. [C:/UW-Madison/RA/linien/gateware/build/top.xdc:374]
WARNING: [Vivado 12-508] No pins matched 'get_pins -filter {REF_PIN_NAME == PRE} -of [get_cells -filter {ars_ff1 == TRUE || ars_ff2 == TRUE}]'. [C:/UW-Madison/RA/linien/gateware/build/top.xdc:374]
WARNING: [Vivado 12-180] No cells matched 'get_cells -filter {ars_ff1 == TRUE}'. [C:/UW-Madison/RA/linien/gateware/build/top.xdc:376]
WARNING: [Vivado 12-508] No pins matched 'get_pins -filter {REF_PIN_NAME == Q} -of [get_cells -filter {ars_ff1 == TRUE}]'. [C:/UW-Madison/RA/linien/gateware/build/top.xdc:376]
WARNING: [Vivado 12-180] No cells matched 'get_cells -filter {ars_ff2 == TRUE}'. [C:/UW-Madison/RA/linien/gateware/build/top.xdc:376]
WARNING: [Vivado 12-508] No pins matched 'get_pins -filter {REF_PIN_NAME == D} -of [get_cells -filter {ars_ff2 == TRUE}]'. [C:/UW-Madison/RA/linien/gateware/build/top.xdc:376]
Finished Parsing XDC File [C:/UW-Madison/RA/linien/gateware/build/top.xdc]
Parsing XDC File [C:/UW-Madison/RA/linien/gateware/verilog/system_processing_system7_0_0.xdc] for cell 'system_processing_system7_0_0/inst'
Finished Parsing XDC File [C:/UW-Madison/RA/linien/gateware/verilog/system_processing_system7_0_0.xdc] for cell 'system_processing_system7_0_0/inst'
INFO: [Opt 31-138] Pushed 0 inverter(s) to 0 load pin(s).
Netlist sorting complete. Time (s): cpu = 00:00:00 ; elapsed = 00:00:00.014 . Memory (MB): peak = 2807.738 ; gain = 0.000
INFO: [Project 1-111] Unisim Transformation Summary:
  A total of 19 instances were transformed.
  FD => FDRE: 1 instance 
  IBUFGDS => IBUFDS: 1 instance 
  IOBUF => IOBUF (IBUF, OBUFT): 16 instances
  PLLE2_BASE => PLLE2_ADV: 1 instance 

Synth Design complete | Checksum: f318bebd
INFO: [Common 17-83] Releasing license: Synthesis
150 Infos, 327 Warnings, 10 Critical Warnings and 0 Errors encountered.
synth_design completed successfully
synth_design: Time (s): cpu = 00:02:54 ; elapsed = 00:03:01 . Memory (MB): peak = 2807.738 ; gain = 2275.504
## opt_design -directive ExploreWithRemap
Command: opt_design -directive ExploreWithRemap
INFO: [Vivado_Tcl 4-136] Directive used for opt_design is: ExploreWithRemap
Attempting to get a license for feature 'Implementation' and/or device 'xc7z010'
INFO: [Common 17-349] Got license for feature 'Implementation' and/or device 'xc7z010'
Running DRC as a precondition to command opt_design

Starting DRC Task
INFO: [DRC 23-27] Running DRC with 2 threads
INFO: [Project 1-461] DRC finished with 0 Errors
INFO: [Project 1-462] Please refer to the DRC report (report_drc) for more information.

Time (s): cpu = 00:00:02 ; elapsed = 00:00:01 . Memory (MB): peak = 2807.738 ; gain = 0.000

Starting Logic Optimization Task

Phase 1 Initialization

Phase 1.1 Core Generation And Design Setup
Phase 1.1 Core Generation And Design Setup | Checksum: 22fc09bb2

Time (s): cpu = 00:00:00 ; elapsed = 00:00:00.024 . Memory (MB): peak = 2807.738 ; gain = 0.000

Phase 1.2 Setup Constraints And Sort Netlist
Phase 1.2 Setup Constraints And Sort Netlist | Checksum: 22fc09bb2

Time (s): cpu = 00:00:00 ; elapsed = 00:00:00.052 . Memory (MB): peak = 2807.738 ; gain = 0.000
Phase 1 Initialization | Checksum: 22fc09bb2

Time (s): cpu = 00:00:00 ; elapsed = 00:00:00.055 . Memory (MB): peak = 2807.738 ; gain = 0.000

Phase 2 Timer Update And Timing Data Collection

Phase 2.1 Detect if minReqCache needed
Phase 2.1 Detect if minReqCache needed | Checksum: 22fc09bb2

Time (s): cpu = 00:00:00 ; elapsed = 00:00:00.099 . Memory (MB): peak = 2807.738 ; gain = 0.000

Phase 2.2 Timer Update
INFO: [Timing 38-35] Done setting XDC timing constraints.
INFO: [Timing 38-2] Deriving generated clocks
Phase 2.2 Timer Update | Checksum: 22fc09bb2

Time (s): cpu = 00:00:04 ; elapsed = 00:00:03 . Memory (MB): peak = 2807.738 ; gain = 0.000

Phase 2.3 Timing Data Collection
Phase 2.3 Timing Data Collection | Checksum: 22fc09bb2

Time (s): cpu = 00:00:04 ; elapsed = 00:00:03 . Memory (MB): peak = 2807.738 ; gain = 0.000
Phase 2 Timer Update And Timing Data Collection | Checksum: 22fc09bb2

Time (s): cpu = 00:00:04 ; elapsed = 00:00:03 . Memory (MB): peak = 2807.738 ; gain = 0.000

Phase 3 Retarget
INFO: [Opt 31-1851] Number of loadless carry chains removed were: 0
INFO: [Opt 31-1834] Total Chains To Be Transformed Were: 0 AND Number of Transformed insts Created are: 0
INFO: [Opt 31-1566] Pulled 4 inverters resulting in an inversion of 60 pins
INFO: [Opt 31-138] Pushed 1 inverter(s) to 1 load pin(s).
INFO: [Opt 31-49] Retargeted 0 cell(s).
Phase 3 Retarget | Checksum: 1ad6b569b

Time (s): cpu = 00:00:05 ; elapsed = 00:00:04 . Memory (MB): peak = 2807.738 ; gain = 0.000
Retarget | Checksum: 1ad6b569b
INFO: [Opt 31-389] Phase Retarget created 0 cells and removed 61 cells
INFO: [Opt 31-1021] In phase Retarget, 16 netlist objects are constrained preventing optimization. Please run opt_design with -debug_log to get more detail. 

Phase 4 Constant propagation
INFO: [Opt 31-138] Pushed 0 inverter(s) to 0 load pin(s).
Phase 4 Constant propagation | Checksum: 2549b69b6

Time (s): cpu = 00:00:06 ; elapsed = 00:00:05 . Memory (MB): peak = 2807.738 ; gain = 0.000
Constant propagation | Checksum: 2549b69b6
INFO: [Opt 31-389] Phase Constant propagation created 418 cells and removed 1097 cells

Phase 5 Sweep
INFO: [Constraints 18-11670] Building netlist checker database with flags, 0x8
Done building netlist checker database: Time (s): cpu = 00:00:00 ; elapsed = 00:00:00.011 . Memory (MB): peak = 2807.738 ; gain = 0.000
INFO: [Constraints 18-11670] Building netlist checker database with flags, 0x8
Done building netlist checker database: Time (s): cpu = 00:00:00 ; elapsed = 00:00:00.009 . Memory (MB): peak = 2807.738 ; gain = 0.000
Phase 5 Sweep | Checksum: 26cefe0ec

Time (s): cpu = 00:00:08 ; elapsed = 00:00:07 . Memory (MB): peak = 2807.738 ; gain = 0.000
Sweep | Checksum: 26cefe0ec
INFO: [Opt 31-389] Phase Sweep created 1 cells and removed 6 cells
INFO: [Opt 31-1021] In phase Sweep, 64 netlist objects are constrained preventing optimization. Please run opt_design with -debug_log to get more detail. 

Phase 6 BUFG optimization
Phase 6 BUFG optimization | Checksum: 26cefe0ec

Time (s): cpu = 00:00:08 ; elapsed = 00:00:07 . Memory (MB): peak = 2807.738 ; gain = 0.000
BUFG optimization | Checksum: 26cefe0ec
INFO: [Opt 31-662] Phase BUFG optimization created 0 cells of which 0 are BUFGs and removed 0 cells.

Phase 7 Shift Register Optimization
INFO: [Opt 31-1064] SRL Remap converted 0 SRLs to 0 registers and converted 0 registers of register chains to 0 SRLs
Phase 7 Shift Register Optimization | Checksum: 26cefe0ec

Time (s): cpu = 00:00:08 ; elapsed = 00:00:07 . Memory (MB): peak = 2807.738 ; gain = 0.000
Shift Register Optimization | Checksum: 26cefe0ec
INFO: [Opt 31-389] Phase Shift Register Optimization created 0 cells and removed 0 cells
INFO: [Opt 31-1555] control_set_opt supports Versal devices only, and device 7z010 is unsupported

Phase 8 Remap
Phase 8 Remap | Checksum: 1dce8f112

Time (s): cpu = 00:00:21 ; elapsed = 00:00:20 . Memory (MB): peak = 2807.738 ; gain = 0.000
Remap | Checksum: 1dce8f112
INFO: [Opt 31-389] Phase Remap created 578 cells and removed 487 cells
INFO: [Opt 31-1021] In phase Remap, 10 netlist objects are constrained preventing optimization. Please run opt_design with -debug_log to get more detail. 

Phase 9 Post Processing Netlist
Phase 9 Post Processing Netlist | Checksum: 202de7beb

Time (s): cpu = 00:00:21 ; elapsed = 00:00:20 . Memory (MB): peak = 2807.738 ; gain = 0.000
Post Processing Netlist | Checksum: 202de7beb
INFO: [Opt 31-389] Phase Post Processing Netlist created 0 cells and removed 0 cells

Phase 10 Finalization

Phase 10.1 Finalizing Design Cores and Updating Shapes
Phase 10.1 Finalizing Design Cores and Updating Shapes | Checksum: 178f52e38

Time (s): cpu = 00:00:22 ; elapsed = 00:00:21 . Memory (MB): peak = 2807.738 ; gain = 0.000

Phase 10.2 Verifying Netlist Connectivity

Starting Connectivity Check Task

Time (s): cpu = 00:00:00 ; elapsed = 00:00:00.072 . Memory (MB): peak = 2807.738 ; gain = 0.000
Phase 10.2 Verifying Netlist Connectivity | Checksum: 178f52e38

Time (s): cpu = 00:00:22 ; elapsed = 00:00:21 . Memory (MB): peak = 2807.738 ; gain = 0.000
Phase 10 Finalization | Checksum: 178f52e38

Time (s): cpu = 00:00:22 ; elapsed = 00:00:21 . Memory (MB): peak = 2807.738 ; gain = 0.000
Opt_design Change Summary
=========================


-------------------------------------------------------------------------------------------------------------------------
|  Phase                        |  #Cells created  |  #Cells Removed  |  #Constrained objects preventing optimizations  |
-------------------------------------------------------------------------------------------------------------------------
|  Retarget                     |               0  |              61  |                                             16  |
|  Constant propagation         |             418  |            1097  |                                              0  |
|  Sweep                        |               1  |               6  |                                             64  |
|  BUFG optimization            |               0  |               0  |                                              0  |
|  Shift Register Optimization  |               0  |               0  |                                              0  |
|  Remap                        |             578  |             487  |                                             10  |
|  Post Processing Netlist      |               0  |               0  |                                              0  |
-------------------------------------------------------------------------------------------------------------------------


Ending Logic Optimization Task | Checksum: 178f52e38

Time (s): cpu = 00:00:22 ; elapsed = 00:00:21 . Memory (MB): peak = 2807.738 ; gain = 0.000
Netlist sorting complete. Time (s): cpu = 00:00:00 ; elapsed = 00:00:00.019 . Memory (MB): peak = 2807.738 ; gain = 0.000
INFO: [Common 17-83] Releasing license: Implementation
28 Infos, 0 Warnings, 0 Critical Warnings and 0 Errors encountered.
opt_design completed successfully
opt_design: Time (s): cpu = 00:00:28 ; elapsed = 00:00:26 . Memory (MB): peak = 2807.738 ; gain = 0.000
## report_timing_summary -file top_timing_synth.rpt
INFO: [Timing 38-35] Done setting XDC timing constraints.
INFO: [Timing 38-91] UpdateTimingParams: Speed grade: -1, Delay Type: min_max.
INFO: [Timing 38-191] Multithreading enabled for timing update using a maximum of 2 CPUs
report_timing_summary: Time (s): cpu = 00:00:09 ; elapsed = 00:00:06 . Memory (MB): peak = 2807.738 ; gain = 0.000
## report_utilization -hierarchical -file top_utilization_hierarchical_synth.rpt
## report_utilization -file top_utilization_synth.rpt
## opt_design
Command: opt_design
Attempting to get a license for feature 'Implementation' and/or device 'xc7z010'
INFO: [Common 17-349] Got license for feature 'Implementation' and/or device 'xc7z010'
Running DRC as a precondition to command opt_design

Starting DRC Task
INFO: [DRC 23-27] Running DRC with 2 threads
INFO: [Project 1-461] DRC finished with 0 Errors
INFO: [Project 1-462] Please refer to the DRC report (report_drc) for more information.

Time (s): cpu = 00:00:00 ; elapsed = 00:00:00.466 . Memory (MB): peak = 2807.738 ; gain = 0.000

Starting Cache Timing Information Task
Ending Cache Timing Information Task | Checksum: 178f52e38

Time (s): cpu = 00:00:01 ; elapsed = 00:00:00.016 . Memory (MB): peak = 2807.738 ; gain = 0.000

Starting Logic Optimization Task

Phase 1 Initialization

Phase 1.1 Core Generation And Design Setup
Phase 1.1 Core Generation And Design Setup | Checksum: 178f52e38

Time (s): cpu = 00:00:00 ; elapsed = 00:00:00.016 . Memory (MB): peak = 2807.738 ; gain = 0.000

Phase 1.2 Setup Constraints And Sort Netlist
Phase 1.2 Setup Constraints And Sort Netlist | Checksum: 178f52e38

Time (s): cpu = 00:00:00 ; elapsed = 00:00:00.042 . Memory (MB): peak = 2807.738 ; gain = 0.000
Phase 1 Initialization | Checksum: 178f52e38

Time (s): cpu = 00:00:00 ; elapsed = 00:00:00.046 . Memory (MB): peak = 2807.738 ; gain = 0.000

Phase 2 Timer Update And Timing Data Collection

Phase 2.1 Detect if minReqCache needed
Phase 2.1 Detect if minReqCache needed | Checksum: 178f52e38

Time (s): cpu = 00:00:00 ; elapsed = 00:00:00.082 . Memory (MB): peak = 2807.738 ; gain = 0.000

Phase 2.2 Timer Update
Phase 2.2 Timer Update | Checksum: 178f52e38

Time (s): cpu = 00:00:01 ; elapsed = 00:00:00.785 . Memory (MB): peak = 2807.738 ; gain = 0.000

Phase 2.3 Timing Data Collection
Phase 2.3 Timing Data Collection | Checksum: 178f52e38

Time (s): cpu = 00:00:01 ; elapsed = 00:00:00.815 . Memory (MB): peak = 2807.738 ; gain = 0.000
Phase 2 Timer Update And Timing Data Collection | Checksum: 178f52e38

Time (s): cpu = 00:00:01 ; elapsed = 00:00:00.819 . Memory (MB): peak = 2807.738 ; gain = 0.000

Phase 3 Retarget
INFO: [Opt 31-1851] Number of loadless carry chains removed were: 0
INFO: [Opt 31-1834] Total Chains To Be Transformed Were: 0 AND Number of Transformed insts Created are: 0
INFO: [Opt 31-138] Pushed 0 inverter(s) to 0 load pin(s).
INFO: [Opt 31-49] Retargeted 0 cell(s).
Phase 3 Retarget | Checksum: 178f52e38

Time (s): cpu = 00:00:01 ; elapsed = 00:00:01 . Memory (MB): peak = 2807.738 ; gain = 0.000
Retarget | Checksum: 178f52e38
INFO: [Opt 31-389] Phase Retarget created 0 cells and removed 0 cells
INFO: [Opt 31-1021] In phase Retarget, 16 netlist objects are constrained preventing optimization. Please run opt_design with -debug_log to get more detail. 

Phase 4 Constant propagation
INFO: [Opt 31-138] Pushed 0 inverter(s) to 0 load pin(s).
Phase 4 Constant propagation | Checksum: 178f52e38

Time (s): cpu = 00:00:02 ; elapsed = 00:00:02 . Memory (MB): peak = 2807.738 ; gain = 0.000
Constant propagation | Checksum: 178f52e38
INFO: [Opt 31-389] Phase Constant propagation created 0 cells and removed 0 cells

Phase 5 Sweep
INFO: [Constraints 18-11670] Building netlist checker database with flags, 0x8
Done building netlist checker database: Time (s): cpu = 00:00:00 ; elapsed = 00:00:00.012 . Memory (MB): peak = 2807.738 ; gain = 0.000
INFO: [Constraints 18-11670] Building netlist checker database with flags, 0x8
Done building netlist checker database: Time (s): cpu = 00:00:00 ; elapsed = 00:00:00.011 . Memory (MB): peak = 2807.738 ; gain = 0.000
Phase 5 Sweep | Checksum: 1e36aaecf

Time (s): cpu = 00:00:02 ; elapsed = 00:00:02 . Memory (MB): peak = 2807.738 ; gain = 0.000
Sweep | Checksum: 1e36aaecf
INFO: [Opt 31-389] Phase Sweep created 0 cells and removed 0 cells
INFO: [Opt 31-1021] In phase Sweep, 64 netlist objects are constrained preventing optimization. Please run opt_design with -debug_log to get more detail. 

Phase 6 BUFG optimization
Phase 6 BUFG optimization | Checksum: 1e36aaecf

Time (s): cpu = 00:00:02 ; elapsed = 00:00:02 . Memory (MB): peak = 2807.738 ; gain = 0.000
BUFG optimization | Checksum: 1e36aaecf
INFO: [Opt 31-662] Phase BUFG optimization created 0 cells of which 0 are BUFGs and removed 0 cells.

Phase 7 Shift Register Optimization
INFO: [Opt 31-1064] SRL Remap converted 0 SRLs to 0 registers and converted 0 registers of register chains to 0 SRLs
Phase 7 Shift Register Optimization | Checksum: 1e36aaecf

Time (s): cpu = 00:00:03 ; elapsed = 00:00:02 . Memory (MB): peak = 2807.738 ; gain = 0.000
Shift Register Optimization | Checksum: 1e36aaecf
INFO: [Opt 31-389] Phase Shift Register Optimization created 0 cells and removed 0 cells

Phase 8 Post Processing Netlist
Phase 8 Post Processing Netlist | Checksum: 1e36aaecf

Time (s): cpu = 00:00:03 ; elapsed = 00:00:03 . Memory (MB): peak = 2807.738 ; gain = 0.000
Post Processing Netlist | Checksum: 1e36aaecf
INFO: [Opt 31-389] Phase Post Processing Netlist created 0 cells and removed 0 cells

Phase 9 Finalization

Phase 9.1 Finalizing Design Cores and Updating Shapes
Phase 9.1 Finalizing Design Cores and Updating Shapes | Checksum: 1b0c170f3

Time (s): cpu = 00:00:03 ; elapsed = 00:00:03 . Memory (MB): peak = 2807.738 ; gain = 0.000

Phase 9.2 Verifying Netlist Connectivity

Starting Connectivity Check Task

Time (s): cpu = 00:00:00 ; elapsed = 00:00:00.064 . Memory (MB): peak = 2807.738 ; gain = 0.000
Phase 9.2 Verifying Netlist Connectivity | Checksum: 1b0c170f3

Time (s): cpu = 00:00:03 ; elapsed = 00:00:03 . Memory (MB): peak = 2807.738 ; gain = 0.000
Phase 9 Finalization | Checksum: 1b0c170f3

Time (s): cpu = 00:00:03 ; elapsed = 00:00:03 . Memory (MB): peak = 2807.738 ; gain = 0.000
Opt_design Change Summary
=========================


-------------------------------------------------------------------------------------------------------------------------
|  Phase                        |  #Cells created  |  #Cells Removed  |  #Constrained objects preventing optimizations  |
-------------------------------------------------------------------------------------------------------------------------
|  Retarget                     |               0  |               0  |                                             16  |
|  Constant propagation         |               0  |               0  |                                              0  |
|  Sweep                        |               0  |               0  |                                             64  |
|  BUFG optimization            |               0  |               0  |                                              0  |
|  Shift Register Optimization  |               0  |               0  |                                              0  |
|  Post Processing Netlist      |               0  |               0  |                                              0  |
-------------------------------------------------------------------------------------------------------------------------


Ending Logic Optimization Task | Checksum: 1b0c170f3

Time (s): cpu = 00:00:03 ; elapsed = 00:00:03 . Memory (MB): peak = 2807.738 ; gain = 0.000

Starting Power Optimization Task
INFO: [Pwropt 34-132] Skipping clock gating for clocks with a period < 2.00 ns.
INFO: [Power 33-23] Power model is not available for DNA_PORT
INFO: [Pwropt 34-9] Applying IDT optimizations ...
INFO: [Pwropt 34-10] Applying ODC optimizations ...
INFO: [Timing 38-35] Done setting XDC timing constraints.
Running Vector-less Activity Propagation...

Finished Running Vector-less Activity Propagation


Starting PowerOpt Patch Enables Task
INFO: [Pwropt 34-162] WRITE_MODE attribute of 0 BRAM(s) out of a total of 31 has been updated to save power. Run report_power_opt to get a complete listing of the BRAMs updated.
INFO: [Pwropt 34-201] Structural ODC has moved 0 WE to EN ports
Number of BRAM Ports augmented: 28 newly gated: 1 Total Ports: 62
Ending PowerOpt Patch Enables Task | Checksum: 1fd644a2f

Time (s): cpu = 00:00:01 ; elapsed = 00:00:00.236 . Memory (MB): peak = 2807.738 ; gain = 0.000
Ending Power Optimization Task | Checksum: 1fd644a2f

Time (s): cpu = 00:00:10 ; elapsed = 00:00:06 . Memory (MB): peak = 2807.738 ; gain = 0.000

Starting Final Cleanup Task
Ending Final Cleanup Task | Checksum: 1fd644a2f

Time (s): cpu = 00:00:00 ; elapsed = 00:00:00.004 . Memory (MB): peak = 2807.738 ; gain = 0.000
Netlist sorting complete. Time (s): cpu = 00:00:00 ; elapsed = 00:00:00.030 . Memory (MB): peak = 2807.738 ; gain = 0.000
INFO: [Common 17-83] Releasing license: Implementation
28 Infos, 0 Warnings, 0 Critical Warnings and 0 Errors encountered.
opt_design completed successfully
opt_design: Time (s): cpu = 00:00:17 ; elapsed = 00:00:13 . Memory (MB): peak = 2807.738 ; gain = 0.000
## place_design
Command: place_design
Attempting to get a license for feature 'Implementation' and/or device 'xc7z010'
INFO: [Common 17-349] Got license for feature 'Implementation' and/or device 'xc7z010'
INFO: [Common 17-83] Releasing license: Implementation
INFO: [DRC 23-27] Running DRC with 2 threads
INFO: [Vivado_Tcl 4-198] DRC finished with 0 Errors
INFO: [Vivado_Tcl 4-199] Please refer to the DRC report (report_drc) for more information.
INFO: [Timing 38-35] Done setting XDC timing constraints.
Running DRC as a precondition to command place_design
INFO: [DRC 23-27] Running DRC with 2 threads
INFO: [Vivado_Tcl 4-198] DRC finished with 0 Errors
INFO: [Vivado_Tcl 4-199] Please refer to the DRC report (report_drc) for more information.
INFO: [Place 30-611] Multithreading enabled for place_design using a maximum of 2 CPUs

Starting Placer Task

Phase 1 Placer Initialization

Phase 1.1 Placer Initialization Netlist Sorting
Netlist sorting complete. Time (s): cpu = 00:00:00 ; elapsed = 00:00:00.019 . Memory (MB): peak = 2807.738 ; gain = 0.000
Phase 1.1 Placer Initialization Netlist Sorting | Checksum: 11649ea56

Time (s): cpu = 00:00:00 ; elapsed = 00:00:00.032 . Memory (MB): peak = 2807.738 ; gain = 0.000
Netlist sorting complete. Time (s): cpu = 00:00:00 ; elapsed = 00:00:00.019 . Memory (MB): peak = 2807.738 ; gain = 0.000

Phase 1.2 IO Placement/ Clock Placement/ Build Placer Device
Phase 1.2 IO Placement/ Clock Placement/ Build Placer Device | Checksum: 1715d20ae

Time (s): cpu = 00:00:02 ; elapsed = 00:00:02 . Memory (MB): peak = 2807.738 ; gain = 0.000

Phase 1.3 Build Placer Netlist Model
Phase 1.3 Build Placer Netlist Model | Checksum: 244c91714

Time (s): cpu = 00:00:13 ; elapsed = 00:00:09 . Memory (MB): peak = 2807.738 ; gain = 0.000

Phase 1.4 Constrain Clocks/Macros
Phase 1.4 Constrain Clocks/Macros | Checksum: 244c91714

Time (s): cpu = 00:00:13 ; elapsed = 00:00:09 . Memory (MB): peak = 2807.738 ; gain = 0.000
Phase 1 Placer Initialization | Checksum: 244c91714

Time (s): cpu = 00:00:13 ; elapsed = 00:00:09 . Memory (MB): peak = 2807.738 ; gain = 0.000

Phase 2 Global Placement

Phase 2.1 Floorplanning
Phase 2.1 Floorplanning | Checksum: 20c857435

Time (s): cpu = 00:00:20 ; elapsed = 00:00:13 . Memory (MB): peak = 2807.738 ; gain = 0.000

Phase 2.2 Update Timing before SLR Path Opt
Phase 2.2 Update Timing before SLR Path Opt | Checksum: 1e439a725

Time (s): cpu = 00:00:27 ; elapsed = 00:00:17 . Memory (MB): peak = 2807.738 ; gain = 0.000

Phase 2.3 Post-Processing in Floorplanning
Phase 2.3 Post-Processing in Floorplanning | Checksum: 1e16850e7

Time (s): cpu = 00:00:27 ; elapsed = 00:00:17 . Memory (MB): peak = 2807.738 ; gain = 0.000

Phase 2.4 Global Place Phase1
Phase 2.4 Global Place Phase1 | Checksum: 15fb5ab55

Time (s): cpu = 00:01:22 ; elapsed = 00:00:50 . Memory (MB): peak = 2807.738 ; gain = 0.000

Phase 2.5 Global Place Phase2

Phase 2.5.1 UpdateTiming Before Physical Synthesis
Phase 2.5.1 UpdateTiming Before Physical Synthesis | Checksum: 14d3e14a3

Time (s): cpu = 00:01:31 ; elapsed = 00:00:55 . Memory (MB): peak = 2807.738 ; gain = 0.000

Phase 2.5.2 Physical Synthesis In Placer
INFO: [Physopt 32-1035] Found 363 LUTNM shape to break, 178 LUT instances to create LUTNM shape
INFO: [Physopt 32-1044] Break lutnm for timing: one critical 86, two critical 277, total 0, new lutff created 0
INFO: [Physopt 32-1138] End 1 Pass. Optimized 69 nets or LUTs. Breaked 0 LUT, combined 69 existing LUTs and moved 0 existing LUT
INFO: [Physopt 32-1408] Pass 1. Identified 1 candidate net for high-fanout optimization.
INFO: [Physopt 32-81] Processed net dac_rst_OBUF. Replicated 61 times.
INFO: [Physopt 32-232] Optimized 1 net. Created 61 new instances.
INFO: [Physopt 32-775] End 1 Pass. Optimized 1 net or cell. Created 61 new cells, deleted 0 existing cell and moved 0 existing cell
Netlist sorting complete. Time (s): cpu = 00:00:00 ; elapsed = 00:00:00.298 . Memory (MB): peak = 2807.738 ; gain = 0.000
INFO: [Physopt 32-457] Pass 1. Identified 11 candidate cells for DSP register optimization.
INFO: [Physopt 32-665] Processed cell linienmodule_raw_acquisition_iir_z10. 17 registers were pushed out.
INFO: [Physopt 32-665] Processed cell linienmodule_raw_acquisition_iir_z10__0. 9 registers were pushed out.
INFO: [Physopt 32-665] Processed cell linienmodule_raw_acquisition_iir_z00. 17 registers were pushed out.
INFO: [Physopt 32-665] Processed cell linienmodule_raw_acquisition_iir_z00__0. 9 registers were pushed out.
INFO: [Physopt 32-665] Processed cell linienmodule_raw_acquisition_iir_z20__0. 9 registers were pushed out.
INFO: [Physopt 32-665] Processed cell linienmodule_raw_acquisition_iir_z20. 17 registers were pushed out.
INFO: [Physopt 32-665] Processed cell linienmodule_raw_acquisition_iir_z50. 17 registers were pushed out.
INFO: [Physopt 32-665] Processed cell linienmodule_raw_acquisition_iir_z30. 17 registers were pushed out.
INFO: [Physopt 32-665] Processed cell linienmodule_raw_acquisition_iir_z30__0. 9 registers were pushed out.
INFO: [Physopt 32-665] Processed cell linienmodule_raw_acquisition_iir_z40. 17 registers were pushed out.
INFO: [Physopt 32-665] Processed cell linienmodule_raw_acquisition_iir_z40__0. 9 registers were pushed out.
INFO: [Physopt 32-775] End 2 Pass. Optimized 11 nets or cells. Created 147 new cells, deleted 0 existing cell and moved 0 existing cell
Netlist sorting complete. Time (s): cpu = 00:00:01 ; elapsed = 00:00:00.272 . Memory (MB): peak = 2807.738 ; gain = 0.000
INFO: [Physopt 32-1123] No candidate cells found for Shift Register to Pipeline optimization
INFO: [Physopt 32-775] End 2 Pass. Optimized 0 net or cell. Created 0 new cell, deleted 0 existing cell and moved 0 existing cell
INFO: [Physopt 32-1401] No candidate cells found for Shift Register optimization.
INFO: [Physopt 32-677] No candidate cells for Shift Register optimization found in the design
INFO: [Physopt 32-775] End 1 Pass. Optimized 0 net or cell. Created 0 new cell, deleted 0 existing cell and moved 0 existing cell
INFO: [Physopt 32-527] Pass 1: Identified 1 candidate cell for BRAM register optimization
INFO: [Physopt 32-665] Processed cell sequence_top/BRAM/mem_reg. 14 registers were pushed out.
INFO: [Physopt 32-775] End 1 Pass. Optimized 1 net or cell. Created 14 new cells, deleted 0 existing cell and moved 0 existing cell
Netlist sorting complete. Time (s): cpu = 00:00:00 ; elapsed = 00:00:00.030 . Memory (MB): peak = 2807.738 ; gain = 0.000
INFO: [Physopt 32-846] No candidate cells for URAM register optimization found in the design
INFO: [Physopt 32-775] End 1 Pass. Optimized 0 net or cell. Created 0 new cell, deleted 0 existing cell and moved 0 existing cell
INFO: [Physopt 32-846] No candidate cells for URAM register optimization found in the design
INFO: [Physopt 32-775] End 1 Pass. Optimized 0 net or cell. Created 0 new cell, deleted 0 existing cell and moved 0 existing cell
INFO: [Physopt 32-949] No candidate nets found for dynamic/static region interface net replication
INFO: [Physopt 32-775] End 1 Pass. Optimized 0 net or cell. Created 0 new cell, deleted 0 existing cell and moved 0 existing cell
Netlist sorting complete. Time (s): cpu = 00:00:00 ; elapsed = 00:00:00.019 . Memory (MB): peak = 2807.738 ; gain = 0.000

Summary of Physical Synthesis Optimizations
============================================


-----------------------------------------------------------------------------------------------------------------------------------------------------------
|  Optimization                                     |  Added Cells  |  Removed Cells  |  Optimized Cells/Nets  |  Dont Touch  |  Iterations  |  Elapsed   |
-----------------------------------------------------------------------------------------------------------------------------------------------------------
|  LUT Combining                                    |            0  |             69  |                    69  |           0  |           1  |  00:00:00  |
|  Retime                                           |            0  |              0  |                     0  |           0  |           1  |  00:00:00  |
|  Very High Fanout                                 |           61  |              0  |                     1  |           0  |           1  |  00:00:03  |
|  DSP Register                                     |          147  |              0  |                    11  |           0  |           1  |  00:00:01  |
|  Shift Register to Pipeline                       |            0  |              0  |                     0  |           0  |           1  |  00:00:00  |
|  Shift Register                                   |            0  |              0  |                     0  |           0  |           1  |  00:00:00  |
|  BRAM Register                                    |           14  |              0  |                     1  |           0  |           1  |  00:00:00  |
|  URAM Register                                    |            0  |              0  |                     0  |           0  |           1  |  00:00:00  |
|  Dynamic/Static Region Interface Net Replication  |            0  |              0  |                     0  |           0  |           1  |  00:00:00  |
|  Total                                            |          222  |             69  |                    82  |           0  |           9  |  00:00:04  |
-----------------------------------------------------------------------------------------------------------------------------------------------------------


Phase 2.5.2 Physical Synthesis In Placer | Checksum: 2503ac0fd

Time (s): cpu = 00:01:42 ; elapsed = 00:01:04 . Memory (MB): peak = 2807.738 ; gain = 0.000
Phase 2.5 Global Place Phase2 | Checksum: 196fcc060

Time (s): cpu = 00:01:43 ; elapsed = 00:01:05 . Memory (MB): peak = 2807.738 ; gain = 0.000
Phase 2 Global Placement | Checksum: 196fcc060

Time (s): cpu = 00:01:43 ; elapsed = 00:01:05 . Memory (MB): peak = 2807.738 ; gain = 0.000

Phase 3 Detail Placement

Phase 3.1 Commit Multi Column Macros
Phase 3.1 Commit Multi Column Macros | Checksum: 2629d6a5b

Time (s): cpu = 00:01:49 ; elapsed = 00:01:08 . Memory (MB): peak = 2807.738 ; gain = 0.000

Phase 3.2 Commit Most Macros & LUTRAMs
Phase 3.2 Commit Most Macros & LUTRAMs | Checksum: 1efb0bba3

Time (s): cpu = 00:01:59 ; elapsed = 00:01:15 . Memory (MB): peak = 2807.738 ; gain = 0.000

Phase 3.3 Area Swap Optimization
Phase 3.3 Area Swap Optimization | Checksum: 17b3f462a

Time (s): cpu = 00:01:59 ; elapsed = 00:01:15 . Memory (MB): peak = 2807.738 ; gain = 0.000

Phase 3.4 Pipeline Register Optimization
Phase 3.4 Pipeline Register Optimization | Checksum: 22d02dcec

Time (s): cpu = 00:01:59 ; elapsed = 00:01:15 . Memory (MB): peak = 2807.738 ; gain = 0.000

Phase 3.5 Fast Optimization
Phase 3.5 Fast Optimization | Checksum: 209c6ea30

Time (s): cpu = 00:02:12 ; elapsed = 00:01:23 . Memory (MB): peak = 2807.738 ; gain = 0.000

Phase 3.6 Small Shape Detail Placement
Phase 3.6 Small Shape Detail Placement | Checksum: 16a55f82e

Time (s): cpu = 00:02:31 ; elapsed = 00:01:42 . Memory (MB): peak = 2807.738 ; gain = 0.000

Phase 3.7 Re-assign LUT pins
Phase 3.7 Re-assign LUT pins | Checksum: 14cdbc577

Time (s): cpu = 00:02:33 ; elapsed = 00:01:45 . Memory (MB): peak = 2807.738 ; gain = 0.000

Phase 3.8 Pipeline Register Optimization
Phase 3.8 Pipeline Register Optimization | Checksum: 1a5c2c921

Time (s): cpu = 00:02:33 ; elapsed = 00:01:45 . Memory (MB): peak = 2807.738 ; gain = 0.000

Phase 3.9 Fast Optimization
Phase 3.9 Fast Optimization | Checksum: 248683051

Time (s): cpu = 00:02:51 ; elapsed = 00:01:57 . Memory (MB): peak = 2807.738 ; gain = 0.000
Phase 3 Detail Placement | Checksum: 248683051

Time (s): cpu = 00:02:51 ; elapsed = 00:01:57 . Memory (MB): peak = 2807.738 ; gain = 0.000

Phase 4 Post Placement Optimization and Clean-Up

Phase 4.1 Post Commit Optimization
INFO: [Timing 38-35] Done setting XDC timing constraints.

Phase 4.1.1 Post Placement Optimization
Post Placement Optimization Initialization | Checksum: 1e65798b7

Phase 4.1.1.1 BUFG Insertion

Starting Physical Synthesis Task

Phase 1 Physical Synthesis Initialization
INFO: [Physopt 32-721] Multithreading enabled for phys_opt_design using a maximum of 2 CPUs
INFO: [Physopt 32-619] Estimated Timing Summary | WNS=-8.086 | TNS=-7738.383 |
Phase 1 Physical Synthesis Initialization | Checksum: 16c091a3e

Time (s): cpu = 00:00:01 ; elapsed = 00:00:00.549 . Memory (MB): peak = 2807.738 ; gain = 0.000
INFO: [Place 46-56] BUFG insertion identified 0 candidate nets. Inserted BUFG: 0, Replicated BUFG Driver: 0, Skipped due to Placement/Routing Conflicts: 0, Skipped due to Timing Degradation: 0, Skipped due to netlist editing failed: 0.
Ending Physical Synthesis Task | Checksum: 2160bdb94

Time (s): cpu = 00:00:01 ; elapsed = 00:00:00.657 . Memory (MB): peak = 2807.738 ; gain = 0.000
Phase 4.1.1.1 BUFG Insertion | Checksum: 1e65798b7

Time (s): cpu = 00:03:02 ; elapsed = 00:02:05 . Memory (MB): peak = 2807.738 ; gain = 0.000

Phase 4.1.1.2 Post Placement Timing Optimization
INFO: [Place 30-746] Post Placement Timing Summary WNS=-7.817. For the most accurate timing information please run report_timing.
Phase 4.1.1.2 Post Placement Timing Optimization | Checksum: 12538d7d8

Time (s): cpu = 00:04:06 ; elapsed = 00:03:05 . Memory (MB): peak = 2807.738 ; gain = 0.000

Time (s): cpu = 00:04:06 ; elapsed = 00:03:05 . Memory (MB): peak = 2807.738 ; gain = 0.000
Phase 4.1 Post Commit Optimization | Checksum: 12538d7d8

Time (s): cpu = 00:04:06 ; elapsed = 00:03:05 . Memory (MB): peak = 2807.738 ; gain = 0.000

Phase 4.2 Post Placement Cleanup
Phase 4.2 Post Placement Cleanup | Checksum: 12538d7d8

Time (s): cpu = 00:04:06 ; elapsed = 00:03:05 . Memory (MB): peak = 2807.738 ; gain = 0.000

Phase 4.3 Placer Reporting

Phase 4.3.1 Print Estimated Congestion
INFO: [Place 30-612] Post-Placement Estimated Congestion 
 ____________________________________________________
|           | Global Congestion | Short Congestion  |
| Direction | Region Size       | Region Size       |
|___________|___________________|___________________|
|      North|                4x4|                8x8|
|___________|___________________|___________________|
|      South|                1x1|                4x4|
|___________|___________________|___________________|
|       East|                4x4|                8x8|
|___________|___________________|___________________|
|       West|                4x4|                4x4|
|___________|___________________|___________________|

Phase 4.3.1 Print Estimated Congestion | Checksum: 12538d7d8

Time (s): cpu = 00:04:06 ; elapsed = 00:03:05 . Memory (MB): peak = 2807.738 ; gain = 0.000
Phase 4.3 Placer Reporting | Checksum: 12538d7d8

Time (s): cpu = 00:04:06 ; elapsed = 00:03:05 . Memory (MB): peak = 2807.738 ; gain = 0.000

Phase 4.4 Final Placement Cleanup
Netlist sorting complete. Time (s): cpu = 00:00:00 ; elapsed = 00:00:00.020 . Memory (MB): peak = 2807.738 ; gain = 0.000

Time (s): cpu = 00:04:06 ; elapsed = 00:03:05 . Memory (MB): peak = 2807.738 ; gain = 0.000
Phase 4 Post Placement Optimization and Clean-Up | Checksum: 18ed129c2

Time (s): cpu = 00:04:06 ; elapsed = 00:03:05 . Memory (MB): peak = 2807.738 ; gain = 0.000
Ending Placer Task | Checksum: 18847d7e1

Time (s): cpu = 00:04:06 ; elapsed = 00:03:06 . Memory (MB): peak = 2807.738 ; gain = 0.000
50 Infos, 0 Warnings, 0 Critical Warnings and 0 Errors encountered.
place_design completed successfully
place_design: Time (s): cpu = 00:04:11 ; elapsed = 00:03:09 . Memory (MB): peak = 2807.738 ; gain = 0.000
## phys_opt_design -directive AddRetime
Command: phys_opt_design -directive AddRetime
Attempting to get a license for feature 'Implementation' and/or device 'xc7z010'
INFO: [Common 17-349] Got license for feature 'Implementation' and/or device 'xc7z010'
INFO: [Vivado_Tcl 4-137] Directive used for phys_opt_design is: AddRetime

Starting Initial Update Timing Task

Time (s): cpu = 00:00:07 ; elapsed = 00:00:04 . Memory (MB): peak = 2807.738 ; gain = 0.000
INFO: [Vivado_Tcl 4-1435] PhysOpt_Tcl_Interface Runtime Before Starting Physical Synthesis Task | CPU: 8.00s |  WALL: 4.54s
Netlist sorting complete. Time (s): cpu = 00:00:00 ; elapsed = 00:00:00.018 . Memory (MB): peak = 2807.738 ; gain = 0.000

Starting Physical Synthesis Task

Phase 1 Physical Synthesis Initialization
INFO: [Physopt 32-721] Multithreading enabled for phys_opt_design using a maximum of 2 CPUs
WARNING: [Place 30-34] Design utilization is very high. Please run report_utilization command to see design utilization.
INFO: [Physopt 32-619] Estimated Timing Summary | WNS=-7.817 | TNS=-7666.284 |
Phase 1 Physical Synthesis Initialization | Checksum: 12a63b579

Time (s): cpu = 00:00:04 ; elapsed = 00:00:02 . Memory (MB): peak = 2807.738 ; gain = 0.000
INFO: [Physopt 32-619] Estimated Timing Summary | WNS=-7.817 | TNS=-7666.284 |

Phase 2 DSP Register Optimization
INFO: [Physopt 32-456] No candidate cells for DSP register optimization found in the design.
INFO: [Physopt 32-775] End 2 Pass. Optimized 0 net or cell. Created 0 new cell, deleted 0 existing cell and moved 0 existing cell
Phase 2 DSP Register Optimization | Checksum: 12a63b579

Time (s): cpu = 00:00:04 ; elapsed = 00:00:03 . Memory (MB): peak = 2807.738 ; gain = 0.000

Phase 3 Critical Path Optimization
INFO: [Physopt 32-619] Estimated Timing Summary | WNS=-7.817 | TNS=-7666.284 |
INFO: [Physopt 32-663] Processed net linienmodule_pid_int_reg_reg_n_0_[10].  Re-placed instance linienmodule_pid_int_reg_reg[10]
INFO: [Physopt 32-735] Processed net linienmodule_pid_int_reg_reg_n_0_[10]. Optimization improves timing on the net.
INFO: [Physopt 32-619] Estimated Timing Summary | WNS=-7.817 | TNS=-7666.420 |
INFO: [Physopt 32-663] Processed net linienmodule_pid_int_reg_reg_n_0_[12].  Re-placed instance linienmodule_pid_int_reg_reg[12]
INFO: [Physopt 32-735] Processed net linienmodule_pid_int_reg_reg_n_0_[12]. Optimization improves timing on the net.
INFO: [Physopt 32-619] Estimated Timing Summary | WNS=-7.817 | TNS=-7666.438 |
INFO: [Physopt 32-663] Processed net linienmodule_pid_int_reg_reg_n_0_[13].  Re-placed instance linienmodule_pid_int_reg_reg[13]
INFO: [Physopt 32-735] Processed net linienmodule_pid_int_reg_reg_n_0_[13]. Optimization improves timing on the net.
INFO: [Physopt 32-619] Estimated Timing Summary | WNS=-7.817 | TNS=-7666.586 |
INFO: [Physopt 32-663] Processed net linienmodule_pid_int_reg_reg_n_0_[14].  Re-placed instance linienmodule_pid_int_reg_reg[14]
INFO: [Physopt 32-735] Processed net linienmodule_pid_int_reg_reg_n_0_[14]. Optimization improves timing on the net.
INFO: [Physopt 32-619] Estimated Timing Summary | WNS=-7.628 | TNS=-7666.873 |
INFO: [Physopt 32-663] Processed net linienmodule_pid_int_reg_reg_n_0_[15].  Re-placed instance linienmodule_pid_int_reg_reg[15]
INFO: [Physopt 32-735] Processed net linienmodule_pid_int_reg_reg_n_0_[15]. Optimization improves timing on the net.
INFO: [Physopt 32-619] Estimated Timing Summary | WNS=-7.628 | TNS=-7667.422 |
INFO: [Physopt 32-663] Processed net linienmodule_pid_int_reg_reg_n_0_[16].  Re-placed instance linienmodule_pid_int_reg_reg[16]
INFO: [Physopt 32-735] Processed net linienmodule_pid_int_reg_reg_n_0_[16]. Optimization improves timing on the net.
INFO: [Physopt 32-619] Estimated Timing Summary | WNS=-7.628 | TNS=-7667.851 |
INFO: [Physopt 32-663] Processed net linienmodule_pid_int_reg_reg_n_0_[17].  Re-placed instance linienmodule_pid_int_reg_reg[17]
INFO: [Physopt 32-735] Processed net linienmodule_pid_int_reg_reg_n_0_[17]. Optimization improves timing on the net.
INFO: [Physopt 32-619] Estimated Timing Summary | WNS=-7.628 | TNS=-7668.422 |
INFO: [Physopt 32-663] Processed net linienmodule_sequenceexecutor_i_linien_integrator[24].  Re-placed instance linienmodule_pid_int_reg_reg[42]
INFO: [Physopt 32-735] Processed net linienmodule_sequenceexecutor_i_linien_integrator[24]. Optimization improves timing on the net.
INFO: [Physopt 32-619] Estimated Timing Summary | WNS=-7.623 | TNS=-7668.837 |
INFO: [Physopt 32-702] Processed net linienmodule_sequenceexecutor_i_linien_integrator[24]. Optimizations did not improve timing on the net.
INFO: [Physopt 32-702] Processed net clk_2. Optimizations did not improve timing on the net.
INFO: [Physopt 32-702] Processed net linienmodule_pid_int_reg10_in. Optimizations did not improve timing on the net.
INFO: [Physopt 32-608] Optimized 1 net.  Swapped 9 pins.
INFO: [Physopt 32-735] Processed net linienmodule_pid_int_reg[42]_i_10_n_0. Optimization improves timing on the net.
INFO: [Physopt 32-619] Estimated Timing Summary | WNS=-7.516 | TNS=-7665.380 |
INFO: [Physopt 32-702] Processed net linienmodule_pid_int_reg[42]_i_10_n_0. Optimizations did not improve timing on the net.
INFO: [Physopt 32-702] Processed net linienmodule_pid_int_sum[40]. Optimizations did not improve timing on the net.
INFO: [Physopt 32-702] Processed net linienmodule_pid_int_reg_reg[39]_i_2_n_0. Optimizations did not improve timing on the net.
INFO: [Physopt 32-702] Processed net linienmodule_pid_int_reg_reg[35]_i_2_n_0. Optimizations did not improve timing on the net.
INFO: [Physopt 32-702] Processed net linienmodule_pid_int_reg_reg[31]_i_2_n_0. Optimizations did not improve timing on the net.
INFO: [Physopt 32-702] Processed net linienmodule_pid_int_reg_reg[27]_i_2_n_0. Optimizations did not improve timing on the net.
INFO: [Physopt 32-702] Processed net linienmodule_pid_int_reg_reg[23]_i_2_n_0. Optimizations did not improve timing on the net.
INFO: [Physopt 32-702] Processed net linienmodule_pid_int_reg_reg[17]_i_2_n_0. Optimizations did not improve timing on the net.
INFO: [Physopt 32-702] Processed net linienmodule_pid_int_reg_reg[15]_i_2_n_0. Optimizations did not improve timing on the net.
INFO: [Physopt 32-702] Processed net linienmodule_pid_int_reg_reg[11]_i_2_n_0. Optimizations did not improve timing on the net.
INFO: [Physopt 32-702] Processed net linienmodule_pid_int_reg_reg[7]_i_2_n_0. Optimizations did not improve timing on the net.
INFO: [Physopt 32-702] Processed net linienmodule_pid_int_reg_reg[3]_i_2_n_0. Optimizations did not improve timing on the net.
INFO: [Physopt 32-608] Optimized 1 net.  Swapped 11 pins.
INFO: [Physopt 32-735] Processed net linienmodule_pid_int_reg[3]_i_6_n_0. Optimization improves timing on the net.
INFO: [Physopt 32-619] Estimated Timing Summary | WNS=-7.438 | TNS=-7660.544 |
INFO: [Physopt 32-608] Optimized 1 net.  Swapped 11 pins.
INFO: [Physopt 32-735] Processed net linienmodule_pid_int_reg[3]_i_5_n_0. Optimization improves timing on the net.
INFO: [Physopt 32-619] Estimated Timing Summary | WNS=-7.406 | TNS=-7658.559 |
INFO: [Physopt 32-608] Optimized 1 net.  Swapped 14 pins.
INFO: [Physopt 32-735] Processed net linienmodule_pid_int_reg[11]_i_5_n_0. Optimization improves timing on the net.
INFO: [Physopt 32-619] Estimated Timing Summary | WNS=-7.399 | TNS=-7658.125 |
INFO: [Physopt 32-608] Optimized 1 net.  Swapped 11 pins.
INFO: [Physopt 32-735] Processed net linienmodule_pid_int_reg[7]_i_6_n_0. Optimization improves timing on the net.
INFO: [Physopt 32-619] Estimated Timing Summary | WNS=-7.353 | TNS=-7655.273 |
INFO: [Physopt 32-702] Processed net linienmodule_pid_int_reg[3]_i_5_n_0. Optimizations did not improve timing on the net.
INFO: [Physopt 32-702] Processed net linienmodule_pid_int_reg[42]_i_1_n_0. Optimizations did not improve timing on the net.
INFO: [Physopt 32-702] Processed net linienmodule_pid_error[25]. Optimizations did not improve timing on the net.
INFO: [Physopt 32-702] Processed net p_1_out__0_i_28_n_6. Optimizations did not improve timing on the net.
INFO: [Physopt 32-702] Processed net p_1_out__0_i_29_n_0. Optimizations did not improve timing on the net.
INFO: [Physopt 32-702] Processed net p_1_out__0_i_30_n_0. Optimizations did not improve timing on the net.
INFO: [Physopt 32-702] Processed net p_1_out__0_i_31_n_0. Optimizations did not improve timing on the net.
INFO: [Physopt 32-702] Processed net p_1_out__0_i_32_n_0. Optimizations did not improve timing on the net.
INFO: [Physopt 32-702] Processed net p_1_out__0_i_33_n_0. Optimizations did not improve timing on the net.
INFO: [Physopt 32-702] Processed net p_1_out__0_i_34_n_0. Optimizations did not improve timing on the net.
INFO: [Physopt 32-608] Optimized 1 net.  Swapped 22 pins.
INFO: [Physopt 32-735] Processed net p_1_out__0_i_84_n_0. Optimization improves timing on the net.
INFO: [Physopt 32-619] Estimated Timing Summary | WNS=-7.275 | TNS=-7634.429 |
INFO: [Physopt 32-702] Processed net linienmodule_raw_acquisition_iir_zr7[49]. Optimizations did not improve timing on the net.
INFO: [Physopt 32-702] Processed net linienmodule_raw_acquisition_iir_zr7_reg[47]_i_1_n_0. Optimizations did not improve timing on the net.
INFO: [Physopt 32-702] Processed net linienmodule_raw_acquisition_iir_zr7[47]_i_3_n_0. Optimizations did not improve timing on the net.
INFO: [Physopt 32-702] Processed net linienmodule_raw_acquisition_iir_z60[46]. Optimizations did not improve timing on the net.
INFO: [Physopt 32-702] Processed net linienmodule_raw_acquisition_iir_zr7_reg[47]_i_6_n_0. Optimizations did not improve timing on the net.
INFO: [Physopt 32-702] Processed net linienmodule_raw_acquisition_iir_zr7[47]_i_11_n_0. Optimizations did not improve timing on the net.
INFO: [Physopt 32-702] Processed net PCIN__2[41]. Optimizations did not improve timing on the net.
INFO: [Physopt 32-702] Processed net linienmodule_raw_acquisition_iir_zr7_reg[43]_i_7_n_0. Optimizations did not improve timing on the net.
INFO: [Physopt 32-702] Processed net linienmodule_raw_acquisition_iir_zr7_reg[39]_i_7_n_0. Optimizations did not improve timing on the net.
INFO: [Physopt 32-702] Processed net linienmodule_raw_acquisition_iir_zr7_reg[39]_i_12_n_6. Optimizations did not improve timing on the net.
INFO: [Physopt 32-702] Processed net linienmodule_raw_acquisition_iir_zr7_reg[35]_i_12_n_0. Optimizations did not improve timing on the net.
INFO: [Physopt 32-702] Processed net linienmodule_raw_acquisition_iir_zr7[35]_i_21_n_0. Optimizations did not improve timing on the net.
INFO: [Physopt 32-571] Net linienmodule_raw_acquisition_iir_zr7[35]_i_17_n_0 was not replicated.
INFO: [Physopt 32-702] Processed net linienmodule_raw_acquisition_iir_zr7[35]_i_17_n_0. Optimizations did not improve timing on the net.
INFO: [Physopt 32-702] Processed net linienmodule_raw_acquisition_iir_zr7_reg[35]_i_30_n_4. Optimizations did not improve timing on the net.
INFO: [Physopt 32-702] Processed net linienmodule_raw_acquisition_iir_zr7_reg[31]_i_30_n_0. Optimizations did not improve timing on the net.
INFO: [Physopt 32-702] Processed net linienmodule_raw_acquisition_iir_zr7[31]_i_43_n_0. Optimizations did not improve timing on the net.
INFO: [Physopt 32-571] Net linienmodule_raw_acquisition_iir_zr7[31]_i_39_n_0 was not replicated.
INFO: [Physopt 32-702] Processed net linienmodule_raw_acquisition_iir_zr7[31]_i_39_n_0. Optimizations did not improve timing on the net.
INFO: [Physopt 32-702] Processed net linienmodule_raw_acquisition_iir_zr7_reg[19]_i_61_n_4. Optimizations did not improve timing on the net.
INFO: [Physopt 32-702] Processed net linienmodule_raw_acquisition_iir_zr7_reg[19]_i_64_n_0. Optimizations did not improve timing on the net.
INFO: [Physopt 32-702] Processed net linienmodule_raw_acquisition_iir_zr7[19]_i_138_n_0. Optimizations did not improve timing on the net.
INFO: [Physopt 32-663] Processed net linienmodule_raw_acquisition_iir_zr7[19]_i_134_n_0.  Re-placed instance linienmodule_raw_acquisition_iir_zr7[19]_i_134
INFO: [Physopt 32-735] Processed net linienmodule_raw_acquisition_iir_zr7[19]_i_134_n_0. Optimization improves timing on the net.
INFO: [Physopt 32-619] Estimated Timing Summary | WNS=-7.270 | TNS=-7634.168 |
INFO: [Physopt 32-702] Processed net linienmodule_raw_acquisition_iir_z50_i_2_psdsp_n. Optimizations did not improve timing on the net.
INFO: [Physopt 32-702] Processed net linienmodule_limit_error_signal_limit_y1. Optimizations did not improve timing on the net.
INFO: [Physopt 32-702] Processed net linienmodule_raw_acquisition_iir_z50_i_30_n_0. Optimizations did not improve timing on the net.
INFO: [Physopt 32-702] Processed net linienmodule_mixed[35]. Optimizations did not improve timing on the net.
INFO: [Physopt 32-702] Processed net linienmodule_raw_acquisition_iir_z40__0_i_13_n_0. Optimizations did not improve timing on the net.
INFO: [Physopt 32-710] Processed net linienmodule_raw_acquisition_iir_z40__0_i_13_n_0. Critical path length was reduced through logic transformation on cell linienmodule_raw_acquisition_iir_z40__0_i_13_comp.
INFO: [Physopt 32-735] Processed net linienmodule_raw_acquisition_iir_z40__0_i_30_n_0. Optimization improves timing on the net.
INFO: [Physopt 32-619] Estimated Timing Summary | WNS=-7.262 | TNS=-7626.697 |
INFO: [Physopt 32-663] Processed net linienmodule_raw_acquisition_iir_zr7[19]_i_192_n_0.  Re-placed instance linienmodule_raw_acquisition_iir_zr7[19]_i_192
INFO: [Physopt 32-735] Processed net linienmodule_raw_acquisition_iir_zr7[19]_i_192_n_0. Optimization improves timing on the net.
INFO: [Physopt 32-619] Estimated Timing Summary | WNS=-7.258 | TNS=-7625.304 |
INFO: [Physopt 32-702] Processed net linienmodule_raw_acquisition_iir_zr10[49]. Optimizations did not improve timing on the net.
INFO: [Physopt 32-702] Processed net linienmodule_raw_acquisition_iir_zr10_reg[47]_i_1_n_0. Optimizations did not improve timing on the net.
INFO: [Physopt 32-702] Processed net linienmodule_raw_acquisition_iir_zr10_reg[43]_i_1_n_0. Optimizations did not improve timing on the net.
INFO: [Physopt 32-702] Processed net linienmodule_raw_acquisition_iir_zr10[43]_i_3_n_0. Optimizations did not improve timing on the net.
INFO: [Physopt 32-702] Processed net linienmodule_raw_acquisition_iir_z90[42]. Optimizations did not improve timing on the net.
INFO: [Physopt 32-702] Processed net linienmodule_raw_acquisition_iir_zr10_reg[43]_i_6_n_0. Optimizations did not improve timing on the net.
INFO: [Physopt 32-702] Processed net linienmodule_raw_acquisition_iir_zr10[43]_i_11_n_0. Optimizations did not improve timing on the net.
INFO: [Physopt 32-702] Processed net PCIN[37]. Optimizations did not improve timing on the net.
INFO: [Physopt 32-702] Processed net linienmodule_raw_acquisition_iir_zr10_reg[39]_i_7_n_0. Optimizations did not improve timing on the net.
INFO: [Physopt 32-702] Processed net linienmodule_raw_acquisition_iir_zr10_reg[39]_i_12_n_6. Optimizations did not improve timing on the net.
INFO: [Physopt 32-702] Processed net linienmodule_raw_acquisition_iir_zr10_reg[35]_i_12_n_0. Optimizations did not improve timing on the net.
INFO: [Physopt 32-702] Processed net linienmodule_raw_acquisition_iir_zr10[35]_i_20_n_0. Optimizations did not improve timing on the net.
INFO: [Physopt 32-702] Processed net linienmodule_raw_acquisition_iir_zr10[35]_i_16_n_0. Optimizations did not improve timing on the net.
INFO: [Physopt 32-702] Processed net linienmodule_raw_acquisition_iir_zr10_reg[39]_i_30_n_7. Optimizations did not improve timing on the net.
INFO: [Physopt 32-702] Processed net linienmodule_raw_acquisition_iir_zr10_reg[35]_i_30_n_0. Optimizations did not improve timing on the net.
INFO: [Physopt 32-702] Processed net linienmodule_raw_acquisition_iir_zr10[35]_i_43_n_0. Optimizations did not improve timing on the net.
INFO: [Physopt 32-571] Net linienmodule_raw_acquisition_iir_zr10[35]_i_39_n_0 was not replicated.
INFO: [Physopt 32-702] Processed net linienmodule_raw_acquisition_iir_zr10[35]_i_39_n_0. Optimizations did not improve timing on the net.
INFO: [Physopt 32-702] Processed net linienmodule_raw_acquisition_iir_zr10_reg[35]_i_85_n_4. Optimizations did not improve timing on the net.
INFO: [Physopt 32-702] Processed net linienmodule_raw_acquisition_iir_zr10_reg[19]_i_60_n_0. Optimizations did not improve timing on the net.
INFO: [Physopt 32-702] Processed net linienmodule_raw_acquisition_iir_zr10_reg[19]_i_63_n_0. Optimizations did not improve timing on the net.
INFO: [Physopt 32-608] Optimized 1 net.  Swapped 16 pins.
INFO: [Physopt 32-735] Processed net linienmodule_raw_acquisition_iir_zr10[19]_i_127_n_0. Optimization improves timing on the net.
INFO: [Physopt 32-619] Estimated Timing Summary | WNS=-7.255 | TNS=-7625.066 |
INFO: [Physopt 32-663] Processed net linienmodule_raw_acquisition_iir_z50_i_17_psdsp_n.  Re-placed instance linienmodule_raw_acquisition_iir_z50_i_17_psdsp
INFO: [Physopt 32-735] Processed net linienmodule_raw_acquisition_iir_z50_i_17_psdsp_n. Optimization improves timing on the net.
INFO: [Physopt 32-619] Estimated Timing Summary | WNS=-7.241 | TNS=-7624.280 |
INFO: [Physopt 32-702] Processed net linienmodule_raw_acquisition_iir_zr10[47]_i_3_n_0. Optimizations did not improve timing on the net.
INFO: [Physopt 32-702] Processed net linienmodule_raw_acquisition_iir_z90[46]. Optimizations did not improve timing on the net.
INFO: [Physopt 32-702] Processed net linienmodule_raw_acquisition_iir_zr10_reg[47]_i_6_n_0. Optimizations did not improve timing on the net.
INFO: [Physopt 32-702] Processed net linienmodule_raw_acquisition_iir_zr10[47]_i_11_n_0. Optimizations did not improve timing on the net.
INFO: [Physopt 32-702] Processed net PCIN[41]. Optimizations did not improve timing on the net.
INFO: [Physopt 32-702] Processed net linienmodule_raw_acquisition_iir_zr10_reg[43]_i_7_n_0. Optimizations did not improve timing on the net.
INFO: [Physopt 32-702] Processed net linienmodule_raw_acquisition_iir_zr10_reg[43]_i_12_n_6. Optimizations did not improve timing on the net.
INFO: [Physopt 32-702] Processed net linienmodule_raw_acquisition_iir_zr10_reg[39]_i_12_n_0. Optimizations did not improve timing on the net.
INFO: [Physopt 32-702] Processed net linienmodule_raw_acquisition_iir_zr10[39]_i_20_n_0. Optimizations did not improve timing on the net.
INFO: [Physopt 32-702] Processed net linienmodule_raw_acquisition_iir_zr10[39]_i_16_n_0. Optimizations did not improve timing on the net.
INFO: [Physopt 32-702] Processed net linienmodule_raw_acquisition_iir_zr10_reg[43]_i_30_n_7. Optimizations did not improve timing on the net.
INFO: [Physopt 32-702] Processed net linienmodule_raw_acquisition_iir_zr10_reg[39]_i_30_n_0. Optimizations did not improve timing on the net.
INFO: [Physopt 32-702] Processed net linienmodule_raw_acquisition_iir_zr10[39]_i_43_n_0. Optimizations did not improve timing on the net.
INFO: [Physopt 32-571] Net linienmodule_raw_acquisition_iir_zr10[39]_i_39_n_0 was not replicated.
INFO: [Physopt 32-702] Processed net linienmodule_raw_acquisition_iir_zr10[39]_i_39_n_0. Optimizations did not improve timing on the net.
INFO: [Physopt 32-702] Processed net linienmodule_raw_acquisition_iir_zr10_reg[39]_i_84_n_4. Optimizations did not improve timing on the net.
INFO: [Physopt 32-702] Processed net linienmodule_raw_acquisition_iir_zr10_reg[35]_i_84_n_0. Optimizations did not improve timing on the net.
INFO: [Physopt 32-608] Optimized 1 net.  Swapped 26 pins.
INFO: [Physopt 32-735] Processed net linienmodule_raw_acquisition_iir_zr10[35]_i_102_n_0. Optimization improves timing on the net.
INFO: [Physopt 32-619] Estimated Timing Summary | WNS=-7.238 | TNS=-7624.275 |
INFO: [Physopt 32-702] Processed net linienmodule_raw_acquisition_iir_zr10_reg[35]_i_84_n_4. Optimizations did not improve timing on the net.
INFO: [Physopt 32-702] Processed net linienmodule_raw_acquisition_iir_zr10_reg[19]_i_59_n_0. Optimizations did not improve timing on the net.
INFO: [Physopt 32-608] Optimized 1 net.  Swapped 26 pins.
INFO: [Physopt 32-735] Processed net linienmodule_raw_acquisition_iir_zr10[19]_i_98_n_0. Optimization improves timing on the net.
INFO: [Physopt 32-619] Estimated Timing Summary | WNS=-7.237 | TNS=-7624.269 |
INFO: [Physopt 32-608] Optimized 1 net.  Swapped 26 pins.
INFO: [Physopt 32-735] Processed net linienmodule_raw_acquisition_iir_zr10[19]_i_108_n_0. Optimization improves timing on the net.
INFO: [Physopt 32-619] Estimated Timing Summary | WNS=-7.235 | TNS=-7624.149 |
INFO: [Physopt 32-702] Processed net linienmodule_raw_acquisition_iir_zr8[49]. Optimizations did not improve timing on the net.
INFO: [Physopt 32-702] Processed net linienmodule_raw_acquisition_iir_zr8_reg[47]_i_1_n_0. Optimizations did not improve timing on the net.
INFO: [Physopt 32-702] Processed net linienmodule_raw_acquisition_iir_zr8[47]_i_3_n_0. Optimizations did not improve timing on the net.
INFO: [Physopt 32-702] Processed net linienmodule_raw_acquisition_iir_z70[46]. Optimizations did not improve timing on the net.
INFO: [Physopt 32-702] Processed net linienmodule_raw_acquisition_iir_zr8_reg[47]_i_6_n_0. Optimizations did not improve timing on the net.
INFO: [Physopt 32-702] Processed net linienmodule_raw_acquisition_iir_zr8[47]_i_11_n_0. Optimizations did not improve timing on the net.
INFO: [Physopt 32-702] Processed net PCIN__1[41]. Optimizations did not improve timing on the net.
INFO: [Physopt 32-702] Processed net linienmodule_raw_acquisition_iir_zr8_reg[43]_i_7_n_0. Optimizations did not improve timing on the net.
INFO: [Physopt 32-702] Processed net linienmodule_raw_acquisition_iir_zr8_reg[39]_i_7_n_0. Optimizations did not improve timing on the net.
INFO: [Physopt 32-702] Processed net linienmodule_raw_acquisition_iir_zr8_reg[35]_i_7_n_0. Optimizations did not improve timing on the net.
INFO: [Physopt 32-702] Processed net linienmodule_raw_acquisition_iir_zr8_reg[35]_i_12_n_6. Optimizations did not improve timing on the net.
INFO: [Physopt 32-702] Processed net linienmodule_raw_acquisition_iir_zr8_reg[31]_i_12_n_0. Optimizations did not improve timing on the net.
INFO: [Physopt 32-702] Processed net linienmodule_raw_acquisition_iir_zr8[31]_i_18_n_0. Optimizations did not improve timing on the net.
INFO: [Physopt 32-702] Processed net linienmodule_raw_acquisition_iir_zr8[31]_i_14_n_0. Optimizations did not improve timing on the net.
INFO: [Physopt 32-702] Processed net linienmodule_raw_acquisition_iir_zr8_reg[35]_i_31_n_5. Optimizations did not improve timing on the net.
INFO: [Physopt 32-702] Processed net linienmodule_raw_acquisition_iir_zr8_reg[31]_i_31_n_0. Optimizations did not improve timing on the net.
INFO: [Physopt 32-608] Optimized 1 net.  Swapped 26 pins.
INFO: [Physopt 32-735] Processed net linienmodule_raw_acquisition_iir_zr8[31]_i_51_n_0. Optimization improves timing on the net.
INFO: [Physopt 32-619] Estimated Timing Summary | WNS=-7.229 | TNS=-7623.716 |
INFO: [Physopt 32-702] Processed net linienmodule_raw_acquisition_iir_zr9[49]. Optimizations did not improve timing on the net.
INFO: [Physopt 32-702] Processed net linienmodule_raw_acquisition_iir_zr9_reg[47]_i_1_n_0. Optimizations did not improve timing on the net.
INFO: [Physopt 32-702] Processed net linienmodule_raw_acquisition_iir_zr9[47]_i_3_n_0. Optimizations did not improve timing on the net.
INFO: [Physopt 32-702] Processed net linienmodule_raw_acquisition_iir_z80[46]. Optimizations did not improve timing on the net.
INFO: [Physopt 32-702] Processed net linienmodule_raw_acquisition_iir_zr9_reg[47]_i_6_n_0. Optimizations did not improve timing on the net.
INFO: [Physopt 32-702] Processed net linienmodule_raw_acquisition_iir_zr9[47]_i_11_n_0. Optimizations did not improve timing on the net.
INFO: [Physopt 32-702] Processed net PCIN__0[41]. Optimizations did not improve timing on the net.
INFO: [Physopt 32-702] Processed net linienmodule_raw_acquisition_iir_zr9_reg[43]_i_7_n_0. Optimizations did not improve timing on the net.
INFO: [Physopt 32-702] Processed net linienmodule_raw_acquisition_iir_zr9_reg[43]_i_12_n_7. Optimizations did not improve timing on the net.
INFO: [Physopt 32-702] Processed net linienmodule_raw_acquisition_iir_zr9_reg[39]_i_12_n_0. Optimizations did not improve timing on the net.
INFO: [Physopt 32-702] Processed net linienmodule_raw_acquisition_iir_zr9[39]_i_21_n_0. Optimizations did not improve timing on the net.
INFO: [Physopt 32-571] Net linienmodule_raw_acquisition_iir_zr9[39]_i_17_n_0 was not replicated.
INFO: [Physopt 32-702] Processed net linienmodule_raw_acquisition_iir_zr9[39]_i_17_n_0. Optimizations did not improve timing on the net.
INFO: [Physopt 32-702] Processed net linienmodule_raw_acquisition_iir_zr9_reg[39]_i_30_n_4. Optimizations did not improve timing on the net.
INFO: [Physopt 32-702] Processed net linienmodule_raw_acquisition_iir_zr9_reg[35]_i_30_n_0. Optimizations did not improve timing on the net.
INFO: [Physopt 32-702] Processed net linienmodule_raw_acquisition_iir_zr9[35]_i_42_n_0. Optimizations did not improve timing on the net.
INFO: [Physopt 32-702] Processed net linienmodule_raw_acquisition_iir_zr9[35]_i_38_n_0. Optimizations did not improve timing on the net.
INFO: [Physopt 32-702] Processed net linienmodule_raw_acquisition_iir_zr9_reg[39]_i_85_n_7. Optimizations did not improve timing on the net.
INFO: [Physopt 32-702] Processed net linienmodule_raw_acquisition_iir_zr9_reg[35]_i_85_n_0. Optimizations did not improve timing on the net.
INFO: [Physopt 32-702] Processed net linienmodule_raw_acquisition_iir_zr9[35]_i_112_n_0. Optimizations did not improve timing on the net.
INFO: [Physopt 32-663] Processed net linienmodule_raw_acquisition_iir_zr9[35]_i_144_n_0.  Re-placed instance linienmodule_raw_acquisition_iir_zr9[35]_i_144
INFO: [Physopt 32-735] Processed net linienmodule_raw_acquisition_iir_zr9[35]_i_144_n_0. Optimization improves timing on the net.
INFO: [Physopt 32-619] Estimated Timing Summary | WNS=-7.221 | TNS=-7623.683 |
INFO: [Physopt 32-702] Processed net linienmodule_raw_acquisition_iir_zr7[35]_i_20_n_0. Optimizations did not improve timing on the net.
INFO: [Physopt 32-702] Processed net linienmodule_raw_acquisition_iir_zr7[35]_i_16_n_0. Optimizations did not improve timing on the net.
INFO: [Physopt 32-702] Processed net linienmodule_raw_acquisition_iir_zr7_reg[39]_i_30_n_7. Optimizations did not improve timing on the net.
INFO: [Physopt 32-702] Processed net linienmodule_raw_acquisition_iir_zr7_reg[35]_i_30_n_0. Optimizations did not improve timing on the net.
INFO: [Physopt 32-702] Processed net linienmodule_raw_acquisition_iir_zr7[35]_i_42_n_0. Optimizations did not improve timing on the net.
INFO: [Physopt 32-702] Processed net linienmodule_raw_acquisition_iir_zr7[35]_i_38_n_0. Optimizations did not improve timing on the net.
INFO: [Physopt 32-702] Processed net linienmodule_raw_acquisition_iir_zr7_reg[39]_i_84_n_7. Optimizations did not improve timing on the net.
INFO: [Physopt 32-702] Processed net linienmodule_raw_acquisition_iir_zr7_reg[35]_i_84_n_0. Optimizations did not improve timing on the net.
INFO: [Physopt 32-608] Optimized 1 net.  Swapped 26 pins.
INFO: [Physopt 32-735] Processed net linienmodule_raw_acquisition_iir_zr7[35]_i_104_n_0. Optimization improves timing on the net.
INFO: [Physopt 32-619] Estimated Timing Summary | WNS=-7.218 | TNS=-7623.587 |
INFO: [Physopt 32-702] Processed net linienmodule_raw_acquisition_iir_zr8[47]_i_10_n_0. Optimizations did not improve timing on the net.
INFO: [Physopt 32-702] Processed net PCIN__1[42]. Optimizations did not improve timing on the net.
INFO: [Physopt 32-702] Processed net linienmodule_raw_acquisition_iir_zr8_reg[49]_i_24_n_6. Optimizations did not improve timing on the net.
INFO: [Physopt 32-702] Processed net linienmodule_raw_acquisition_iir_zr8_reg[43]_i_12_n_0. Optimizations did not improve timing on the net.
INFO: [Physopt 32-702] Processed net linienmodule_raw_acquisition_iir_zr8[43]_i_18_n_0. Optimizations did not improve timing on the net.
INFO: [Physopt 32-702] Processed net linienmodule_raw_acquisition_iir_zr8[43]_i_14_n_0. Optimizations did not improve timing on the net.
INFO: [Physopt 32-702] Processed net linienmodule_raw_acquisition_iir_zr8_reg[49]_i_90_n_5. Optimizations did not improve timing on the net.
INFO: [Physopt 32-702] Processed net linienmodule_raw_acquisition_iir_zr8_reg[43]_i_30_n_0. Optimizations did not improve timing on the net.
INFO: [Physopt 32-702] Processed net linienmodule_raw_acquisition_iir_zr8[43]_i_42_n_0. Optimizations did not improve timing on the net.
INFO: [Physopt 32-702] Processed net linienmodule_raw_acquisition_iir_zr8[43]_i_38_n_0. Optimizations did not improve timing on the net.
INFO: [Physopt 32-702] Processed net linienmodule_raw_acquisition_iir_zr8_reg[49]_i_182_n_7. Optimizations did not improve timing on the net.
INFO: [Physopt 32-702] Processed net linienmodule_raw_acquisition_iir_zr8_reg[43]_i_85_n_0. Optimizations did not improve timing on the net.
INFO: [Physopt 32-608] Optimized 1 net.  Swapped 26 pins.
INFO: [Physopt 32-735] Processed net linienmodule_raw_acquisition_iir_zr8[43]_i_110_n_0. Optimization improves timing on the net.
INFO: [Physopt 32-619] Estimated Timing Summary | WNS=-7.217 | TNS=-7623.586 |
INFO: [Physopt 32-702] Processed net linienmodule_raw_acquisition_iir_zr8_reg[43]_i_12_n_7. Optimizations did not improve timing on the net.
INFO: [Physopt 32-702] Processed net linienmodule_raw_acquisition_iir_zr8_reg[39]_i_12_n_0. Optimizations did not improve timing on the net.
INFO: [Physopt 32-702] Processed net linienmodule_raw_acquisition_iir_zr8[39]_i_18_n_0. Optimizations did not improve timing on the net.
INFO: [Physopt 32-702] Processed net linienmodule_raw_acquisition_iir_zr8[39]_i_14_n_0. Optimizations did not improve timing on the net.
INFO: [Physopt 32-702] Processed net linienmodule_raw_acquisition_iir_zr8_reg[43]_i_30_n_5. Optimizations did not improve timing on the net.
INFO: [Physopt 32-702] Processed net linienmodule_raw_acquisition_iir_zr8_reg[39]_i_30_n_0. Optimizations did not improve timing on the net.
INFO: [Physopt 32-702] Processed net linienmodule_raw_acquisition_iir_zr8[39]_i_43_n_0. Optimizations did not improve timing on the net.
INFO: [Physopt 32-571] Net linienmodule_raw_acquisition_iir_zr8[39]_i_39_n_0 was not replicated.
INFO: [Physopt 32-702] Processed net linienmodule_raw_acquisition_iir_zr8[39]_i_39_n_0. Optimizations did not improve timing on the net.
INFO: [Physopt 32-702] Processed net linienmodule_raw_acquisition_iir_zr8_reg[39]_i_84_n_4. Optimizations did not improve timing on the net.
INFO: [Physopt 32-702] Processed net linienmodule_raw_acquisition_iir_zr8_reg[35]_i_84_n_0. Optimizations did not improve timing on the net.
INFO: [Physopt 32-702] Processed net linienmodule_raw_acquisition_iir_zr8_reg[19]_i_59_n_0. Optimizations did not improve timing on the net.
INFO: [Physopt 32-608] Optimized 1 net.  Swapped 26 pins.
INFO: [Physopt 32-735] Processed net linienmodule_raw_acquisition_iir_zr8[19]_i_100_n_0. Optimization improves timing on the net.
INFO: [Physopt 32-619] Estimated Timing Summary | WNS=-7.217 | TNS=-7623.560 |
INFO: [Physopt 32-608] Optimized 1 net.  Swapped 26 pins.
INFO: [Physopt 32-735] Processed net linienmodule_raw_acquisition_iir_zr10[19]_i_99_n_0. Optimization improves timing on the net.
INFO: [Physopt 32-619] Estimated Timing Summary | WNS=-7.213 | TNS=-7623.506 |
INFO: [Physopt 32-702] Processed net linienmodule_raw_acquisition_iir_zr9_reg[43]_i_1_n_0. Optimizations did not improve timing on the net.
INFO: [Physopt 32-702] Processed net linienmodule_raw_acquisition_iir_zr9_reg[39]_i_1_n_0. Optimizations did not improve timing on the net.
INFO: [Physopt 32-702] Processed net linienmodule_raw_acquisition_iir_zr9_reg[35]_i_1_n_0. Optimizations did not improve timing on the net.
INFO: [Physopt 32-702] Processed net linienmodule_raw_acquisition_iir_zr9[35]_i_4_n_0. Optimizations did not improve timing on the net.
INFO: [Physopt 32-702] Processed net linienmodule_raw_acquisition_iir_z80[33]. Optimizations did not improve timing on the net.
INFO: [Physopt 32-702] Processed net linienmodule_raw_acquisition_iir_zr9_reg[35]_i_6_n_0. Optimizations did not improve timing on the net.
INFO: [Physopt 32-702] Processed net linienmodule_raw_acquisition_iir_zr9[35]_i_11_n_0. Optimizations did not improve timing on the net.
INFO: [Physopt 32-702] Processed net PCIN__0[29]. Optimizations did not improve timing on the net.
INFO: [Physopt 32-702] Processed net linienmodule_raw_acquisition_iir_zr9_reg[31]_i_7_n_0. Optimizations did not improve timing on the net.
INFO: [Physopt 32-702] Processed net linienmodule_raw_acquisition_iir_zr9_reg[31]_i_12_n_7. Optimizations did not improve timing on the net.
INFO: [Physopt 32-702] Processed net linienmodule_raw_acquisition_iir_zr9_reg[27]_i_12_n_0. Optimizations did not improve timing on the net.
INFO: [Physopt 32-702] Processed net linienmodule_raw_acquisition_iir_zr9[27]_i_21_n_0. Optimizations did not improve timing on the net.
INFO: [Physopt 32-571] Net linienmodule_raw_acquisition_iir_zr9[27]_i_17_n_0 was not replicated.
INFO: [Physopt 32-702] Processed net linienmodule_raw_acquisition_iir_zr9[27]_i_17_n_0. Optimizations did not improve timing on the net.
INFO: [Physopt 32-702] Processed net linienmodule_raw_acquisition_iir_zr9_reg[19]_i_16_n_4. Optimizations did not improve timing on the net.
INFO: [Physopt 32-702] Processed net linienmodule_raw_acquisition_iir_zr9_reg[19]_i_19_n_0. Optimizations did not improve timing on the net.
INFO: [Physopt 32-702] Processed net linienmodule_raw_acquisition_iir_zr9[19]_i_49_n_0. Optimizations did not improve timing on the net.
INFO: [Physopt 32-702] Processed net linienmodule_raw_acquisition_iir_zr9[19]_i_45_n_0. Optimizations did not improve timing on the net.
INFO: [Physopt 32-702] Processed net linienmodule_raw_acquisition_iir_zr9_reg[19]_i_64_n_5. Optimizations did not improve timing on the net.
INFO: [Physopt 32-702] Processed net linienmodule_raw_acquisition_iir_zr9_reg[19]_i_84_n_0. Optimizations did not improve timing on the net.
INFO: [Physopt 32-608] Optimized 1 net.  Swapped 20 pins.
INFO: [Physopt 32-735] Processed net linienmodule_raw_acquisition_iir_zr9[19]_i_163_n_0. Optimization improves timing on the net.
INFO: [Physopt 32-619] Estimated Timing Summary | WNS=-7.211 | TNS=-7618.909 |
INFO: [Physopt 32-702] Processed net linienmodule_mixed[34]. Optimizations did not improve timing on the net.
INFO: [Physopt 32-702] Processed net linienmodule_raw_acquisition_iir_z40__0_i_18_n_0. Optimizations did not improve timing on the net.
INFO: [Physopt 32-710] Processed net linienmodule_raw_acquisition_iir_z40__0_i_18_n_0. Critical path length was reduced through logic transformation on cell linienmodule_raw_acquisition_iir_z40__0_i_18_comp.
INFO: [Physopt 32-735] Processed net linienmodule_raw_acquisition_iir_z40__0_i_30_n_0. Optimization improves timing on the net.
INFO: [Physopt 32-619] Estimated Timing Summary | WNS=-7.208 | TNS=-7592.816 |
INFO: [Physopt 32-702] Processed net linienmodule_raw_acquisition_iir_zr10[19]_i_130_n_0. Optimizations did not improve timing on the net.
INFO: [Physopt 32-608] Optimized 1 net.  Swapped 22 pins.
INFO: [Physopt 32-735] Processed net linienmodule_raw_acquisition_iir_zr10[19]_i_126_n_0. Optimization improves timing on the net.
INFO: [Physopt 32-619] Estimated Timing Summary | WNS=-7.207 | TNS=-7592.811 |
INFO: [Physopt 32-702] Processed net linienmodule_raw_acquisition_iir_zr10_reg[19]_i_83_n_0. Optimizations did not improve timing on the net.
INFO: [Physopt 32-663] Processed net linienmodule_raw_acquisition_iir_zr10[19]_i_156_n_0.  Re-placed instance linienmodule_raw_acquisition_iir_zr10[19]_i_156
INFO: [Physopt 32-735] Processed net linienmodule_raw_acquisition_iir_zr10[19]_i_156_n_0. Optimization improves timing on the net.
INFO: [Physopt 32-619] Estimated Timing Summary | WNS=-7.205 | TNS=-7591.972 |
INFO: [Physopt 32-702] Processed net linienmodule_raw_acquisition_iir_zr7[35]_i_43_n_0. Optimizations did not improve timing on the net.
INFO: [Physopt 32-571] Net linienmodule_raw_acquisition_iir_zr7[35]_i_39_n_0 was not replicated.
INFO: [Physopt 32-702] Processed net linienmodule_raw_acquisition_iir_zr7[35]_i_39_n_0. Optimizations did not improve timing on the net.
INFO: [Physopt 32-702] Processed net linienmodule_raw_acquisition_iir_zr7_reg[35]_i_84_n_4. Optimizations did not improve timing on the net.
INFO: [Physopt 32-702] Processed net linienmodule_raw_acquisition_iir_zr7_reg[19]_i_59_n_0. Optimizations did not improve timing on the net.
INFO: [Physopt 32-608] Optimized 1 net.  Swapped 26 pins.
INFO: [Physopt 32-735] Processed net linienmodule_raw_acquisition_iir_zr7[19]_i_100_n_0. Optimization improves timing on the net.
INFO: [Physopt 32-619] Estimated Timing Summary | WNS=-7.204 | TNS=-7591.756 |
INFO: [Physopt 32-702] Processed net linienmodule_raw_acquisition_iir_zr8[31]_i_20_n_0. Optimizations did not improve timing on the net.
INFO: [Physopt 32-702] Processed net linienmodule_raw_acquisition_iir_zr8[31]_i_16_n_0. Optimizations did not improve timing on the net.
INFO: [Physopt 32-702] Processed net linienmodule_raw_acquisition_iir_zr8_reg[35]_i_30_n_7. Optimizations did not improve timing on the net.
INFO: [Physopt 32-702] Processed net linienmodule_raw_acquisition_iir_zr8_reg[31]_i_30_n_0. Optimizations did not improve timing on the net.
INFO: [Physopt 32-702] Processed net linienmodule_raw_acquisition_iir_zr8[31]_i_43_n_0. Optimizations did not improve timing on the net.
INFO: [Physopt 32-571] Net linienmodule_raw_acquisition_iir_zr8[31]_i_39_n_0 was not replicated.
INFO: [Physopt 32-702] Processed net linienmodule_raw_acquisition_iir_zr8[31]_i_39_n_0. Optimizations did not improve timing on the net.
INFO: [Physopt 32-702] Processed net linienmodule_raw_acquisition_iir_zr8_reg[19]_i_59_n_4. Optimizations did not improve timing on the net.
INFO: [Physopt 32-702] Processed net linienmodule_raw_acquisition_iir_zr8_reg[19]_i_62_n_0. Optimizations did not improve timing on the net.
INFO: [Physopt 32-702] Processed net linienmodule_raw_acquisition_iir_zr8[19]_i_117_n_0. Optimizations did not improve timing on the net.
INFO: [Physopt 32-702] Processed net linienmodule_raw_acquisition_iir_z7[49]. Optimizations did not improve timing on the net.
INFO: [Physopt 32-81] Processed net linienmodule_raw_acquisition_iir_a4[2]. Replicated 4 times.
INFO: [Physopt 32-735] Processed net linienmodule_raw_acquisition_iir_a4[2]. Optimization improves timing on the net.
INFO: [Physopt 32-619] Estimated Timing Summary | WNS=-7.196 | TNS=-7588.409 |
INFO: [Physopt 32-702] Processed net linienmodule_raw_acquisition_iir_zr10[19]_i_129_n_0. Optimizations did not improve timing on the net.
INFO: [Physopt 32-663] Processed net linienmodule_raw_acquisition_iir_zr10[19]_i_187_n_0.  Re-placed instance linienmodule_raw_acquisition_iir_zr10[19]_i_187
INFO: [Physopt 32-735] Processed net linienmodule_raw_acquisition_iir_zr10[19]_i_187_n_0. Optimization improves timing on the net.
INFO: [Physopt 32-619] Estimated Timing Summary | WNS=-7.190 | TNS=-7588.187 |
INFO: [Physopt 32-81] Processed net linienmodule_raw_acquisition_iir_a4[1]. Replicated 3 times.
INFO: [Physopt 32-735] Processed net linienmodule_raw_acquisition_iir_a4[1]. Optimization improves timing on the net.
INFO: [Physopt 32-619] Estimated Timing Summary | WNS=-7.188 | TNS=-7587.721 |
INFO: [Physopt 32-702] Processed net linienmodule_raw_acquisition_iir_zr8[39]_i_42_n_0. Optimizations did not improve timing on the net.
INFO: [Physopt 32-702] Processed net linienmodule_raw_acquisition_iir_zr8[39]_i_38_n_0. Optimizations did not improve timing on the net.
INFO: [Physopt 32-702] Processed net linienmodule_raw_acquisition_iir_zr8_reg[43]_i_85_n_7. Optimizations did not improve timing on the net.
INFO: [Physopt 32-702] Processed net linienmodule_raw_acquisition_iir_zr8_reg[39]_i_85_n_0. Optimizations did not improve timing on the net.
INFO: [Physopt 32-702] Processed net linienmodule_raw_acquisition_iir_zr8[39]_i_112_n_0. Optimizations did not improve timing on the net.
INFO: [Physopt 32-608] Optimized 1 net.  Swapped 24 pins.
INFO: [Physopt 32-735] Processed net linienmodule_raw_acquisition_iir_zr8[39]_i_108_n_0. Optimization improves timing on the net.
INFO: [Physopt 32-619] Estimated Timing Summary | WNS=-7.181 | TNS=-7587.683 |
INFO: [Physopt 32-702] Processed net linienmodule_raw_acquisition_iir_zr10[19]_i_99_n_0. Optimizations did not improve timing on the net.
INFO: [Physopt 32-702] Processed net linienmodule_raw_acquisition_iir_zr10[19]_i_95_n_0. Optimizations did not improve timing on the net.
INFO: [Physopt 32-702] Processed net linienmodule_raw_acquisition_iir_z9[49]. Optimizations did not improve timing on the net.
INFO: [Physopt 32-81] Processed net linienmodule_raw_acquisition_iir_z100__2[14]. Replicated 6 times.
INFO: [Physopt 32-735] Processed net linienmodule_raw_acquisition_iir_z100__2[14]. Optimization improves timing on the net.
INFO: [Physopt 32-619] Estimated Timing Summary | WNS=-7.178 | TNS=-7633.182 |
INFO: [Physopt 32-702] Processed net linienmodule_raw_acquisition_iir_zr9_reg[39]_i_84_n_7. Optimizations did not improve timing on the net.
INFO: [Physopt 32-702] Processed net linienmodule_raw_acquisition_iir_zr9_reg[35]_i_84_n_0. Optimizations did not improve timing on the net.
INFO: [Physopt 32-608] Optimized 1 net.  Swapped 26 pins.
INFO: [Physopt 32-735] Processed net linienmodule_raw_acquisition_iir_zr9[35]_i_103_n_0. Optimization improves timing on the net.
INFO: [Physopt 32-619] Estimated Timing Summary | WNS=-7.175 | TNS=-7633.173 |
INFO: [Physopt 32-608] Optimized 1 net.  Swapped 26 pins.
INFO: [Physopt 32-735] Processed net linienmodule_raw_acquisition_iir_zr10[19]_i_97_n_0. Optimization improves timing on the net.
INFO: [Physopt 32-619] Estimated Timing Summary | WNS=-7.174 | TNS=-7633.162 |
INFO: [Physopt 32-702] Processed net linienmodule_raw_acquisition_iir_zr9[35]_i_109_n_0. Optimizations did not improve timing on the net.
INFO: [Physopt 32-663] Processed net linienmodule_raw_acquisition_iir_zr9[35]_i_141_n_0.  Re-placed instance linienmodule_raw_acquisition_iir_zr9[35]_i_141
INFO: [Physopt 32-735] Processed net linienmodule_raw_acquisition_iir_zr9[35]_i_141_n_0. Optimization improves timing on the net.
INFO: [Physopt 32-619] Estimated Timing Summary | WNS=-7.173 | TNS=-7633.147 |
INFO: [Physopt 32-81] Processed net linienmodule_raw_acquisition_iir_a2[2]. Replicated 4 times.
INFO: [Physopt 32-735] Processed net linienmodule_raw_acquisition_iir_a2[2]. Optimization improves timing on the net.
INFO: [Physopt 32-619] Estimated Timing Summary | WNS=-7.173 | TNS=-7633.087 |
INFO: [Physopt 32-608] Optimized 1 net.  Swapped 22 pins.
INFO: [Physopt 32-735] Processed net p_1_out__0_i_83_n_0. Optimization improves timing on the net.
INFO: [Physopt 32-619] Estimated Timing Summary | WNS=-7.169 | TNS=-7628.474 |
INFO: [Physopt 32-702] Processed net linienmodule_raw_acquisition_iir_a4[2]. Optimizations did not improve timing on the net.
INFO: [Physopt 32-663] Processed net axi_slave/M_AXI_GP0_RDATA[22].  Re-placed instance axi_slave/axi_rdata_o_reg[22]
INFO: [Physopt 32-735] Processed net axi_slave/M_AXI_GP0_RDATA[22]. Optimization improves timing on the net.
INFO: [Physopt 32-619] Estimated Timing Summary | WNS=-7.169 | TNS=-7628.151 |
INFO: [Physopt 32-702] Processed net axi_slave/M_AXI_GP0_RDATA[22]. Optimizations did not improve timing on the net.
INFO: [Physopt 32-663] Processed net red_pitaya_scope/i_bridge/axi_rdata_o[22]_i_3_n_0.  Re-placed instance red_pitaya_scope/i_bridge/axi_rdata_o[22]_i_3
INFO: [Physopt 32-735] Processed net red_pitaya_scope/i_bridge/axi_rdata_o[22]_i_3_n_0. Optimization improves timing on the net.
INFO: [Physopt 32-619] Estimated Timing Summary | WNS=-7.169 | TNS=-7628.071 |
INFO: [Physopt 32-702] Processed net axi_slave/M_AXI_GP0_RDATA[3]. Optimizations did not improve timing on the net.
INFO: [Physopt 32-663] Processed net axi_slave/i_1/O_n_3.  Re-placed instance axi_slave/i_1_LOPT_REMAP_3
INFO: [Physopt 32-735] Processed net axi_slave/i_1/O_n_3. Optimization improves timing on the net.
INFO: [Physopt 32-619] Estimated Timing Summary | WNS=-7.169 | TNS=-7628.023 |
INFO: [Physopt 32-702] Processed net axi_slave/M_AXI_GP0_RDATA[6]. Optimizations did not improve timing on the net.
INFO: [Physopt 32-702] Processed net system_processing_system7_0_0/inst/FCLK_CLK_unbuffered[0]. Optimizations did not improve timing on the net.
INFO: [Physopt 32-663] Processed net axi_slave/i_4/O_n_6.  Re-placed instance axi_slave/i_4_LOPT_REMAP_6
INFO: [Physopt 32-735] Processed net axi_slave/i_4/O_n_6. Optimization improves timing on the net.
INFO: [Physopt 32-619] Estimated Timing Summary | WNS=-7.169 | TNS=-7627.990 |
INFO: [Physopt 32-702] Processed net axi_slave/M_AXI_GP0_RDATA[8]. Optimizations did not improve timing on the net.
INFO: [Physopt 32-663] Processed net red_pitaya_scope/i_bridge/i_4/O_n_5.  Re-placed instance red_pitaya_scope/i_bridge/i_4_LOPT_REMAP_5
INFO: [Physopt 32-735] Processed net red_pitaya_scope/i_bridge/i_4/O_n_5. Optimization improves timing on the net.
INFO: [Physopt 32-619] Estimated Timing Summary | WNS=-7.169 | TNS=-7627.981 |
INFO: [Physopt 32-702] Processed net linienmodule_raw_acquisition_iir_zr8[49]. Optimizations did not improve timing on the net.
INFO: [Physopt 32-702] Processed net clk_2. Optimizations did not improve timing on the net.
INFO: [Physopt 32-702] Processed net linienmodule_raw_acquisition_iir_zr8[47]_i_3_n_0. Optimizations did not improve timing on the net.
INFO: [Physopt 32-702] Processed net linienmodule_raw_acquisition_iir_z70[46]. Optimizations did not improve timing on the net.
INFO: [Physopt 32-702] Processed net linienmodule_raw_acquisition_iir_zr8[47]_i_11_n_0. Optimizations did not improve timing on the net.
INFO: [Physopt 32-702] Processed net PCIN__1[41]. Optimizations did not improve timing on the net.
INFO: [Physopt 32-702] Processed net linienmodule_raw_acquisition_iir_zr8_reg[35]_i_12_n_6. Optimizations did not improve timing on the net.
INFO: [Physopt 32-702] Processed net linienmodule_raw_acquisition_iir_zr8[31]_i_20_n_0. Optimizations did not improve timing on the net.
INFO: [Physopt 32-702] Processed net linienmodule_raw_acquisition_iir_zr8[31]_i_16_n_0. Optimizations did not improve timing on the net.
INFO: [Physopt 32-702] Processed net linienmodule_raw_acquisition_iir_zr8_reg[35]_i_30_n_7. Optimizations did not improve timing on the net.
INFO: [Physopt 32-702] Processed net linienmodule_raw_acquisition_iir_zr8[31]_i_43_n_0. Optimizations did not improve timing on the net.
INFO: [Physopt 32-702] Processed net linienmodule_raw_acquisition_iir_zr8[31]_i_39_n_0. Optimizations did not improve timing on the net.
INFO: [Physopt 32-702] Processed net linienmodule_raw_acquisition_iir_zr8_reg[19]_i_59_n_4. Optimizations did not improve timing on the net.
INFO: [Physopt 32-702] Processed net linienmodule_raw_acquisition_iir_zr8[19]_i_117_n_0. Optimizations did not improve timing on the net.
INFO: [Physopt 32-702] Processed net linienmodule_raw_acquisition_iir_z7[49]. Optimizations did not improve timing on the net.
INFO: [Physopt 32-702] Processed net linienmodule_raw_acquisition_iir_a4[2]. Optimizations did not improve timing on the net.
INFO: [Physopt 32-619] Estimated Timing Summary | WNS=-7.169 | TNS=-7627.981 |
Netlist sorting complete. Time (s): cpu = 00:00:00 ; elapsed = 00:00:00.300 . Memory (MB): peak = 2807.738 ; gain = 0.000
Phase 3 Critical Path Optimization | Checksum: 12a63b579

Time (s): cpu = 00:00:23 ; elapsed = 00:00:16 . Memory (MB): peak = 2807.738 ; gain = 0.000

Phase 4 Critical Path Optimization
INFO: [Physopt 32-619] Estimated Timing Summary | WNS=-7.169 | TNS=-7627.981 |
INFO: [Physopt 32-702] Processed net linienmodule_raw_acquisition_iir_zr8[49]. Optimizations did not improve timing on the net.
INFO: [Physopt 32-702] Processed net clk_2. Optimizations did not improve timing on the net.
INFO: [Physopt 32-702] Processed net linienmodule_raw_acquisition_iir_zr8_reg[47]_i_1_n_0. Optimizations did not improve timing on the net.
INFO: [Physopt 32-702] Processed net linienmodule_raw_acquisition_iir_zr8[47]_i_3_n_0. Optimizations did not improve timing on the net.
INFO: [Physopt 32-702] Processed net linienmodule_raw_acquisition_iir_z70[46]. Optimizations did not improve timing on the net.
INFO: [Physopt 32-702] Processed net linienmodule_raw_acquisition_iir_zr8_reg[47]_i_6_n_0. Optimizations did not improve timing on the net.
INFO: [Physopt 32-702] Processed net linienmodule_raw_acquisition_iir_zr8[47]_i_11_n_0. Optimizations did not improve timing on the net.
INFO: [Physopt 32-702] Processed net PCIN__1[41]. Optimizations did not improve timing on the net.
INFO: [Physopt 32-702] Processed net linienmodule_raw_acquisition_iir_zr8_reg[43]_i_7_n_0. Optimizations did not improve timing on the net.
INFO: [Physopt 32-702] Processed net linienmodule_raw_acquisition_iir_zr8_reg[39]_i_7_n_0. Optimizations did not improve timing on the net.
INFO: [Physopt 32-702] Processed net linienmodule_raw_acquisition_iir_zr8_reg[35]_i_7_n_0. Optimizations did not improve timing on the net.
INFO: [Physopt 32-702] Processed net linienmodule_raw_acquisition_iir_zr8_reg[35]_i_12_n_6. Optimizations did not improve timing on the net.
INFO: [Physopt 32-702] Processed net linienmodule_raw_acquisition_iir_zr8_reg[31]_i_12_n_0. Optimizations did not improve timing on the net.
INFO: [Physopt 32-702] Processed net linienmodule_raw_acquisition_iir_zr8[31]_i_20_n_0. Optimizations did not improve timing on the net.
INFO: [Physopt 32-702] Processed net linienmodule_raw_acquisition_iir_zr8[31]_i_16_n_0. Optimizations did not improve timing on the net.
INFO: [Physopt 32-702] Processed net linienmodule_raw_acquisition_iir_zr8_reg[35]_i_30_n_7. Optimizations did not improve timing on the net.
INFO: [Physopt 32-702] Processed net linienmodule_raw_acquisition_iir_zr8_reg[31]_i_30_n_0. Optimizations did not improve timing on the net.
INFO: [Physopt 32-702] Processed net linienmodule_raw_acquisition_iir_zr8[31]_i_43_n_0. Optimizations did not improve timing on the net.
INFO: [Physopt 32-571] Net linienmodule_raw_acquisition_iir_zr8[31]_i_39_n_0 was not replicated.
INFO: [Physopt 32-702] Processed net linienmodule_raw_acquisition_iir_zr8[31]_i_39_n_0. Optimizations did not improve timing on the net.
INFO: [Physopt 32-702] Processed net linienmodule_raw_acquisition_iir_zr8_reg[19]_i_59_n_4. Optimizations did not improve timing on the net.
INFO: [Physopt 32-702] Processed net linienmodule_raw_acquisition_iir_zr8_reg[19]_i_62_n_0. Optimizations did not improve timing on the net.
INFO: [Physopt 32-702] Processed net linienmodule_raw_acquisition_iir_zr8[19]_i_117_n_0. Optimizations did not improve timing on the net.
INFO: [Physopt 32-702] Processed net linienmodule_raw_acquisition_iir_z7[49]. Optimizations did not improve timing on the net.
INFO: [Physopt 32-702] Processed net linienmodule_raw_acquisition_iir_a4[2]. Optimizations did not improve timing on the net.
INFO: [Physopt 32-702] Processed net linienmodule_raw_acquisition_iir_zr8[49]. Optimizations did not improve timing on the net.
INFO: [Physopt 32-702] Processed net clk_2. Optimizations did not improve timing on the net.
INFO: [Physopt 32-702] Processed net linienmodule_raw_acquisition_iir_zr8[47]_i_3_n_0. Optimizations did not improve timing on the net.
INFO: [Physopt 32-702] Processed net linienmodule_raw_acquisition_iir_z70[46]. Optimizations did not improve timing on the net.
INFO: [Physopt 32-702] Processed net linienmodule_raw_acquisition_iir_zr8[47]_i_11_n_0. Optimizations did not improve timing on the net.
INFO: [Physopt 32-702] Processed net PCIN__1[41]. Optimizations did not improve timing on the net.
INFO: [Physopt 32-702] Processed net linienmodule_raw_acquisition_iir_zr8_reg[35]_i_12_n_6. Optimizations did not improve timing on the net.
INFO: [Physopt 32-702] Processed net linienmodule_raw_acquisition_iir_zr8[31]_i_20_n_0. Optimizations did not improve timing on the net.
INFO: [Physopt 32-702] Processed net linienmodule_raw_acquisition_iir_zr8[31]_i_16_n_0. Optimizations did not improve timing on the net.
INFO: [Physopt 32-702] Processed net linienmodule_raw_acquisition_iir_zr8_reg[35]_i_30_n_7. Optimizations did not improve timing on the net.
INFO: [Physopt 32-702] Processed net linienmodule_raw_acquisition_iir_zr8[31]_i_43_n_0. Optimizations did not improve timing on the net.
INFO: [Physopt 32-702] Processed net linienmodule_raw_acquisition_iir_zr8[31]_i_39_n_0. Optimizations did not improve timing on the net.
INFO: [Physopt 32-702] Processed net linienmodule_raw_acquisition_iir_zr8_reg[19]_i_59_n_4. Optimizations did not improve timing on the net.
INFO: [Physopt 32-702] Processed net linienmodule_raw_acquisition_iir_zr8[19]_i_117_n_0. Optimizations did not improve timing on the net.
INFO: [Physopt 32-702] Processed net linienmodule_raw_acquisition_iir_z7[49]. Optimizations did not improve timing on the net.
INFO: [Physopt 32-702] Processed net linienmodule_raw_acquisition_iir_a4[2]. Optimizations did not improve timing on the net.
INFO: [Physopt 32-619] Estimated Timing Summary | WNS=-7.169 | TNS=-7627.981 |
Netlist sorting complete. Time (s): cpu = 00:00:00 ; elapsed = 00:00:00.123 . Memory (MB): peak = 2807.738 ; gain = 0.000
Phase 4 Critical Path Optimization | Checksum: 12a63b579

Time (s): cpu = 00:00:25 ; elapsed = 00:00:17 . Memory (MB): peak = 2807.738 ; gain = 0.000
Netlist sorting complete. Time (s): cpu = 00:00:00 ; elapsed = 00:00:00.017 . Memory (MB): peak = 2807.738 ; gain = 0.000
INFO: [Physopt 32-603] Post Physical Optimization Timing Summary | WNS=-7.169 | TNS=-7627.981 |

Summary of Physical Synthesis Optimizations
============================================


-------------------------------------------------------------------------------------------------------------------------------------------------------------
|  Optimization   |  WNS Gain (ns)  |  TNS Gain (ns)  |  Added Cells  |  Removed Cells  |  Optimized Cells/Nets  |  Dont Touch  |  Iterations  |  Elapsed   |
-------------------------------------------------------------------------------------------------------------------------------------------------------------
|  DSP Register   |          0.000  |          0.000  |            0  |              0  |                     0  |           0  |           1  |  00:00:00  |
|  Critical Path  |          0.648  |         38.302  |           17  |              0  |                    48  |           0  |           2  |  00:00:14  |
|  Total          |          0.648  |         38.302  |           17  |              0  |                    48  |           0  |           3  |  00:00:14  |
-------------------------------------------------------------------------------------------------------------------------------------------------------------


Netlist sorting complete. Time (s): cpu = 00:00:00 ; elapsed = 00:00:00.019 . Memory (MB): peak = 2807.738 ; gain = 0.000
Ending Physical Synthesis Task | Checksum: fc4d45f7

Time (s): cpu = 00:00:25 ; elapsed = 00:00:17 . Memory (MB): peak = 2807.738 ; gain = 0.000
INFO: [Common 17-83] Releasing license: Implementation
433 Infos, 1 Warnings, 0 Critical Warnings and 0 Errors encountered.
phys_opt_design completed successfully
phys_opt_design: Time (s): cpu = 00:00:33 ; elapsed = 00:00:22 . Memory (MB): peak = 2807.738 ; gain = 0.000
## report_utilization -hierarchical -file top_utilization_hierarchical_place.rpt
## report_utilization -file top_utilization_place.rpt
## report_io -file top_io.rpt
report_io: Time (s): cpu = 00:00:00 ; elapsed = 00:00:00.187 . Memory (MB): peak = 2807.738 ; gain = 0.000
## report_control_sets -verbose -file top_control_sets.rpt
report_control_sets: Time (s): cpu = 00:00:00 ; elapsed = 00:00:00.221 . Memory (MB): peak = 2807.738 ; gain = 0.000
## report_clock_utilization -file top_clock_utilization.rpt
## route_design
Command: route_design
Attempting to get a license for feature 'Implementation' and/or device 'xc7z010'
INFO: [Common 17-349] Got license for feature 'Implementation' and/or device 'xc7z010'
INFO: [DRC 23-27] Running DRC with 2 threads
INFO: [Vivado_Tcl 4-198] DRC finished with 0 Errors
INFO: [Vivado_Tcl 4-199] Please refer to the DRC report (report_drc) for more information.


Starting Routing Task
INFO: [Route 35-254] Multithreading enabled for route_design using a maximum of 2 CPUs

Phase 1 Build RT Design
Checksum: PlaceDB: 329f7063 ConstDB: 0 ShapeSum: 1200134b RouteDB: 6998572b
Post Restoration Checksum: NetGraph: b67278af | NumContArr: f48190c | Constraints: c2a8fa9d | Timing: c2a8fa9d
Phase 1 Build RT Design | Checksum: 24b0c86f5

Time (s): cpu = 00:00:21 ; elapsed = 00:00:14 . Memory (MB): peak = 2807.738 ; gain = 0.000

Phase 2 Router Initialization

Phase 2.1 Fix Topology Constraints
Phase 2.1 Fix Topology Constraints | Checksum: 24b0c86f5

Time (s): cpu = 00:00:21 ; elapsed = 00:00:14 . Memory (MB): peak = 2807.738 ; gain = 0.000

Phase 2.2 Pre Route Cleanup
Phase 2.2 Pre Route Cleanup | Checksum: 24b0c86f5

Time (s): cpu = 00:00:21 ; elapsed = 00:00:14 . Memory (MB): peak = 2807.738 ; gain = 0.000
 Number of Nodes with overlaps = 0

Phase 2.3 Update Timing
Phase 2.3 Update Timing | Checksum: 30918f9f0

Time (s): cpu = 00:00:33 ; elapsed = 00:00:21 . Memory (MB): peak = 2807.738 ; gain = 0.000
INFO: [Route 35-416] Intermediate Timing Summary | WNS=-7.196 | TNS=-7536.290| WHS=-1.113 | THS=-485.737|


Phase 2.4 Soft Constraint Pins - Fast Budgeting
Phase 2.4 Soft Constraint Pins - Fast Budgeting | Checksum: 2267f55e3

Time (s): cpu = 00:00:37 ; elapsed = 00:00:24 . Memory (MB): peak = 2807.738 ; gain = 0.000

Router Utilization Summary
  Global Vertical Routing Utilization    = 0.00689752 %
  Global Horizontal Routing Utilization  = 0.00804228 %
  Routable Net Status*
  *Does not include unroutable nets such as driverless and loadless.
  Run report_route_status for detailed report.
  Number of Failed Nets               = 29496
    (Failed Nets is the sum of unrouted and partially routed nets)
  Number of Unrouted Nets             = 29495
  Number of Partially Routed Nets     = 1
  Number of Node Overlaps             = 0

Phase 2 Router Initialization | Checksum: 29adb41fd

Time (s): cpu = 00:00:38 ; elapsed = 00:00:24 . Memory (MB): peak = 2807.738 ; gain = 0.000

Phase 3 Global Routing
Phase 3 Global Routing | Checksum: 29adb41fd

Time (s): cpu = 00:00:38 ; elapsed = 00:00:24 . Memory (MB): peak = 2807.738 ; gain = 0.000

Phase 4 Initial Routing

Phase 4.1 Initial Net Routing Pass
Phase 4.1 Initial Net Routing Pass | Checksum: 2a655ac90

Time (s): cpu = 00:00:47 ; elapsed = 00:00:29 . Memory (MB): peak = 2807.738 ; gain = 0.000
Phase 4 Initial Routing | Checksum: 2a655ac90

Time (s): cpu = 00:00:47 ; elapsed = 00:00:29 . Memory (MB): peak = 2807.738 ; gain = 0.000
INFO: [Route 35-580] Design has 100 pins with tight setup and hold constraints.

The top 5 pins with tight setup and hold constraints:

+====================+===================+=========================================================+
| Launch Setup Clock | Launch Hold Clock | Pin                                                     |
+====================+===================+=========================================================+
| clk_2              | clk_2             | linienmodule_fast_b_limitcsr0_limitcsr0_y1_reg[15]__0/D |
| clk_2              | clk_2             | linienmodule_fast_b_limitcsr1_limitcsr1_y1_reg[7]/D     |
| clk_2              | clk_2             | linienmodule_fast_b_limitcsr1_limitcsr1_y1_reg[15]/D    |
| clk_2              | clk_2             | linienmodule_fast_b_limitcsr1_limitcsr1_y1_reg[11]/D    |
| clk_2              | clk_2             | linienmodule_fast_b_limitcsr1_limitcsr1_y1_reg[14]/D    |
+--------------------+-------------------+---------------------------------------------------------+

File with complete list of pins: tight_setup_hold_pins.txt


Phase 5 Rip-up And Reroute

Phase 5.1 Global Iteration 0
 Number of Nodes with overlaps = 7403
 Number of Nodes with overlaps = 2633
 Number of Nodes with overlaps = 1234
 Number of Nodes with overlaps = 497
 Number of Nodes with overlaps = 237
 Number of Nodes with overlaps = 124
 Number of Nodes with overlaps = 59
 Number of Nodes with overlaps = 31
 Number of Nodes with overlaps = 23
 Number of Nodes with overlaps = 4
 Number of Nodes with overlaps = 7
 Number of Nodes with overlaps = 3
 Number of Nodes with overlaps = 4
 Number of Nodes with overlaps = 7
 Number of Nodes with overlaps = 3
 Number of Nodes with overlaps = 1
 Number of Nodes with overlaps = 1
 Number of Nodes with overlaps = 0
INFO: [Route 35-416] Intermediate Timing Summary | WNS=-8.020 | TNS=-18681.398| WHS=N/A    | THS=N/A    |

Phase 5.1 Global Iteration 0 | Checksum: 28ce28328

Time (s): cpu = 00:02:18 ; elapsed = 00:01:28 . Memory (MB): peak = 2807.738 ; gain = 0.000

Phase 5.2 Global Iteration 1
 Number of Nodes with overlaps = 77
 Number of Nodes with overlaps = 51
 Number of Nodes with overlaps = 149
 Number of Nodes with overlaps = 139
 Number of Nodes with overlaps = 86
 Number of Nodes with overlaps = 51
 Number of Nodes with overlaps = 28
 Number of Nodes with overlaps = 15
 Number of Nodes with overlaps = 8
 Number of Nodes with overlaps = 11
 Number of Nodes with overlaps = 6
 Number of Nodes with overlaps = 6
 Number of Nodes with overlaps = 0
INFO: [Route 35-416] Intermediate Timing Summary | WNS=-7.849 | TNS=-18339.380| WHS=N/A    | THS=N/A    |

Phase 5.2 Global Iteration 1 | Checksum: 288b6696b

Time (s): cpu = 00:02:51 ; elapsed = 00:01:53 . Memory (MB): peak = 2807.738 ; gain = 0.000

Phase 5.3 Global Iteration 2
 Number of Nodes with overlaps = 2053
 Number of Nodes with overlaps = 1400
Phase 5.3 Global Iteration 2 | Checksum: 1df8c8b42

Time (s): cpu = 00:03:16 ; elapsed = 00:02:10 . Memory (MB): peak = 2807.738 ; gain = 0.000
Phase 5 Rip-up And Reroute | Checksum: 1df8c8b42

Time (s): cpu = 00:03:16 ; elapsed = 00:02:10 . Memory (MB): peak = 2807.738 ; gain = 0.000

Phase 6 Delay and Skew Optimization

Phase 6.1 Delay CleanUp

Phase 6.1.1 Update Timing
Phase 6.1.1 Update Timing | Checksum: 1e92546f6

Time (s): cpu = 00:03:18 ; elapsed = 00:02:11 . Memory (MB): peak = 2807.738 ; gain = 0.000
INFO: [Route 35-416] Intermediate Timing Summary | WNS=-7.849 | TNS=-17924.273| WHS=N/A    | THS=N/A    |

 Number of Nodes with overlaps = 0
Phase 6.1 Delay CleanUp | Checksum: 2e5aade79

Time (s): cpu = 00:03:19 ; elapsed = 00:02:11 . Memory (MB): peak = 2807.738 ; gain = 0.000

Phase 6.2 Clock Skew Optimization
Phase 6.2 Clock Skew Optimization | Checksum: 2e5aade79

Time (s): cpu = 00:03:19 ; elapsed = 00:02:11 . Memory (MB): peak = 2807.738 ; gain = 0.000
Phase 6 Delay and Skew Optimization | Checksum: 2e5aade79

Time (s): cpu = 00:03:19 ; elapsed = 00:02:11 . Memory (MB): peak = 2807.738 ; gain = 0.000

Phase 7 Post Hold Fix

Phase 7.1 Hold Fix Iter
INFO: [Route 35-416] Intermediate Timing Summary | WNS=-7.839 | TNS=-17916.129| WHS=0.016  | THS=0.000  |

Phase 7.1 Hold Fix Iter | Checksum: 2f16bb3c3

Time (s): cpu = 00:03:21 ; elapsed = 00:02:12 . Memory (MB): peak = 2807.738 ; gain = 0.000
Phase 7 Post Hold Fix | Checksum: 2f16bb3c3

Time (s): cpu = 00:03:21 ; elapsed = 00:02:12 . Memory (MB): peak = 2807.738 ; gain = 0.000

Phase 8 Route finalize

Router Utilization Summary
  Global Vertical Routing Utilization    = 38.9032 %
  Global Horizontal Routing Utilization  = 46.3261 %
  Routable Net Status*
  *Does not include unroutable nets such as driverless and loadless.
  Run report_route_status for detailed report.
  Number of Failed Nets               = 0
    (Failed Nets is the sum of unrouted and partially routed nets)
  Number of Unrouted Nets             = 0
  Number of Partially Routed Nets     = 0
  Number of Node Overlaps             = 0


--GLOBAL Congestion:
Utilization threshold used for congestion level computation: 0.85
Congestion Report
North Dir 1x1 Area, Max Cong = 91.8919%, Congestion bounded by tiles (Lower Left Tile -> Upper Right Tile):
   INT_L_X16Y70 -> INT_L_X16Y70
   INT_L_X20Y70 -> INT_L_X20Y70
   INT_R_X19Y67 -> INT_R_X19Y67
   INT_R_X11Y53 -> INT_R_X11Y53
   INT_R_X11Y51 -> INT_R_X11Y51
South Dir 1x1 Area, Max Cong = 97.2973%, Congestion bounded by tiles (Lower Left Tile -> Upper Right Tile):
   INT_L_X14Y62 -> INT_L_X14Y62
   INT_L_X20Y58 -> INT_L_X20Y58
   INT_R_X19Y55 -> INT_R_X19Y55
   INT_L_X12Y53 -> INT_L_X12Y53
   INT_R_X15Y53 -> INT_R_X15Y53
East Dir 2x2 Area, Max Cong = 87.8676%, Congestion bounded by tiles (Lower Left Tile -> Upper Right Tile):
   INT_L_X6Y10 -> INT_R_X7Y11
   INT_L_X10Y10 -> INT_R_X11Y11
West Dir 2x2 Area, Max Cong = 89.7059%, Congestion bounded by tiles (Lower Left Tile -> Upper Right Tile):
   INT_L_X14Y74 -> INT_R_X15Y75
   INT_L_X16Y72 -> INT_R_X17Y73
   INT_L_X18Y68 -> INT_R_X19Y69
   INT_L_X20Y68 -> INT_R_X21Y69
   INT_L_X20Y66 -> INT_R_X21Y67

------------------------------
Reporting congestion hotspots
------------------------------
Direction: North
----------------
Congested clusters found at Level 0
Effective congestion level: 0 Aspect Ratio: 1 Sparse Ratio: 1
Direction: South
----------------
Congested clusters found at Level 0
Effective congestion level: 1 Aspect Ratio: 1 Sparse Ratio: 0.75
Direction: East
----------------
Congested clusters found at Level 0
Effective congestion level: 2 Aspect Ratio: 0.571429 Sparse Ratio: 0.875
Direction: West
----------------
Congested clusters found at Level 0
Effective congestion level: 2 Aspect Ratio: 0.7 Sparse Ratio: 1.6875

Phase 8 Route finalize | Checksum: 2f16bb3c3

Time (s): cpu = 00:03:21 ; elapsed = 00:02:13 . Memory (MB): peak = 2807.738 ; gain = 0.000

Phase 9 Verifying routed nets

 Verification completed successfully
Phase 9 Verifying routed nets | Checksum: 2f16bb3c3

Time (s): cpu = 00:03:21 ; elapsed = 00:02:13 . Memory (MB): peak = 2807.738 ; gain = 0.000

Phase 10 Depositing Routes
Phase 10 Depositing Routes | Checksum: 231fcca04

Time (s): cpu = 00:03:25 ; elapsed = 00:02:16 . Memory (MB): peak = 2807.738 ; gain = 0.000

Phase 11 Post Process Routing
Phase 11 Post Process Routing | Checksum: 231fcca04

Time (s): cpu = 00:03:25 ; elapsed = 00:02:16 . Memory (MB): peak = 2807.738 ; gain = 0.000

Phase 12 Post Router Timing
INFO: [Route 35-57] Estimated Timing Summary | WNS=-7.839 | TNS=-17916.129| WHS=0.016  | THS=0.000  |

WARNING: [Route 35-328] Router estimated timing not met.
Resolution: For a complete and accurate timing signoff, report_timing_summary must be run after route_design. Alternatively, route_design can be run with the -timing_summary option to enable a complete timing signoff at the end of route_design.
Phase 12 Post Router Timing | Checksum: 231fcca04

Time (s): cpu = 00:03:26 ; elapsed = 00:02:17 . Memory (MB): peak = 2807.738 ; gain = 0.000
Total Elapsed time in route_design: 136.553 secs

Phase 13 Post-Route Event Processing
Phase 13 Post-Route Event Processing | Checksum: 29278a60

Time (s): cpu = 00:03:26 ; elapsed = 00:02:17 . Memory (MB): peak = 2807.738 ; gain = 0.000
INFO: [Route 35-16] Router Completed Successfully
Ending Routing Task | Checksum: 29278a60

Time (s): cpu = 00:03:26 ; elapsed = 00:02:17 . Memory (MB): peak = 2807.738 ; gain = 0.000

Routing Is Done.
INFO: [Common 17-83] Releasing license: Implementation
14 Infos, 1 Warnings, 0 Critical Warnings and 0 Errors encountered.
route_design completed successfully
route_design: Time (s): cpu = 00:03:26 ; elapsed = 00:02:17 . Memory (MB): peak = 2807.738 ; gain = 0.000
## phys_opt_design
Command: phys_opt_design
Attempting to get a license for feature 'Implementation' and/or device 'xc7z010'
INFO: [Common 17-349] Got license for feature 'Implementation' and/or device 'xc7z010'
INFO: [Vivado_Tcl 4-241] Physical synthesis in post route mode 

Starting Initial Update Timing Task

Time (s): cpu = 00:00:09 ; elapsed = 00:00:05 . Memory (MB): peak = 2807.738 ; gain = 0.000
INFO: [Vivado_Tcl 4-1435] PhysOpt_Tcl_Interface Runtime Before Starting Physical Synthesis Task | CPU: 13.00s |  WALL: 7.80s
INFO: [DRC 23-27] Running DRC with 2 threads
INFO: [Vivado_Tcl 4-198] DRC finished with 0 Errors
INFO: [Vivado_Tcl 4-199] Please refer to the DRC report (report_drc) for more information.
Netlist sorting complete. Time (s): cpu = 00:00:00 ; elapsed = 00:00:00.018 . Memory (MB): peak = 2807.738 ; gain = 0.000

Starting Physical Synthesis Task

Phase 1 Physical Synthesis Initialization
INFO: [Physopt 32-721] Multithreading enabled for phys_opt_design using a maximum of 2 CPUs
WARNING: [Place 30-34] Design utilization is very high. Please run report_utilization command to see design utilization.
INFO: [Physopt 32-668] Current Timing Summary | WNS=-7.833 | TNS=-17895.229 | WHS=0.016 | THS=0.000 |
Phase 1 Physical Synthesis Initialization | Checksum: 12a28aaad

Time (s): cpu = 00:00:04 ; elapsed = 00:00:03 . Memory (MB): peak = 2807.738 ; gain = 0.000
WARNING: [Physopt 32-745] Physical Optimization has determined that the magnitude of the negative slack is too large and it is highly unlikely that slack will be improved. Post-Route Physical Optimization is most effective when WNS is above -0.5ns

Phase 2 Critical Path Optimization
INFO: [Physopt 32-668] Current Timing Summary | WNS=-7.833 | TNS=-17895.229 | WHS=0.016 | THS=0.000 |
INFO: [Physopt 32-953] Path group WNS did not improve. Path group: clk_2. Processed net: linienmodule_raw_acquisition_iir_z50_i_1_psdsp_n.
INFO: [Physopt 32-953] Path group WNS did not improve. Path group: clk_2. Processed net: clk_2.
INFO: [Physopt 32-953] Path group WNS did not improve. Path group: clk_2. Processed net: linienmodule_raw_acquisition_iir_z50_i_19_n_1.
INFO: [Physopt 32-953] Path group WNS did not improve. Path group: clk_2. Processed net: linienmodule_raw_acquisition_iir_z50_i_98_n_0.
INFO: [Physopt 32-953] Path group WNS did not improve. Path group: clk_2. Processed net: linienmodule_mixed[25].
INFO: [Physopt 32-953] Path group WNS did not improve. Path group: clk_2. Processed net: linienmodule_raw_acquisition_iir_z50_i_53_n_0.
INFO: [Physopt 32-953] Path group WNS did not improve. Path group: clk_2. Processed net: linienmodule_raw_acquisition_iir_z50_i_49_n_0.
INFO: [Physopt 32-953] Path group WNS did not improve. Path group: clk_2. Processed net: linienmodule_raw_acquisition_iir_z50_i_101_n_7.
INFO: [Physopt 32-953] Path group WNS did not improve. Path group: clk_2. Processed net: linienmodule_raw_acquisition_iir_z50_i_171_n_0.
INFO: [Physopt 32-953] Path group WNS did not improve. Path group: clk_2. Processed net: linienmodule_raw_acquisition_iir_z50_i_260_n_4.
INFO: [Physopt 32-953] Path group WNS did not improve. Path group: clk_2. Processed net: linienmodule_raw_acquisition_iir_z50_i_451_n_4.
INFO: [Physopt 32-953] Path group WNS did not improve. Path group: clk_2. Processed net: linienmodule_raw_acquisition_iir_z50_i_687_n_0.
INFO: [Physopt 32-953] Path group WNS did not improve. Path group: clk_2. Processed net: linienmodule_raw_acquisition_iir_z50_i_745_n_0.
INFO: [Physopt 32-953] Path group WNS did not improve. Path group: clk_2. Processed net: linienmodule_limit_error_signal_limit_y[16].
INFO: [Physopt 32-953] Path group WNS did not improve. Path group: clk_2. Processed net: linienmodule_chain_a_factor_storage_full_reg_n_0_[0].
INFO: [Physopt 32-953] Path group WNS did not improve. Path group: clk_fpga_0. Processed net: axi_slave/M_AXI_GP0_RDATA[27].
INFO: [Physopt 32-953] Path group WNS did not improve. Path group: clk_fpga_0. Processed net: red_pitaya_scope/i_bridge/axi_rdata_o[27]_i_2_n_0.
INFO: [Physopt 32-953] Path group WNS did not improve. Path group: clk_fpga_0. Processed net: red_pitaya_scope/i_bridge/set_dec_reg[27].
INFO: [Physopt 32-953] Path group WNS did not improve. Path group: clk_fpga_0. Processed net: red_pitaya_scope/adc_b_q_rd[11].
INFO: [Physopt 32-953] Path group WNS did not improve. Path group: clk_2. Processed net: linienmodule_raw_acquisition_iir_z50_i_1_psdsp_n.
INFO: [Physopt 32-953] Path group WNS did not improve. Path group: clk_2. Processed net: clk_2.
INFO: [Physopt 32-953] Path group WNS did not improve. Path group: clk_2. Processed net: linienmodule_raw_acquisition_iir_z50_i_19_n_1.
INFO: [Physopt 32-953] Path group WNS did not improve. Path group: clk_2. Processed net: linienmodule_raw_acquisition_iir_z50_i_98_n_0.
INFO: [Physopt 32-953] Path group WNS did not improve. Path group: clk_2. Processed net: linienmodule_mixed[25].
INFO: [Physopt 32-953] Path group WNS did not improve. Path group: clk_2. Processed net: linienmodule_raw_acquisition_iir_z50_i_53_n_0.
INFO: [Physopt 32-953] Path group WNS did not improve. Path group: clk_2. Processed net: linienmodule_raw_acquisition_iir_z50_i_49_n_0.
INFO: [Physopt 32-953] Path group WNS did not improve. Path group: clk_2. Processed net: linienmodule_raw_acquisition_iir_z50_i_101_n_7.
INFO: [Physopt 32-953] Path group WNS did not improve. Path group: clk_2. Processed net: linienmodule_raw_acquisition_iir_z50_i_171_n_0.
INFO: [Physopt 32-953] Path group WNS did not improve. Path group: clk_2. Processed net: linienmodule_raw_acquisition_iir_z50_i_260_n_4.
INFO: [Physopt 32-953] Path group WNS did not improve. Path group: clk_2. Processed net: linienmodule_raw_acquisition_iir_z50_i_451_n_4.
INFO: [Physopt 32-953] Path group WNS did not improve. Path group: clk_2. Processed net: linienmodule_raw_acquisition_iir_z50_i_687_n_0.
INFO: [Physopt 32-608] Optimized 1 net.  Swapped 20 pins.
INFO: [Physopt 32-952] Improved path group WNS = -7.806. Path group: clk_2. Processed net: linienmodule_raw_acquisition_iir_z50_i_745_n_0.
INFO: [Physopt 32-953] Path group WNS did not improve. Path group: clk_2. Processed net: linienmodule_raw_acquisition_iir_z50_i_686_n_0.
INFO: [Physopt 32-608] Optimized 1 net.  Swapped 20 pins.
INFO: [Physopt 32-952] Improved path group WNS = -7.737. Path group: clk_2. Processed net: linienmodule_raw_acquisition_iir_z50_i_744_n_0.
INFO: [Physopt 32-608] Optimized 1 net.  Swapped 18 pins.
INFO: [Physopt 32-952] Improved path group WNS = -7.723. Path group: clk_2. Processed net: linienmodule_raw_acquisition_iir_z50_i_37_n_0.
INFO: [Physopt 32-953] Path group WNS did not improve. Path group: clk_2. Processed net: linienmodule_raw_acquisition_iir_z50_i_37_n_0.
INFO: [Physopt 32-953] Path group WNS did not improve. Path group: clk_2. Processed net: linienmodule_mixed[35].
INFO: [Physopt 32-953] Path group WNS did not improve. Path group: clk_2. Processed net: linienmodule_raw_acquisition_iir_z40__0_i_25_n_0.
INFO: [Physopt 32-953] Path group WNS did not improve. Path group: clk_2. Processed net: linienmodule_raw_acquisition_iir_z40__0_i_21_n_0.
INFO: [Physopt 32-953] Path group WNS did not improve. Path group: clk_2. Processed net: linienmodule_raw_acquisition_iir_z40__0_i_33_n_6.
INFO: [Physopt 32-953] Path group WNS did not improve. Path group: clk_2. Processed net: linienmodule_raw_acquisition_iir_z50_i_178_n_0.
INFO: [Physopt 32-953] Path group WNS did not improve. Path group: clk_2. Processed net: linienmodule_raw_acquisition_iir_z50_i_257_n_7.
INFO: [Physopt 32-953] Path group WNS did not improve. Path group: clk_2. Processed net: linienmodule_raw_acquisition_iir_z50_i_434_n_7.
INFO: [Physopt 32-953] Path group WNS did not improve. Path group: clk_2. Processed net: linienmodule_raw_acquisition_iir_z50_i_676_n_0.
INFO: [Physopt 32-953] Path group WNS did not improve. Path group: clk_2. Processed net: linienmodule_raw_acquisition_iir_z50_i_672_n_0.
INFO: [Physopt 32-953] Path group WNS did not improve. Path group: clk_2. Processed net: linienmodule_limit_error_signal_limit_y[16].
INFO: [Physopt 32-953] Path group WNS did not improve. Path group: clk_2. Processed net: linienmodule_chain_b_factor_storage_full_reg_n_0_[0].
INFO: [Physopt 32-953] Path group WNS did not improve. Path group: clk_fpga_0. Processed net: axi_slave/M_AXI_GP0_RDATA[27].
INFO: [Physopt 32-953] Path group WNS did not improve. Path group: clk_fpga_0. Processed net: red_pitaya_scope/i_bridge/axi_rdata_o[27]_i_2_n_0.
INFO: [Physopt 32-953] Path group WNS did not improve. Path group: clk_fpga_0. Processed net: red_pitaya_scope/i_bridge/set_dec_reg[27].
INFO: [Physopt 32-953] Path group WNS did not improve. Path group: clk_fpga_0. Processed net: red_pitaya_scope/adc_b_q_rd[11].
INFO: [Physopt 32-668] Current Timing Summary | WNS=-7.723 | TNS=-17880.095 | WHS=0.016 | THS=0.000 |
Netlist sorting complete. Time (s): cpu = 00:00:00 ; elapsed = 00:00:00.245 . Memory (MB): peak = 2807.738 ; gain = 0.000
Phase 2 Critical Path Optimization | Checksum: 236bb9785

Time (s): cpu = 00:01:29 ; elapsed = 00:01:08 . Memory (MB): peak = 2807.738 ; gain = 0.000
Netlist sorting complete. Time (s): cpu = 00:00:00 ; elapsed = 00:00:00.018 . Memory (MB): peak = 2807.738 ; gain = 0.000
INFO: [Physopt 32-669] Post Physical Optimization Timing Summary | WNS=-7.723 | TNS=-17880.095 | WHS=0.016 | THS=0.000 |

Summary of Physical Synthesis Optimizations
============================================


-------------------------------------------------------------------------------------------------------------------------------------------------------------
|  Optimization   |  WNS Gain (ns)  |  TNS Gain (ns)  |  Added Cells  |  Removed Cells  |  Optimized Cells/Nets  |  Dont Touch  |  Iterations  |  Elapsed   |
-------------------------------------------------------------------------------------------------------------------------------------------------------------
|  Critical Path  |          0.110  |         15.134  |            0  |              0  |                     3  |           0  |           1  |  00:01:05  |
-------------------------------------------------------------------------------------------------------------------------------------------------------------


Netlist sorting complete. Time (s): cpu = 00:00:00 ; elapsed = 00:00:00.021 . Memory (MB): peak = 2807.738 ; gain = 0.000
Ending Physical Synthesis Task | Checksum: 236bb9785

Time (s): cpu = 00:01:30 ; elapsed = 00:01:08 . Memory (MB): peak = 2807.738 ; gain = 0.000
INFO: [Common 17-83] Releasing license: Implementation
66 Infos, 2 Warnings, 0 Critical Warnings and 0 Errors encountered.
phys_opt_design completed successfully
phys_opt_design: Time (s): cpu = 00:01:44 ; elapsed = 00:01:16 . Memory (MB): peak = 2807.738 ; gain = 0.000
## report_timing_summary -no_header -no_detailed_paths
INFO: [Timing 38-91] UpdateTimingParams: Speed grade: -1, Delay Type: min_max.
INFO: [Timing 38-191] Multithreading enabled for timing update using a maximum of 2 CPUs
------------------------------------------------------------------------------------------------
| Timer Settings
| --------------
------------------------------------------------------------------------------------------------

  Enable Multi Corner Analysis               :  Yes
  Enable Pessimism Removal                   :  Yes
  Pessimism Removal Resolution               :  Nearest Common Node
  Enable Input Delay Default Clock           :  No
  Enable Preset / Clear Arcs                 :  No
  Disable Flight Delays                      :  No
  Ignore I/O Paths                           :  No
  Timing Early Launch at Borrowing Latches   :  No
  Borrow Time for Max Delay Exceptions       :  Yes
  Merge Timing Exceptions                    :  Yes
  Inter-SLR Compensation                     :  Conservative

  Corner  Analyze    Analyze    
  Name    Max Paths  Min Paths  
  ------  ---------  ---------  
  Slow    Yes        Yes        
  Fast    Yes        Yes        


------------------------------------------------------------------------------------------------
| Report Methodology
| ------------------
------------------------------------------------------------------------------------------------

No report available as report_methodology has not been run prior. Run report_methodology on the current design for the summary of methodology violations.



check_timing report

Table of Contents
-----------------
1. checking no_clock (192)
2. checking constant_clock (0)
3. checking pulse_width_clock (0)
4. checking unconstrained_internal_endpoints (253)
5. checking no_input_delay (44)
6. checking no_output_delay (44)
7. checking multiple_clock (0)
8. checking generated_clocks (0)
9. checking loops (0)
10. checking partial_input_delay (0)
11. checking partial_output_delay (0)
12. checking latch_loops (0)

1. checking no_clock (192)
--------------------------
 There are 191 register/latch pins with no clock driven by root clock pin: linienmodule_decimate_output_reg/Q (HIGH)

 There is 1 register/latch pin with no clock driven by root clock pin: linienmodule_dna_cnt_reg[0]/Q (HIGH)


2. checking constant_clock (0)
------------------------------
 There are 0 register/latch pins with constant_clock.


3. checking pulse_width_clock (0)
---------------------------------
 There are 0 register/latch pins which need pulse_width check


4. checking unconstrained_internal_endpoints (253)
--------------------------------------------------
 There are 253 pins that are not constrained for maximum delay. (HIGH)

 There are 0 pins that are not constrained for maximum delay due to constant clock.


5. checking no_input_delay (44)
-------------------------------
 There are 44 input ports with no input delay specified. (HIGH)

 There are 0 input ports with no input delay but user has a false path constraint.


6. checking no_output_delay (44)
--------------------------------
 There are 44 ports with no output delay specified. (HIGH)

 There are 0 ports with no output delay but user has a false path constraint

 There are 0 ports with no output delay but with a timing clock defined on it or propagating through it


7. checking multiple_clock (0)
------------------------------
 There are 0 register/latch pins with multiple clocks.


8. checking generated_clocks (0)
--------------------------------
 There are 0 generated clocks that are not connected to a clock source.


9. checking loops (0)
---------------------
 There are 0 combinational loops in the design.


10. checking partial_input_delay (0)
------------------------------------
 There are 0 input ports with partial input delay specified.


11. checking partial_output_delay (0)
-------------------------------------
 There are 0 ports with partial output delay specified.


12. checking latch_loops (0)
----------------------------
 There are 0 combinational latch loops in the design through latch input



------------------------------------------------------------------------------------------------
| Design Timing Summary
| ---------------------
------------------------------------------------------------------------------------------------

    WNS(ns)      TNS(ns)  TNS Failing Endpoints  TNS Total Endpoints      WHS(ns)      THS(ns)  THS Failing Endpoints  THS Total Endpoints     WPWS(ns)     TPWS(ns)  TPWS Failing Endpoints  TPWS Total Endpoints  
    -------      -------  ---------------------  -------------------      -------      -------  ---------------------  -------------------     --------     --------  ----------------------  --------------------  
     -7.723   -17880.090                   7812                32691        0.016        0.000                      0                32691        1.500        0.000                       0                 11927  


Timing constraints are not met.


------------------------------------------------------------------------------------------------
| Clock Summary
| -------------
------------------------------------------------------------------------------------------------

Clock       Waveform(ns)         Period(ns)      Frequency(MHz)
-----       ------------         ----------      --------------
clk125_p    {0.000 4.000}        8.000           125.000         
  clk_1     {0.000 2.000}        4.000           250.000         
  clk_2     {0.000 4.000}        8.000           125.000         
  clk_fb    {0.000 4.000}        8.000           125.000         
clk_fpga_0  {0.000 4.000}        8.000           125.000         
clk_fpga_1  {0.000 2.000}        4.000           250.000         
clk_fpga_2  {0.000 10.000}       20.000          50.000          
clk_fpga_3  {0.000 2.500}        5.000           200.000         


------------------------------------------------------------------------------------------------
| Intra Clock Table
| -----------------
------------------------------------------------------------------------------------------------

Clock             WNS(ns)      TNS(ns)  TNS Failing Endpoints  TNS Total Endpoints      WHS(ns)      THS(ns)  THS Failing Endpoints  THS Total Endpoints     WPWS(ns)     TPWS(ns)  TPWS Failing Endpoints  TPWS Total Endpoints  
-----             -------      -------  ---------------------  -------------------      -------      -------  ---------------------  -------------------     --------     --------  ----------------------  --------------------  
clk125_p                                                                                                                                                        2.000        0.000                       0                     2  
  clk_1             0.962        0.000                      0                   80        0.267        0.000                      0                   80        1.500        0.000                       0                    84  
  clk_2            -7.723   -17879.713                   7811                31705        0.016        0.000                      0                31705        3.500        0.000                       0                 11594  
  clk_fb                                                                                                                                                        5.845        0.000                       0                     3  
clk_fpga_0          0.275        0.000                      0                  511        0.043        0.000                      0                  511        3.500        0.000                       0                   244  


------------------------------------------------------------------------------------------------
| Inter Clock Table
| -----------------
------------------------------------------------------------------------------------------------

From Clock    To Clock          WNS(ns)      TNS(ns)  TNS Failing Endpoints  TNS Total Endpoints      WHS(ns)      THS(ns)  THS Failing Endpoints  THS Total Endpoints  
----------    --------          -------      -------  ---------------------  -------------------      -------      -------  ---------------------  -------------------  
clk_2         clk_1               0.164        0.000                      0                   64        0.080        0.000                      0                   64  
clk_fpga_0    clk_2              -0.357       -0.357                      1                  718        0.141        0.000                      0                  718  
clk_2         clk_fpga_0         -0.220       -0.220                      1                   34        0.471        0.000                      0                   34  


------------------------------------------------------------------------------------------------
| Other Path Groups Table
| -----------------------
------------------------------------------------------------------------------------------------

Path Group    From Clock    To Clock          WNS(ns)      TNS(ns)  TNS Failing Endpoints  TNS Total Endpoints      WHS(ns)      THS(ns)  THS Failing Endpoints  THS Total Endpoints  
----------    ----------    --------          -------      -------  ---------------------  -------------------      -------      -------  ---------------------  -------------------  


report_timing_summary: Time (s): cpu = 00:00:12 ; elapsed = 00:00:07 . Memory (MB): peak = 2807.738 ; gain = 0.000
## write_checkpoint -force top_route.dcp
INFO: [Timing 38-480] Writing timing data to binary archive.
Wrote PlaceDB: Time (s): cpu = 00:00:00 ; elapsed = 00:00:00.002 . Memory (MB): peak = 2807.738 ; gain = 0.000
Wrote PulsedLatchDB: Time (s): cpu = 00:00:00 ; elapsed = 00:00:00 . Memory (MB): peak = 2807.738 ; gain = 0.000
Writing XDEF routing.
Writing XDEF routing logical nets.
Write ShapeDB Complete: Time (s): cpu = 00:00:00 ; elapsed = 00:00:00.043 . Memory (MB): peak = 2807.738 ; gain = 0.000
Writing XDEF routing special nets.
Wrote RouteStorage: Time (s): cpu = 00:00:01 ; elapsed = 00:00:00.364 . Memory (MB): peak = 2807.738 ; gain = 0.000
Wrote PlaceStorage: Time (s): cpu = 00:00:02 ; elapsed = 00:00:00.975 . Memory (MB): peak = 2807.738 ; gain = 0.000
Wrote Netlist Cache: Time (s): cpu = 00:00:00 ; elapsed = 00:00:00.055 . Memory (MB): peak = 2807.738 ; gain = 0.000
Wrote Device Cache: Time (s): cpu = 00:00:00 ; elapsed = 00:00:00.013 . Memory (MB): peak = 2807.738 ; gain = 0.000
Write Physdb Complete: Time (s): cpu = 00:00:03 ; elapsed = 00:00:01 . Memory (MB): peak = 2807.738 ; gain = 0.000
INFO: [Common 17-1381] The checkpoint 'C:/UW-Madison/RA/linien/gateware/build/top_route.dcp' has been generated.
## report_route_status -file top_route_status.rpt
## report_drc -file top_drc.rpt
Command: report_drc -file top_drc.rpt
INFO: [IP_Flow 19-234] Refreshing IP repositories
INFO: [IP_Flow 19-1704] No user IP repositories specified
INFO: [IP_Flow 19-2313] Loaded Vivado IP repository 'C:/AMDDesignTools/2025.2/Vivado/data/ip'.
INFO: [DRC 23-27] Running DRC with 2 threads
INFO: [Vivado_Tcl 2-168] The results of DRC are in file C:/UW-Madison/RA/linien/gateware/build/top_drc.rpt.
report_drc completed successfully
## report_timing_summary -datasheet -max_paths 10 -file top_timing.rpt
INFO: [Timing 38-91] UpdateTimingParams: Speed grade: -1, Delay Type: min_max.
INFO: [Timing 38-191] Multithreading enabled for timing update using a maximum of 2 CPUs
## report_power -file top_power.rpt
Command: report_power -file top_power.rpt
INFO: [Power 33-23] Power model is not available for DNA_PORT
Running Vector-less Activity Propagation...

Finished Running Vector-less Activity Propagation
WARNING: [Power 33-332] Found switching activity that implies high-fanout reset nets being asserted for excessive periods of time which may result in inaccurate power analysis.
Resolution: To review and fix problems, please run Power Constraints Advisor in the GUI from Tools > Power Constraints Advisor or run report_power with the -advisory option to generate a text report.
1 Infos, 1 Warnings, 0 Critical Warnings and 0 Errors encountered.
report_power completed successfully
report_power: Time (s): cpu = 00:00:07 ; elapsed = 00:00:05 . Memory (MB): peak = 2807.738 ; gain = 0.000
# source "top_bitstream.tcl"
## write_bitstream -force top.bit 
Command: write_bitstream -force top.bit
Attempting to get a license for feature 'Implementation' and/or device 'xc7z010'
INFO: [Common 17-349] Got license for feature 'Implementation' and/or device 'xc7z010'
Running DRC as a precondition to command write_bitstream
INFO: [IP_Flow 19-1839] IP Catalog is up to date.
INFO: [DRC 23-27] Running DRC with 2 threads
INFO: [Vivado 12-3199] DRC finished with 0 Errors
INFO: [Vivado 12-3200] Please refer to the DRC report (report_drc) for more information.
Integrating Hard IP ELF/MEM with the PDI.
INFO: [Designutils 20-2272] Running write_bitstream with 2 threads.
Loading data files...
Loading site data...
Loading route data...
Processing options...
Creating bitmap...
Creating bitstream...
Writing bitstream ./top.bit...
INFO: [Vivado 12-1842] Bitgen Completed Successfully.
INFO: [Common 17-83] Releasing license: Implementation
8 Infos, 0 Warnings, 0 Critical Warnings and 0 Errors encountered.
write_bitstream completed successfully
write_bitstream: Time (s): cpu = 00:00:23 ; elapsed = 00:00:16 . Memory (MB): peak = 2807.738 ; gain = 0.000
## quit
INFO: [Common 17-206] Exiting Vivado at Fri Sep  4 12:32:55 2026...
