#-----------------------------------------------------------
# Vivado v2025.2 (64-bit)
# SW Build 6299465 on Fri Nov 14 19:35:11 GMT 2025
# IP Build 6300035 on Fri Nov 14 10:48:45 MST 2025
# SharedData Build 6298862 on Thu Nov 13 04:50:51 MST 2025
# Start of session at: Thu Sep  3 15:09:53 2026
# Process ID         : 40880
# Current directory  : C:/UW-Madison/RA/linien/gateware/build
# Command line       : vivado.exe -mode batch -source top.tcl
# Log file           : C:/UW-Madison/RA/linien/gateware/build/vivado.log
# Journal file       : C:/UW-Madison/RA/linien/gateware/build\vivado.jou
# Running On         : TejaskumarBabel
# Platform           : Windows Server 2016 or Windows 10
# Operating System   : 26200
# Processor Detail   : AMD Ryzen 7 7435HS                             
# CPU Frequency      : 3094 MHz
# CPU Physical cores : 8
# CPU Logical cores  : 16
# Host memory        : 16849 MB
# Swap memory        : 17179 MB
# Total Virtual      : 34029 MB
# Available Virtual  : 7326 MB
#-----------------------------------------------------------
source top.tcl
# source "top_route.tcl"
## create_project -force -name top -part xc7z010-clg400-1
create_project: Time (s): cpu = 00:00:07 ; elapsed = 00:00:07 . Memory (MB): peak = 533.684 ; gain = 219.844
## set_property XPM_LIBRARIES {XPM_CDC XPM_MEMORY} [current_project]
## add_files {imports\UW-Madison\RA\linien\gateware\verilog\axi_slave.v}
## set_property library work [get_files {imports\UW-Madison\RA\linien\gateware\verilog\axi_slave.v}]
## add_files {imports\UW-Madison\RA\linien\gateware\verilog\bus_clk_bridge.v}
## set_property library work [get_files {imports\UW-Madison\RA\linien\gateware\verilog\bus_clk_bridge.v}]
## add_files {imports\UW-Madison\RA\linien\gateware\verilog\processing_system7_v5_4_processing_system7.v}
## set_property library work [get_files {imports\UW-Madison\RA\linien\gateware\verilog\processing_system7_v5_4_processing_system7.v}]
## add_files {imports\UW-Madison\RA\linien\gateware\verilog\red_pitaya_scope.v}
## set_property library work [get_files {imports\UW-Madison\RA\linien\gateware\verilog\red_pitaya_scope.v}]
## add_files {imports\UW-Madison\RA\linien\gateware\verilog\system_processing_system7_0_0.v}
## set_property library work [get_files {imports\UW-Madison\RA\linien\gateware\verilog\system_processing_system7_0_0.v}]
## add_files {imports\UW-Madison\RA\linien\src\ROM.sv}
## set_property library work [get_files {imports\UW-Madison\RA\linien\src\ROM.sv}]
## add_files {imports\UW-Madison\RA\linien\src\arb_wave.sv}
## set_property library work [get_files {imports\UW-Madison\RA\linien\src\arb_wave.sv}]
## add_files {imports\UW-Madison\RA\linien\src\bram.sv}
## set_property library work [get_files {imports\UW-Madison\RA\linien\src\bram.sv}]
## add_files {imports\UW-Madison\RA\linien\src\chirp_gen.sv}
## set_property library work [get_files {imports\UW-Madison\RA\linien\src\chirp_gen.sv}]
## add_files {imports\UW-Madison\RA\linien\src\control.sv}
## set_property library work [get_files {imports\UW-Madison\RA\linien\src\control.sv}]
## add_files {imports\UW-Madison\RA\linien\src\delay.sv}
## set_property library work [get_files {imports\UW-Madison\RA\linien\src\delay.sv}]
## add_files {imports\UW-Madison\RA\linien\src\direct_jump.sv}
## set_property library work [get_files {imports\UW-Madison\RA\linien\src\direct_jump.sv}]
## add_files {imports\UW-Madison\RA\linien\src\linear_ramp.sv}
## set_property library work [get_files {imports\UW-Madison\RA\linien\src\linear_ramp.sv}]
## add_files {imports\UW-Madison\RA\linien\src\sequence_top.sv}
## set_property library work [get_files {imports\UW-Madison\RA\linien\src\sequence_top.sv}]
## add_files {imports\UW-Madison\RA\linien\src\sinusoid.sv}
## set_property library work [get_files {imports\UW-Madison\RA\linien\src\sinusoid.sv}]
## add_files {imports\UW-Madison\RA\linien\src\temp_pwm.sv}
## set_property library work [get_files {imports\UW-Madison\RA\linien\src\temp_pwm.sv}]
## add_files {imports\UW-Madison\RA\linien\src\temp_sampler.sv}
## set_property library work [get_files {imports\UW-Madison\RA\linien\src\temp_sampler.sv}]
## add_files {top.v}
## set_property library work [get_files {top.v}]
## read_xdc top.xdc
## read_xdc -ref processing_system7_v5_4_processing_system7 ../verilog/system_processing_system7_0_0.xdc
## add_files -norecurse ../../src/sin_lut.mem
## synth_design -top top -part xc7z010-clg400-1
Command: synth_design -top top -part xc7z010-clg400-1
Starting synth_design
Attempting to get a license for feature 'Synthesis' and/or device 'xc7z010'
INFO: [Common 17-349] Got license for feature 'Synthesis' and/or device 'xc7z010'
INFO: [Device 21-403] Loading part xc7z010clg400-1
INFO: [Synth 8-7079] Multithreading enabled for synth_design using a maximum of 2 processes.
INFO: [Synth 8-7078] Launching helper process for spawning children vivado processes
INFO: [Synth 8-7075] Helper process launched with PID 40172
---------------------------------------------------------------------------------
Starting RTL Elaboration : Time (s): cpu = 00:00:10 ; elapsed = 00:00:11 . Memory (MB): peak = 1288.027 ; gain = 540.465
---------------------------------------------------------------------------------
INFO: [Synth 8-6157] synthesizing module 'top' from library 'work' [C:/UW-Madison/RA/linien/gateware/build/top.v:2]
INFO: [Synth 8-155] case statement is not full and has no default [C:/UW-Madison/RA/linien/gateware/build/top.v:7351]
INFO: [Synth 8-155] case statement is not full and has no default [C:/UW-Madison/RA/linien/gateware/build/top.v:7751]
INFO: [Synth 8-155] case statement is not full and has no default [C:/UW-Madison/RA/linien/gateware/build/top.v:8597]
INFO: [Synth 8-155] case statement is not full and has no default [C:/UW-Madison/RA/linien/gateware/build/top.v:9443]
INFO: [Synth 8-155] case statement is not full and has no default [C:/UW-Madison/RA/linien/gateware/build/top.v:9578]
INFO: [Synth 8-155] case statement is not full and has no default [C:/UW-Madison/RA/linien/gateware/build/top.v:9600]
INFO: [Synth 8-155] case statement is not full and has no default [C:/UW-Madison/RA/linien/gateware/build/top.v:10685]
INFO: [Synth 8-155] case statement is not full and has no default [C:/UW-Madison/RA/linien/gateware/build/top.v:10779]
INFO: [Synth 8-155] case statement is not full and has no default [C:/UW-Madison/RA/linien/gateware/build/top.v:10896]
INFO: [Synth 8-155] case statement is not full and has no default [C:/UW-Madison/RA/linien/gateware/build/top.v:10926]
INFO: [Synth 8-155] case statement is not full and has no default [C:/UW-Madison/RA/linien/gateware/build/top.v:11706]
INFO: [Synth 8-6157] synthesizing module 'axi_slave' from library 'work' [C:/UW-Madison/RA/linien/gateware/build/imports/UW-Madison/RA/linien/gateware/verilog/axi_slave.v:52]
	Parameter AXI_DW bound to: 6'b100000 
	Parameter AXI_AW bound to: 6'b100000 
	Parameter AXI_IW bound to: 4'b1100 
INFO: [Synth 8-6155] done synthesizing module 'axi_slave' from library 'work' (0#1) [C:/UW-Madison/RA/linien/gateware/build/imports/UW-Madison/RA/linien/gateware/verilog/axi_slave.v:52]
INFO: [Synth 8-6157] synthesizing module 'system_processing_system7_0_0' from library 'work' [C:/UW-Madison/RA/linien/gateware/build/imports/UW-Madison/RA/linien/gateware/verilog/system_processing_system7_0_0.v:53]
INFO: [Synth 8-6157] synthesizing module 'processing_system7_v5_4_processing_system7' from library 'work' [C:/UW-Madison/RA/linien/gateware/build/imports/UW-Madison/RA/linien/gateware/verilog/processing_system7_v5_4_processing_system7.v:152]
INFO: [Synth 8-6157] synthesizing module 'BUFG' [C:/AMDDesignTools/2025.2/Vivado/scripts/rt/data/unisim_comp.v:2678]
INFO: [Synth 8-6155] done synthesizing module 'BUFG' (0#1) [C:/AMDDesignTools/2025.2/Vivado/scripts/rt/data/unisim_comp.v:2678]
INFO: [Synth 8-6157] synthesizing module 'BIBUF' [C:/AMDDesignTools/2025.2/Vivado/scripts/rt/data/unisim_comp.v:2325]
INFO: [Synth 8-6155] done synthesizing module 'BIBUF' (0#1) [C:/AMDDesignTools/2025.2/Vivado/scripts/rt/data/unisim_comp.v:2325]
INFO: [Synth 8-6157] synthesizing module 'PS7' [C:/AMDDesignTools/2025.2/Vivado/scripts/rt/data/unisim_comp.v:140294]
INFO: [Synth 8-6155] done synthesizing module 'PS7' (0#1) [C:/AMDDesignTools/2025.2/Vivado/scripts/rt/data/unisim_comp.v:140294]
INFO: [Synth 8-6155] done synthesizing module 'processing_system7_v5_4_processing_system7' from library 'work' (0#1) [C:/UW-Madison/RA/linien/gateware/build/imports/UW-Madison/RA/linien/gateware/verilog/processing_system7_v5_4_processing_system7.v:152]
INFO: [Synth 8-7071] port 'M_AXI_GP0_ARESETN' of module 'processing_system7_v5_4_processing_system7' is unconnected for instance 'inst' [C:/UW-Madison/RA/linien/gateware/build/imports/UW-Madison/RA/linien/gateware/verilog/system_processing_system7_0_0.v:365]
INFO: [Synth 8-7071] port 'M_AXI_GP1_ARESETN' of module 'processing_system7_v5_4_processing_system7' is unconnected for instance 'inst' [C:/UW-Madison/RA/linien/gateware/build/imports/UW-Madison/RA/linien/gateware/verilog/system_processing_system7_0_0.v:365]
INFO: [Synth 8-7071] port 'S_AXI_GP0_ARESETN' of module 'processing_system7_v5_4_processing_system7' is unconnected for instance 'inst' [C:/UW-Madison/RA/linien/gateware/build/imports/UW-Madison/RA/linien/gateware/verilog/system_processing_system7_0_0.v:365]
INFO: [Synth 8-7071] port 'S_AXI_GP1_ARESETN' of module 'processing_system7_v5_4_processing_system7' is unconnected for instance 'inst' [C:/UW-Madison/RA/linien/gateware/build/imports/UW-Madison/RA/linien/gateware/verilog/system_processing_system7_0_0.v:365]
INFO: [Synth 8-7071] port 'S_AXI_ACP_ARESETN' of module 'processing_system7_v5_4_processing_system7' is unconnected for instance 'inst' [C:/UW-Madison/RA/linien/gateware/build/imports/UW-Madison/RA/linien/gateware/verilog/system_processing_system7_0_0.v:365]
INFO: [Synth 8-7071] port 'S_AXI_HP0_ARESETN' of module 'processing_system7_v5_4_processing_system7' is unconnected for instance 'inst' [C:/UW-Madison/RA/linien/gateware/build/imports/UW-Madison/RA/linien/gateware/verilog/system_processing_system7_0_0.v:365]
INFO: [Synth 8-7071] port 'S_AXI_HP1_ARESETN' of module 'processing_system7_v5_4_processing_system7' is unconnected for instance 'inst' [C:/UW-Madison/RA/linien/gateware/build/imports/UW-Madison/RA/linien/gateware/verilog/system_processing_system7_0_0.v:365]
INFO: [Synth 8-7071] port 'S_AXI_HP2_ARESETN' of module 'processing_system7_v5_4_processing_system7' is unconnected for instance 'inst' [C:/UW-Madison/RA/linien/gateware/build/imports/UW-Madison/RA/linien/gateware/verilog/system_processing_system7_0_0.v:365]
INFO: [Synth 8-7071] port 'S_AXI_HP3_ARESETN' of module 'processing_system7_v5_4_processing_system7' is unconnected for instance 'inst' [C:/UW-Madison/RA/linien/gateware/build/imports/UW-Madison/RA/linien/gateware/verilog/system_processing_system7_0_0.v:365]
INFO: [Synth 8-7071] port 'DMA0_RSTN' of module 'processing_system7_v5_4_processing_system7' is unconnected for instance 'inst' [C:/UW-Madison/RA/linien/gateware/build/imports/UW-Madison/RA/linien/gateware/verilog/system_processing_system7_0_0.v:365]
INFO: [Synth 8-7071] port 'DMA1_RSTN' of module 'processing_system7_v5_4_processing_system7' is unconnected for instance 'inst' [C:/UW-Madison/RA/linien/gateware/build/imports/UW-Madison/RA/linien/gateware/verilog/system_processing_system7_0_0.v:365]
INFO: [Synth 8-7071] port 'DMA2_RSTN' of module 'processing_system7_v5_4_processing_system7' is unconnected for instance 'inst' [C:/UW-Madison/RA/linien/gateware/build/imports/UW-Madison/RA/linien/gateware/verilog/system_processing_system7_0_0.v:365]
INFO: [Synth 8-7071] port 'DMA3_RSTN' of module 'processing_system7_v5_4_processing_system7' is unconnected for instance 'inst' [C:/UW-Madison/RA/linien/gateware/build/imports/UW-Madison/RA/linien/gateware/verilog/system_processing_system7_0_0.v:365]
INFO: [Synth 8-7023] instance 'inst' of module 'processing_system7_v5_4_processing_system7' has 686 connections declared, but only 673 given [C:/UW-Madison/RA/linien/gateware/build/imports/UW-Madison/RA/linien/gateware/verilog/system_processing_system7_0_0.v:365]
INFO: [Synth 8-6155] done synthesizing module 'system_processing_system7_0_0' from library 'work' (0#1) [C:/UW-Madison/RA/linien/gateware/build/imports/UW-Madison/RA/linien/gateware/verilog/system_processing_system7_0_0.v:53]
WARNING: [Synth 8-7071] port 'SPI0_SCLK_O' of module 'system_processing_system7_0_0' is unconnected for instance 'system_processing_system7_0_0' [C:/UW-Madison/RA/linien/gateware/build/top.v:11782]
WARNING: [Synth 8-7071] port 'SPI0_SCLK_T' of module 'system_processing_system7_0_0' is unconnected for instance 'system_processing_system7_0_0' [C:/UW-Madison/RA/linien/gateware/build/top.v:11782]
WARNING: [Synth 8-7071] port 'SPI0_MOSI_O' of module 'system_processing_system7_0_0' is unconnected for instance 'system_processing_system7_0_0' [C:/UW-Madison/RA/linien/gateware/build/top.v:11782]
WARNING: [Synth 8-7071] port 'SPI0_MOSI_T' of module 'system_processing_system7_0_0' is unconnected for instance 'system_processing_system7_0_0' [C:/UW-Madison/RA/linien/gateware/build/top.v:11782]
WARNING: [Synth 8-7071] port 'SPI0_MISO_O' of module 'system_processing_system7_0_0' is unconnected for instance 'system_processing_system7_0_0' [C:/UW-Madison/RA/linien/gateware/build/top.v:11782]
WARNING: [Synth 8-7071] port 'SPI0_MISO_T' of module 'system_processing_system7_0_0' is unconnected for instance 'system_processing_system7_0_0' [C:/UW-Madison/RA/linien/gateware/build/top.v:11782]
WARNING: [Synth 8-7071] port 'SPI0_SS_O' of module 'system_processing_system7_0_0' is unconnected for instance 'system_processing_system7_0_0' [C:/UW-Madison/RA/linien/gateware/build/top.v:11782]
WARNING: [Synth 8-7071] port 'SPI0_SS1_O' of module 'system_processing_system7_0_0' is unconnected for instance 'system_processing_system7_0_0' [C:/UW-Madison/RA/linien/gateware/build/top.v:11782]
WARNING: [Synth 8-7071] port 'SPI0_SS2_O' of module 'system_processing_system7_0_0' is unconnected for instance 'system_processing_system7_0_0' [C:/UW-Madison/RA/linien/gateware/build/top.v:11782]
WARNING: [Synth 8-7071] port 'SPI0_SS_T' of module 'system_processing_system7_0_0' is unconnected for instance 'system_processing_system7_0_0' [C:/UW-Madison/RA/linien/gateware/build/top.v:11782]
WARNING: [Synth 8-7071] port 'TTC0_WAVE0_OUT' of module 'system_processing_system7_0_0' is unconnected for instance 'system_processing_system7_0_0' [C:/UW-Madison/RA/linien/gateware/build/top.v:11782]
WARNING: [Synth 8-7071] port 'TTC0_WAVE1_OUT' of module 'system_processing_system7_0_0' is unconnected for instance 'system_processing_system7_0_0' [C:/UW-Madison/RA/linien/gateware/build/top.v:11782]
WARNING: [Synth 8-7071] port 'TTC0_WAVE2_OUT' of module 'system_processing_system7_0_0' is unconnected for instance 'system_processing_system7_0_0' [C:/UW-Madison/RA/linien/gateware/build/top.v:11782]
WARNING: [Synth 8-7071] port 'USB0_PORT_INDCTL' of module 'system_processing_system7_0_0' is unconnected for instance 'system_processing_system7_0_0' [C:/UW-Madison/RA/linien/gateware/build/top.v:11782]
WARNING: [Synth 8-7071] port 'USB0_VBUS_PWRSELECT' of module 'system_processing_system7_0_0' is unconnected for instance 'system_processing_system7_0_0' [C:/UW-Madison/RA/linien/gateware/build/top.v:11782]
WARNING: [Synth 8-7023] instance 'system_processing_system7_0_0' of module 'system_processing_system7_0_0' has 88 connections declared, but only 73 given [C:/UW-Madison/RA/linien/gateware/build/top.v:11782]
INFO: [Synth 8-6157] synthesizing module 'IBUFGDS' [C:/AMDDesignTools/2025.2/Vivado/scripts/rt/data/unisim_comp.v:83467]
INFO: [Synth 8-6155] done synthesizing module 'IBUFGDS' (0#1) [C:/AMDDesignTools/2025.2/Vivado/scripts/rt/data/unisim_comp.v:83467]
INFO: [Synth 8-6157] synthesizing module 'PLLE2_BASE' [C:/AMDDesignTools/2025.2/Vivado/scripts/rt/data/unisim_comp.v:133986]
	Parameter BANDWIDTH bound to: OPTIMIZED - type: string 
	Parameter CLKFBOUT_MULT bound to: 8 - type: integer 
	Parameter CLKFBOUT_PHASE bound to: 0.000000e+00 - type: double 
	Parameter CLKIN1_PERIOD bound to: 8.000000e+00 - type: double 
	Parameter CLKOUT0_DIVIDE bound to: 2 - type: integer 
	Parameter CLKOUT0_DUTY_CYCLE bound to: 5.000000e-01 - type: double 
	Parameter CLKOUT0_PHASE bound to: 0.000000e+00 - type: double 
	Parameter CLKOUT1_DIVIDE bound to: 4 - type: integer 
	Parameter CLKOUT1_DUTY_CYCLE bound to: 5.000000e-01 - type: double 
	Parameter CLKOUT1_PHASE bound to: 0.000000e+00 - type: double 
	Parameter CLKOUT2_DIVIDE bound to: 8 - type: integer 
	Parameter CLKOUT2_DUTY_CYCLE bound to: 5.000000e-01 - type: double 
	Parameter CLKOUT2_PHASE bound to: 0.000000e+00 - type: double 
	Parameter CLKOUT3_DIVIDE bound to: 120 - type: integer 
	Parameter CLKOUT3_DUTY_CYCLE bound to: 5.000000e-01 - type: double 
	Parameter CLKOUT3_PHASE bound to: 0.000000e+00 - type: double 
	Parameter CLKOUT4_DIVIDE bound to: 4 - type: integer 
	Parameter CLKOUT4_DUTY_CYCLE bound to: 5.000000e-01 - type: double 
	Parameter CLKOUT4_PHASE bound to: 0.000000e+00 - type: double 
	Parameter CLKOUT5_DIVIDE bound to: 4 - type: integer 
	Parameter CLKOUT5_DUTY_CYCLE bound to: 5.000000e-01 - type: double 
	Parameter CLKOUT5_PHASE bound to: 0.000000e+00 - type: double 
	Parameter DIVCLK_DIVIDE bound to: 1 - type: integer 
	Parameter REF_JITTER1 bound to: 1.000000e-02 - type: double 
	Parameter STARTUP_WAIT bound to: FALSE - type: string 
INFO: [Synth 8-6155] done synthesizing module 'PLLE2_BASE' (0#1) [C:/AMDDesignTools/2025.2/Vivado/scripts/rt/data/unisim_comp.v:133986]
INFO: [Synth 8-6157] synthesizing module 'FD' [C:/AMDDesignTools/2025.2/Vivado/scripts/rt/data/unisim_comp.v:49155]
	Parameter INIT bound to: 1'b1 
INFO: [Synth 8-6155] done synthesizing module 'FD' (0#1) [C:/AMDDesignTools/2025.2/Vivado/scripts/rt/data/unisim_comp.v:49155]
INFO: [Synth 8-6157] synthesizing module 'sequence_top' from library 'work' [C:/UW-Madison/RA/linien/gateware/build/imports/UW-Madison/RA/linien/src/sequence_top.sv:3]
	Parameter MAX_BLOCKS bound to: 16 - type: integer 
	Parameter DATA_WIDTH bound to: 32 - type: integer 
	Parameter V_DATA_WIDTH bound to: 14 - type: integer 
	Parameter NUM_BLOCK_TYPES bound to: 6 - type: integer 
	Parameter FSM_REGFILE_ADDR_WIDTH bound to: 9 - type: integer 
	Parameter AWG_REGFILE_ADDR_WIDTH bound to: 10 - type: integer 
INFO: [Synth 8-6157] synthesizing module 'bram' from library 'work' [C:/UW-Madison/RA/linien/gateware/build/imports/UW-Madison/RA/linien/src/bram.sv:28]
	Parameter ADDR_WIDTH bound to: 9 - type: integer 
	Parameter DATA_WIDTH bound to: 32 - type: integer 
INFO: [Synth 8-6155] done synthesizing module 'bram' from library 'work' (0#1) [C:/UW-Madison/RA/linien/gateware/build/imports/UW-Madison/RA/linien/src/bram.sv:28]
INFO: [Synth 8-6157] synthesizing module 'bram__parameterized0' from library 'work' [C:/UW-Madison/RA/linien/gateware/build/imports/UW-Madison/RA/linien/src/bram.sv:28]
	Parameter ADDR_WIDTH bound to: 10 - type: integer 
	Parameter DATA_WIDTH bound to: 14 - type: integer 
INFO: [Synth 8-6155] done synthesizing module 'bram__parameterized0' from library 'work' (0#1) [C:/UW-Madison/RA/linien/gateware/build/imports/UW-Madison/RA/linien/src/bram.sv:28]
INFO: [Synth 8-6157] synthesizing module 'control' from library 'work' [C:/UW-Madison/RA/linien/gateware/build/imports/UW-Madison/RA/linien/src/control.sv:30]
	Parameter MAX_BLOCKS bound to: 16 - type: integer 
	Parameter DATA_WIDTH bound to: 32 - type: integer 
INFO: [Synth 8-155] case statement is not full and has no default [C:/UW-Madison/RA/linien/gateware/build/imports/UW-Madison/RA/linien/src/control.sv:234]
INFO: [Synth 8-6155] done synthesizing module 'control' from library 'work' (0#1) [C:/UW-Madison/RA/linien/gateware/build/imports/UW-Madison/RA/linien/src/control.sv:30]
INFO: [Synth 8-6157] synthesizing module 'delay' from library 'work' [C:/UW-Madison/RA/linien/gateware/build/imports/UW-Madison/RA/linien/src/delay.sv:2]
	Parameter DATA_WIDTH bound to: 32 - type: integer 
INFO: [Synth 8-6155] done synthesizing module 'delay' from library 'work' (0#1) [C:/UW-Madison/RA/linien/gateware/build/imports/UW-Madison/RA/linien/src/delay.sv:2]
INFO: [Synth 8-6157] synthesizing module 'linear_ramp' from library 'work' [C:/UW-Madison/RA/linien/gateware/build/imports/UW-Madison/RA/linien/src/linear_ramp.sv:2]
	Parameter DATA_WIDTH bound to: 32 - type: integer 
INFO: [Synth 8-155] case statement is not full and has no default [C:/UW-Madison/RA/linien/gateware/build/imports/UW-Madison/RA/linien/src/linear_ramp.sv:27]
INFO: [Synth 8-6155] done synthesizing module 'linear_ramp' from library 'work' (0#1) [C:/UW-Madison/RA/linien/gateware/build/imports/UW-Madison/RA/linien/src/linear_ramp.sv:2]
INFO: [Synth 8-6157] synthesizing module 'direct_jump' from library 'work' [C:/UW-Madison/RA/linien/gateware/build/imports/UW-Madison/RA/linien/src/direct_jump.sv:3]
	Parameter DATA_WIDTH bound to: 32 - type: integer 
INFO: [Synth 8-6155] done synthesizing module 'direct_jump' from library 'work' (0#1) [C:/UW-Madison/RA/linien/gateware/build/imports/UW-Madison/RA/linien/src/direct_jump.sv:3]
INFO: [Synth 8-6157] synthesizing module 'chirp_gen' from library 'work' [C:/UW-Madison/RA/linien/gateware/build/imports/UW-Madison/RA/linien/src/chirp_gen.sv:7]
INFO: [Synth 8-6155] done synthesizing module 'chirp_gen' from library 'work' (0#1) [C:/UW-Madison/RA/linien/gateware/build/imports/UW-Madison/RA/linien/src/chirp_gen.sv:7]
INFO: [Synth 8-6157] synthesizing module 'sinusoid' from library 'work' [C:/UW-Madison/RA/linien/gateware/build/imports/UW-Madison/RA/linien/src/sinusoid.sv:14]
	Parameter DATA_WIDTH bound to: 32 - type: integer 
INFO: [Synth 8-155] case statement is not full and has no default [C:/UW-Madison/RA/linien/gateware/build/imports/UW-Madison/RA/linien/src/sinusoid.sv:54]
INFO: [Synth 8-6157] synthesizing module 'ROM' from library 'work' [C:/UW-Madison/RA/linien/gateware/build/imports/UW-Madison/RA/linien/src/ROM.sv:2]
	Parameter FILE bound to: sin_lut.mem - type: string 
	Parameter DATA_WIDTH bound to: 32'sb00000000000000000000000000001110 
	Parameter ADDR_WIDTH bound to: 32'sb00000000000000000000000000001001 
INFO: [Synth 8-3876] $readmem data file 'sin_lut.mem' is read successfully [C:/UW-Madison/RA/linien/gateware/build/imports/UW-Madison/RA/linien/src/ROM.sv:16]
INFO: [Synth 8-6155] done synthesizing module 'ROM' from library 'work' (0#1) [C:/UW-Madison/RA/linien/gateware/build/imports/UW-Madison/RA/linien/src/ROM.sv:2]
INFO: [Synth 8-6155] done synthesizing module 'sinusoid' from library 'work' (0#1) [C:/UW-Madison/RA/linien/gateware/build/imports/UW-Madison/RA/linien/src/sinusoid.sv:14]
INFO: [Synth 8-6157] synthesizing module 'arb_wave' from library 'work' [C:/UW-Madison/RA/linien/gateware/build/imports/UW-Madison/RA/linien/src/arb_wave.sv:4]
INFO: [Synth 8-155] case statement is not full and has no default [C:/UW-Madison/RA/linien/gateware/build/imports/UW-Madison/RA/linien/src/arb_wave.sv:26]
INFO: [Synth 8-6155] done synthesizing module 'arb_wave' from library 'work' (0#1) [C:/UW-Madison/RA/linien/gateware/build/imports/UW-Madison/RA/linien/src/arb_wave.sv:4]
INFO: [Synth 8-6155] done synthesizing module 'sequence_top' from library 'work' (0#1) [C:/UW-Madison/RA/linien/gateware/build/imports/UW-Madison/RA/linien/src/sequence_top.sv:3]
INFO: [Synth 8-6157] synthesizing module 'ODDR' [C:/AMDDesignTools/2025.2/Vivado/scripts/rt/data/unisim_comp.v:117225]
INFO: [Synth 8-6155] done synthesizing module 'ODDR' (0#1) [C:/AMDDesignTools/2025.2/Vivado/scripts/rt/data/unisim_comp.v:117225]
INFO: [Synth 8-6157] synthesizing module 'XADC' [C:/AMDDesignTools/2025.2/Vivado/scripts/rt/data/unisim_comp.v:171125]
	Parameter INIT_40 bound to: 16'b0000000000000000 
	Parameter INIT_41 bound to: 16'b0010111100001111 
	Parameter INIT_42 bound to: 16'b0000010000000000 
	Parameter INIT_48 bound to: 16'b0000100100000000 
	Parameter INIT_49 bound to: 16'b0000001100000011 
	Parameter INIT_4A bound to: 16'b0100011111100000 
	Parameter INIT_4B bound to: 16'b0000000000000000 
	Parameter INIT_4C bound to: 16'b0000100000000000 
	Parameter INIT_4D bound to: 16'b0000001100000011 
	Parameter INIT_4E bound to: 16'b0000000000000000 
	Parameter INIT_4F bound to: 16'b0000000000000000 
	Parameter INIT_50 bound to: 16'b1011010111101101 
	Parameter INIT_51 bound to: 16'b0101011111100100 
	Parameter INIT_52 bound to: 16'b1010000101000111 
	Parameter INIT_53 bound to: 16'b1100101000110011 
	Parameter INIT_54 bound to: 16'b1010100100111010 
	Parameter INIT_55 bound to: 16'b0101001011000110 
	Parameter INIT_56 bound to: 16'b1001010101010101 
	Parameter INIT_57 bound to: 16'b1010111001001110 
	Parameter INIT_58 bound to: 16'b0101100110011001 
	Parameter INIT_59 bound to: 16'b0101010101010101 
	Parameter INIT_5A bound to: 16'b1001100110011001 
	Parameter INIT_5B bound to: 16'b0110101010101010 
	Parameter INIT_5C bound to: 16'b0101000100010001 
	Parameter INIT_5D bound to: 16'b0101000100010001 
	Parameter INIT_5E bound to: 16'b1001000111101011 
	Parameter INIT_5F bound to: 16'b0110011001100110 
INFO: [Synth 8-6155] done synthesizing module 'XADC' (0#1) [C:/AMDDesignTools/2025.2/Vivado/scripts/rt/data/unisim_comp.v:171125]
WARNING: [Synth 8-689] width (7) of port connection 'CHANNEL' does not match port width (5) of module 'XADC' [C:/UW-Madison/RA/linien/gateware/build/top.v:12186]
WARNING: [Synth 8-7071] port 'JTAGBUSY' of module 'XADC' is unconnected for instance 'XADC' [C:/UW-Madison/RA/linien/gateware/build/top.v:12171]
WARNING: [Synth 8-7071] port 'JTAGLOCKED' of module 'XADC' is unconnected for instance 'XADC' [C:/UW-Madison/RA/linien/gateware/build/top.v:12171]
WARNING: [Synth 8-7071] port 'JTAGMODIFIED' of module 'XADC' is unconnected for instance 'XADC' [C:/UW-Madison/RA/linien/gateware/build/top.v:12171]
WARNING: [Synth 8-7071] port 'MUXADDR' of module 'XADC' is unconnected for instance 'XADC' [C:/UW-Madison/RA/linien/gateware/build/top.v:12171]
WARNING: [Synth 8-7023] instance 'XADC' of module 'XADC' has 24 connections declared, but only 20 given [C:/UW-Madison/RA/linien/gateware/build/top.v:12171]
INFO: [Synth 8-6157] synthesizing module 'DNA_PORT' [C:/AMDDesignTools/2025.2/Vivado/scripts/rt/data/unisim_comp.v:47654]
INFO: [Synth 8-6155] done synthesizing module 'DNA_PORT' (0#1) [C:/AMDDesignTools/2025.2/Vivado/scripts/rt/data/unisim_comp.v:47654]
INFO: [Synth 8-6157] synthesizing module 'red_pitaya_scope' from library 'work' [C:/UW-Madison/RA/linien/gateware/build/imports/UW-Madison/RA/linien/gateware/verilog/red_pitaya_scope.v:54]
WARNING: [Synth 8-693] zero replication count - replication ignored [C:/UW-Madison/RA/linien/gateware/build/imports/UW-Madison/RA/linien/gateware/verilog/red_pitaya_scope.v:606]
INFO: [Synth 8-6157] synthesizing module 'bus_clk_bridge' from library 'work' [C:/UW-Madison/RA/linien/gateware/build/imports/UW-Madison/RA/linien/gateware/verilog/bus_clk_bridge.v:38]
INFO: [Synth 8-6155] done synthesizing module 'bus_clk_bridge' from library 'work' (0#1) [C:/UW-Madison/RA/linien/gateware/build/imports/UW-Madison/RA/linien/gateware/verilog/bus_clk_bridge.v:38]
INFO: [Synth 8-6155] done synthesizing module 'red_pitaya_scope' from library 'work' (0#1) [C:/UW-Madison/RA/linien/gateware/build/imports/UW-Madison/RA/linien/gateware/verilog/red_pitaya_scope.v:54]
WARNING: [Synth 8-689] width (25) of port connection 'adc_a_i' does not match port width (14) of module 'red_pitaya_scope' [C:/UW-Madison/RA/linien/gateware/build/top.v:12251]
WARNING: [Synth 8-689] width (25) of port connection 'adc_a_q_i' does not match port width (14) of module 'red_pitaya_scope' [C:/UW-Madison/RA/linien/gateware/build/top.v:12252]
WARNING: [Synth 8-689] width (25) of port connection 'adc_b_i' does not match port width (14) of module 'red_pitaya_scope' [C:/UW-Madison/RA/linien/gateware/build/top.v:12253]
WARNING: [Synth 8-689] width (25) of port connection 'adc_b_q_i' does not match port width (14) of module 'red_pitaya_scope' [C:/UW-Madison/RA/linien/gateware/build/top.v:12254]
INFO: [Synth 8-6157] synthesizing module 'temp_pwm' from library 'work' [C:/UW-Madison/RA/linien/gateware/build/imports/UW-Madison/RA/linien/src/temp_pwm.sv:15]
INFO: [Synth 8-6155] done synthesizing module 'temp_pwm' from library 'work' (0#1) [C:/UW-Madison/RA/linien/gateware/build/imports/UW-Madison/RA/linien/src/temp_pwm.sv:15]
INFO: [Synth 8-6157] synthesizing module 'temp_sampler' from library 'work' [C:/UW-Madison/RA/linien/gateware/build/imports/UW-Madison/RA/linien/src/temp_sampler.sv:33]
	Parameter DELAY_CLKS bound to: 250000 - type: integer 
	Parameter WINDOW_LOG2 bound to: 16 - type: integer 
	Parameter FRAC_BITS bound to: 4 - type: integer 
INFO: [Synth 8-226] default block is never used [C:/UW-Madison/RA/linien/gateware/build/imports/UW-Madison/RA/linien/src/temp_sampler.sv:72]
INFO: [Synth 8-6155] done synthesizing module 'temp_sampler' from library 'work' (0#1) [C:/UW-Madison/RA/linien/gateware/build/imports/UW-Madison/RA/linien/src/temp_sampler.sv:33]
INFO: [Synth 8-6155] done synthesizing module 'top' from library 'work' (0#1) [C:/UW-Madison/RA/linien/gateware/build/top.v:2]
WARNING: [Synth 8-6014] Unused sequential element wr_wid_reg was removed.  [C:/UW-Madison/RA/linien/gateware/build/imports/UW-Madison/RA/linien/gateware/verilog/axi_slave.v:177]
WARNING: [Synth 8-6014] Unused sequential element axi_rvalid_o_reg was removed.  [C:/UW-Madison/RA/linien/gateware/build/imports/UW-Madison/RA/linien/gateware/verilog/axi_slave.v:202]
WARNING: [Synth 8-3848] Net ENET0_GMII_TX_EN in module/entity processing_system7_v5_4_processing_system7 does not have driver. [C:/UW-Madison/RA/linien/gateware/build/imports/UW-Madison/RA/linien/gateware/verilog/processing_system7_v5_4_processing_system7.v:212]
WARNING: [Synth 8-3848] Net ENET0_GMII_TX_ER in module/entity processing_system7_v5_4_processing_system7 does not have driver. [C:/UW-Madison/RA/linien/gateware/build/imports/UW-Madison/RA/linien/gateware/verilog/processing_system7_v5_4_processing_system7.v:213]
WARNING: [Synth 8-3848] Net ENET0_GMII_TXD in module/entity processing_system7_v5_4_processing_system7 does not have driver. [C:/UW-Madison/RA/linien/gateware/build/imports/UW-Madison/RA/linien/gateware/verilog/processing_system7_v5_4_processing_system7.v:229]
WARNING: [Synth 8-3848] Net ENET1_GMII_TX_EN in module/entity processing_system7_v5_4_processing_system7 does not have driver. [C:/UW-Madison/RA/linien/gateware/build/imports/UW-Madison/RA/linien/gateware/verilog/processing_system7_v5_4_processing_system7.v:243]
WARNING: [Synth 8-3848] Net ENET1_GMII_TX_ER in module/entity processing_system7_v5_4_processing_system7 does not have driver. [C:/UW-Madison/RA/linien/gateware/build/imports/UW-Madison/RA/linien/gateware/verilog/processing_system7_v5_4_processing_system7.v:244]
WARNING: [Synth 8-3848] Net ENET1_GMII_TXD in module/entity processing_system7_v5_4_processing_system7 does not have driver. [C:/UW-Madison/RA/linien/gateware/build/imports/UW-Madison/RA/linien/gateware/verilog/processing_system7_v5_4_processing_system7.v:258]
WARNING: [Synth 8-3848] Net TRACE_CTL_PIPE[0] in module/entity processing_system7_v5_4_processing_system7 does not have driver. [C:/UW-Madison/RA/linien/gateware/build/imports/UW-Madison/RA/linien/gateware/verilog/processing_system7_v5_4_processing_system7.v:1300]
WARNING: [Synth 8-3848] Net TRACE_DATA_PIPE[0] in module/entity processing_system7_v5_4_processing_system7 does not have driver. [C:/UW-Madison/RA/linien/gateware/build/imports/UW-Madison/RA/linien/gateware/verilog/processing_system7_v5_4_processing_system7.v:1301]
WARNING: [Synth 8-3848] Net TRACE_CLK_OUT in module/entity processing_system7_v5_4_processing_system7 does not have driver. [C:/UW-Madison/RA/linien/gateware/build/imports/UW-Madison/RA/linien/gateware/verilog/processing_system7_v5_4_processing_system7.v:405]
WARNING: [Synth 8-3848] Net ENET0_GMII_COL_i in module/entity processing_system7_v5_4_processing_system7 does not have driver. [C:/UW-Madison/RA/linien/gateware/build/imports/UW-Madison/RA/linien/gateware/verilog/processing_system7_v5_4_processing_system7.v:1048]
WARNING: [Synth 8-3848] Net ENET0_GMII_CRS_i in module/entity processing_system7_v5_4_processing_system7 does not have driver. [C:/UW-Madison/RA/linien/gateware/build/imports/UW-Madison/RA/linien/gateware/verilog/processing_system7_v5_4_processing_system7.v:1049]
WARNING: [Synth 8-3848] Net ENET0_GMII_RXD_i in module/entity processing_system7_v5_4_processing_system7 does not have driver. [C:/UW-Madison/RA/linien/gateware/build/imports/UW-Madison/RA/linien/gateware/verilog/processing_system7_v5_4_processing_system7.v:1052]
WARNING: [Synth 8-3848] Net ENET0_GMII_RX_DV_i in module/entity processing_system7_v5_4_processing_system7 does not have driver. [C:/UW-Madison/RA/linien/gateware/build/imports/UW-Madison/RA/linien/gateware/verilog/processing_system7_v5_4_processing_system7.v:1050]
WARNING: [Synth 8-3848] Net ENET0_GMII_RX_ER_i in module/entity processing_system7_v5_4_processing_system7 does not have driver. [C:/UW-Madison/RA/linien/gateware/build/imports/UW-Madison/RA/linien/gateware/verilog/processing_system7_v5_4_processing_system7.v:1051]
WARNING: [Synth 8-3848] Net ENET1_GMII_COL_i in module/entity processing_system7_v5_4_processing_system7 does not have driver. [C:/UW-Madison/RA/linien/gateware/build/imports/UW-Madison/RA/linien/gateware/verilog/processing_system7_v5_4_processing_system7.v:1057]
WARNING: [Synth 8-3848] Net ENET1_GMII_CRS_i in module/entity processing_system7_v5_4_processing_system7 does not have driver. [C:/UW-Madison/RA/linien/gateware/build/imports/UW-Madison/RA/linien/gateware/verilog/processing_system7_v5_4_processing_system7.v:1058]
WARNING: [Synth 8-3848] Net ENET1_GMII_RXD_i in module/entity processing_system7_v5_4_processing_system7 does not have driver. [C:/UW-Madison/RA/linien/gateware/build/imports/UW-Madison/RA/linien/gateware/verilog/processing_system7_v5_4_processing_system7.v:1061]
WARNING: [Synth 8-3848] Net ENET1_GMII_RX_DV_i in module/entity processing_system7_v5_4_processing_system7 does not have driver. [C:/UW-Madison/RA/linien/gateware/build/imports/UW-Madison/RA/linien/gateware/verilog/processing_system7_v5_4_processing_system7.v:1059]
WARNING: [Synth 8-3848] Net ENET1_GMII_RX_ER_i in module/entity processing_system7_v5_4_processing_system7 does not have driver. [C:/UW-Madison/RA/linien/gateware/build/imports/UW-Madison/RA/linien/gateware/verilog/processing_system7_v5_4_processing_system7.v:1060]
WARNING: [Synth 8-3848] Net FTMD_TRACEIN_ATID_i in module/entity processing_system7_v5_4_processing_system7 does not have driver. [C:/UW-Madison/RA/linien/gateware/build/imports/UW-Madison/RA/linien/gateware/verilog/processing_system7_v5_4_processing_system7.v:1070]
WARNING: [Synth 8-3848] Net FTMD_TRACEIN_DATA_i in module/entity processing_system7_v5_4_processing_system7 does not have driver. [C:/UW-Madison/RA/linien/gateware/build/imports/UW-Madison/RA/linien/gateware/verilog/processing_system7_v5_4_processing_system7.v:1068]
WARNING: [Synth 8-3848] Net FTMD_TRACEIN_VALID_i in module/entity processing_system7_v5_4_processing_system7 does not have driver. [C:/UW-Madison/RA/linien/gateware/build/imports/UW-Madison/RA/linien/gateware/verilog/processing_system7_v5_4_processing_system7.v:1069]
WARNING: [Synth 8-6014] Unused sequential element b_reg was removed.  [C:/UW-Madison/RA/linien/gateware/build/imports/UW-Madison/RA/linien/src/chirp_gen.sv:28]
WARNING: [Synth 8-6014] Unused sequential element active_ff_reg was removed.  [C:/UW-Madison/RA/linien/gateware/build/imports/UW-Madison/RA/linien/src/sinusoid.sv:105]
WARNING: [Synth 8-3848] Net block_drive[4] in module/entity sequence_top does not have driver. [C:/UW-Madison/RA/linien/gateware/build/imports/UW-Madison/RA/linien/src/sequence_top.sv:74]
WARNING: [Synth 8-6014] Unused sequential element adc_b_raddr_reg was removed.  [C:/UW-Madison/RA/linien/gateware/build/imports/UW-Madison/RA/linien/gateware/verilog/red_pitaya_scope.v:321]
WARNING: [Synth 8-6014] Unused sequential element adc_a_q_raddr_reg was removed.  [C:/UW-Madison/RA/linien/gateware/build/imports/UW-Madison/RA/linien/gateware/verilog/red_pitaya_scope.v:322]
WARNING: [Synth 8-6014] Unused sequential element adc_b_q_raddr_reg was removed.  [C:/UW-Madison/RA/linien/gateware/build/imports/UW-Madison/RA/linien/gateware/verilog/red_pitaya_scope.v:323]
WARNING: [Synth 8-6014] Unused sequential element linienmodule_slowchain_limitcsr_error_reg was removed.  [C:/UW-Madison/RA/linien/gateware/build/top.v:7136]
WARNING: [Synth 8-6014] Unused sequential element linienmodule_mod_cordic_y15_reg was removed.  [C:/UW-Madison/RA/linien/gateware/build/top.v:3561]
WARNING: [Synth 8-6014] Unused sequential element linienmodule_mod_cordic_z15_reg was removed.  [C:/UW-Madison/RA/linien/gateware/build/top.v:3562]
WARNING: [Synth 8-6014] Unused sequential element linienmodule_limit_error_signal_limitcsr_error_reg was removed.  [C:/UW-Madison/RA/linien/gateware/build/top.v:7254]
WARNING: [Synth 8-6014] Unused sequential element linienmodule_limit_fast1_limitcsr_error_reg was removed.  [C:/UW-Madison/RA/linien/gateware/build/top.v:7258]
WARNING: [Synth 8-6014] Unused sequential element linienmodule_limit_fast2_limitcsr_error_reg was removed.  [C:/UW-Madison/RA/linien/gateware/build/top.v:7262]
WARNING: [Synth 8-6014] Unused sequential element linienmodule_raw_acquisition_iir_error_reg was removed.  [C:/UW-Madison/RA/linien/gateware/build/top.v:7326]
WARNING: [Synth 8-6014] Unused sequential element linienmodule_fast_a_z15_reg was removed.  [C:/UW-Madison/RA/linien/gateware/build/top.v:3985]
WARNING: [Synth 8-6014] Unused sequential element linienmodule_fast_a_limitcsr0_limitcsr0_error0_reg was removed.  [C:/UW-Madison/RA/linien/gateware/build/top.v:7460]
WARNING: [Synth 8-6014] Unused sequential element linienmodule_fast_a_iir0_error0_reg was removed.  [C:/UW-Madison/RA/linien/gateware/build/top.v:7465]
WARNING: [Synth 8-6014] Unused sequential element linienmodule_fast_a_iir0_error1_reg was removed.  [C:/UW-Madison/RA/linien/gateware/build/top.v:7483]
WARNING: [Synth 8-6014] Unused sequential element linienmodule_fast_a_limitcsr0_limitcsr0_error1_reg was removed.  [C:/UW-Madison/RA/linien/gateware/build/top.v:7500]
WARNING: [Synth 8-6014] Unused sequential element linienmodule_fast_a_limitcsr1_limitcsr1_error0_reg was removed.  [C:/UW-Madison/RA/linien/gateware/build/top.v:7504]
WARNING: [Synth 8-6014] Unused sequential element linienmodule_fast_a_iir1_error0_reg was removed.  [C:/UW-Madison/RA/linien/gateware/build/top.v:7509]
WARNING: [Synth 8-6014] Unused sequential element linienmodule_fast_a_iir1_error1_reg was removed.  [C:/UW-Madison/RA/linien/gateware/build/top.v:7527]
WARNING: [Synth 8-6014] Unused sequential element linienmodule_fast_a_limitcsr1_limitcsr1_error1_reg was removed.  [C:/UW-Madison/RA/linien/gateware/build/top.v:7544]
WARNING: [Synth 8-6014] Unused sequential element linienmodule_fast_b_z15_reg was removed.  [C:/UW-Madison/RA/linien/gateware/build/top.v:4234]
WARNING: [Synth 8-6014] Unused sequential element linienmodule_fast_b_limitcsr0_limitcsr0_error0_reg was removed.  [C:/UW-Madison/RA/linien/gateware/build/top.v:7614]
WARNING: [Synth 8-6014] Unused sequential element linienmodule_fast_b_iir0_error0_reg was removed.  [C:/UW-Madison/RA/linien/gateware/build/top.v:7619]
WARNING: [Synth 8-6014] Unused sequential element linienmodule_fast_b_iir0_error1_reg was removed.  [C:/UW-Madison/RA/linien/gateware/build/top.v:7637]
WARNING: [Synth 8-6014] Unused sequential element linienmodule_fast_b_limitcsr0_limitcsr0_error1_reg was removed.  [C:/UW-Madison/RA/linien/gateware/build/top.v:7654]
WARNING: [Synth 8-6014] Unused sequential element linienmodule_fast_b_limitcsr1_limitcsr1_error0_reg was removed.  [C:/UW-Madison/RA/linien/gateware/build/top.v:7658]
WARNING: [Synth 8-6014] Unused sequential element linienmodule_fast_b_iir1_error0_reg was removed.  [C:/UW-Madison/RA/linien/gateware/build/top.v:7663]
WARNING: [Synth 8-6014] Unused sequential element linienmodule_fast_b_iir1_error1_reg was removed.  [C:/UW-Madison/RA/linien/gateware/build/top.v:7681]
WARNING: [Synth 8-6014] Unused sequential element linienmodule_fast_b_limitcsr1_limitcsr1_error1_reg was removed.  [C:/UW-Madison/RA/linien/gateware/build/top.v:7698]
WARNING: [Synth 8-6014] Unused sequential element linienmodule_fast_a_y_tap_re_reg was removed.  [C:/UW-Madison/RA/linien/gateware/build/top.v:8201]
WARNING: [Synth 8-6014] Unused sequential element linienmodule_fast_a_invert_re_reg was removed.  [C:/UW-Madison/RA/linien/gateware/build/top.v:8205]
WARNING: [Synth 8-6014] Unused sequential element linienmodule_fast_a_delay_re_reg was removed.  [C:/UW-Madison/RA/linien/gateware/build/top.v:8218]
WARNING: [Synth 8-6014] Unused sequential element linienmodule_fast_a_multiplier_re_reg was removed.  [C:/UW-Madison/RA/linien/gateware/build/top.v:8222]
WARNING: [Synth 8-6014] Unused sequential element linienmodule_fast_a_limitcsr0_min_re0_reg was removed.  [C:/UW-Madison/RA/linien/gateware/build/top.v:8235]
WARNING: [Synth 8-6014] Unused sequential element linienmodule_fast_a_limitcsr0_max_re0_reg was removed.  [C:/UW-Madison/RA/linien/gateware/build/top.v:8248]
WARNING: [Synth 8-6014] Unused sequential element linienmodule_fast_a_iir0_re0_reg was removed.  [C:/UW-Madison/RA/linien/gateware/build/top.v:8261]
WARNING: [Synth 8-6014] Unused sequential element linienmodule_fast_a_iir0_csrstorage0_re0_reg was removed.  [C:/UW-Madison/RA/linien/gateware/build/top.v:8274]
WARNING: [Synth 8-6014] Unused sequential element linienmodule_fast_a_iir0_csrstorage1_re0_reg was removed.  [C:/UW-Madison/RA/linien/gateware/build/top.v:8287]
WARNING: [Synth 8-6014] Unused sequential element linienmodule_fast_a_iir0_csrstorage2_re0_reg was removed.  [C:/UW-Madison/RA/linien/gateware/build/top.v:8300]
WARNING: [Synth 8-6014] Unused sequential element linienmodule_fast_a_iir0_re1_reg was removed.  [C:/UW-Madison/RA/linien/gateware/build/top.v:8313]
WARNING: [Synth 8-6014] Unused sequential element linienmodule_fast_a_iir0_csrstorage0_re1_reg was removed.  [C:/UW-Madison/RA/linien/gateware/build/top.v:8326]
WARNING: [Synth 8-6014] Unused sequential element linienmodule_fast_a_iir0_csrstorage1_re1_reg was removed.  [C:/UW-Madison/RA/linien/gateware/build/top.v:8339]
WARNING: [Synth 8-6014] Unused sequential element linienmodule_fast_a_iir0_csrstorage2_re1_reg was removed.  [C:/UW-Madison/RA/linien/gateware/build/top.v:8352]
WARNING: [Synth 8-6014] Unused sequential element linienmodule_fast_a_iir0_csrstorage3_re_reg was removed.  [C:/UW-Madison/RA/linien/gateware/build/top.v:8365]
WARNING: [Synth 8-6014] Unused sequential element linienmodule_fast_a_iir0_csrstorage4_re_reg was removed.  [C:/UW-Madison/RA/linien/gateware/build/top.v:8378]
WARNING: [Synth 8-6014] Unused sequential element linienmodule_fast_a_limitcsr0_min_re1_reg was removed.  [C:/UW-Madison/RA/linien/gateware/build/top.v:8391]
WARNING: [Synth 8-6014] Unused sequential element linienmodule_fast_a_limitcsr0_max_re1_reg was removed.  [C:/UW-Madison/RA/linien/gateware/build/top.v:8404]
WARNING: [Synth 8-6014] Unused sequential element linienmodule_fast_a_limitcsr1_min_re0_reg was removed.  [C:/UW-Madison/RA/linien/gateware/build/top.v:8417]
WARNING: [Synth 8-6014] Unused sequential element linienmodule_fast_a_limitcsr1_max_re0_reg was removed.  [C:/UW-Madison/RA/linien/gateware/build/top.v:8430]
WARNING: [Synth 8-6014] Unused sequential element linienmodule_fast_a_iir1_re0_reg was removed.  [C:/UW-Madison/RA/linien/gateware/build/top.v:8443]
WARNING: [Synth 8-6014] Unused sequential element linienmodule_fast_a_iir1_csrstorage3_re_reg was removed.  [C:/UW-Madison/RA/linien/gateware/build/top.v:8456]
WARNING: [Synth 8-6014] Unused sequential element linienmodule_fast_a_iir1_csrstorage4_re_reg was removed.  [C:/UW-Madison/RA/linien/gateware/build/top.v:8469]
WARNING: [Synth 8-6014] Unused sequential element linienmodule_fast_a_iir1_csrstorage5_re0_reg was removed.  [C:/UW-Madison/RA/linien/gateware/build/top.v:8482]
WARNING: [Synth 8-6014] Unused sequential element linienmodule_fast_a_iir1_re1_reg was removed.  [C:/UW-Madison/RA/linien/gateware/build/top.v:8495]
WARNING: [Synth 8-6014] Unused sequential element linienmodule_fast_a_iir1_csrstorage5_re1_reg was removed.  [C:/UW-Madison/RA/linien/gateware/build/top.v:8508]
WARNING: [Synth 8-6014] Unused sequential element linienmodule_fast_a_iir1_csrstorage6_re_reg was removed.  [C:/UW-Madison/RA/linien/gateware/build/top.v:8521]
WARNING: [Synth 8-6014] Unused sequential element linienmodule_fast_a_iir1_csrstorage7_re_reg was removed.  [C:/UW-Madison/RA/linien/gateware/build/top.v:8534]
WARNING: [Synth 8-6014] Unused sequential element linienmodule_fast_a_iir1_csrstorage8_re_reg was removed.  [C:/UW-Madison/RA/linien/gateware/build/top.v:8547]
WARNING: [Synth 8-6014] Unused sequential element linienmodule_fast_a_iir1_csrstorage9_re_reg was removed.  [C:/UW-Madison/RA/linien/gateware/build/top.v:8560]
WARNING: [Synth 8-6014] Unused sequential element linienmodule_fast_a_limitcsr1_min_re1_reg was removed.  [C:/UW-Madison/RA/linien/gateware/build/top.v:8573]
WARNING: [Synth 8-6014] Unused sequential element linienmodule_fast_a_limitcsr1_max_re1_reg was removed.  [C:/UW-Madison/RA/linien/gateware/build/top.v:8586]
WARNING: [Synth 8-6014] Unused sequential element linienmodule_csrstorage8_re_reg was removed.  [C:/UW-Madison/RA/linien/gateware/build/top.v:8590]
WARNING: [Synth 8-6014] Unused sequential element linienmodule_csrstorage9_re_reg was removed.  [C:/UW-Madison/RA/linien/gateware/build/top.v:8594]
WARNING: [Synth 8-6014] Unused sequential element linienmodule_fast_b_y_tap_re_reg was removed.  [C:/UW-Madison/RA/linien/gateware/build/top.v:9047]
WARNING: [Synth 8-6014] Unused sequential element linienmodule_fast_b_invert_re_reg was removed.  [C:/UW-Madison/RA/linien/gateware/build/top.v:9051]
WARNING: [Synth 8-6014] Unused sequential element linienmodule_fast_b_delay_re_reg was removed.  [C:/UW-Madison/RA/linien/gateware/build/top.v:9064]
WARNING: [Synth 8-6014] Unused sequential element linienmodule_fast_b_multiplier_re_reg was removed.  [C:/UW-Madison/RA/linien/gateware/build/top.v:9068]
WARNING: [Synth 8-6014] Unused sequential element linienmodule_fast_b_limitcsr0_min_re0_reg was removed.  [C:/UW-Madison/RA/linien/gateware/build/top.v:9081]
WARNING: [Synth 8-6014] Unused sequential element linienmodule_fast_b_limitcsr0_max_re0_reg was removed.  [C:/UW-Madison/RA/linien/gateware/build/top.v:9094]
WARNING: [Synth 8-6014] Unused sequential element linienmodule_fast_b_iir0_re0_reg was removed.  [C:/UW-Madison/RA/linien/gateware/build/top.v:9107]
WARNING: [Synth 8-6014] Unused sequential element linienmodule_fast_b_iir0_csrstorage0_re0_reg was removed.  [C:/UW-Madison/RA/linien/gateware/build/top.v:9120]
WARNING: [Synth 8-6014] Unused sequential element linienmodule_fast_b_iir0_csrstorage1_re0_reg was removed.  [C:/UW-Madison/RA/linien/gateware/build/top.v:9133]
WARNING: [Synth 8-6014] Unused sequential element linienmodule_fast_b_iir0_csrstorage2_re0_reg was removed.  [C:/UW-Madison/RA/linien/gateware/build/top.v:9146]
WARNING: [Synth 8-6014] Unused sequential element linienmodule_fast_b_iir0_re1_reg was removed.  [C:/UW-Madison/RA/linien/gateware/build/top.v:9159]
WARNING: [Synth 8-6014] Unused sequential element linienmodule_fast_b_iir0_csrstorage0_re1_reg was removed.  [C:/UW-Madison/RA/linien/gateware/build/top.v:9172]
WARNING: [Synth 8-6014] Unused sequential element linienmodule_fast_b_iir0_csrstorage1_re1_reg was removed.  [C:/UW-Madison/RA/linien/gateware/build/top.v:9185]
WARNING: [Synth 8-6014] Unused sequential element linienmodule_fast_b_iir0_csrstorage2_re1_reg was removed.  [C:/UW-Madison/RA/linien/gateware/build/top.v:9198]
WARNING: [Synth 8-6014] Unused sequential element linienmodule_fast_b_iir0_csrstorage3_re_reg was removed.  [C:/UW-Madison/RA/linien/gateware/build/top.v:9211]
WARNING: [Synth 8-6014] Unused sequential element linienmodule_fast_b_iir0_csrstorage4_re_reg was removed.  [C:/UW-Madison/RA/linien/gateware/build/top.v:9224]
WARNING: [Synth 8-6014] Unused sequential element linienmodule_fast_b_limitcsr0_min_re1_reg was removed.  [C:/UW-Madison/RA/linien/gateware/build/top.v:9237]
WARNING: [Synth 8-6014] Unused sequential element linienmodule_fast_b_limitcsr0_max_re1_reg was removed.  [C:/UW-Madison/RA/linien/gateware/build/top.v:9250]
WARNING: [Synth 8-6014] Unused sequential element linienmodule_fast_b_limitcsr1_min_re0_reg was removed.  [C:/UW-Madison/RA/linien/gateware/build/top.v:9263]
WARNING: [Synth 8-6014] Unused sequential element linienmodule_fast_b_limitcsr1_max_re0_reg was removed.  [C:/UW-Madison/RA/linien/gateware/build/top.v:9276]
WARNING: [Synth 8-6014] Unused sequential element linienmodule_fast_b_iir1_re0_reg was removed.  [C:/UW-Madison/RA/linien/gateware/build/top.v:9289]
WARNING: [Synth 8-6014] Unused sequential element linienmodule_fast_b_iir1_csrstorage3_re_reg was removed.  [C:/UW-Madison/RA/linien/gateware/build/top.v:9302]
WARNING: [Synth 8-6014] Unused sequential element linienmodule_fast_b_iir1_csrstorage4_re_reg was removed.  [C:/UW-Madison/RA/linien/gateware/build/top.v:9315]
WARNING: [Synth 8-6014] Unused sequential element linienmodule_fast_b_iir1_csrstorage5_re0_reg was removed.  [C:/UW-Madison/RA/linien/gateware/build/top.v:9328]
WARNING: [Synth 8-6014] Unused sequential element linienmodule_fast_b_iir1_re1_reg was removed.  [C:/UW-Madison/RA/linien/gateware/build/top.v:9341]
WARNING: [Synth 8-6014] Unused sequential element linienmodule_fast_b_iir1_csrstorage5_re1_reg was removed.  [C:/UW-Madison/RA/linien/gateware/build/top.v:9354]
WARNING: [Synth 8-6014] Unused sequential element linienmodule_fast_b_iir1_csrstorage6_re_reg was removed.  [C:/UW-Madison/RA/linien/gateware/build/top.v:9367]
WARNING: [Synth 8-6014] Unused sequential element linienmodule_fast_b_iir1_csrstorage7_re_reg was removed.  [C:/UW-Madison/RA/linien/gateware/build/top.v:9380]
WARNING: [Synth 8-6014] Unused sequential element linienmodule_fast_b_iir1_csrstorage8_re_reg was removed.  [C:/UW-Madison/RA/linien/gateware/build/top.v:9393]
WARNING: [Synth 8-6014] Unused sequential element linienmodule_fast_b_iir1_csrstorage9_re_reg was removed.  [C:/UW-Madison/RA/linien/gateware/build/top.v:9406]
WARNING: [Synth 8-6014] Unused sequential element linienmodule_fast_b_limitcsr1_min_re1_reg was removed.  [C:/UW-Madison/RA/linien/gateware/build/top.v:9419]
WARNING: [Synth 8-6014] Unused sequential element linienmodule_fast_b_limitcsr1_max_re1_reg was removed.  [C:/UW-Madison/RA/linien/gateware/build/top.v:9432]
WARNING: [Synth 8-6014] Unused sequential element linienmodule_csrstorage10_re_reg was removed.  [C:/UW-Madison/RA/linien/gateware/build/top.v:9436]
WARNING: [Synth 8-6014] Unused sequential element linienmodule_csrstorage11_re_reg was removed.  [C:/UW-Madison/RA/linien/gateware/build/top.v:9440]
INFO: [Common 17-14] Message 'Synth 8-6014' appears 100 times and further instances of the messages will be disabled. Use the Tcl command set_msg_config to change the current settings.
WARNING: [Synth 8-3917] design top has port adc_clk[1] driven by constant 1
WARNING: [Synth 8-3917] design top has port adc_clk[0] driven by constant 0
WARNING: [Synth 8-3917] design top has port adc_cdcs driven by constant 1
WARNING: [Synth 8-7129] Port sys_sel_i[3] in module bus_clk_bridge is either unconnected or has no load
WARNING: [Synth 8-7129] Port sys_sel_i[2] in module bus_clk_bridge is either unconnected or has no load
WARNING: [Synth 8-7129] Port sys_sel_i[1] in module bus_clk_bridge is either unconnected or has no load
WARNING: [Synth 8-7129] Port sys_sel_i[0] in module bus_clk_bridge is either unconnected or has no load
WARNING: [Synth 8-7129] Port i_param_data[31] in module direct_jump is either unconnected or has no load
WARNING: [Synth 8-7129] Port i_param_data[30] in module direct_jump is either unconnected or has no load
WARNING: [Synth 8-7129] Port i_param_data[29] in module direct_jump is either unconnected or has no load
WARNING: [Synth 8-7129] Port i_param_data[28] in module direct_jump is either unconnected or has no load
WARNING: [Synth 8-7129] Port i_param_data[27] in module direct_jump is either unconnected or has no load
WARNING: [Synth 8-7129] Port i_param_data[26] in module direct_jump is either unconnected or has no load
WARNING: [Synth 8-7129] Port i_param_data[25] in module direct_jump is either unconnected or has no load
WARNING: [Synth 8-7129] Port i_param_data[24] in module direct_jump is either unconnected or has no load
WARNING: [Synth 8-7129] Port i_param_data[23] in module direct_jump is either unconnected or has no load
WARNING: [Synth 8-7129] Port i_param_data[22] in module direct_jump is either unconnected or has no load
WARNING: [Synth 8-7129] Port i_param_data[21] in module direct_jump is either unconnected or has no load
WARNING: [Synth 8-7129] Port i_param_data[20] in module direct_jump is either unconnected or has no load
WARNING: [Synth 8-7129] Port i_param_data[19] in module direct_jump is either unconnected or has no load
WARNING: [Synth 8-7129] Port i_param_data[18] in module direct_jump is either unconnected or has no load
WARNING: [Synth 8-7129] Port i_param_data[17] in module direct_jump is either unconnected or has no load
WARNING: [Synth 8-7129] Port i_param_data[16] in module direct_jump is either unconnected or has no load
WARNING: [Synth 8-7129] Port i_param_data[15] in module direct_jump is either unconnected or has no load
WARNING: [Synth 8-7129] Port i_param_data[14] in module direct_jump is either unconnected or has no load
WARNING: [Synth 8-7129] Port i_param_data[31] in module delay is either unconnected or has no load
WARNING: [Synth 8-7129] Port i_param_data[30] in module delay is either unconnected or has no load
WARNING: [Synth 8-7129] Port i_param_data[29] in module delay is either unconnected or has no load
WARNING: [Synth 8-7129] Port i_param_data[28] in module delay is either unconnected or has no load
WARNING: [Synth 8-7129] Port i_param_data[27] in module delay is either unconnected or has no load
WARNING: [Synth 8-7129] Port i_param_data[26] in module delay is either unconnected or has no load
WARNING: [Synth 8-7129] Port i_param_data[25] in module delay is either unconnected or has no load
WARNING: [Synth 8-7129] Port i_param_data[24] in module delay is either unconnected or has no load
WARNING: [Synth 8-7129] Port i_param_data[23] in module delay is either unconnected or has no load
WARNING: [Synth 8-7129] Port i_param_data[22] in module delay is either unconnected or has no load
WARNING: [Synth 8-7129] Port i_param_data[21] in module delay is either unconnected or has no load
WARNING: [Synth 8-7129] Port i_param_data[20] in module delay is either unconnected or has no load
WARNING: [Synth 8-7129] Port i_param_data[19] in module delay is either unconnected or has no load
WARNING: [Synth 8-7129] Port i_param_data[18] in module delay is either unconnected or has no load
WARNING: [Synth 8-7129] Port i_param_data[17] in module delay is either unconnected or has no load
WARNING: [Synth 8-7129] Port i_param_data[16] in module delay is either unconnected or has no load
WARNING: [Synth 8-7129] Port i_param_data[15] in module delay is either unconnected or has no load
WARNING: [Synth 8-7129] Port i_param_data[14] in module delay is either unconnected or has no load
WARNING: [Synth 8-7129] Port ENET0_GMII_TX_EN in module processing_system7_v5_4_processing_system7 is either unconnected or has no load
WARNING: [Synth 8-7129] Port ENET0_GMII_TX_ER in module processing_system7_v5_4_processing_system7 is either unconnected or has no load
WARNING: [Synth 8-7129] Port ENET0_GMII_TXD[7] in module processing_system7_v5_4_processing_system7 is either unconnected or has no load
WARNING: [Synth 8-7129] Port ENET0_GMII_TXD[6] in module processing_system7_v5_4_processing_system7 is either unconnected or has no load
WARNING: [Synth 8-7129] Port ENET0_GMII_TXD[5] in module processing_system7_v5_4_processing_system7 is either unconnected or has no load
WARNING: [Synth 8-7129] Port ENET0_GMII_TXD[4] in module processing_system7_v5_4_processing_system7 is either unconnected or has no load
WARNING: [Synth 8-7129] Port ENET0_GMII_TXD[3] in module processing_system7_v5_4_processing_system7 is either unconnected or has no load
WARNING: [Synth 8-7129] Port ENET0_GMII_TXD[2] in module processing_system7_v5_4_processing_system7 is either unconnected or has no load
WARNING: [Synth 8-7129] Port ENET0_GMII_TXD[1] in module processing_system7_v5_4_processing_system7 is either unconnected or has no load
WARNING: [Synth 8-7129] Port ENET0_GMII_TXD[0] in module processing_system7_v5_4_processing_system7 is either unconnected or has no load
WARNING: [Synth 8-7129] Port ENET1_GMII_TX_EN in module processing_system7_v5_4_processing_system7 is either unconnected or has no load
WARNING: [Synth 8-7129] Port ENET1_GMII_TX_ER in module processing_system7_v5_4_processing_system7 is either unconnected or has no load
WARNING: [Synth 8-7129] Port ENET1_GMII_TXD[7] in module processing_system7_v5_4_processing_system7 is either unconnected or has no load
WARNING: [Synth 8-7129] Port ENET1_GMII_TXD[6] in module processing_system7_v5_4_processing_system7 is either unconnected or has no load
WARNING: [Synth 8-7129] Port ENET1_GMII_TXD[5] in module processing_system7_v5_4_processing_system7 is either unconnected or has no load
WARNING: [Synth 8-7129] Port ENET1_GMII_TXD[4] in module processing_system7_v5_4_processing_system7 is either unconnected or has no load
WARNING: [Synth 8-7129] Port ENET1_GMII_TXD[3] in module processing_system7_v5_4_processing_system7 is either unconnected or has no load
WARNING: [Synth 8-7129] Port ENET1_GMII_TXD[2] in module processing_system7_v5_4_processing_system7 is either unconnected or has no load
WARNING: [Synth 8-7129] Port ENET1_GMII_TXD[1] in module processing_system7_v5_4_processing_system7 is either unconnected or has no load
WARNING: [Synth 8-7129] Port ENET1_GMII_TXD[0] in module processing_system7_v5_4_processing_system7 is either unconnected or has no load
WARNING: [Synth 8-7129] Port TRACE_CTL in module processing_system7_v5_4_processing_system7 is either unconnected or has no load
WARNING: [Synth 8-7129] Port TRACE_DATA[31] in module processing_system7_v5_4_processing_system7 is either unconnected or has no load
WARNING: [Synth 8-7129] Port TRACE_DATA[30] in module processing_system7_v5_4_processing_system7 is either unconnected or has no load
WARNING: [Synth 8-7129] Port TRACE_DATA[29] in module processing_system7_v5_4_processing_system7 is either unconnected or has no load
WARNING: [Synth 8-7129] Port TRACE_DATA[28] in module processing_system7_v5_4_processing_system7 is either unconnected or has no load
WARNING: [Synth 8-7129] Port TRACE_DATA[27] in module processing_system7_v5_4_processing_system7 is either unconnected or has no load
WARNING: [Synth 8-7129] Port TRACE_DATA[26] in module processing_system7_v5_4_processing_system7 is either unconnected or has no load
WARNING: [Synth 8-7129] Port TRACE_DATA[25] in module processing_system7_v5_4_processing_system7 is either unconnected or has no load
WARNING: [Synth 8-7129] Port TRACE_DATA[24] in module processing_system7_v5_4_processing_system7 is either unconnected or has no load
WARNING: [Synth 8-7129] Port TRACE_DATA[23] in module processing_system7_v5_4_processing_system7 is either unconnected or has no load
WARNING: [Synth 8-7129] Port TRACE_DATA[22] in module processing_system7_v5_4_processing_system7 is either unconnected or has no load
WARNING: [Synth 8-7129] Port TRACE_DATA[21] in module processing_system7_v5_4_processing_system7 is either unconnected or has no load
WARNING: [Synth 8-7129] Port TRACE_DATA[20] in module processing_system7_v5_4_processing_system7 is either unconnected or has no load
WARNING: [Synth 8-7129] Port TRACE_DATA[19] in module processing_system7_v5_4_processing_system7 is either unconnected or has no load
WARNING: [Synth 8-7129] Port TRACE_DATA[18] in module processing_system7_v5_4_processing_system7 is either unconnected or has no load
WARNING: [Synth 8-7129] Port TRACE_DATA[17] in module processing_system7_v5_4_processing_system7 is either unconnected or has no load
WARNING: [Synth 8-7129] Port TRACE_DATA[16] in module processing_system7_v5_4_processing_system7 is either unconnected or has no load
WARNING: [Synth 8-7129] Port TRACE_DATA[15] in module processing_system7_v5_4_processing_system7 is either unconnected or has no load
WARNING: [Synth 8-7129] Port TRACE_DATA[14] in module processing_system7_v5_4_processing_system7 is either unconnected or has no load
WARNING: [Synth 8-7129] Port TRACE_DATA[13] in module processing_system7_v5_4_processing_system7 is either unconnected or has no load
WARNING: [Synth 8-7129] Port TRACE_DATA[12] in module processing_system7_v5_4_processing_system7 is either unconnected or has no load
WARNING: [Synth 8-7129] Port TRACE_DATA[11] in module processing_system7_v5_4_processing_system7 is either unconnected or has no load
WARNING: [Synth 8-7129] Port TRACE_DATA[10] in module processing_system7_v5_4_processing_system7 is either unconnected or has no load
WARNING: [Synth 8-7129] Port TRACE_DATA[9] in module processing_system7_v5_4_processing_system7 is either unconnected or has no load
WARNING: [Synth 8-7129] Port TRACE_DATA[8] in module processing_system7_v5_4_processing_system7 is either unconnected or has no load
WARNING: [Synth 8-7129] Port TRACE_DATA[7] in module processing_system7_v5_4_processing_system7 is either unconnected or has no load
WARNING: [Synth 8-7129] Port TRACE_DATA[6] in module processing_system7_v5_4_processing_system7 is either unconnected or has no load
WARNING: [Synth 8-7129] Port TRACE_DATA[5] in module processing_system7_v5_4_processing_system7 is either unconnected or has no load
WARNING: [Synth 8-7129] Port TRACE_DATA[4] in module processing_system7_v5_4_processing_system7 is either unconnected or has no load
WARNING: [Synth 8-7129] Port TRACE_DATA[3] in module processing_system7_v5_4_processing_system7 is either unconnected or has no load
WARNING: [Synth 8-7129] Port TRACE_DATA[2] in module processing_system7_v5_4_processing_system7 is either unconnected or has no load
WARNING: [Synth 8-7129] Port TRACE_DATA[1] in module processing_system7_v5_4_processing_system7 is either unconnected or has no load
WARNING: [Synth 8-7129] Port TRACE_DATA[0] in module processing_system7_v5_4_processing_system7 is either unconnected or has no load
WARNING: [Synth 8-7129] Port TRACE_CLK_OUT in module processing_system7_v5_4_processing_system7 is either unconnected or has no load
WARNING: [Synth 8-7129] Port ENET0_GMII_COL in module processing_system7_v5_4_processing_system7 is either unconnected or has no load
WARNING: [Synth 8-7129] Port ENET0_GMII_CRS in module processing_system7_v5_4_processing_system7 is either unconnected or has no load
WARNING: [Synth 8-7129] Port ENET0_GMII_RX_DV in module processing_system7_v5_4_processing_system7 is either unconnected or has no load
WARNING: [Synth 8-7129] Port ENET0_GMII_RX_ER in module processing_system7_v5_4_processing_system7 is either unconnected or has no load
WARNING: [Synth 8-7129] Port ENET0_GMII_RXD[7] in module processing_system7_v5_4_processing_system7 is either unconnected or has no load
WARNING: [Synth 8-7129] Port ENET0_GMII_RXD[6] in module processing_system7_v5_4_processing_system7 is either unconnected or has no load
INFO: [Common 17-14] Message 'Synth 8-7129' appears 100 times and further instances of the messages will be disabled. Use the Tcl command set_msg_config to change the current settings.
---------------------------------------------------------------------------------
Finished RTL Elaboration : Time (s): cpu = 00:00:15 ; elapsed = 00:00:18 . Memory (MB): peak = 1523.406 ; gain = 775.844
---------------------------------------------------------------------------------
---------------------------------------------------------------------------------
Start Handling Custom Attributes
---------------------------------------------------------------------------------
---------------------------------------------------------------------------------
Finished Handling Custom Attributes : Time (s): cpu = 00:00:16 ; elapsed = 00:00:18 . Memory (MB): peak = 1523.406 ; gain = 775.844
---------------------------------------------------------------------------------
---------------------------------------------------------------------------------
Finished RTL Optimization Phase 1 : Time (s): cpu = 00:00:16 ; elapsed = 00:00:18 . Memory (MB): peak = 1523.406 ; gain = 775.844
---------------------------------------------------------------------------------
Netlist sorting complete. Time (s): cpu = 00:00:00 ; elapsed = 00:00:00.306 . Memory (MB): peak = 1523.406 ; gain = 0.000
WARNING: [Netlist 29-345] The value of SIM_DEVICE on instance 'XADC' of type 'XADC' is '7SERIES'; it is being changed to match the current FPGA architecture, 'ZYNQ'. For functional simulation to match hardware behavior, the value of SIM_DEVICE should be changed in the source netlist. 
INFO: [Netlist 29-17] Analyzing 21 Unisim elements for replacement
INFO: [Netlist 29-28] Unisim Transformation completed in 0 CPU seconds
INFO: [Project 1-570] Preparing netlist for logic optimization

Processing XDC Constraints
Initializing timing engine
Parsing XDC File [C:/UW-Madison/RA/linien/gateware/build/top.xdc]
WARNING: [Vivado 12-627] No clocks matched 'clk125_p'. [C:/UW-Madison/RA/linien/gateware/build/top.xdc:368]
INFO: [Vivado 12-626] No clocks found. Please use 'create_clock' or 'create_generated_clock' command to create clocks. [C:/UW-Madison/RA/linien/gateware/build/top.xdc:368]
WARNING: [Vivado 12-627] No clocks matched 'clk_fpga_0'. [C:/UW-Madison/RA/linien/gateware/build/top.xdc:368]
INFO: [Vivado 12-626] No clocks found. Please use 'create_clock' or 'create_generated_clock' command to create clocks. [C:/UW-Madison/RA/linien/gateware/build/top.xdc:368]
CRITICAL WARNING: [Vivado 12-4739] set_clock_groups:No valid object(s) found for '-group [get_clocks -include_generated_clocks clk125_p]'. [C:/UW-Madison/RA/linien/gateware/build/top.xdc:368]
Resolution: Check if the specified object(s) exists in the current design. If it does, ensure that the correct design hierarchy was specified for the object. If you are working with clocks, make sure create_clock was used to create the clock object before it is referenced.
CRITICAL WARNING: [Vivado 12-4739] set_clock_groups:No valid object(s) found for '-group '. [C:/UW-Madison/RA/linien/gateware/build/top.xdc:368]
Resolution: Check if the specified object(s) exists in the current design. If it does, ensure that the correct design hierarchy was specified for the object. If you are working with clocks, make sure create_clock was used to create the clock object before it is referenced.
CRITICAL WARNING: [Vivado 12-4739] set_clock_groups:No valid object(s) found for '-group [get_clocks -include_generated_clocks clk_fpga_0]'. [C:/UW-Madison/RA/linien/gateware/build/top.xdc:368]
Resolution: Check if the specified object(s) exists in the current design. If it does, ensure that the correct design hierarchy was specified for the object. If you are working with clocks, make sure create_clock was used to create the clock object before it is referenced.
CRITICAL WARNING: [Vivado 12-4739] set_clock_groups:No valid object(s) found for '-group '. [C:/UW-Madison/RA/linien/gateware/build/top.xdc:368]
Resolution: Check if the specified object(s) exists in the current design. If it does, ensure that the correct design hierarchy was specified for the object. If you are working with clocks, make sure create_clock was used to create the clock object before it is referenced.
CRITICAL WARNING: [Constraints 18-4644] set_clock_groups: All clock groups specified are empty. Please specify atleast one clock group which is not empty. [C:/UW-Madison/RA/linien/gateware/build/top.xdc:368]
WARNING: [Vivado 12-180] No cells matched 'get_cells -filter {ars_ff1 == TRUE || ars_ff2 == TRUE}'. [C:/UW-Madison/RA/linien/gateware/build/top.xdc:374]
WARNING: [Vivado 12-508] No pins matched 'get_pins -filter {REF_PIN_NAME == PRE} -of [get_cells -filter {ars_ff1 == TRUE || ars_ff2 == TRUE}]'. [C:/UW-Madison/RA/linien/gateware/build/top.xdc:374]
WARNING: [Vivado 12-180] No cells matched 'get_cells -filter {ars_ff1 == TRUE}'. [C:/UW-Madison/RA/linien/gateware/build/top.xdc:376]
WARNING: [Vivado 12-508] No pins matched 'get_pins -filter {REF_PIN_NAME == Q} -of [get_cells -filter {ars_ff1 == TRUE}]'. [C:/UW-Madison/RA/linien/gateware/build/top.xdc:376]
WARNING: [Vivado 12-180] No cells matched 'get_cells -filter {ars_ff2 == TRUE}'. [C:/UW-Madison/RA/linien/gateware/build/top.xdc:376]
WARNING: [Vivado 12-508] No pins matched 'get_pins -filter {REF_PIN_NAME == D} -of [get_cells -filter {ars_ff2 == TRUE}]'. [C:/UW-Madison/RA/linien/gateware/build/top.xdc:376]
Finished Parsing XDC File [C:/UW-Madison/RA/linien/gateware/build/top.xdc]
INFO: [Project 1-236] Implementation specific constraints were found while reading constraint file [C:/UW-Madison/RA/linien/gateware/build/top.xdc]. These constraints will be ignored for synthesis but will be used in implementation. Impacted constraints are listed in the file [.Xil/top_propImpl.xdc].
Resolution: To avoid this warning, move constraints listed in [.Xil/top_propImpl.xdc] to another XDC file and exclude this new file from synthesis with the used_in_synthesis property (File Properties dialog in GUI) and re-run elaboration/synthesis.
Parsing XDC File [C:/UW-Madison/RA/linien/gateware/verilog/system_processing_system7_0_0.xdc] for cell 'system_processing_system7_0_0/inst'
Finished Parsing XDC File [C:/UW-Madison/RA/linien/gateware/verilog/system_processing_system7_0_0.xdc] for cell 'system_processing_system7_0_0/inst'
INFO: [Project 1-236] Implementation specific constraints were found while reading constraint file [C:/UW-Madison/RA/linien/gateware/verilog/system_processing_system7_0_0.xdc]. These constraints will be ignored for synthesis but will be used in implementation. Impacted constraints are listed in the file [.Xil/top_propImpl.xdc].
Resolution: To avoid this warning, move constraints listed in [.Xil/top_propImpl.xdc] to another XDC file and exclude this new file from synthesis with the used_in_synthesis property (File Properties dialog in GUI) and re-run elaboration/synthesis.
INFO: [Timing 38-2] Deriving generated clocks
Completed Processing XDC Constraints

Netlist sorting complete. Time (s): cpu = 00:00:00 ; elapsed = 00:00:00.012 . Memory (MB): peak = 1602.520 ; gain = 0.000
INFO: [Project 1-111] Unisim Transformation Summary:
  A total of 3 instances were transformed.
  FD => FDRE: 1 instance 
  IBUFGDS => IBUFDS: 1 instance 
  PLLE2_BASE => PLLE2_ADV: 1 instance 

Constraint Validation Runtime : Time (s): cpu = 00:00:00 ; elapsed = 00:00:00.144 . Memory (MB): peak = 1602.520 ; gain = 0.000
---------------------------------------------------------------------------------
Finished Constraint Validation : Time (s): cpu = 00:00:30 ; elapsed = 00:00:33 . Memory (MB): peak = 1602.520 ; gain = 854.957
---------------------------------------------------------------------------------
---------------------------------------------------------------------------------
Start Loading Part and Timing Information
---------------------------------------------------------------------------------
Loading part: xc7z010clg400-1
---------------------------------------------------------------------------------
Finished Loading Part and Timing Information : Time (s): cpu = 00:00:30 ; elapsed = 00:00:33 . Memory (MB): peak = 1602.520 ; gain = 854.957
---------------------------------------------------------------------------------
---------------------------------------------------------------------------------
Start Applying 'set_property' XDC Constraints
---------------------------------------------------------------------------------
---------------------------------------------------------------------------------
Finished applying 'set_property' XDC Constraints : Time (s): cpu = 00:00:35 ; elapsed = 00:00:38 . Memory (MB): peak = 1602.520 ; gain = 854.957
---------------------------------------------------------------------------------
INFO: [Synth 8-802] inferred FSM for state register 'state_reg' in module 'control'
INFO: [Synth 8-802] inferred FSM for state register 'state_reg' in module 'temp_sampler'
INFO: [Synth 8-802] inferred FSM for state register 'state_reg' in module 'top'
---------------------------------------------------------------------------------------------------
                   State |                     New Encoding |                Previous Encoding 
---------------------------------------------------------------------------------------------------
                    IDLE |                             0000 |                             0000
              FETCH_TYPE |                             0001 |                             0010
               LOAD_INIT |                             0010 |                             0011
             LOAD_PARAMS |                             0011 |                             0100
             START_BLOCK |                             0100 |                             0101
               WAIT_DONE |                             0101 |                             0110
          CAPTURE_VDRIVE |                             0110 |                             0111
                    DONE |                             0111 |                             1000
          ENABLE_CARRIER |                             1000 |                             0001
---------------------------------------------------------------------------------------------------
INFO: [Synth 8-3354] encoded FSM with state register 'state_reg' using encoding 'sequential' in module 'control'
---------------------------------------------------------------------------------------------------
                   State |                     New Encoding |                Previous Encoding 
---------------------------------------------------------------------------------------------------
                  S_IDLE |                               00 |                               00
                 S_DELAY |                               01 |                               01
                 S_ACCUM |                               10 |                               10
               S_PUBLISH |                               11 |                               11
---------------------------------------------------------------------------------------------------
INFO: [Synth 8-3354] encoded FSM with state register 'state_reg' using encoding 'sequential' in module 'temp_sampler'
---------------------------------------------------------------------------------------------------
                   State |                     New Encoding |                Previous Encoding 
---------------------------------------------------------------------------------------------------
                  iSTATE |                             0001 |                               00
*
                 iSTATE0 |                             0010 |                               01
                 iSTATE1 |                             0100 |                               10
                 iSTATE2 |                             1000 |                               11
---------------------------------------------------------------------------------------------------
INFO: [Synth 8-3354] encoded FSM with state register 'state_reg' using encoding 'one-hot' in module 'top'
---------------------------------------------------------------------------------
Finished RTL Optimization Phase 2 : Time (s): cpu = 00:00:45 ; elapsed = 00:00:49 . Memory (MB): peak = 1602.520 ; gain = 854.957
---------------------------------------------------------------------------------
---------------------------------------------------------------------------------
Start RTL Component Statistics 
---------------------------------------------------------------------------------
Detailed RTL Component Info : 
+---Adders : 
	   3 Input   84 Bit       Adders := 1     
	   3 Input   51 Bit       Adders := 1     
	   2 Input   50 Bit       Adders := 43    
	   2 Input   44 Bit       Adders := 1     
	   3 Input   37 Bit       Adders := 1     
	   3 Input   34 Bit       Adders := 1     
	   2 Input   33 Bit       Adders := 1     
	   2 Input   32 Bit       Adders := 6     
	   2 Input   30 Bit       Adders := 1     
	   3 Input   28 Bit       Adders := 4     
	   3 Input   26 Bit       Adders := 1     
	   2 Input   26 Bit       Adders := 4     
	   3 Input   23 Bit       Adders := 1     
	   2 Input   20 Bit       Adders := 4     
	   2 Input   18 Bit       Adders := 1     
	   5 Input   18 Bit       Adders := 2     
	   2 Input   17 Bit       Adders := 42    
	   3 Input   17 Bit       Adders := 90    
	   2 Input   16 Bit       Adders := 1     
	   4 Input   16 Bit       Adders := 4     
	   2 Input   15 Bit       Adders := 6     
	   3 Input   15 Bit       Adders := 3     
	   2 Input   14 Bit       Adders := 3     
	   3 Input   14 Bit       Adders := 2     
	   2 Input   12 Bit       Adders := 1     
	   2 Input   10 Bit       Adders := 1     
	   3 Input    9 Bit       Adders := 1     
	   2 Input    8 Bit       Adders := 2     
	   2 Input    6 Bit       Adders := 1     
	   2 Input    4 Bit       Adders := 1     
	   2 Input    3 Bit       Adders := 2     
+---XORs : 
	   2 Input      1 Bit         XORs := 7     
+---Registers : 
	               84 Bit    Registers := 1     
	               64 Bit    Registers := 1     
	               51 Bit    Registers := 1     
	               50 Bit    Registers := 52    
	               43 Bit    Registers := 1     
	               34 Bit    Registers := 3     
	               32 Bit    Registers := 33    
	               30 Bit    Registers := 2     
	               27 Bit    Registers := 9     
	               25 Bit    Registers := 139   
	               23 Bit    Registers := 3     
	               20 Bit    Registers := 4     
	               18 Bit    Registers := 49    
	               17 Bit    Registers := 133   
	               16 Bit    Registers := 7     
	               15 Bit    Registers := 4     
	               14 Bit    Registers := 73    
	               12 Bit    Registers := 10    
	               10 Bit    Registers := 2     
	                9 Bit    Registers := 12    
	                8 Bit    Registers := 66    
	                6 Bit    Registers := 1     
	                5 Bit    Registers := 1     
	                4 Bit    Registers := 24    
	                3 Bit    Registers := 4     
	                2 Bit    Registers := 19    
	                1 Bit    Registers := 70    
+---Multipliers : 
	              14x32  Multipliers := 1     
+---RAMs : 
	             224K Bit	(16384 X 14 bit)          RAMs := 4     
	              16K Bit	(512 X 32 bit)          RAMs := 1     
	              14K Bit	(1024 X 14 bit)          RAMs := 1     
+---ROMs : 
	                    ROMs := 1     
+---Muxes : 
	   5 Input   43 Bit        Muxes := 1     
	   2 Input   36 Bit        Muxes := 2     
	   2 Input   32 Bit        Muxes := 4     
	   9 Input   32 Bit        Muxes := 2     
	   3 Input   32 Bit        Muxes := 1     
	   4 Input   30 Bit        Muxes := 1     
	   2 Input   28 Bit        Muxes := 1     
	   2 Input   25 Bit        Muxes := 28    
	   4 Input   25 Bit        Muxes := 1     
	   3 Input   20 Bit        Muxes := 4     
	   4 Input   18 Bit        Muxes := 1     
	   2 Input   17 Bit        Muxes := 89    
	   4 Input   16 Bit        Muxes := 1     
	   2 Input   16 Bit        Muxes := 3     
	   2 Input   15 Bit        Muxes := 9     
	   2 Input   14 Bit        Muxes := 43    
	   4 Input   14 Bit        Muxes := 3     
	   9 Input   14 Bit        Muxes := 2     
	   2 Input   13 Bit        Muxes := 3     
	   2 Input   12 Bit        Muxes := 5     
	   2 Input   11 Bit        Muxes := 3     
	   2 Input   10 Bit        Muxes := 3     
	   2 Input    9 Bit        Muxes := 3     
	   5 Input    9 Bit        Muxes := 1     
	   2 Input    8 Bit        Muxes := 3     
	   4 Input    8 Bit        Muxes := 1     
	   2 Input    7 Bit        Muxes := 3     
	   2 Input    6 Bit        Muxes := 8     
	   9 Input    6 Bit        Muxes := 2     
	   4 Input    6 Bit        Muxes := 1     
	   2 Input    5 Bit        Muxes := 3     
	   2 Input    4 Bit        Muxes := 7     
	   5 Input    4 Bit        Muxes := 2     
	   4 Input    4 Bit        Muxes := 3     
	   9 Input    4 Bit        Muxes := 2     
	   2 Input    3 Bit        Muxes := 4     
	   6 Input    3 Bit        Muxes := 1     
	   9 Input    3 Bit        Muxes := 2     
	   4 Input    2 Bit        Muxes := 1     
	   6 Input    2 Bit        Muxes := 1     
	   5 Input    2 Bit        Muxes := 1     
	   2 Input    2 Bit        Muxes := 1     
	   4 Input    1 Bit        Muxes := 14    
	   2 Input    1 Bit        Muxes := 68    
	   7 Input    1 Bit        Muxes := 6     
	   9 Input    1 Bit        Muxes := 9     
	   6 Input    1 Bit        Muxes := 5     
---------------------------------------------------------------------------------
Finished RTL Component Statistics 
---------------------------------------------------------------------------------
---------------------------------------------------------------------------------
Start Part Resource Summary
---------------------------------------------------------------------------------
Part Resources:
DSPs: 80 (col length:40)
BRAMs: 120 (col length: RAMB18 40 RAMB36 20)
---------------------------------------------------------------------------------
Finished Part Resource Summary
---------------------------------------------------------------------------------
---------------------------------------------------------------------------------
Start Cross Boundary and Area Optimization
---------------------------------------------------------------------------------
DSP Report: Generating DSP linienmodule_slowchain_ki_mult0, operation Mode is: A*B.
DSP Report: operator linienmodule_slowchain_ki_mult0 is absorbed into DSP linienmodule_slowchain_ki_mult0.
DSP Report: Generating DSP linienmodule_slowchain_kd_mult, operation Mode is: A*B.
DSP Report: operator linienmodule_slowchain_kd_mult is absorbed into DSP linienmodule_slowchain_kd_mult.
DSP Report: Generating DSP linienmodule_slowchain_kp_mult, operation Mode is: A*B.
DSP Report: operator linienmodule_slowchain_kp_mult is absorbed into DSP linienmodule_slowchain_kp_mult.
DSP Report: Generating DSP linienmodule_raw_acquisition_iir_z100, operation Mode is: A2*B2.
DSP Report: register linienmodule_raw_acquisition_iir_z100 is absorbed into DSP linienmodule_raw_acquisition_iir_z100.
DSP Report: register linienmodule_raw_acquisition_iir_a1_reg is absorbed into DSP linienmodule_raw_acquisition_iir_z100.
DSP Report: operator linienmodule_raw_acquisition_iir_z100 is absorbed into DSP linienmodule_raw_acquisition_iir_z100.
DSP Report: operator linienmodule_raw_acquisition_iir_z100 is absorbed into DSP linienmodule_raw_acquisition_iir_z100.
DSP Report: Generating DSP linienmodule_raw_acquisition_iir_z100, operation Mode is: (PCIN>>17)+A2*B2.
DSP Report: register linienmodule_raw_acquisition_iir_y_reg is absorbed into DSP linienmodule_raw_acquisition_iir_z100.
DSP Report: register linienmodule_raw_acquisition_iir_a1_reg is absorbed into DSP linienmodule_raw_acquisition_iir_z100.
DSP Report: operator linienmodule_raw_acquisition_iir_z100 is absorbed into DSP linienmodule_raw_acquisition_iir_z100.
DSP Report: operator linienmodule_raw_acquisition_iir_z100 is absorbed into DSP linienmodule_raw_acquisition_iir_z100.
DSP Report: Generating DSP p_1_out, operation Mode is: (C or 0)+A*B.
DSP Report: operator linienmodule_pid_kp_mult is absorbed into DSP p_1_out.
DSP Report: operator linienmodule_pid_kp_mult is absorbed into DSP p_1_out.
DSP Report: Generating DSP linienmodule_mixed2, operation Mode is: (0 or C')+(A2*B or 0).
DSP Report: register linienmodule_fast_a_limitcsr0_limitcsr0_y1_reg is absorbed into DSP linienmodule_mixed2.
DSP Report: register linienmodule_mixed2 is absorbed into DSP linienmodule_mixed2.
DSP Report: operator linienmodule_mixed2 is absorbed into DSP linienmodule_mixed2.
DSP Report: Generating DSP linienmodule_mixed2, operation Mode is: A2*B.
DSP Report: register linienmodule_fast_b_limitcsr0_limitcsr0_y1_reg is absorbed into DSP linienmodule_mixed2.
DSP Report: operator linienmodule_mixed2 is absorbed into DSP linienmodule_mixed2.
DSP Report: Generating DSP O571, operation Mode is: PCIN+A2:B+C.
DSP Report: register O571 is absorbed into DSP O571.
DSP Report: operator O571 is absorbed into DSP O571.
DSP Report: Generating DSP mult_reg0, operation Mode is: A2*B2.
DSP Report: register lut_reg_reg is absorbed into DSP mult_reg0.
DSP Report: register mult_reg0 is absorbed into DSP mult_reg0.
DSP Report: operator mult_reg0 is absorbed into DSP mult_reg0.
DSP Report: operator mult_reg0 is absorbed into DSP mult_reg0.
DSP Report: Generating DSP mult_reg_reg, operation Mode is: (PCIN>>17)+A*B2.
DSP Report: register lut_reg_reg is absorbed into DSP mult_reg_reg.
DSP Report: register mult_reg_reg is absorbed into DSP mult_reg_reg.
DSP Report: operator mult_reg0 is absorbed into DSP mult_reg_reg.
DSP Report: operator mult_reg0 is absorbed into DSP mult_reg_reg.
DSP Report: Generating DSP linienmodule_raw_acquisition_iir_z90, operation Mode is: A2*B2.
DSP Report: register linienmodule_raw_acquisition_iir_z60 is absorbed into DSP linienmodule_raw_acquisition_iir_z90.
DSP Report: register linienmodule_raw_acquisition_iir_a2_reg is absorbed into DSP linienmodule_raw_acquisition_iir_z90.
DSP Report: operator linienmodule_raw_acquisition_iir_z90 is absorbed into DSP linienmodule_raw_acquisition_iir_z90.
DSP Report: operator linienmodule_raw_acquisition_iir_z90 is absorbed into DSP linienmodule_raw_acquisition_iir_z90.
DSP Report: Generating DSP linienmodule_raw_acquisition_iir_z90, operation Mode is: (PCIN>>17)+A2*B2.
DSP Report: register linienmodule_raw_acquisition_iir_y_reg is absorbed into DSP linienmodule_raw_acquisition_iir_z90.
DSP Report: register linienmodule_raw_acquisition_iir_a2_reg is absorbed into DSP linienmodule_raw_acquisition_iir_z90.
DSP Report: operator linienmodule_raw_acquisition_iir_z90 is absorbed into DSP linienmodule_raw_acquisition_iir_z90.
DSP Report: operator linienmodule_raw_acquisition_iir_z90 is absorbed into DSP linienmodule_raw_acquisition_iir_z90.
DSP Report: Generating DSP linienmodule_raw_acquisition_iir_z80, operation Mode is: A2*B2.
DSP Report: register linienmodule_raw_acquisition_iir_z60 is absorbed into DSP linienmodule_raw_acquisition_iir_z80.
DSP Report: register linienmodule_raw_acquisition_iir_a3_reg is absorbed into DSP linienmodule_raw_acquisition_iir_z80.
DSP Report: operator linienmodule_raw_acquisition_iir_z80 is absorbed into DSP linienmodule_raw_acquisition_iir_z80.
DSP Report: operator linienmodule_raw_acquisition_iir_z80 is absorbed into DSP linienmodule_raw_acquisition_iir_z80.
DSP Report: Generating DSP linienmodule_raw_acquisition_iir_z80, operation Mode is: (PCIN>>17)+A2*B2.
DSP Report: register linienmodule_raw_acquisition_iir_y_reg is absorbed into DSP linienmodule_raw_acquisition_iir_z80.
DSP Report: register linienmodule_raw_acquisition_iir_a3_reg is absorbed into DSP linienmodule_raw_acquisition_iir_z80.
DSP Report: operator linienmodule_raw_acquisition_iir_z80 is absorbed into DSP linienmodule_raw_acquisition_iir_z80.
DSP Report: operator linienmodule_raw_acquisition_iir_z80 is absorbed into DSP linienmodule_raw_acquisition_iir_z80.
DSP Report: Generating DSP linienmodule_raw_acquisition_iir_z70, operation Mode is: A2*B2.
DSP Report: register linienmodule_raw_acquisition_iir_a4_reg is absorbed into DSP linienmodule_raw_acquisition_iir_z70.
DSP Report: register linienmodule_raw_acquisition_iir_z60 is absorbed into DSP linienmodule_raw_acquisition_iir_z70.
DSP Report: operator linienmodule_raw_acquisition_iir_z70 is absorbed into DSP linienmodule_raw_acquisition_iir_z70.
DSP Report: operator linienmodule_raw_acquisition_iir_z70 is absorbed into DSP linienmodule_raw_acquisition_iir_z70.
DSP Report: Generating DSP linienmodule_raw_acquisition_iir_z70, operation Mode is: (PCIN>>17)+A*B2.
DSP Report: register linienmodule_raw_acquisition_iir_a4_reg is absorbed into DSP linienmodule_raw_acquisition_iir_z70.
DSP Report: register linienmodule_raw_acquisition_iir_y_reg is absorbed into DSP linienmodule_raw_acquisition_iir_z70.
DSP Report: operator linienmodule_raw_acquisition_iir_z70 is absorbed into DSP linienmodule_raw_acquisition_iir_z70.
DSP Report: operator linienmodule_raw_acquisition_iir_z70 is absorbed into DSP linienmodule_raw_acquisition_iir_z70.
DSP Report: Generating DSP linienmodule_raw_acquisition_iir_z60, operation Mode is: A2*B2.
DSP Report: register linienmodule_raw_acquisition_iir_a5_reg is absorbed into DSP linienmodule_raw_acquisition_iir_z60.
DSP Report: register linienmodule_raw_acquisition_iir_z60 is absorbed into DSP linienmodule_raw_acquisition_iir_z60.
DSP Report: operator linienmodule_raw_acquisition_iir_z60 is absorbed into DSP linienmodule_raw_acquisition_iir_z60.
DSP Report: operator linienmodule_raw_acquisition_iir_z60 is absorbed into DSP linienmodule_raw_acquisition_iir_z60.
DSP Report: Generating DSP linienmodule_raw_acquisition_iir_z60, operation Mode is: (PCIN>>17)+A*B2.
DSP Report: register linienmodule_raw_acquisition_iir_a5_reg is absorbed into DSP linienmodule_raw_acquisition_iir_z60.
DSP Report: register linienmodule_raw_acquisition_iir_y_reg is absorbed into DSP linienmodule_raw_acquisition_iir_z60.
DSP Report: operator linienmodule_raw_acquisition_iir_z60 is absorbed into DSP linienmodule_raw_acquisition_iir_z60.
DSP Report: operator linienmodule_raw_acquisition_iir_z60 is absorbed into DSP linienmodule_raw_acquisition_iir_z60.
DSP Report: Generating DSP p_1_out, operation Mode is: (C or 0)+A*B.
DSP Report: operator linienmodule_pid_kd_mult is absorbed into DSP p_1_out.
DSP Report: operator linienmodule_pid_kd_mult is absorbed into DSP p_1_out.
DSP Report: Generating DSP p_1_out, operation Mode is: (C or 0)+A*B.
DSP Report: operator linienmodule_pid_ki_mult0 is absorbed into DSP p_1_out.
DSP Report: operator linienmodule_pid_ki_mult0 is absorbed into DSP p_1_out.
WARNING: [Synth 8-3936] Found unconnected internal register 'i_bridge/addr_o_reg' and it is trimmed from '32' to '20' bits. [C:/UW-Madison/RA/linien/gateware/build/imports/UW-Madison/RA/linien/gateware/verilog/bus_clk_bridge.v:90]
WARNING: [Synth 8-3936] Found unconnected internal register 'bus_clk_bridge/wdata_o_reg' and it is trimmed from '32' to '8' bits. [C:/UW-Madison/RA/linien/gateware/build/imports/UW-Madison/RA/linien/gateware/verilog/bus_clk_bridge.v:91]
WARNING: [Synth 8-3936] Found unconnected internal register 'bus_clk_bridge/addr_o_reg' and it is trimmed from '32' to '16' bits. [C:/UW-Madison/RA/linien/gateware/build/imports/UW-Madison/RA/linien/gateware/verilog/bus_clk_bridge.v:90]
DSP Report: Generating DSP linienmodule_raw_acquisition_iir_z50, operation Mode is: A2*B2.
DSP Report: register linienmodule_raw_acquisition_iir_z50 is absorbed into DSP linienmodule_raw_acquisition_iir_z50.
DSP Report: register linienmodule_raw_acquisition_iir_b0_reg is absorbed into DSP linienmodule_raw_acquisition_iir_z50.
DSP Report: operator linienmodule_raw_acquisition_iir_z50 is absorbed into DSP linienmodule_raw_acquisition_iir_z50.
DSP Report: operator linienmodule_raw_acquisition_iir_z50 is absorbed into DSP linienmodule_raw_acquisition_iir_z50.
DSP Report: Generating DSP linienmodule_raw_acquisition_iir_z50, operation Mode is: (PCIN>>17)+A2*B2.
DSP Report: register linienmodule_limit_error_signal_limitcsr_y_reg is absorbed into DSP linienmodule_raw_acquisition_iir_z50.
DSP Report: register linienmodule_raw_acquisition_iir_b0_reg is absorbed into DSP linienmodule_raw_acquisition_iir_z50.
DSP Report: operator linienmodule_raw_acquisition_iir_z50 is absorbed into DSP linienmodule_raw_acquisition_iir_z50.
DSP Report: operator linienmodule_raw_acquisition_iir_z50 is absorbed into DSP linienmodule_raw_acquisition_iir_z50.
DSP Report: Generating DSP linienmodule_raw_acquisition_iir_z40, operation Mode is: A2*B2.
DSP Report: register linienmodule_raw_acquisition_iir_z40 is absorbed into DSP linienmodule_raw_acquisition_iir_z40.
DSP Report: register linienmodule_raw_acquisition_iir_b1_reg is absorbed into DSP linienmodule_raw_acquisition_iir_z40.
DSP Report: operator linienmodule_raw_acquisition_iir_z40 is absorbed into DSP linienmodule_raw_acquisition_iir_z40.
DSP Report: operator linienmodule_raw_acquisition_iir_z40 is absorbed into DSP linienmodule_raw_acquisition_iir_z40.
DSP Report: Generating DSP linienmodule_raw_acquisition_iir_z40, operation Mode is: (PCIN>>17)+A2*B2.
DSP Report: register linienmodule_limit_error_signal_limitcsr_y_reg is absorbed into DSP linienmodule_raw_acquisition_iir_z40.
DSP Report: register linienmodule_raw_acquisition_iir_b1_reg is absorbed into DSP linienmodule_raw_acquisition_iir_z40.
DSP Report: operator linienmodule_raw_acquisition_iir_z40 is absorbed into DSP linienmodule_raw_acquisition_iir_z40.
DSP Report: operator linienmodule_raw_acquisition_iir_z40 is absorbed into DSP linienmodule_raw_acquisition_iir_z40.
DSP Report: Generating DSP linienmodule_raw_acquisition_iir_z30, operation Mode is: A2*B2.
DSP Report: register linienmodule_raw_acquisition_iir_z30 is absorbed into DSP linienmodule_raw_acquisition_iir_z30.
DSP Report: register linienmodule_raw_acquisition_iir_b2_reg is absorbed into DSP linienmodule_raw_acquisition_iir_z30.
DSP Report: operator linienmodule_raw_acquisition_iir_z30 is absorbed into DSP linienmodule_raw_acquisition_iir_z30.
DSP Report: operator linienmodule_raw_acquisition_iir_z30 is absorbed into DSP linienmodule_raw_acquisition_iir_z30.
DSP Report: Generating DSP linienmodule_raw_acquisition_iir_z30, operation Mode is: (PCIN>>17)+A2*B2.
DSP Report: register linienmodule_limit_error_signal_limitcsr_y_reg is absorbed into DSP linienmodule_raw_acquisition_iir_z30.
DSP Report: register linienmodule_raw_acquisition_iir_b2_reg is absorbed into DSP linienmodule_raw_acquisition_iir_z30.
DSP Report: operator linienmodule_raw_acquisition_iir_z30 is absorbed into DSP linienmodule_raw_acquisition_iir_z30.
DSP Report: operator linienmodule_raw_acquisition_iir_z30 is absorbed into DSP linienmodule_raw_acquisition_iir_z30.
DSP Report: Generating DSP linienmodule_raw_acquisition_iir_z20, operation Mode is: A2*B2.
DSP Report: register linienmodule_raw_acquisition_iir_z20 is absorbed into DSP linienmodule_raw_acquisition_iir_z20.
DSP Report: register linienmodule_raw_acquisition_iir_b3_reg is absorbed into DSP linienmodule_raw_acquisition_iir_z20.
DSP Report: operator linienmodule_raw_acquisition_iir_z20 is absorbed into DSP linienmodule_raw_acquisition_iir_z20.
DSP Report: operator linienmodule_raw_acquisition_iir_z20 is absorbed into DSP linienmodule_raw_acquisition_iir_z20.
DSP Report: Generating DSP linienmodule_raw_acquisition_iir_z20, operation Mode is: (PCIN>>17)+A2*B2.
DSP Report: register linienmodule_limit_error_signal_limitcsr_y_reg is absorbed into DSP linienmodule_raw_acquisition_iir_z20.
DSP Report: register linienmodule_raw_acquisition_iir_b3_reg is absorbed into DSP linienmodule_raw_acquisition_iir_z20.
DSP Report: operator linienmodule_raw_acquisition_iir_z20 is absorbed into DSP linienmodule_raw_acquisition_iir_z20.
DSP Report: operator linienmodule_raw_acquisition_iir_z20 is absorbed into DSP linienmodule_raw_acquisition_iir_z20.
DSP Report: Generating DSP linienmodule_raw_acquisition_iir_z10, operation Mode is: A2*B2.
DSP Report: register linienmodule_raw_acquisition_iir_z10 is absorbed into DSP linienmodule_raw_acquisition_iir_z10.
DSP Report: register linienmodule_raw_acquisition_iir_b4_reg is absorbed into DSP linienmodule_raw_acquisition_iir_z10.
DSP Report: operator linienmodule_raw_acquisition_iir_z10 is absorbed into DSP linienmodule_raw_acquisition_iir_z10.
DSP Report: operator linienmodule_raw_acquisition_iir_z10 is absorbed into DSP linienmodule_raw_acquisition_iir_z10.
DSP Report: Generating DSP linienmodule_raw_acquisition_iir_z10, operation Mode is: (PCIN>>17)+A2*B2.
DSP Report: register linienmodule_limit_error_signal_limitcsr_y_reg is absorbed into DSP linienmodule_raw_acquisition_iir_z10.
DSP Report: register linienmodule_raw_acquisition_iir_b4_reg is absorbed into DSP linienmodule_raw_acquisition_iir_z10.
DSP Report: operator linienmodule_raw_acquisition_iir_z10 is absorbed into DSP linienmodule_raw_acquisition_iir_z10.
DSP Report: operator linienmodule_raw_acquisition_iir_z10 is absorbed into DSP linienmodule_raw_acquisition_iir_z10.
DSP Report: Generating DSP linienmodule_raw_acquisition_iir_z00, operation Mode is: A2*B2.
DSP Report: register linienmodule_raw_acquisition_iir_z00 is absorbed into DSP linienmodule_raw_acquisition_iir_z00.
DSP Report: register linienmodule_raw_acquisition_iir_b5_reg is absorbed into DSP linienmodule_raw_acquisition_iir_z00.
DSP Report: operator linienmodule_raw_acquisition_iir_z00 is absorbed into DSP linienmodule_raw_acquisition_iir_z00.
DSP Report: operator linienmodule_raw_acquisition_iir_z00 is absorbed into DSP linienmodule_raw_acquisition_iir_z00.
DSP Report: Generating DSP linienmodule_raw_acquisition_iir_z00, operation Mode is: (PCIN>>17)+A2*B2.
DSP Report: register linienmodule_limit_error_signal_limitcsr_y_reg is absorbed into DSP linienmodule_raw_acquisition_iir_z00.
DSP Report: register linienmodule_raw_acquisition_iir_b5_reg is absorbed into DSP linienmodule_raw_acquisition_iir_z00.
DSP Report: operator linienmodule_raw_acquisition_iir_z00 is absorbed into DSP linienmodule_raw_acquisition_iir_z00.
DSP Report: operator linienmodule_raw_acquisition_iir_z00 is absorbed into DSP linienmodule_raw_acquisition_iir_z00.
DSP Report: Generating DSP linienmodule_fast_a_iir1_z20, operation Mode is: A2*B2.
DSP Report: register linienmodule_fast_a_iir1_z30 is absorbed into DSP linienmodule_fast_a_iir1_z20.
DSP Report: register linienmodule_fast_a_iir1_a10_reg is absorbed into DSP linienmodule_fast_a_iir1_z20.
DSP Report: operator linienmodule_fast_a_iir1_z20 is absorbed into DSP linienmodule_fast_a_iir1_z20.
DSP Report: operator linienmodule_fast_a_iir1_z20 is absorbed into DSP linienmodule_fast_a_iir1_z20.
DSP Report: Generating DSP linienmodule_fast_a_iir1_z20, operation Mode is: (PCIN>>17)+A2*B2.
DSP Report: register linienmodule_fast_a_iir1_y0_reg is absorbed into DSP linienmodule_fast_a_iir1_z20.
DSP Report: register linienmodule_fast_a_iir1_a10_reg is absorbed into DSP linienmodule_fast_a_iir1_z20.
DSP Report: operator linienmodule_fast_a_iir1_z20 is absorbed into DSP linienmodule_fast_a_iir1_z20.
DSP Report: operator linienmodule_fast_a_iir1_z20 is absorbed into DSP linienmodule_fast_a_iir1_z20.
DSP Report: Generating DSP linienmodule_fast_a_iir1_z10, operation Mode is: A2*B2.
DSP Report: register linienmodule_fast_a_iir1_z10 is absorbed into DSP linienmodule_fast_a_iir1_z10.
DSP Report: register linienmodule_fast_a_iir1_b00_reg is absorbed into DSP linienmodule_fast_a_iir1_z10.
DSP Report: operator linienmodule_fast_a_iir1_z10 is absorbed into DSP linienmodule_fast_a_iir1_z10.
DSP Report: operator linienmodule_fast_a_iir1_z10 is absorbed into DSP linienmodule_fast_a_iir1_z10.
DSP Report: Generating DSP linienmodule_fast_a_iir1_z10, operation Mode is: (PCIN>>17)+A2*B2.
DSP Report: register linienmodule_fast_a_limitcsr1_limitcsr1_y0_reg is absorbed into DSP linienmodule_fast_a_iir1_z10.
DSP Report: register linienmodule_fast_a_iir1_b00_reg is absorbed into DSP linienmodule_fast_a_iir1_z10.
DSP Report: operator linienmodule_fast_a_iir1_z10 is absorbed into DSP linienmodule_fast_a_iir1_z10.
DSP Report: operator linienmodule_fast_a_iir1_z10 is absorbed into DSP linienmodule_fast_a_iir1_z10.
DSP Report: Generating DSP linienmodule_fast_a_iir1_z00, operation Mode is: A2*B2.
DSP Report: register linienmodule_fast_a_iir1_z00 is absorbed into DSP linienmodule_fast_a_iir1_z00.
DSP Report: register linienmodule_fast_a_iir1_b10_reg is absorbed into DSP linienmodule_fast_a_iir1_z00.
DSP Report: operator linienmodule_fast_a_iir1_z00 is absorbed into DSP linienmodule_fast_a_iir1_z00.
DSP Report: operator linienmodule_fast_a_iir1_z00 is absorbed into DSP linienmodule_fast_a_iir1_z00.
DSP Report: Generating DSP linienmodule_fast_a_iir1_z00, operation Mode is: (PCIN>>17)+A2*B2.
DSP Report: register linienmodule_fast_a_limitcsr1_limitcsr1_y0_reg is absorbed into DSP linienmodule_fast_a_iir1_z00.
DSP Report: register linienmodule_fast_a_iir1_b10_reg is absorbed into DSP linienmodule_fast_a_iir1_z00.
DSP Report: operator linienmodule_fast_a_iir1_z00 is absorbed into DSP linienmodule_fast_a_iir1_z00.
DSP Report: operator linienmodule_fast_a_iir1_z00 is absorbed into DSP linienmodule_fast_a_iir1_z00.
DSP Report: Generating DSP linienmodule_fast_a_iir1_z70, operation Mode is: A2*B2.
DSP Report: register linienmodule_fast_a_iir1_z60 is absorbed into DSP linienmodule_fast_a_iir1_z70.
DSP Report: register linienmodule_fast_a_iir1_a11_reg is absorbed into DSP linienmodule_fast_a_iir1_z70.
DSP Report: operator linienmodule_fast_a_iir1_z70 is absorbed into DSP linienmodule_fast_a_iir1_z70.
DSP Report: operator linienmodule_fast_a_iir1_z70 is absorbed into DSP linienmodule_fast_a_iir1_z70.
DSP Report: Generating DSP linienmodule_fast_a_iir1_z70, operation Mode is: (PCIN>>17)+A2*B2.
DSP Report: register linienmodule_fast_a_iir1_y1_reg is absorbed into DSP linienmodule_fast_a_iir1_z70.
DSP Report: register linienmodule_fast_a_iir1_a11_reg is absorbed into DSP linienmodule_fast_a_iir1_z70.
DSP Report: operator linienmodule_fast_a_iir1_z70 is absorbed into DSP linienmodule_fast_a_iir1_z70.
DSP Report: operator linienmodule_fast_a_iir1_z70 is absorbed into DSP linienmodule_fast_a_iir1_z70.
DSP Report: Generating DSP linienmodule_fast_a_iir1_z60, operation Mode is: A2*B2.
DSP Report: register linienmodule_fast_a_iir1_z60 is absorbed into DSP linienmodule_fast_a_iir1_z60.
DSP Report: register linienmodule_fast_a_iir1_a2_reg is absorbed into DSP linienmodule_fast_a_iir1_z60.
DSP Report: operator linienmodule_fast_a_iir1_z60 is absorbed into DSP linienmodule_fast_a_iir1_z60.
DSP Report: operator linienmodule_fast_a_iir1_z60 is absorbed into DSP linienmodule_fast_a_iir1_z60.
DSP Report: Generating DSP linienmodule_fast_a_iir1_z60, operation Mode is: (PCIN>>17)+A2*B2.
DSP Report: register linienmodule_fast_a_iir1_y1_reg is absorbed into DSP linienmodule_fast_a_iir1_z60.
DSP Report: register linienmodule_fast_a_iir1_a2_reg is absorbed into DSP linienmodule_fast_a_iir1_z60.
DSP Report: operator linienmodule_fast_a_iir1_z60 is absorbed into DSP linienmodule_fast_a_iir1_z60.
DSP Report: operator linienmodule_fast_a_iir1_z60 is absorbed into DSP linienmodule_fast_a_iir1_z60.
DSP Report: Generating DSP linienmodule_fast_a_iir1_z50, operation Mode is: A2*B2.
DSP Report: register linienmodule_fast_a_iir1_z30 is absorbed into DSP linienmodule_fast_a_iir1_z50.
DSP Report: register linienmodule_fast_a_iir1_b01_reg is absorbed into DSP linienmodule_fast_a_iir1_z50.
DSP Report: operator linienmodule_fast_a_iir1_z50 is absorbed into DSP linienmodule_fast_a_iir1_z50.
DSP Report: operator linienmodule_fast_a_iir1_z50 is absorbed into DSP linienmodule_fast_a_iir1_z50.
DSP Report: Generating DSP linienmodule_fast_a_iir1_z50, operation Mode is: (PCIN>>17)+A2*B2.
DSP Report: register linienmodule_fast_a_iir1_y0_reg is absorbed into DSP linienmodule_fast_a_iir1_z50.
DSP Report: register linienmodule_fast_a_iir1_b01_reg is absorbed into DSP linienmodule_fast_a_iir1_z50.
DSP Report: operator linienmodule_fast_a_iir1_z50 is absorbed into DSP linienmodule_fast_a_iir1_z50.
DSP Report: operator linienmodule_fast_a_iir1_z50 is absorbed into DSP linienmodule_fast_a_iir1_z50.
DSP Report: Generating DSP linienmodule_fast_a_iir1_z40, operation Mode is: A2*B2.
DSP Report: register linienmodule_fast_a_iir1_b11_reg is absorbed into DSP linienmodule_fast_a_iir1_z40.
DSP Report: register linienmodule_fast_a_iir1_z30 is absorbed into DSP linienmodule_fast_a_iir1_z40.
DSP Report: operator linienmodule_fast_a_iir1_z40 is absorbed into DSP linienmodule_fast_a_iir1_z40.
DSP Report: operator linienmodule_fast_a_iir1_z40 is absorbed into DSP linienmodule_fast_a_iir1_z40.
DSP Report: Generating DSP linienmodule_fast_a_iir1_z40, operation Mode is: (PCIN>>17)+A*B2.
DSP Report: register linienmodule_fast_a_iir1_b11_reg is absorbed into DSP linienmodule_fast_a_iir1_z40.
DSP Report: register linienmodule_fast_a_iir1_y0_reg is absorbed into DSP linienmodule_fast_a_iir1_z40.
DSP Report: operator linienmodule_fast_a_iir1_z40 is absorbed into DSP linienmodule_fast_a_iir1_z40.
DSP Report: operator linienmodule_fast_a_iir1_z40 is absorbed into DSP linienmodule_fast_a_iir1_z40.
DSP Report: Generating DSP linienmodule_fast_a_iir1_z30, operation Mode is: A2*B2.
DSP Report: register linienmodule_fast_a_iir1_b2_reg is absorbed into DSP linienmodule_fast_a_iir1_z30.
DSP Report: register linienmodule_fast_a_iir1_z30 is absorbed into DSP linienmodule_fast_a_iir1_z30.
DSP Report: operator linienmodule_fast_a_iir1_z30 is absorbed into DSP linienmodule_fast_a_iir1_z30.
DSP Report: operator linienmodule_fast_a_iir1_z30 is absorbed into DSP linienmodule_fast_a_iir1_z30.
DSP Report: Generating DSP linienmodule_fast_a_iir1_z30, operation Mode is: (PCIN>>17)+A*B2.
DSP Report: register linienmodule_fast_a_iir1_b2_reg is absorbed into DSP linienmodule_fast_a_iir1_z30.
DSP Report: register linienmodule_fast_a_iir1_y0_reg is absorbed into DSP linienmodule_fast_a_iir1_z30.
DSP Report: operator linienmodule_fast_a_iir1_z30 is absorbed into DSP linienmodule_fast_a_iir1_z30.
DSP Report: operator linienmodule_fast_a_iir1_z30 is absorbed into DSP linienmodule_fast_a_iir1_z30.
DSP Report: Generating DSP linienmodule_fast_a_iir0_z20, operation Mode is: A2*B2.
DSP Report: register linienmodule_fast_a_iir0_z20 is absorbed into DSP linienmodule_fast_a_iir0_z20.
DSP Report: register linienmodule_fast_a_iir0_a10_reg is absorbed into DSP linienmodule_fast_a_iir0_z20.
DSP Report: operator linienmodule_fast_a_iir0_z20 is absorbed into DSP linienmodule_fast_a_iir0_z20.
DSP Report: operator linienmodule_fast_a_iir0_z20 is absorbed into DSP linienmodule_fast_a_iir0_z20.
DSP Report: Generating DSP linienmodule_fast_a_iir0_z20, operation Mode is: (PCIN>>17)+A2*B2.
DSP Report: register linienmodule_fast_a_iir0_y0_reg is absorbed into DSP linienmodule_fast_a_iir0_z20.
DSP Report: register linienmodule_fast_a_iir0_a10_reg is absorbed into DSP linienmodule_fast_a_iir0_z20.
DSP Report: operator linienmodule_fast_a_iir0_z20 is absorbed into DSP linienmodule_fast_a_iir0_z20.
DSP Report: operator linienmodule_fast_a_iir0_z20 is absorbed into DSP linienmodule_fast_a_iir0_z20.
DSP Report: Generating DSP linienmodule_fast_a_iir0_z10, operation Mode is: A2*B2.
DSP Report: register linienmodule_fast_a_iir0_z10 is absorbed into DSP linienmodule_fast_a_iir0_z10.
DSP Report: register linienmodule_fast_a_iir0_b00_reg is absorbed into DSP linienmodule_fast_a_iir0_z10.
DSP Report: operator linienmodule_fast_a_iir0_z10 is absorbed into DSP linienmodule_fast_a_iir0_z10.
DSP Report: operator linienmodule_fast_a_iir0_z10 is absorbed into DSP linienmodule_fast_a_iir0_z10.
DSP Report: Generating DSP linienmodule_fast_a_iir0_z10, operation Mode is: (PCIN>>17)+A2*B2.
DSP Report: register linienmodule_fast_a_limitcsr0_limitcsr0_y0_reg is absorbed into DSP linienmodule_fast_a_iir0_z10.
DSP Report: register linienmodule_fast_a_iir0_b00_reg is absorbed into DSP linienmodule_fast_a_iir0_z10.
DSP Report: operator linienmodule_fast_a_iir0_z10 is absorbed into DSP linienmodule_fast_a_iir0_z10.
DSP Report: operator linienmodule_fast_a_iir0_z10 is absorbed into DSP linienmodule_fast_a_iir0_z10.
DSP Report: Generating DSP linienmodule_fast_a_iir0_z00, operation Mode is: A2*B2.
DSP Report: register linienmodule_fast_a_iir0_z00 is absorbed into DSP linienmodule_fast_a_iir0_z00.
DSP Report: register linienmodule_fast_a_iir0_b10_reg is absorbed into DSP linienmodule_fast_a_iir0_z00.
DSP Report: operator linienmodule_fast_a_iir0_z00 is absorbed into DSP linienmodule_fast_a_iir0_z00.
DSP Report: operator linienmodule_fast_a_iir0_z00 is absorbed into DSP linienmodule_fast_a_iir0_z00.
DSP Report: Generating DSP linienmodule_fast_a_iir0_z00, operation Mode is: (PCIN>>17)+A2*B2.
DSP Report: register linienmodule_fast_a_limitcsr0_limitcsr0_y0_reg is absorbed into DSP linienmodule_fast_a_iir0_z00.
DSP Report: register linienmodule_fast_a_iir0_b10_reg is absorbed into DSP linienmodule_fast_a_iir0_z00.
DSP Report: operator linienmodule_fast_a_iir0_z00 is absorbed into DSP linienmodule_fast_a_iir0_z00.
DSP Report: operator linienmodule_fast_a_iir0_z00 is absorbed into DSP linienmodule_fast_a_iir0_z00.
DSP Report: Generating DSP linienmodule_fast_a_iir0_z70, operation Mode is: A2*B2.
DSP Report: register linienmodule_fast_a_iir0_z70 is absorbed into DSP linienmodule_fast_a_iir0_z70.
DSP Report: register linienmodule_fast_a_iir0_a11_reg is absorbed into DSP linienmodule_fast_a_iir0_z70.
DSP Report: operator linienmodule_fast_a_iir0_z70 is absorbed into DSP linienmodule_fast_a_iir0_z70.
DSP Report: operator linienmodule_fast_a_iir0_z70 is absorbed into DSP linienmodule_fast_a_iir0_z70.
DSP Report: Generating DSP linienmodule_fast_a_iir0_z70, operation Mode is: (PCIN>>17)+A2*B2.
DSP Report: register linienmodule_fast_a_iir0_y1_reg is absorbed into DSP linienmodule_fast_a_iir0_z70.
DSP Report: register linienmodule_fast_a_iir0_a11_reg is absorbed into DSP linienmodule_fast_a_iir0_z70.
DSP Report: operator linienmodule_fast_a_iir0_z70 is absorbed into DSP linienmodule_fast_a_iir0_z70.
DSP Report: operator linienmodule_fast_a_iir0_z70 is absorbed into DSP linienmodule_fast_a_iir0_z70.
DSP Report: Generating DSP linienmodule_fast_a_iir0_z60, operation Mode is: A2*B2.
DSP Report: register linienmodule_fast_a_iir0_z70 is absorbed into DSP linienmodule_fast_a_iir0_z60.
DSP Report: register linienmodule_fast_a_iir0_a2_reg is absorbed into DSP linienmodule_fast_a_iir0_z60.
DSP Report: operator linienmodule_fast_a_iir0_z60 is absorbed into DSP linienmodule_fast_a_iir0_z60.
DSP Report: operator linienmodule_fast_a_iir0_z60 is absorbed into DSP linienmodule_fast_a_iir0_z60.
DSP Report: Generating DSP linienmodule_fast_a_iir0_z60, operation Mode is: (PCIN>>17)+A2*B2.
DSP Report: register linienmodule_fast_a_iir0_y1_reg is absorbed into DSP linienmodule_fast_a_iir0_z60.
DSP Report: register linienmodule_fast_a_iir0_a2_reg is absorbed into DSP linienmodule_fast_a_iir0_z60.
DSP Report: operator linienmodule_fast_a_iir0_z60 is absorbed into DSP linienmodule_fast_a_iir0_z60.
DSP Report: operator linienmodule_fast_a_iir0_z60 is absorbed into DSP linienmodule_fast_a_iir0_z60.
DSP Report: Generating DSP linienmodule_fast_a_iir0_z50, operation Mode is: A2*B2.
DSP Report: register linienmodule_fast_a_iir0_z20 is absorbed into DSP linienmodule_fast_a_iir0_z50.
DSP Report: register linienmodule_fast_a_iir0_b01_reg is absorbed into DSP linienmodule_fast_a_iir0_z50.
DSP Report: operator linienmodule_fast_a_iir0_z50 is absorbed into DSP linienmodule_fast_a_iir0_z50.
DSP Report: operator linienmodule_fast_a_iir0_z50 is absorbed into DSP linienmodule_fast_a_iir0_z50.
DSP Report: Generating DSP linienmodule_fast_a_iir0_z50, operation Mode is: (PCIN>>17)+A2*B2.
DSP Report: register linienmodule_fast_a_iir0_y0_reg is absorbed into DSP linienmodule_fast_a_iir0_z50.
DSP Report: register linienmodule_fast_a_iir0_b01_reg is absorbed into DSP linienmodule_fast_a_iir0_z50.
DSP Report: operator linienmodule_fast_a_iir0_z50 is absorbed into DSP linienmodule_fast_a_iir0_z50.
DSP Report: operator linienmodule_fast_a_iir0_z50 is absorbed into DSP linienmodule_fast_a_iir0_z50.
DSP Report: Generating DSP linienmodule_fast_a_iir0_z40, operation Mode is: A2*B2.
DSP Report: register linienmodule_fast_a_iir0_b11_reg is absorbed into DSP linienmodule_fast_a_iir0_z40.
DSP Report: register linienmodule_fast_a_iir0_z20 is absorbed into DSP linienmodule_fast_a_iir0_z40.
DSP Report: operator linienmodule_fast_a_iir0_z40 is absorbed into DSP linienmodule_fast_a_iir0_z40.
DSP Report: operator linienmodule_fast_a_iir0_z40 is absorbed into DSP linienmodule_fast_a_iir0_z40.
DSP Report: Generating DSP linienmodule_fast_a_iir0_z40, operation Mode is: (PCIN>>17)+A*B2.
DSP Report: register linienmodule_fast_a_iir0_b11_reg is absorbed into DSP linienmodule_fast_a_iir0_z40.
DSP Report: register linienmodule_fast_a_iir0_y0_reg is absorbed into DSP linienmodule_fast_a_iir0_z40.
DSP Report: operator linienmodule_fast_a_iir0_z40 is absorbed into DSP linienmodule_fast_a_iir0_z40.
DSP Report: operator linienmodule_fast_a_iir0_z40 is absorbed into DSP linienmodule_fast_a_iir0_z40.
DSP Report: Generating DSP linienmodule_fast_a_iir0_z30, operation Mode is: A2*B2.
DSP Report: register linienmodule_fast_a_iir0_b2_reg is absorbed into DSP linienmodule_fast_a_iir0_z30.
DSP Report: register linienmodule_fast_a_iir0_z20 is absorbed into DSP linienmodule_fast_a_iir0_z30.
DSP Report: operator linienmodule_fast_a_iir0_z30 is absorbed into DSP linienmodule_fast_a_iir0_z30.
DSP Report: operator linienmodule_fast_a_iir0_z30 is absorbed into DSP linienmodule_fast_a_iir0_z30.
DSP Report: Generating DSP linienmodule_fast_a_iir0_z30, operation Mode is: (PCIN>>17)+A*B2.
DSP Report: register linienmodule_fast_a_iir0_b2_reg is absorbed into DSP linienmodule_fast_a_iir0_z30.
DSP Report: register linienmodule_fast_a_iir0_y0_reg is absorbed into DSP linienmodule_fast_a_iir0_z30.
DSP Report: operator linienmodule_fast_a_iir0_z30 is absorbed into DSP linienmodule_fast_a_iir0_z30.
DSP Report: operator linienmodule_fast_a_iir0_z30 is absorbed into DSP linienmodule_fast_a_iir0_z30.
DSP Report: Generating DSP linienmodule_fast_b_iir0_z20, operation Mode is: A2*B2.
DSP Report: register linienmodule_fast_b_iir0_z30 is absorbed into DSP linienmodule_fast_b_iir0_z20.
DSP Report: register linienmodule_fast_b_iir0_a10_reg is absorbed into DSP linienmodule_fast_b_iir0_z20.
DSP Report: operator linienmodule_fast_b_iir0_z20 is absorbed into DSP linienmodule_fast_b_iir0_z20.
DSP Report: operator linienmodule_fast_b_iir0_z20 is absorbed into DSP linienmodule_fast_b_iir0_z20.
DSP Report: Generating DSP linienmodule_fast_b_iir0_z20, operation Mode is: (PCIN>>17)+A2*B2.
DSP Report: register linienmodule_fast_b_iir0_y0_reg is absorbed into DSP linienmodule_fast_b_iir0_z20.
DSP Report: register linienmodule_fast_b_iir0_a10_reg is absorbed into DSP linienmodule_fast_b_iir0_z20.
DSP Report: operator linienmodule_fast_b_iir0_z20 is absorbed into DSP linienmodule_fast_b_iir0_z20.
DSP Report: operator linienmodule_fast_b_iir0_z20 is absorbed into DSP linienmodule_fast_b_iir0_z20.
DSP Report: Generating DSP linienmodule_fast_b_iir0_z10, operation Mode is: A2*B2.
DSP Report: register linienmodule_fast_b_iir0_z10 is absorbed into DSP linienmodule_fast_b_iir0_z10.
DSP Report: register linienmodule_fast_b_iir0_b00_reg is absorbed into DSP linienmodule_fast_b_iir0_z10.
DSP Report: operator linienmodule_fast_b_iir0_z10 is absorbed into DSP linienmodule_fast_b_iir0_z10.
DSP Report: operator linienmodule_fast_b_iir0_z10 is absorbed into DSP linienmodule_fast_b_iir0_z10.
DSP Report: Generating DSP linienmodule_fast_b_iir0_z10, operation Mode is: (PCIN>>17)+A2*B2.
DSP Report: register linienmodule_fast_b_limitcsr0_limitcsr0_y0_reg is absorbed into DSP linienmodule_fast_b_iir0_z10.
DSP Report: register linienmodule_fast_b_iir0_b00_reg is absorbed into DSP linienmodule_fast_b_iir0_z10.
DSP Report: operator linienmodule_fast_b_iir0_z10 is absorbed into DSP linienmodule_fast_b_iir0_z10.
DSP Report: operator linienmodule_fast_b_iir0_z10 is absorbed into DSP linienmodule_fast_b_iir0_z10.
DSP Report: Generating DSP linienmodule_fast_b_iir0_z00, operation Mode is: A2*B2.
DSP Report: register linienmodule_fast_b_iir0_z00 is absorbed into DSP linienmodule_fast_b_iir0_z00.
DSP Report: register linienmodule_fast_b_iir0_b10_reg is absorbed into DSP linienmodule_fast_b_iir0_z00.
DSP Report: operator linienmodule_fast_b_iir0_z00 is absorbed into DSP linienmodule_fast_b_iir0_z00.
DSP Report: operator linienmodule_fast_b_iir0_z00 is absorbed into DSP linienmodule_fast_b_iir0_z00.
DSP Report: Generating DSP linienmodule_fast_b_iir0_z00, operation Mode is: (PCIN>>17)+A2*B2.
DSP Report: register linienmodule_fast_b_limitcsr0_limitcsr0_y0_reg is absorbed into DSP linienmodule_fast_b_iir0_z00.
DSP Report: register linienmodule_fast_b_iir0_b10_reg is absorbed into DSP linienmodule_fast_b_iir0_z00.
DSP Report: operator linienmodule_fast_b_iir0_z00 is absorbed into DSP linienmodule_fast_b_iir0_z00.
DSP Report: operator linienmodule_fast_b_iir0_z00 is absorbed into DSP linienmodule_fast_b_iir0_z00.
DSP Report: Generating DSP linienmodule_fast_b_iir0_z70, operation Mode is: A2*B2.
DSP Report: register linienmodule_fast_b_iir0_z60 is absorbed into DSP linienmodule_fast_b_iir0_z70.
DSP Report: register linienmodule_fast_b_iir0_a11_reg is absorbed into DSP linienmodule_fast_b_iir0_z70.
DSP Report: operator linienmodule_fast_b_iir0_z70 is absorbed into DSP linienmodule_fast_b_iir0_z70.
DSP Report: operator linienmodule_fast_b_iir0_z70 is absorbed into DSP linienmodule_fast_b_iir0_z70.
DSP Report: Generating DSP linienmodule_fast_b_iir0_z70, operation Mode is: (PCIN>>17)+A2*B2.
DSP Report: register linienmodule_fast_b_iir0_y1_reg is absorbed into DSP linienmodule_fast_b_iir0_z70.
DSP Report: register linienmodule_fast_b_iir0_a11_reg is absorbed into DSP linienmodule_fast_b_iir0_z70.
DSP Report: operator linienmodule_fast_b_iir0_z70 is absorbed into DSP linienmodule_fast_b_iir0_z70.
DSP Report: operator linienmodule_fast_b_iir0_z70 is absorbed into DSP linienmodule_fast_b_iir0_z70.
DSP Report: Generating DSP linienmodule_fast_b_iir0_z60, operation Mode is: A2*B2.
DSP Report: register linienmodule_fast_b_iir0_z60 is absorbed into DSP linienmodule_fast_b_iir0_z60.
DSP Report: register linienmodule_fast_b_iir0_a2_reg is absorbed into DSP linienmodule_fast_b_iir0_z60.
DSP Report: operator linienmodule_fast_b_iir0_z60 is absorbed into DSP linienmodule_fast_b_iir0_z60.
DSP Report: operator linienmodule_fast_b_iir0_z60 is absorbed into DSP linienmodule_fast_b_iir0_z60.
DSP Report: Generating DSP linienmodule_fast_b_iir0_z60, operation Mode is: (PCIN>>17)+A2*B2.
DSP Report: register linienmodule_fast_b_iir0_y1_reg is absorbed into DSP linienmodule_fast_b_iir0_z60.
DSP Report: register linienmodule_fast_b_iir0_a2_reg is absorbed into DSP linienmodule_fast_b_iir0_z60.
DSP Report: operator linienmodule_fast_b_iir0_z60 is absorbed into DSP linienmodule_fast_b_iir0_z60.
DSP Report: operator linienmodule_fast_b_iir0_z60 is absorbed into DSP linienmodule_fast_b_iir0_z60.
DSP Report: Generating DSP linienmodule_fast_b_iir0_z50, operation Mode is: A2*B2.
DSP Report: register linienmodule_fast_b_iir0_z30 is absorbed into DSP linienmodule_fast_b_iir0_z50.
DSP Report: register linienmodule_fast_b_iir0_b01_reg is absorbed into DSP linienmodule_fast_b_iir0_z50.
DSP Report: operator linienmodule_fast_b_iir0_z50 is absorbed into DSP linienmodule_fast_b_iir0_z50.
DSP Report: operator linienmodule_fast_b_iir0_z50 is absorbed into DSP linienmodule_fast_b_iir0_z50.
DSP Report: Generating DSP linienmodule_fast_b_iir0_z50, operation Mode is: (PCIN>>17)+A2*B2.
DSP Report: register linienmodule_fast_b_iir0_y0_reg is absorbed into DSP linienmodule_fast_b_iir0_z50.
DSP Report: register linienmodule_fast_b_iir0_b01_reg is absorbed into DSP linienmodule_fast_b_iir0_z50.
DSP Report: operator linienmodule_fast_b_iir0_z50 is absorbed into DSP linienmodule_fast_b_iir0_z50.
DSP Report: operator linienmodule_fast_b_iir0_z50 is absorbed into DSP linienmodule_fast_b_iir0_z50.
DSP Report: Generating DSP linienmodule_fast_b_iir0_z40, operation Mode is: A2*B2.
DSP Report: register linienmodule_fast_b_iir0_b11_reg is absorbed into DSP linienmodule_fast_b_iir0_z40.
DSP Report: register linienmodule_fast_b_iir0_z30 is absorbed into DSP linienmodule_fast_b_iir0_z40.
DSP Report: operator linienmodule_fast_b_iir0_z40 is absorbed into DSP linienmodule_fast_b_iir0_z40.
DSP Report: operator linienmodule_fast_b_iir0_z40 is absorbed into DSP linienmodule_fast_b_iir0_z40.
DSP Report: Generating DSP linienmodule_fast_b_iir0_z40, operation Mode is: (PCIN>>17)+A*B2.
DSP Report: register linienmodule_fast_b_iir0_b11_reg is absorbed into DSP linienmodule_fast_b_iir0_z40.
DSP Report: register linienmodule_fast_b_iir0_y0_reg is absorbed into DSP linienmodule_fast_b_iir0_z40.
DSP Report: operator linienmodule_fast_b_iir0_z40 is absorbed into DSP linienmodule_fast_b_iir0_z40.
DSP Report: operator linienmodule_fast_b_iir0_z40 is absorbed into DSP linienmodule_fast_b_iir0_z40.
DSP Report: Generating DSP linienmodule_fast_b_iir0_z30, operation Mode is: A2*B2.
DSP Report: register linienmodule_fast_b_iir0_b2_reg is absorbed into DSP linienmodule_fast_b_iir0_z30.
DSP Report: register linienmodule_fast_b_iir0_z30 is absorbed into DSP linienmodule_fast_b_iir0_z30.
DSP Report: operator linienmodule_fast_b_iir0_z30 is absorbed into DSP linienmodule_fast_b_iir0_z30.
DSP Report: operator linienmodule_fast_b_iir0_z30 is absorbed into DSP linienmodule_fast_b_iir0_z30.
DSP Report: Generating DSP linienmodule_fast_b_iir0_z30, operation Mode is: (PCIN>>17)+A*B2.
DSP Report: register linienmodule_fast_b_iir0_b2_reg is absorbed into DSP linienmodule_fast_b_iir0_z30.
DSP Report: register linienmodule_fast_b_iir0_y0_reg is absorbed into DSP linienmodule_fast_b_iir0_z30.
DSP Report: operator linienmodule_fast_b_iir0_z30 is absorbed into DSP linienmodule_fast_b_iir0_z30.
DSP Report: operator linienmodule_fast_b_iir0_z30 is absorbed into DSP linienmodule_fast_b_iir0_z30.
DSP Report: Generating DSP linienmodule_fast_b_iir1_z20, operation Mode is: A2*B2.
DSP Report: register linienmodule_fast_b_iir1_z30 is absorbed into DSP linienmodule_fast_b_iir1_z20.
DSP Report: register linienmodule_fast_b_iir1_a10_reg is absorbed into DSP linienmodule_fast_b_iir1_z20.
DSP Report: operator linienmodule_fast_b_iir1_z20 is absorbed into DSP linienmodule_fast_b_iir1_z20.
DSP Report: operator linienmodule_fast_b_iir1_z20 is absorbed into DSP linienmodule_fast_b_iir1_z20.
DSP Report: Generating DSP linienmodule_fast_b_iir1_z20, operation Mode is: (PCIN>>17)+A2*B2.
DSP Report: register linienmodule_fast_b_iir1_y0_reg is absorbed into DSP linienmodule_fast_b_iir1_z20.
DSP Report: register linienmodule_fast_b_iir1_a10_reg is absorbed into DSP linienmodule_fast_b_iir1_z20.
DSP Report: operator linienmodule_fast_b_iir1_z20 is absorbed into DSP linienmodule_fast_b_iir1_z20.
DSP Report: operator linienmodule_fast_b_iir1_z20 is absorbed into DSP linienmodule_fast_b_iir1_z20.
DSP Report: Generating DSP linienmodule_fast_b_iir1_z10, operation Mode is: A2*B2.
DSP Report: register linienmodule_fast_b_iir1_z10 is absorbed into DSP linienmodule_fast_b_iir1_z10.
DSP Report: register linienmodule_fast_b_iir1_b00_reg is absorbed into DSP linienmodule_fast_b_iir1_z10.
DSP Report: operator linienmodule_fast_b_iir1_z10 is absorbed into DSP linienmodule_fast_b_iir1_z10.
DSP Report: operator linienmodule_fast_b_iir1_z10 is absorbed into DSP linienmodule_fast_b_iir1_z10.
DSP Report: Generating DSP linienmodule_fast_b_iir1_z10, operation Mode is: (PCIN>>17)+A2*B2.
DSP Report: register linienmodule_fast_b_limitcsr1_limitcsr1_y0_reg is absorbed into DSP linienmodule_fast_b_iir1_z10.
DSP Report: register linienmodule_fast_b_iir1_b00_reg is absorbed into DSP linienmodule_fast_b_iir1_z10.
DSP Report: operator linienmodule_fast_b_iir1_z10 is absorbed into DSP linienmodule_fast_b_iir1_z10.
DSP Report: operator linienmodule_fast_b_iir1_z10 is absorbed into DSP linienmodule_fast_b_iir1_z10.
DSP Report: Generating DSP linienmodule_fast_b_iir1_z00, operation Mode is: A2*B2.
DSP Report: register linienmodule_fast_b_iir1_z00 is absorbed into DSP linienmodule_fast_b_iir1_z00.
DSP Report: register linienmodule_fast_b_iir1_b10_reg is absorbed into DSP linienmodule_fast_b_iir1_z00.
DSP Report: operator linienmodule_fast_b_iir1_z00 is absorbed into DSP linienmodule_fast_b_iir1_z00.
DSP Report: operator linienmodule_fast_b_iir1_z00 is absorbed into DSP linienmodule_fast_b_iir1_z00.
DSP Report: Generating DSP linienmodule_fast_b_iir1_z00, operation Mode is: (PCIN>>17)+A2*B2.
DSP Report: register linienmodule_fast_b_limitcsr1_limitcsr1_y0_reg is absorbed into DSP linienmodule_fast_b_iir1_z00.
DSP Report: register linienmodule_fast_b_iir1_b10_reg is absorbed into DSP linienmodule_fast_b_iir1_z00.
DSP Report: operator linienmodule_fast_b_iir1_z00 is absorbed into DSP linienmodule_fast_b_iir1_z00.
DSP Report: operator linienmodule_fast_b_iir1_z00 is absorbed into DSP linienmodule_fast_b_iir1_z00.
DSP Report: Generating DSP linienmodule_fast_b_iir1_z70, operation Mode is: A2*B2.
DSP Report: register linienmodule_fast_b_iir1_z60 is absorbed into DSP linienmodule_fast_b_iir1_z70.
DSP Report: register linienmodule_fast_b_iir1_a11_reg is absorbed into DSP linienmodule_fast_b_iir1_z70.
DSP Report: operator linienmodule_fast_b_iir1_z70 is absorbed into DSP linienmodule_fast_b_iir1_z70.
DSP Report: operator linienmodule_fast_b_iir1_z70 is absorbed into DSP linienmodule_fast_b_iir1_z70.
DSP Report: Generating DSP linienmodule_fast_b_iir1_z70, operation Mode is: (PCIN>>17)+A2*B2.
DSP Report: register linienmodule_fast_b_iir1_y1_reg is absorbed into DSP linienmodule_fast_b_iir1_z70.
DSP Report: register linienmodule_fast_b_iir1_a11_reg is absorbed into DSP linienmodule_fast_b_iir1_z70.
DSP Report: operator linienmodule_fast_b_iir1_z70 is absorbed into DSP linienmodule_fast_b_iir1_z70.
DSP Report: operator linienmodule_fast_b_iir1_z70 is absorbed into DSP linienmodule_fast_b_iir1_z70.
DSP Report: Generating DSP linienmodule_fast_b_iir1_z60, operation Mode is: A2*B2.
DSP Report: register linienmodule_fast_b_iir1_z60 is absorbed into DSP linienmodule_fast_b_iir1_z60.
DSP Report: register linienmodule_fast_b_iir1_a2_reg is absorbed into DSP linienmodule_fast_b_iir1_z60.
DSP Report: operator linienmodule_fast_b_iir1_z60 is absorbed into DSP linienmodule_fast_b_iir1_z60.
DSP Report: operator linienmodule_fast_b_iir1_z60 is absorbed into DSP linienmodule_fast_b_iir1_z60.
DSP Report: Generating DSP linienmodule_fast_b_iir1_z60, operation Mode is: (PCIN>>17)+A2*B2.
DSP Report: register linienmodule_fast_b_iir1_y1_reg is absorbed into DSP linienmodule_fast_b_iir1_z60.
DSP Report: register linienmodule_fast_b_iir1_a2_reg is absorbed into DSP linienmodule_fast_b_iir1_z60.
DSP Report: operator linienmodule_fast_b_iir1_z60 is absorbed into DSP linienmodule_fast_b_iir1_z60.
DSP Report: operator linienmodule_fast_b_iir1_z60 is absorbed into DSP linienmodule_fast_b_iir1_z60.
DSP Report: Generating DSP linienmodule_fast_b_iir1_z50, operation Mode is: A2*B2.
DSP Report: register linienmodule_fast_b_iir1_z30 is absorbed into DSP linienmodule_fast_b_iir1_z50.
DSP Report: register linienmodule_fast_b_iir1_b01_reg is absorbed into DSP linienmodule_fast_b_iir1_z50.
DSP Report: operator linienmodule_fast_b_iir1_z50 is absorbed into DSP linienmodule_fast_b_iir1_z50.
DSP Report: operator linienmodule_fast_b_iir1_z50 is absorbed into DSP linienmodule_fast_b_iir1_z50.
DSP Report: Generating DSP linienmodule_fast_b_iir1_z50, operation Mode is: (PCIN>>17)+A2*B2.
DSP Report: register linienmodule_fast_b_iir1_y0_reg is absorbed into DSP linienmodule_fast_b_iir1_z50.
DSP Report: register linienmodule_fast_b_iir1_b01_reg is absorbed into DSP linienmodule_fast_b_iir1_z50.
DSP Report: operator linienmodule_fast_b_iir1_z50 is absorbed into DSP linienmodule_fast_b_iir1_z50.
DSP Report: operator linienmodule_fast_b_iir1_z50 is absorbed into DSP linienmodule_fast_b_iir1_z50.
DSP Report: Generating DSP linienmodule_fast_b_iir1_z40, operation Mode is: A2*B2.
DSP Report: register linienmodule_fast_b_iir1_b11_reg is absorbed into DSP linienmodule_fast_b_iir1_z40.
DSP Report: register linienmodule_fast_b_iir1_z30 is absorbed into DSP linienmodule_fast_b_iir1_z40.
DSP Report: operator linienmodule_fast_b_iir1_z40 is absorbed into DSP linienmodule_fast_b_iir1_z40.
DSP Report: operator linienmodule_fast_b_iir1_z40 is absorbed into DSP linienmodule_fast_b_iir1_z40.
DSP Report: Generating DSP linienmodule_fast_b_iir1_z40, operation Mode is: (PCIN>>17)+A*B2.
DSP Report: register linienmodule_fast_b_iir1_b11_reg is absorbed into DSP linienmodule_fast_b_iir1_z40.
DSP Report: register linienmodule_fast_b_iir1_y0_reg is absorbed into DSP linienmodule_fast_b_iir1_z40.
DSP Report: operator linienmodule_fast_b_iir1_z40 is absorbed into DSP linienmodule_fast_b_iir1_z40.
DSP Report: operator linienmodule_fast_b_iir1_z40 is absorbed into DSP linienmodule_fast_b_iir1_z40.
DSP Report: Generating DSP linienmodule_fast_b_iir1_z30, operation Mode is: A2*B2.
DSP Report: register linienmodule_fast_b_iir1_b2_reg is absorbed into DSP linienmodule_fast_b_iir1_z30.
DSP Report: register linienmodule_fast_b_iir1_z30 is absorbed into DSP linienmodule_fast_b_iir1_z30.
DSP Report: operator linienmodule_fast_b_iir1_z30 is absorbed into DSP linienmodule_fast_b_iir1_z30.
DSP Report: operator linienmodule_fast_b_iir1_z30 is absorbed into DSP linienmodule_fast_b_iir1_z30.
DSP Report: Generating DSP linienmodule_fast_b_iir1_z30, operation Mode is: (PCIN>>17)+A*B2.
DSP Report: register linienmodule_fast_b_iir1_b2_reg is absorbed into DSP linienmodule_fast_b_iir1_z30.
DSP Report: register linienmodule_fast_b_iir1_y0_reg is absorbed into DSP linienmodule_fast_b_iir1_z30.
DSP Report: operator linienmodule_fast_b_iir1_z30 is absorbed into DSP linienmodule_fast_b_iir1_z30.
DSP Report: operator linienmodule_fast_b_iir1_z30 is absorbed into DSP linienmodule_fast_b_iir1_z30.
WARNING: [Synth 8-3917] design top has port adc_clk[1] driven by constant 1
WARNING: [Synth 8-3917] design top has port adc_clk[0] driven by constant 0
WARNING: [Synth 8-3917] design top has port adc_cdcs driven by constant 1
---------------------------------------------------------------------------------
Finished Cross Boundary and Area Optimization : Time (s): cpu = 00:01:46 ; elapsed = 00:01:52 . Memory (MB): peak = 1808.598 ; gain = 1061.035
---------------------------------------------------------------------------------
WARNING: [Synth 8-3323] Resources of type DSP have been overutilized. Used = 97, Available = 80. Use report_utilization command for details.
 Sort Area is top__GCB2 p_1_out_15 : 0 0 : 2570 2570 : Used 1 time 100
 Sort Area is top__GCB2 p_1_out_16 : 0 0 : 2570 2570 : Used 1 time 100
 Sort Area is top__GCB0 p_1_out_7 : 0 0 : 2570 2570 : Used 1 time 100
 Sort Area is top__GCB4 linienmodule_fast_a_iir0_z00_25 : 0 0 : 3449 4806 : Used 1 time 0
 Sort Area is top__GCB4 linienmodule_fast_a_iir0_z00_25 : 0 1 : 1357 4806 : Used 1 time 0
 Sort Area is top__GCB4 linienmodule_fast_a_iir0_z10_26 : 0 0 : 3449 4806 : Used 1 time 0
 Sort Area is top__GCB4 linienmodule_fast_a_iir0_z10_26 : 0 1 : 1357 4806 : Used 1 time 0
 Sort Area is top__GCB4 linienmodule_fast_a_iir0_z20_27 : 0 0 : 3449 4806 : Used 1 time 0
 Sort Area is top__GCB4 linienmodule_fast_a_iir0_z20_27 : 0 1 : 1357 4806 : Used 1 time 0
 Sort Area is top__GCB4 linienmodule_fast_a_iir0_z30_28 : 0 0 : 3449 4806 : Used 1 time 0
 Sort Area is top__GCB4 linienmodule_fast_a_iir0_z30_28 : 0 1 : 1357 4806 : Used 1 time 0
 Sort Area is top__GCB4 linienmodule_fast_a_iir0_z40_29 : 0 0 : 3449 4806 : Used 1 time 0
 Sort Area is top__GCB4 linienmodule_fast_a_iir0_z40_29 : 0 1 : 1357 4806 : Used 1 time 0
 Sort Area is top__GCB4 linienmodule_fast_a_iir0_z50_2a : 0 0 : 3449 4806 : Used 1 time 0
 Sort Area is top__GCB4 linienmodule_fast_a_iir0_z50_2a : 0 1 : 1357 4806 : Used 1 time 0
 Sort Area is top__GCB4 linienmodule_fast_a_iir0_z60_2b : 0 0 : 3449 4806 : Used 1 time 0
 Sort Area is top__GCB4 linienmodule_fast_a_iir0_z60_2b : 0 1 : 1357 4806 : Used 1 time 0
 Sort Area is top__GCB4 linienmodule_fast_a_iir0_z70_2c : 0 0 : 3449 4806 : Used 1 time 0
 Sort Area is top__GCB4 linienmodule_fast_a_iir0_z70_2c : 0 1 : 1357 4806 : Used 1 time 0
 Sort Area is top__GCB4 linienmodule_fast_a_iir1_z00_1d : 0 0 : 3449 4806 : Used 1 time 0
 Sort Area is top__GCB4 linienmodule_fast_a_iir1_z00_1d : 0 1 : 1357 4806 : Used 1 time 0
 Sort Area is top__GCB4 linienmodule_fast_a_iir1_z10_1e : 0 0 : 3449 4806 : Used 1 time 0
 Sort Area is top__GCB4 linienmodule_fast_a_iir1_z10_1e : 0 1 : 1357 4806 : Used 1 time 0
 Sort Area is top__GCB4 linienmodule_fast_a_iir1_z20_1f : 0 0 : 3449 4806 : Used 1 time 0
 Sort Area is top__GCB4 linienmodule_fast_a_iir1_z20_1f : 0 1 : 1357 4806 : Used 1 time 0
 Sort Area is top__GCB4 linienmodule_fast_a_iir1_z30_20 : 0 0 : 3449 4806 : Used 1 time 0
 Sort Area is top__GCB4 linienmodule_fast_a_iir1_z30_20 : 0 1 : 1357 4806 : Used 1 time 0
 Sort Area is top__GCB4 linienmodule_fast_a_iir1_z40_21 : 0 0 : 3449 4806 : Used 1 time 0
 Sort Area is top__GCB4 linienmodule_fast_a_iir1_z40_21 : 0 1 : 1357 4806 : Used 1 time 0
 Sort Area is top__GCB4 linienmodule_fast_a_iir1_z50_22 : 0 0 : 3449 4806 : Used 1 time 0
 Sort Area is top__GCB4 linienmodule_fast_a_iir1_z50_22 : 0 1 : 1357 4806 : Used 1 time 0
 Sort Area is top__GCB4 linienmodule_fast_a_iir1_z60_23 : 0 0 : 3449 4806 : Used 1 time 0
 Sort Area is top__GCB4 linienmodule_fast_a_iir1_z60_23 : 0 1 : 1357 4806 : Used 1 time 0
 Sort Area is top__GCB4 linienmodule_fast_a_iir1_z70_24 : 0 0 : 3449 4806 : Used 1 time 0
 Sort Area is top__GCB4 linienmodule_fast_a_iir1_z70_24 : 0 1 : 1357 4806 : Used 1 time 0
 Sort Area is top__GCB4 linienmodule_fast_b_iir0_z00_2d : 0 0 : 3449 4806 : Used 1 time 0
 Sort Area is top__GCB4 linienmodule_fast_b_iir0_z00_2d : 0 1 : 1357 4806 : Used 1 time 0
 Sort Area is top__GCB4 linienmodule_fast_b_iir0_z10_2e : 0 0 : 3449 4806 : Used 1 time 0
 Sort Area is top__GCB4 linienmodule_fast_b_iir0_z10_2e : 0 1 : 1357 4806 : Used 1 time 0
 Sort Area is top__GCB4 linienmodule_fast_b_iir0_z20_2f : 0 0 : 3449 4806 : Used 1 time 0
 Sort Area is top__GCB4 linienmodule_fast_b_iir0_z20_2f : 0 1 : 1357 4806 : Used 1 time 0
 Sort Area is top__GCB4 linienmodule_fast_b_iir0_z30_30 : 0 0 : 3449 4806 : Used 1 time 0
 Sort Area is top__GCB4 linienmodule_fast_b_iir0_z30_30 : 0 1 : 1357 4806 : Used 1 time 0
 Sort Area is top__GCB4 linienmodule_fast_b_iir0_z40_31 : 0 0 : 3449 4806 : Used 1 time 0
 Sort Area is top__GCB4 linienmodule_fast_b_iir0_z40_31 : 0 1 : 1357 4806 : Used 1 time 0
 Sort Area is top__GCB4 linienmodule_fast_b_iir0_z50_32 : 0 0 : 3449 4806 : Used 1 time 0
 Sort Area is top__GCB4 linienmodule_fast_b_iir0_z50_32 : 0 1 : 1357 4806 : Used 1 time 0
 Sort Area is top__GCB4 linienmodule_fast_b_iir0_z60_33 : 0 0 : 3449 4806 : Used 1 time 0
 Sort Area is top__GCB4 linienmodule_fast_b_iir0_z60_33 : 0 1 : 1357 4806 : Used 1 time 0
 Sort Area is top__GCB4 linienmodule_fast_b_iir0_z70_34 : 0 0 : 3449 4806 : Used 1 time 0
 Sort Area is top__GCB4 linienmodule_fast_b_iir0_z70_34 : 0 1 : 1357 4806 : Used 1 time 0
 Sort Area is top__GCB4 linienmodule_fast_b_iir1_z00_35 : 0 0 : 3449 4806 : Used 1 time 0
 Sort Area is top__GCB4 linienmodule_fast_b_iir1_z00_35 : 0 1 : 1357 4806 : Used 1 time 0
 Sort Area is top__GCB4 linienmodule_fast_b_iir1_z10_36 : 0 0 : 3449 4806 : Used 1 time 0
 Sort Area is top__GCB4 linienmodule_fast_b_iir1_z10_36 : 0 1 : 1357 4806 : Used 1 time 0
 Sort Area is top__GCB4 linienmodule_fast_b_iir1_z20_37 : 0 0 : 3449 4806 : Used 1 time 0
 Sort Area is top__GCB4 linienmodule_fast_b_iir1_z20_37 : 0 1 : 1357 4806 : Used 1 time 0
 Sort Area is top__GCB4 linienmodule_fast_b_iir1_z30_38 : 0 0 : 3449 4806 : Used 1 time 0
 Sort Area is top__GCB4 linienmodule_fast_b_iir1_z30_38 : 0 1 : 1357 4806 : Used 1 time 0
 Sort Area is top__GCB4 linienmodule_fast_b_iir1_z40_39 : 0 0 : 3449 4806 : Used 1 time 0
 Sort Area is top__GCB4 linienmodule_fast_b_iir1_z40_39 : 0 1 : 1357 4806 : Used 1 time 0
 Sort Area is top__GCB4 linienmodule_fast_b_iir1_z50_3a : 0 0 : 3449 4806 : Used 1 time 0
 Sort Area is top__GCB4 linienmodule_fast_b_iir1_z50_3a : 0 1 : 1357 4806 : Used 1 time 0
 Sort Area is top__GCB4 linienmodule_fast_b_iir1_z60_3b : 0 0 : 3449 4806 : Used 1 time 0
 Sort Area is top__GCB4 linienmodule_fast_b_iir1_z60_3b : 0 1 : 1357 4806 : Used 1 time 0
 Sort Area is top__GCB4 linienmodule_fast_b_iir1_z70_3c : 0 0 : 3449 4806 : Used 1 time 0
 Sort Area is top__GCB4 linienmodule_fast_b_iir1_z70_3c : 0 1 : 1357 4806 : Used 1 time 0
 Sort Area is top__GCB3 linienmodule_raw_acquisition_iir_z00_17 : 0 0 : 3449 4806 : Used 1 time 0
 Sort Area is top__GCB3 linienmodule_raw_acquisition_iir_z00_17 : 0 1 : 1357 4806 : Used 1 time 0
 Sort Area is top__GCB0 linienmodule_raw_acquisition_iir_z100_4 : 0 0 : 3449 4806 : Used 1 time 0
 Sort Area is top__GCB0 linienmodule_raw_acquisition_iir_z100_4 : 0 1 : 1357 4806 : Used 1 time 0
 Sort Area is top__GCB3 linienmodule_raw_acquisition_iir_z10_18 : 0 0 : 3449 4806 : Used 1 time 0
 Sort Area is top__GCB3 linienmodule_raw_acquisition_iir_z10_18 : 0 1 : 1357 4806 : Used 1 time 0
 Sort Area is top__GCB3 linienmodule_raw_acquisition_iir_z20_19 : 0 0 : 3449 4806 : Used 1 time 0
 Sort Area is top__GCB3 linienmodule_raw_acquisition_iir_z20_19 : 0 1 : 1357 4806 : Used 1 time 0
 Sort Area is top__GCB3 linienmodule_raw_acquisition_iir_z30_1a : 0 0 : 3449 4806 : Used 1 time 0
 Sort Area is top__GCB3 linienmodule_raw_acquisition_iir_z30_1a : 0 1 : 1357 4806 : Used 1 time 0
 Sort Area is top__GCB3 linienmodule_raw_acquisition_iir_z40_1b : 0 0 : 3449 4806 : Used 1 time 0
 Sort Area is top__GCB3 linienmodule_raw_acquisition_iir_z40_1b : 0 1 : 1357 4806 : Used 1 time 0
 Sort Area is top__GCB3 linienmodule_raw_acquisition_iir_z50_1c : 0 0 : 3449 4806 : Used 1 time 0
 Sort Area is top__GCB3 linienmodule_raw_acquisition_iir_z50_1c : 0 1 : 1357 4806 : Used 1 time 0
 Sort Area is top__GCB2 linienmodule_raw_acquisition_iir_z60_11 : 0 0 : 3449 4806 : Used 1 time 0
 Sort Area is top__GCB2 linienmodule_raw_acquisition_iir_z60_11 : 0 1 : 1357 4806 : Used 1 time 0
 Sort Area is top__GCB2 linienmodule_raw_acquisition_iir_z70_12 : 0 0 : 3449 4806 : Used 1 time 0
 Sort Area is top__GCB2 linienmodule_raw_acquisition_iir_z70_12 : 0 1 : 1357 4806 : Used 1 time 0
 Sort Area is top__GCB2 linienmodule_raw_acquisition_iir_z80_13 : 0 0 : 3449 4806 : Used 1 time 0
 Sort Area is top__GCB2 linienmodule_raw_acquisition_iir_z80_13 : 0 1 : 1357 4806 : Used 1 time 0
 Sort Area is top__GCB2 linienmodule_raw_acquisition_iir_z90_14 : 0 0 : 3449 4806 : Used 1 time 0
 Sort Area is top__GCB2 linienmodule_raw_acquisition_iir_z90_14 : 0 1 : 1357 4806 : Used 1 time 0
 Sort Area is top__GCB2 mult_reg0_e : 0 0 : 2027 3813 : Used 1 time 0
 Sort Area is top__GCB2 mult_reg0_e : 0 1 : 1786 3813 : Used 1 time 0
 Sort Area is top__GCB1 linienmodule_mixed2_b : 0 0 : 1654 1959 : Used 1 time 0
 Sort Area is top__GCB1 linienmodule_mixed2_b : 0 1 : 305 1959 : Used 1 time 0
 Sort Area is top__GCB1 linienmodule_mixed2_9 : 0 0 : 1583 1583 : Used 1 time 0
 Sort Area is top__GCB0 linienmodule_slowchain_kd_mult_2 : 0 0 : 1578 1578 : Used 1 time 0
 Sort Area is top__GCB0 linienmodule_slowchain_ki_mult0_3 : 0 0 : 1578 1578 : Used 1 time 0
 Sort Area is top__GCB0 linienmodule_slowchain_kp_mult_0 : 0 0 : 1578 1578 : Used 1 time 0
 DSP resource Status: linienmodule_slowchain_ki_mult0_3 0 1578 1578: Used 1 time : Rejected (96 > 80) uniquify 0 
 DSP resource Status: linienmodule_slowchain_kd_mult_2 0 1578 1578: Used 1 time : Rejected (95 > 80) uniquify 0 
 DSP resource Status: linienmodule_slowchain_kp_mult_0 0 1578 1578: Used 1 time : Rejected (97 > 80) uniquify 0 
 DSP resource Status: linienmodule_raw_acquisition_iir_z100_4 0 4806 3449: Used 1 time : Accepted (70 < 80) uniquify 0 
 DSP resource Status: linienmodule_raw_acquisition_iir_z100_4 1 4806 1357: Used 1 time : Accepted (71 < 80) uniquify 0 
 DSP resource Status: p_1_out_7 0 2570 2570: Used 1 time : Accepted (3 < 80) uniquify 0 
DSP Report: Generating DSP linienmodule_raw_acquisition_iir_z100, operation Mode is (post resource management): A2*B2.
DSP Report: register linienmodule_raw_acquisition_iir_z100 is absorbed into DSP linienmodule_raw_acquisition_iir_z100.
DSP Report: register linienmodule_raw_acquisition_iir_a1_reg is absorbed into DSP linienmodule_raw_acquisition_iir_z100.
DSP Report: operator linienmodule_raw_acquisition_iir_z100 is absorbed into DSP linienmodule_raw_acquisition_iir_z100.
DSP Report: operator linienmodule_raw_acquisition_iir_z100 is absorbed into DSP linienmodule_raw_acquisition_iir_z100.
DSP Report: Generating DSP linienmodule_raw_acquisition_iir_z100, operation Mode is (post resource management): (PCIN>>17)+A2*B2.
DSP Report: register linienmodule_raw_acquisition_iir_y_reg is absorbed into DSP linienmodule_raw_acquisition_iir_z100.
DSP Report: register linienmodule_raw_acquisition_iir_a1_reg is absorbed into DSP linienmodule_raw_acquisition_iir_z100.
DSP Report: operator linienmodule_raw_acquisition_iir_z100 is absorbed into DSP linienmodule_raw_acquisition_iir_z100.
DSP Report: operator linienmodule_raw_acquisition_iir_z100 is absorbed into DSP linienmodule_raw_acquisition_iir_z100.
DSP Report: Generating DSP p_1_out, operation Mode is (post resource management): (C or 0)+A*B.
DSP Report: operator linienmodule_pid_kp_mult is absorbed into DSP p_1_out.
DSP Report: operator linienmodule_pid_kp_mult is absorbed into DSP p_1_out.
 DSP resource Status: linienmodule_mixed2_b 0 1959 1654: Used 1 time : Rejected (92 > 80) uniquify 0 
 DSP resource Status: linienmodule_mixed2_9 0 1583 1583: Used 1 time : Rejected (94 > 80) uniquify 0 
 DSP resource Status: linienmodule_mixed2_b 1 1959 305: Used 1 time : Rejected (93 > 80) uniquify 0 
 DSP resource Status: mult_reg0_e 0 3813 2027: Used 1 time : Rejected (90 > 80) uniquify 0 
 DSP resource Status: mult_reg0_e 1 3813 1786: Used 1 time : Rejected (91 > 80) uniquify 0 
 DSP resource Status: linienmodule_raw_acquisition_iir_z90_14 0 4806 3449: Used 1 time : Rejected (88 > 80) uniquify 0 
 DSP resource Status: linienmodule_raw_acquisition_iir_z90_14 1 4806 1357: Used 1 time : Rejected (89 > 80) uniquify 0 
 DSP resource Status: linienmodule_raw_acquisition_iir_z80_13 0 4806 3449: Used 1 time : Rejected (86 > 80) uniquify 0 
 DSP resource Status: linienmodule_raw_acquisition_iir_z80_13 1 4806 1357: Used 1 time : Rejected (87 > 80) uniquify 0 
 DSP resource Status: linienmodule_raw_acquisition_iir_z70_12 0 4806 3449: Used 1 time : Rejected (84 > 80) uniquify 0 
 DSP resource Status: linienmodule_raw_acquisition_iir_z70_12 1 4806 1357: Used 1 time : Rejected (85 > 80) uniquify 0 
 DSP resource Status: linienmodule_raw_acquisition_iir_z60_11 0 4806 3449: Used 1 time : Rejected (82 > 80) uniquify 0 
 DSP resource Status: linienmodule_raw_acquisition_iir_z60_11 1 4806 1357: Used 1 time : Rejected (83 > 80) uniquify 0 
 DSP resource Status: p_1_out_15 0 2570 2570: Used 1 time : Accepted (1 < 80) uniquify 0 
 DSP resource Status: p_1_out_16 0 2570 2570: Used 1 time : Accepted (2 < 80) uniquify 0 
DSP Report: Generating DSP p_1_out, operation Mode is (post resource management): (C or 0)+A*B.
DSP Report: operator linienmodule_pid_kd_mult is absorbed into DSP p_1_out.
DSP Report: operator linienmodule_pid_kd_mult is absorbed into DSP p_1_out.
DSP Report: Generating DSP p_1_out, operation Mode is (post resource management): (C or 0)+A*B.
DSP Report: operator linienmodule_pid_ki_mult0 is absorbed into DSP p_1_out.
DSP Report: operator linienmodule_pid_ki_mult0 is absorbed into DSP p_1_out.
 DSP resource Status: linienmodule_raw_acquisition_iir_z50_1c 0 4806 3449: Used 1 time : Accepted (80 < 80) uniquify 0 
 DSP resource Status: linienmodule_raw_acquisition_iir_z50_1c 1 4806 1357: Used 1 time : Rejected (81 > 80) uniquify 0 
 DSP resource Status: linienmodule_raw_acquisition_iir_z40_1b 0 4806 3449: Used 1 time : Accepted (78 < 80) uniquify 0 
 DSP resource Status: linienmodule_raw_acquisition_iir_z40_1b 1 4806 1357: Used 1 time : Accepted (79 < 80) uniquify 0 
 DSP resource Status: linienmodule_raw_acquisition_iir_z30_1a 0 4806 3449: Used 1 time : Accepted (76 < 80) uniquify 0 
 DSP resource Status: linienmodule_raw_acquisition_iir_z30_1a 1 4806 1357: Used 1 time : Accepted (77 < 80) uniquify 0 
 DSP resource Status: linienmodule_raw_acquisition_iir_z20_19 0 4806 3449: Used 1 time : Accepted (74 < 80) uniquify 0 
 DSP resource Status: linienmodule_raw_acquisition_iir_z20_19 1 4806 1357: Used 1 time : Accepted (75 < 80) uniquify 0 
 DSP resource Status: linienmodule_raw_acquisition_iir_z10_18 0 4806 3449: Used 1 time : Accepted (72 < 80) uniquify 0 
 DSP resource Status: linienmodule_raw_acquisition_iir_z10_18 1 4806 1357: Used 1 time : Accepted (73 < 80) uniquify 0 
 DSP resource Status: linienmodule_raw_acquisition_iir_z00_17 0 4806 3449: Used 1 time : Accepted (68 < 80) uniquify 0 
 DSP resource Status: linienmodule_raw_acquisition_iir_z00_17 1 4806 1357: Used 1 time : Accepted (69 < 80) uniquify 0 
DSP Report: Generating DSP linienmodule_raw_acquisition_iir_z50, operation Mode is (post resource management): A2*B2.
DSP Report: register linienmodule_raw_acquisition_iir_z50 is absorbed into DSP linienmodule_raw_acquisition_iir_z50.
DSP Report: register linienmodule_raw_acquisition_iir_b0_reg is absorbed into DSP linienmodule_raw_acquisition_iir_z50.
DSP Report: operator linienmodule_raw_acquisition_iir_z50 is absorbed into DSP linienmodule_raw_acquisition_iir_z50.
DSP Report: operator linienmodule_raw_acquisition_iir_z50 is absorbed into DSP linienmodule_raw_acquisition_iir_z50.
DSP Report: Generating DSP linienmodule_raw_acquisition_iir_z40, operation Mode is (post resource management): A2*B2.
DSP Report: register linienmodule_raw_acquisition_iir_z40 is absorbed into DSP linienmodule_raw_acquisition_iir_z40.
DSP Report: register linienmodule_raw_acquisition_iir_b1_reg is absorbed into DSP linienmodule_raw_acquisition_iir_z40.
DSP Report: operator linienmodule_raw_acquisition_iir_z40 is absorbed into DSP linienmodule_raw_acquisition_iir_z40.
DSP Report: operator linienmodule_raw_acquisition_iir_z40 is absorbed into DSP linienmodule_raw_acquisition_iir_z40.
DSP Report: Generating DSP linienmodule_raw_acquisition_iir_z40, operation Mode is (post resource management): (PCIN>>17)+A2*B2.
DSP Report: register linienmodule_limit_error_signal_limitcsr_y_reg is absorbed into DSP linienmodule_raw_acquisition_iir_z40.
DSP Report: register linienmodule_raw_acquisition_iir_b1_reg is absorbed into DSP linienmodule_raw_acquisition_iir_z40.
DSP Report: operator linienmodule_raw_acquisition_iir_z40 is absorbed into DSP linienmodule_raw_acquisition_iir_z40.
DSP Report: operator linienmodule_raw_acquisition_iir_z40 is absorbed into DSP linienmodule_raw_acquisition_iir_z40.
DSP Report: Generating DSP linienmodule_raw_acquisition_iir_z30, operation Mode is (post resource management): A2*B2.
DSP Report: register linienmodule_raw_acquisition_iir_z30 is absorbed into DSP linienmodule_raw_acquisition_iir_z30.
DSP Report: register linienmodule_raw_acquisition_iir_b2_reg is absorbed into DSP linienmodule_raw_acquisition_iir_z30.
DSP Report: operator linienmodule_raw_acquisition_iir_z30 is absorbed into DSP linienmodule_raw_acquisition_iir_z30.
DSP Report: operator linienmodule_raw_acquisition_iir_z30 is absorbed into DSP linienmodule_raw_acquisition_iir_z30.
DSP Report: Generating DSP linienmodule_raw_acquisition_iir_z30, operation Mode is (post resource management): (PCIN>>17)+A2*B2.
DSP Report: register linienmodule_limit_error_signal_limitcsr_y_reg is absorbed into DSP linienmodule_raw_acquisition_iir_z30.
DSP Report: register linienmodule_raw_acquisition_iir_b2_reg is absorbed into DSP linienmodule_raw_acquisition_iir_z30.
DSP Report: operator linienmodule_raw_acquisition_iir_z30 is absorbed into DSP linienmodule_raw_acquisition_iir_z30.
DSP Report: operator linienmodule_raw_acquisition_iir_z30 is absorbed into DSP linienmodule_raw_acquisition_iir_z30.
DSP Report: Generating DSP linienmodule_raw_acquisition_iir_z20, operation Mode is (post resource management): A2*B2.
DSP Report: register linienmodule_raw_acquisition_iir_z20 is absorbed into DSP linienmodule_raw_acquisition_iir_z20.
DSP Report: register linienmodule_raw_acquisition_iir_b3_reg is absorbed into DSP linienmodule_raw_acquisition_iir_z20.
DSP Report: operator linienmodule_raw_acquisition_iir_z20 is absorbed into DSP linienmodule_raw_acquisition_iir_z20.
DSP Report: operator linienmodule_raw_acquisition_iir_z20 is absorbed into DSP linienmodule_raw_acquisition_iir_z20.
DSP Report: Generating DSP linienmodule_raw_acquisition_iir_z20, operation Mode is (post resource management): (PCIN>>17)+A2*B2.
DSP Report: register linienmodule_limit_error_signal_limitcsr_y_reg is absorbed into DSP linienmodule_raw_acquisition_iir_z20.
DSP Report: register linienmodule_raw_acquisition_iir_b3_reg is absorbed into DSP linienmodule_raw_acquisition_iir_z20.
DSP Report: operator linienmodule_raw_acquisition_iir_z20 is absorbed into DSP linienmodule_raw_acquisition_iir_z20.
DSP Report: operator linienmodule_raw_acquisition_iir_z20 is absorbed into DSP linienmodule_raw_acquisition_iir_z20.
DSP Report: Generating DSP linienmodule_raw_acquisition_iir_z10, operation Mode is (post resource management): A2*B2.
DSP Report: register linienmodule_raw_acquisition_iir_z10 is absorbed into DSP linienmodule_raw_acquisition_iir_z10.
DSP Report: register linienmodule_raw_acquisition_iir_b4_reg is absorbed into DSP linienmodule_raw_acquisition_iir_z10.
DSP Report: operator linienmodule_raw_acquisition_iir_z10 is absorbed into DSP linienmodule_raw_acquisition_iir_z10.
DSP Report: operator linienmodule_raw_acquisition_iir_z10 is absorbed into DSP linienmodule_raw_acquisition_iir_z10.
DSP Report: Generating DSP linienmodule_raw_acquisition_iir_z10, operation Mode is (post resource management): (PCIN>>17)+A2*B2.
DSP Report: register linienmodule_limit_error_signal_limitcsr_y_reg is absorbed into DSP linienmodule_raw_acquisition_iir_z10.
DSP Report: register linienmodule_raw_acquisition_iir_b4_reg is absorbed into DSP linienmodule_raw_acquisition_iir_z10.
DSP Report: operator linienmodule_raw_acquisition_iir_z10 is absorbed into DSP linienmodule_raw_acquisition_iir_z10.
DSP Report: operator linienmodule_raw_acquisition_iir_z10 is absorbed into DSP linienmodule_raw_acquisition_iir_z10.
DSP Report: Generating DSP linienmodule_raw_acquisition_iir_z00, operation Mode is (post resource management): A2*B2.
DSP Report: register linienmodule_raw_acquisition_iir_z00 is absorbed into DSP linienmodule_raw_acquisition_iir_z00.
DSP Report: register linienmodule_raw_acquisition_iir_b5_reg is absorbed into DSP linienmodule_raw_acquisition_iir_z00.
DSP Report: operator linienmodule_raw_acquisition_iir_z00 is absorbed into DSP linienmodule_raw_acquisition_iir_z00.
DSP Report: operator linienmodule_raw_acquisition_iir_z00 is absorbed into DSP linienmodule_raw_acquisition_iir_z00.
DSP Report: Generating DSP linienmodule_raw_acquisition_iir_z00, operation Mode is (post resource management): (PCIN>>17)+A2*B2.
DSP Report: register linienmodule_limit_error_signal_limitcsr_y_reg is absorbed into DSP linienmodule_raw_acquisition_iir_z00.
DSP Report: register linienmodule_raw_acquisition_iir_b5_reg is absorbed into DSP linienmodule_raw_acquisition_iir_z00.
DSP Report: operator linienmodule_raw_acquisition_iir_z00 is absorbed into DSP linienmodule_raw_acquisition_iir_z00.
DSP Report: operator linienmodule_raw_acquisition_iir_z00 is absorbed into DSP linienmodule_raw_acquisition_iir_z00.
 DSP resource Status: linienmodule_fast_a_iir1_z20_1f 0 4806 3449: Used 1 time : Accepted (24 < 80) uniquify 0 
 DSP resource Status: linienmodule_fast_a_iir1_z20_1f 1 4806 1357: Used 1 time : Accepted (25 < 80) uniquify 0 
 DSP resource Status: linienmodule_fast_a_iir1_z10_1e 0 4806 3449: Used 1 time : Accepted (22 < 80) uniquify 0 
 DSP resource Status: linienmodule_fast_a_iir1_z10_1e 1 4806 1357: Used 1 time : Accepted (23 < 80) uniquify 0 
 DSP resource Status: linienmodule_fast_a_iir1_z00_1d 0 4806 3449: Used 1 time : Accepted (20 < 80) uniquify 0 
 DSP resource Status: linienmodule_fast_a_iir1_z00_1d 1 4806 1357: Used 1 time : Accepted (21 < 80) uniquify 0 
 DSP resource Status: linienmodule_fast_a_iir1_z70_24 0 4806 3449: Used 1 time : Accepted (34 < 80) uniquify 0 
 DSP resource Status: linienmodule_fast_a_iir1_z70_24 1 4806 1357: Used 1 time : Accepted (35 < 80) uniquify 0 
 DSP resource Status: linienmodule_fast_a_iir1_z60_23 0 4806 3449: Used 1 time : Accepted (32 < 80) uniquify 0 
 DSP resource Status: linienmodule_fast_a_iir1_z60_23 1 4806 1357: Used 1 time : Accepted (33 < 80) uniquify 0 
 DSP resource Status: linienmodule_fast_a_iir1_z50_22 0 4806 3449: Used 1 time : Accepted (30 < 80) uniquify 0 
 DSP resource Status: linienmodule_fast_a_iir1_z50_22 1 4806 1357: Used 1 time : Accepted (31 < 80) uniquify 0 
 DSP resource Status: linienmodule_fast_a_iir1_z40_21 0 4806 3449: Used 1 time : Accepted (28 < 80) uniquify 0 
 DSP resource Status: linienmodule_fast_a_iir1_z40_21 1 4806 1357: Used 1 time : Accepted (29 < 80) uniquify 0 
 DSP resource Status: linienmodule_fast_a_iir1_z30_20 0 4806 3449: Used 1 time : Accepted (26 < 80) uniquify 0 
 DSP resource Status: linienmodule_fast_a_iir1_z30_20 1 4806 1357: Used 1 time : Accepted (27 < 80) uniquify 0 
 DSP resource Status: linienmodule_fast_a_iir0_z20_27 0 4806 3449: Used 1 time : Accepted (8 < 80) uniquify 0 
 DSP resource Status: linienmodule_fast_a_iir0_z20_27 1 4806 1357: Used 1 time : Accepted (9 < 80) uniquify 0 
 DSP resource Status: linienmodule_fast_a_iir0_z10_26 0 4806 3449: Used 1 time : Accepted (6 < 80) uniquify 0 
 DSP resource Status: linienmodule_fast_a_iir0_z10_26 1 4806 1357: Used 1 time : Accepted (7 < 80) uniquify 0 
 DSP resource Status: linienmodule_fast_a_iir0_z00_25 0 4806 3449: Used 1 time : Accepted (4 < 80) uniquify 0 
 DSP resource Status: linienmodule_fast_a_iir0_z00_25 1 4806 1357: Used 1 time : Accepted (5 < 80) uniquify 0 
 DSP resource Status: linienmodule_fast_a_iir0_z70_2c 0 4806 3449: Used 1 time : Accepted (18 < 80) uniquify 0 
 DSP resource Status: linienmodule_fast_a_iir0_z70_2c 1 4806 1357: Used 1 time : Accepted (19 < 80) uniquify 0 
 DSP resource Status: linienmodule_fast_a_iir0_z60_2b 0 4806 3449: Used 1 time : Accepted (16 < 80) uniquify 0 
 DSP resource Status: linienmodule_fast_a_iir0_z60_2b 1 4806 1357: Used 1 time : Accepted (17 < 80) uniquify 0 
 DSP resource Status: linienmodule_fast_a_iir0_z50_2a 0 4806 3449: Used 1 time : Accepted (14 < 80) uniquify 0 
 DSP resource Status: linienmodule_fast_a_iir0_z50_2a 1 4806 1357: Used 1 time : Accepted (15 < 80) uniquify 0 
 DSP resource Status: linienmodule_fast_a_iir0_z40_29 0 4806 3449: Used 1 time : Accepted (12 < 80) uniquify 0 
 DSP resource Status: linienmodule_fast_a_iir0_z40_29 1 4806 1357: Used 1 time : Accepted (13 < 80) uniquify 0 
 DSP resource Status: linienmodule_fast_a_iir0_z30_28 0 4806 3449: Used 1 time : Accepted (10 < 80) uniquify 0 
 DSP resource Status: linienmodule_fast_a_iir0_z30_28 1 4806 1357: Used 1 time : Accepted (11 < 80) uniquify 0 
 DSP resource Status: linienmodule_fast_b_iir0_z20_2f 0 4806 3449: Used 1 time : Accepted (40 < 80) uniquify 0 
 DSP resource Status: linienmodule_fast_b_iir0_z20_2f 1 4806 1357: Used 1 time : Accepted (41 < 80) uniquify 0 
 DSP resource Status: linienmodule_fast_b_iir0_z10_2e 0 4806 3449: Used 1 time : Accepted (38 < 80) uniquify 0 
 DSP resource Status: linienmodule_fast_b_iir0_z10_2e 1 4806 1357: Used 1 time : Accepted (39 < 80) uniquify 0 
 DSP resource Status: linienmodule_fast_b_iir0_z00_2d 0 4806 3449: Used 1 time : Accepted (36 < 80) uniquify 0 
 DSP resource Status: linienmodule_fast_b_iir0_z00_2d 1 4806 1357: Used 1 time : Accepted (37 < 80) uniquify 0 
 DSP resource Status: linienmodule_fast_b_iir0_z70_34 0 4806 3449: Used 1 time : Accepted (50 < 80) uniquify 0 
 DSP resource Status: linienmodule_fast_b_iir0_z70_34 1 4806 1357: Used 1 time : Accepted (51 < 80) uniquify 0 
 DSP resource Status: linienmodule_fast_b_iir0_z60_33 0 4806 3449: Used 1 time : Accepted (48 < 80) uniquify 0 
 DSP resource Status: linienmodule_fast_b_iir0_z60_33 1 4806 1357: Used 1 time : Accepted (49 < 80) uniquify 0 
 DSP resource Status: linienmodule_fast_b_iir0_z50_32 0 4806 3449: Used 1 time : Accepted (46 < 80) uniquify 0 
 DSP resource Status: linienmodule_fast_b_iir0_z50_32 1 4806 1357: Used 1 time : Accepted (47 < 80) uniquify 0 
 DSP resource Status: linienmodule_fast_b_iir0_z40_31 0 4806 3449: Used 1 time : Accepted (44 < 80) uniquify 0 
 DSP resource Status: linienmodule_fast_b_iir0_z40_31 1 4806 1357: Used 1 time : Accepted (45 < 80) uniquify 0 
 DSP resource Status: linienmodule_fast_b_iir0_z30_30 0 4806 3449: Used 1 time : Accepted (42 < 80) uniquify 0 
 DSP resource Status: linienmodule_fast_b_iir0_z30_30 1 4806 1357: Used 1 time : Accepted (43 < 80) uniquify 0 
 DSP resource Status: linienmodule_fast_b_iir1_z20_37 0 4806 3449: Used 1 time : Accepted (56 < 80) uniquify 0 
 DSP resource Status: linienmodule_fast_b_iir1_z20_37 1 4806 1357: Used 1 time : Accepted (57 < 80) uniquify 0 
 DSP resource Status: linienmodule_fast_b_iir1_z10_36 0 4806 3449: Used 1 time : Accepted (54 < 80) uniquify 0 
 DSP resource Status: linienmodule_fast_b_iir1_z10_36 1 4806 1357: Used 1 time : Accepted (55 < 80) uniquify 0 
 DSP resource Status: linienmodule_fast_b_iir1_z00_35 0 4806 3449: Used 1 time : Accepted (52 < 80) uniquify 0 
 DSP resource Status: linienmodule_fast_b_iir1_z00_35 1 4806 1357: Used 1 time : Accepted (53 < 80) uniquify 0 
 DSP resource Status: linienmodule_fast_b_iir1_z70_3c 0 4806 3449: Used 1 time : Accepted (66 < 80) uniquify 0 
 DSP resource Status: linienmodule_fast_b_iir1_z70_3c 1 4806 1357: Used 1 time : Accepted (67 < 80) uniquify 0 
 DSP resource Status: linienmodule_fast_b_iir1_z60_3b 0 4806 3449: Used 1 time : Accepted (64 < 80) uniquify 0 
 DSP resource Status: linienmodule_fast_b_iir1_z60_3b 1 4806 1357: Used 1 time : Accepted (65 < 80) uniquify 0 
 DSP resource Status: linienmodule_fast_b_iir1_z50_3a 0 4806 3449: Used 1 time : Accepted (62 < 80) uniquify 0 
 DSP resource Status: linienmodule_fast_b_iir1_z50_3a 1 4806 1357: Used 1 time : Accepted (63 < 80) uniquify 0 
 DSP resource Status: linienmodule_fast_b_iir1_z40_39 0 4806 3449: Used 1 time : Accepted (60 < 80) uniquify 0 
 DSP resource Status: linienmodule_fast_b_iir1_z40_39 1 4806 1357: Used 1 time : Accepted (61 < 80) uniquify 0 
 DSP resource Status: linienmodule_fast_b_iir1_z30_38 0 4806 3449: Used 1 time : Accepted (58 < 80) uniquify 0 
 DSP resource Status: linienmodule_fast_b_iir1_z30_38 1 4806 1357: Used 1 time : Accepted (59 < 80) uniquify 0 
DSP Report: Generating DSP linienmodule_fast_a_iir1_z20, operation Mode is (post resource management): A2*B2.
DSP Report: register linienmodule_fast_a_iir1_z20 is absorbed into DSP linienmodule_fast_a_iir1_z20.
DSP Report: register linienmodule_fast_a_iir1_a10_reg is absorbed into DSP linienmodule_fast_a_iir1_z20.
DSP Report: operator linienmodule_fast_a_iir1_z20 is absorbed into DSP linienmodule_fast_a_iir1_z20.
DSP Report: operator linienmodule_fast_a_iir1_z20 is absorbed into DSP linienmodule_fast_a_iir1_z20.
DSP Report: Generating DSP linienmodule_fast_a_iir1_z20, operation Mode is (post resource management): (PCIN>>17)+A2*B2.
DSP Report: register linienmodule_fast_a_iir1_y0_reg is absorbed into DSP linienmodule_fast_a_iir1_z20.
DSP Report: register linienmodule_fast_a_iir1_a10_reg is absorbed into DSP linienmodule_fast_a_iir1_z20.
DSP Report: operator linienmodule_fast_a_iir1_z20 is absorbed into DSP linienmodule_fast_a_iir1_z20.
DSP Report: operator linienmodule_fast_a_iir1_z20 is absorbed into DSP linienmodule_fast_a_iir1_z20.
DSP Report: Generating DSP linienmodule_fast_a_iir1_z10, operation Mode is (post resource management): A2*B2.
DSP Report: register linienmodule_fast_a_iir1_z10 is absorbed into DSP linienmodule_fast_a_iir1_z10.
DSP Report: register linienmodule_fast_a_iir1_b00_reg is absorbed into DSP linienmodule_fast_a_iir1_z10.
DSP Report: operator linienmodule_fast_a_iir1_z10 is absorbed into DSP linienmodule_fast_a_iir1_z10.
DSP Report: operator linienmodule_fast_a_iir1_z10 is absorbed into DSP linienmodule_fast_a_iir1_z10.
DSP Report: Generating DSP linienmodule_fast_a_iir1_z10, operation Mode is (post resource management): (PCIN>>17)+A2*B2.
DSP Report: register linienmodule_fast_a_limitcsr1_limitcsr1_y0_reg is absorbed into DSP linienmodule_fast_a_iir1_z10.
DSP Report: register linienmodule_fast_a_iir1_b00_reg is absorbed into DSP linienmodule_fast_a_iir1_z10.
DSP Report: operator linienmodule_fast_a_iir1_z10 is absorbed into DSP linienmodule_fast_a_iir1_z10.
DSP Report: operator linienmodule_fast_a_iir1_z10 is absorbed into DSP linienmodule_fast_a_iir1_z10.
DSP Report: Generating DSP linienmodule_fast_a_iir1_z00, operation Mode is (post resource management): A2*B2.
DSP Report: register linienmodule_fast_a_iir1_z00 is absorbed into DSP linienmodule_fast_a_iir1_z00.
DSP Report: register linienmodule_fast_a_iir1_b10_reg is absorbed into DSP linienmodule_fast_a_iir1_z00.
DSP Report: operator linienmodule_fast_a_iir1_z00 is absorbed into DSP linienmodule_fast_a_iir1_z00.
DSP Report: operator linienmodule_fast_a_iir1_z00 is absorbed into DSP linienmodule_fast_a_iir1_z00.
DSP Report: Generating DSP linienmodule_fast_a_iir1_z00, operation Mode is (post resource management): (PCIN>>17)+A2*B2.
DSP Report: register linienmodule_fast_a_limitcsr1_limitcsr1_y0_reg is absorbed into DSP linienmodule_fast_a_iir1_z00.
DSP Report: register linienmodule_fast_a_iir1_b10_reg is absorbed into DSP linienmodule_fast_a_iir1_z00.
DSP Report: operator linienmodule_fast_a_iir1_z00 is absorbed into DSP linienmodule_fast_a_iir1_z00.
DSP Report: operator linienmodule_fast_a_iir1_z00 is absorbed into DSP linienmodule_fast_a_iir1_z00.
DSP Report: Generating DSP linienmodule_fast_a_iir1_z70, operation Mode is (post resource management): A2*B2.
DSP Report: register linienmodule_fast_a_iir1_z70 is absorbed into DSP linienmodule_fast_a_iir1_z70.
DSP Report: register linienmodule_fast_a_iir1_a11_reg is absorbed into DSP linienmodule_fast_a_iir1_z70.
DSP Report: operator linienmodule_fast_a_iir1_z70 is absorbed into DSP linienmodule_fast_a_iir1_z70.
DSP Report: operator linienmodule_fast_a_iir1_z70 is absorbed into DSP linienmodule_fast_a_iir1_z70.
DSP Report: Generating DSP linienmodule_fast_a_iir1_z70, operation Mode is (post resource management): (PCIN>>17)+A2*B2.
DSP Report: register linienmodule_fast_a_iir1_y1_reg is absorbed into DSP linienmodule_fast_a_iir1_z70.
DSP Report: register linienmodule_fast_a_iir1_a11_reg is absorbed into DSP linienmodule_fast_a_iir1_z70.
DSP Report: operator linienmodule_fast_a_iir1_z70 is absorbed into DSP linienmodule_fast_a_iir1_z70.
DSP Report: operator linienmodule_fast_a_iir1_z70 is absorbed into DSP linienmodule_fast_a_iir1_z70.
DSP Report: Generating DSP linienmodule_fast_a_iir1_z60, operation Mode is (post resource management): A2*B2.
DSP Report: register linienmodule_fast_a_iir1_z60 is absorbed into DSP linienmodule_fast_a_iir1_z60.
DSP Report: register linienmodule_fast_a_iir1_a2_reg is absorbed into DSP linienmodule_fast_a_iir1_z60.
DSP Report: operator linienmodule_fast_a_iir1_z60 is absorbed into DSP linienmodule_fast_a_iir1_z60.
DSP Report: operator linienmodule_fast_a_iir1_z60 is absorbed into DSP linienmodule_fast_a_iir1_z60.
DSP Report: Generating DSP linienmodule_fast_a_iir1_z60, operation Mode is (post resource management): (PCIN>>17)+A2*B2.
DSP Report: register linienmodule_fast_a_iir1_y1_reg is absorbed into DSP linienmodule_fast_a_iir1_z60.
DSP Report: register linienmodule_fast_a_iir1_a2_reg is absorbed into DSP linienmodule_fast_a_iir1_z60.
DSP Report: operator linienmodule_fast_a_iir1_z60 is absorbed into DSP linienmodule_fast_a_iir1_z60.
DSP Report: operator linienmodule_fast_a_iir1_z60 is absorbed into DSP linienmodule_fast_a_iir1_z60.
DSP Report: Generating DSP linienmodule_fast_a_iir1_z50, operation Mode is (post resource management): A2*B2.
DSP Report: register linienmodule_fast_a_iir1_z50 is absorbed into DSP linienmodule_fast_a_iir1_z50.
DSP Report: register linienmodule_fast_a_iir1_b01_reg is absorbed into DSP linienmodule_fast_a_iir1_z50.
DSP Report: operator linienmodule_fast_a_iir1_z50 is absorbed into DSP linienmodule_fast_a_iir1_z50.
DSP Report: operator linienmodule_fast_a_iir1_z50 is absorbed into DSP linienmodule_fast_a_iir1_z50.
DSP Report: Generating DSP linienmodule_fast_a_iir1_z50, operation Mode is (post resource management): (PCIN>>17)+A2*B2.
DSP Report: register linienmodule_fast_a_iir1_y0_reg is absorbed into DSP linienmodule_fast_a_iir1_z50.
DSP Report: register linienmodule_fast_a_iir1_b01_reg is absorbed into DSP linienmodule_fast_a_iir1_z50.
DSP Report: operator linienmodule_fast_a_iir1_z50 is absorbed into DSP linienmodule_fast_a_iir1_z50.
DSP Report: operator linienmodule_fast_a_iir1_z50 is absorbed into DSP linienmodule_fast_a_iir1_z50.
DSP Report: Generating DSP linienmodule_fast_a_iir1_z40, operation Mode is (post resource management): A2*B2.
DSP Report: register linienmodule_fast_a_iir1_z40 is absorbed into DSP linienmodule_fast_a_iir1_z40.
DSP Report: register linienmodule_fast_a_iir1_b11_reg is absorbed into DSP linienmodule_fast_a_iir1_z40.
DSP Report: operator linienmodule_fast_a_iir1_z40 is absorbed into DSP linienmodule_fast_a_iir1_z40.
DSP Report: operator linienmodule_fast_a_iir1_z40 is absorbed into DSP linienmodule_fast_a_iir1_z40.
DSP Report: Generating DSP linienmodule_fast_a_iir1_z40, operation Mode is (post resource management): (PCIN>>17)+A2*B2.
DSP Report: register linienmodule_fast_a_iir1_y0_reg is absorbed into DSP linienmodule_fast_a_iir1_z40.
DSP Report: register linienmodule_fast_a_iir1_b11_reg is absorbed into DSP linienmodule_fast_a_iir1_z40.
DSP Report: operator linienmodule_fast_a_iir1_z40 is absorbed into DSP linienmodule_fast_a_iir1_z40.
DSP Report: operator linienmodule_fast_a_iir1_z40 is absorbed into DSP linienmodule_fast_a_iir1_z40.
DSP Report: Generating DSP linienmodule_fast_a_iir1_z30, operation Mode is (post resource management): A2*B2.
DSP Report: register linienmodule_fast_a_iir1_z30 is absorbed into DSP linienmodule_fast_a_iir1_z30.
DSP Report: register linienmodule_fast_a_iir1_b2_reg is absorbed into DSP linienmodule_fast_a_iir1_z30.
DSP Report: operator linienmodule_fast_a_iir1_z30 is absorbed into DSP linienmodule_fast_a_iir1_z30.
DSP Report: operator linienmodule_fast_a_iir1_z30 is absorbed into DSP linienmodule_fast_a_iir1_z30.
DSP Report: Generating DSP linienmodule_fast_a_iir1_z30, operation Mode is (post resource management): (PCIN>>17)+A2*B2.
DSP Report: register linienmodule_fast_a_iir1_y0_reg is absorbed into DSP linienmodule_fast_a_iir1_z30.
DSP Report: register linienmodule_fast_a_iir1_b2_reg is absorbed into DSP linienmodule_fast_a_iir1_z30.
DSP Report: operator linienmodule_fast_a_iir1_z30 is absorbed into DSP linienmodule_fast_a_iir1_z30.
DSP Report: operator linienmodule_fast_a_iir1_z30 is absorbed into DSP linienmodule_fast_a_iir1_z30.
DSP Report: Generating DSP linienmodule_fast_a_iir0_z20, operation Mode is (post resource management): A2*B2.
DSP Report: register linienmodule_fast_a_iir0_z20 is absorbed into DSP linienmodule_fast_a_iir0_z20.
DSP Report: register linienmodule_fast_a_iir0_a10_reg is absorbed into DSP linienmodule_fast_a_iir0_z20.
DSP Report: operator linienmodule_fast_a_iir0_z20 is absorbed into DSP linienmodule_fast_a_iir0_z20.
DSP Report: operator linienmodule_fast_a_iir0_z20 is absorbed into DSP linienmodule_fast_a_iir0_z20.
DSP Report: Generating DSP linienmodule_fast_a_iir0_z20, operation Mode is (post resource management): (PCIN>>17)+A2*B2.
DSP Report: register linienmodule_fast_a_iir0_y0_reg is absorbed into DSP linienmodule_fast_a_iir0_z20.
DSP Report: register linienmodule_fast_a_iir0_a10_reg is absorbed into DSP linienmodule_fast_a_iir0_z20.
DSP Report: operator linienmodule_fast_a_iir0_z20 is absorbed into DSP linienmodule_fast_a_iir0_z20.
DSP Report: operator linienmodule_fast_a_iir0_z20 is absorbed into DSP linienmodule_fast_a_iir0_z20.
DSP Report: Generating DSP linienmodule_fast_a_iir0_z10, operation Mode is (post resource management): A2*B2.
DSP Report: register linienmodule_fast_a_iir0_z10 is absorbed into DSP linienmodule_fast_a_iir0_z10.
DSP Report: register linienmodule_fast_a_iir0_b00_reg is absorbed into DSP linienmodule_fast_a_iir0_z10.
DSP Report: operator linienmodule_fast_a_iir0_z10 is absorbed into DSP linienmodule_fast_a_iir0_z10.
DSP Report: operator linienmodule_fast_a_iir0_z10 is absorbed into DSP linienmodule_fast_a_iir0_z10.
DSP Report: Generating DSP linienmodule_fast_a_iir0_z10, operation Mode is (post resource management): (PCIN>>17)+A2*B2.
DSP Report: register linienmodule_fast_a_limitcsr0_limitcsr0_y0_reg is absorbed into DSP linienmodule_fast_a_iir0_z10.
DSP Report: register linienmodule_fast_a_iir0_b00_reg is absorbed into DSP linienmodule_fast_a_iir0_z10.
DSP Report: operator linienmodule_fast_a_iir0_z10 is absorbed into DSP linienmodule_fast_a_iir0_z10.
DSP Report: operator linienmodule_fast_a_iir0_z10 is absorbed into DSP linienmodule_fast_a_iir0_z10.
DSP Report: Generating DSP linienmodule_fast_a_iir0_z00, operation Mode is (post resource management): A2*B2.
DSP Report: register linienmodule_fast_a_iir0_z00 is absorbed into DSP linienmodule_fast_a_iir0_z00.
DSP Report: register linienmodule_fast_a_iir0_b10_reg is absorbed into DSP linienmodule_fast_a_iir0_z00.
DSP Report: operator linienmodule_fast_a_iir0_z00 is absorbed into DSP linienmodule_fast_a_iir0_z00.
DSP Report: operator linienmodule_fast_a_iir0_z00 is absorbed into DSP linienmodule_fast_a_iir0_z00.
DSP Report: Generating DSP linienmodule_fast_a_iir0_z00, operation Mode is (post resource management): (PCIN>>17)+A2*B2.
DSP Report: register linienmodule_fast_a_limitcsr0_limitcsr0_y0_reg is absorbed into DSP linienmodule_fast_a_iir0_z00.
DSP Report: register linienmodule_fast_a_iir0_b10_reg is absorbed into DSP linienmodule_fast_a_iir0_z00.
DSP Report: operator linienmodule_fast_a_iir0_z00 is absorbed into DSP linienmodule_fast_a_iir0_z00.
DSP Report: operator linienmodule_fast_a_iir0_z00 is absorbed into DSP linienmodule_fast_a_iir0_z00.
DSP Report: Generating DSP linienmodule_fast_a_iir0_z70, operation Mode is (post resource management): A2*B2.
DSP Report: register linienmodule_fast_a_iir0_z70 is absorbed into DSP linienmodule_fast_a_iir0_z70.
DSP Report: register linienmodule_fast_a_iir0_a11_reg is absorbed into DSP linienmodule_fast_a_iir0_z70.
DSP Report: operator linienmodule_fast_a_iir0_z70 is absorbed into DSP linienmodule_fast_a_iir0_z70.
DSP Report: operator linienmodule_fast_a_iir0_z70 is absorbed into DSP linienmodule_fast_a_iir0_z70.
DSP Report: Generating DSP linienmodule_fast_a_iir0_z70, operation Mode is (post resource management): (PCIN>>17)+A2*B2.
DSP Report: register linienmodule_fast_a_iir0_y1_reg is absorbed into DSP linienmodule_fast_a_iir0_z70.
DSP Report: register linienmodule_fast_a_iir0_a11_reg is absorbed into DSP linienmodule_fast_a_iir0_z70.
DSP Report: operator linienmodule_fast_a_iir0_z70 is absorbed into DSP linienmodule_fast_a_iir0_z70.
DSP Report: operator linienmodule_fast_a_iir0_z70 is absorbed into DSP linienmodule_fast_a_iir0_z70.
DSP Report: Generating DSP linienmodule_fast_a_iir0_z60, operation Mode is (post resource management): A2*B2.
DSP Report: register linienmodule_fast_a_iir0_z60 is absorbed into DSP linienmodule_fast_a_iir0_z60.
DSP Report: register linienmodule_fast_a_iir0_a2_reg is absorbed into DSP linienmodule_fast_a_iir0_z60.
DSP Report: operator linienmodule_fast_a_iir0_z60 is absorbed into DSP linienmodule_fast_a_iir0_z60.
DSP Report: operator linienmodule_fast_a_iir0_z60 is absorbed into DSP linienmodule_fast_a_iir0_z60.
DSP Report: Generating DSP linienmodule_fast_a_iir0_z60, operation Mode is (post resource management): (PCIN>>17)+A2*B2.
DSP Report: register linienmodule_fast_a_iir0_y1_reg is absorbed into DSP linienmodule_fast_a_iir0_z60.
DSP Report: register linienmodule_fast_a_iir0_a2_reg is absorbed into DSP linienmodule_fast_a_iir0_z60.
DSP Report: operator linienmodule_fast_a_iir0_z60 is absorbed into DSP linienmodule_fast_a_iir0_z60.
DSP Report: operator linienmodule_fast_a_iir0_z60 is absorbed into DSP linienmodule_fast_a_iir0_z60.
DSP Report: Generating DSP linienmodule_fast_a_iir0_z50, operation Mode is (post resource management): A2*B2.
DSP Report: register linienmodule_fast_a_iir0_z50 is absorbed into DSP linienmodule_fast_a_iir0_z50.
DSP Report: register linienmodule_fast_a_iir0_b01_reg is absorbed into DSP linienmodule_fast_a_iir0_z50.
DSP Report: operator linienmodule_fast_a_iir0_z50 is absorbed into DSP linienmodule_fast_a_iir0_z50.
DSP Report: operator linienmodule_fast_a_iir0_z50 is absorbed into DSP linienmodule_fast_a_iir0_z50.
DSP Report: Generating DSP linienmodule_fast_a_iir0_z50, operation Mode is (post resource management): (PCIN>>17)+A2*B2.
DSP Report: register linienmodule_fast_a_iir0_y0_reg is absorbed into DSP linienmodule_fast_a_iir0_z50.
DSP Report: register linienmodule_fast_a_iir0_b01_reg is absorbed into DSP linienmodule_fast_a_iir0_z50.
DSP Report: operator linienmodule_fast_a_iir0_z50 is absorbed into DSP linienmodule_fast_a_iir0_z50.
DSP Report: operator linienmodule_fast_a_iir0_z50 is absorbed into DSP linienmodule_fast_a_iir0_z50.
DSP Report: Generating DSP linienmodule_fast_a_iir0_z40, operation Mode is (post resource management): A2*B2.
DSP Report: register linienmodule_fast_a_iir0_z40 is absorbed into DSP linienmodule_fast_a_iir0_z40.
DSP Report: register linienmodule_fast_a_iir0_b11_reg is absorbed into DSP linienmodule_fast_a_iir0_z40.
DSP Report: operator linienmodule_fast_a_iir0_z40 is absorbed into DSP linienmodule_fast_a_iir0_z40.
DSP Report: operator linienmodule_fast_a_iir0_z40 is absorbed into DSP linienmodule_fast_a_iir0_z40.
DSP Report: Generating DSP linienmodule_fast_a_iir0_z40, operation Mode is (post resource management): (PCIN>>17)+A2*B2.
DSP Report: register linienmodule_fast_a_iir0_y0_reg is absorbed into DSP linienmodule_fast_a_iir0_z40.
DSP Report: register linienmodule_fast_a_iir0_b11_reg is absorbed into DSP linienmodule_fast_a_iir0_z40.
DSP Report: operator linienmodule_fast_a_iir0_z40 is absorbed into DSP linienmodule_fast_a_iir0_z40.
DSP Report: operator linienmodule_fast_a_iir0_z40 is absorbed into DSP linienmodule_fast_a_iir0_z40.
DSP Report: Generating DSP linienmodule_fast_a_iir0_z30, operation Mode is (post resource management): A2*B2.
DSP Report: register linienmodule_fast_a_iir0_z30 is absorbed into DSP linienmodule_fast_a_iir0_z30.
DSP Report: register linienmodule_fast_a_iir0_b2_reg is absorbed into DSP linienmodule_fast_a_iir0_z30.
DSP Report: operator linienmodule_fast_a_iir0_z30 is absorbed into DSP linienmodule_fast_a_iir0_z30.
DSP Report: operator linienmodule_fast_a_iir0_z30 is absorbed into DSP linienmodule_fast_a_iir0_z30.
DSP Report: Generating DSP linienmodule_fast_a_iir0_z30, operation Mode is (post resource management): (PCIN>>17)+A2*B2.
DSP Report: register linienmodule_fast_a_iir0_y0_reg is absorbed into DSP linienmodule_fast_a_iir0_z30.
DSP Report: register linienmodule_fast_a_iir0_b2_reg is absorbed into DSP linienmodule_fast_a_iir0_z30.
DSP Report: operator linienmodule_fast_a_iir0_z30 is absorbed into DSP linienmodule_fast_a_iir0_z30.
DSP Report: operator linienmodule_fast_a_iir0_z30 is absorbed into DSP linienmodule_fast_a_iir0_z30.
DSP Report: Generating DSP linienmodule_fast_b_iir0_z20, operation Mode is (post resource management): A2*B2.
DSP Report: register linienmodule_fast_b_iir0_z20 is absorbed into DSP linienmodule_fast_b_iir0_z20.
DSP Report: register linienmodule_fast_b_iir0_a10_reg is absorbed into DSP linienmodule_fast_b_iir0_z20.
DSP Report: operator linienmodule_fast_b_iir0_z20 is absorbed into DSP linienmodule_fast_b_iir0_z20.
DSP Report: operator linienmodule_fast_b_iir0_z20 is absorbed into DSP linienmodule_fast_b_iir0_z20.
DSP Report: Generating DSP linienmodule_fast_b_iir0_z20, operation Mode is (post resource management): (PCIN>>17)+A2*B2.
DSP Report: register linienmodule_fast_b_iir0_y0_reg is absorbed into DSP linienmodule_fast_b_iir0_z20.
DSP Report: register linienmodule_fast_b_iir0_a10_reg is absorbed into DSP linienmodule_fast_b_iir0_z20.
DSP Report: operator linienmodule_fast_b_iir0_z20 is absorbed into DSP linienmodule_fast_b_iir0_z20.
DSP Report: operator linienmodule_fast_b_iir0_z20 is absorbed into DSP linienmodule_fast_b_iir0_z20.
DSP Report: Generating DSP linienmodule_fast_b_iir0_z10, operation Mode is (post resource management): A2*B2.
DSP Report: register linienmodule_fast_b_iir0_z10 is absorbed into DSP linienmodule_fast_b_iir0_z10.
DSP Report: register linienmodule_fast_b_iir0_b00_reg is absorbed into DSP linienmodule_fast_b_iir0_z10.
DSP Report: operator linienmodule_fast_b_iir0_z10 is absorbed into DSP linienmodule_fast_b_iir0_z10.
DSP Report: operator linienmodule_fast_b_iir0_z10 is absorbed into DSP linienmodule_fast_b_iir0_z10.
DSP Report: Generating DSP linienmodule_fast_b_iir0_z10, operation Mode is (post resource management): (PCIN>>17)+A2*B2.
DSP Report: register linienmodule_fast_b_limitcsr0_limitcsr0_y0_reg is absorbed into DSP linienmodule_fast_b_iir0_z10.
DSP Report: register linienmodule_fast_b_iir0_b00_reg is absorbed into DSP linienmodule_fast_b_iir0_z10.
DSP Report: operator linienmodule_fast_b_iir0_z10 is absorbed into DSP linienmodule_fast_b_iir0_z10.
DSP Report: operator linienmodule_fast_b_iir0_z10 is absorbed into DSP linienmodule_fast_b_iir0_z10.
DSP Report: Generating DSP linienmodule_fast_b_iir0_z00, operation Mode is (post resource management): A2*B2.
DSP Report: register linienmodule_fast_b_iir0_z00 is absorbed into DSP linienmodule_fast_b_iir0_z00.
DSP Report: register linienmodule_fast_b_iir0_b10_reg is absorbed into DSP linienmodule_fast_b_iir0_z00.
DSP Report: operator linienmodule_fast_b_iir0_z00 is absorbed into DSP linienmodule_fast_b_iir0_z00.
DSP Report: operator linienmodule_fast_b_iir0_z00 is absorbed into DSP linienmodule_fast_b_iir0_z00.
DSP Report: Generating DSP linienmodule_fast_b_iir0_z00, operation Mode is (post resource management): (PCIN>>17)+A2*B2.
DSP Report: register linienmodule_fast_b_limitcsr0_limitcsr0_y0_reg is absorbed into DSP linienmodule_fast_b_iir0_z00.
DSP Report: register linienmodule_fast_b_iir0_b10_reg is absorbed into DSP linienmodule_fast_b_iir0_z00.
DSP Report: operator linienmodule_fast_b_iir0_z00 is absorbed into DSP linienmodule_fast_b_iir0_z00.
DSP Report: operator linienmodule_fast_b_iir0_z00 is absorbed into DSP linienmodule_fast_b_iir0_z00.
DSP Report: Generating DSP linienmodule_fast_b_iir0_z70, operation Mode is (post resource management): A2*B2.
DSP Report: register linienmodule_fast_b_iir0_z70 is absorbed into DSP linienmodule_fast_b_iir0_z70.
DSP Report: register linienmodule_fast_b_iir0_a11_reg is absorbed into DSP linienmodule_fast_b_iir0_z70.
DSP Report: operator linienmodule_fast_b_iir0_z70 is absorbed into DSP linienmodule_fast_b_iir0_z70.
DSP Report: operator linienmodule_fast_b_iir0_z70 is absorbed into DSP linienmodule_fast_b_iir0_z70.
DSP Report: Generating DSP linienmodule_fast_b_iir0_z70, operation Mode is (post resource management): (PCIN>>17)+A2*B2.
DSP Report: register linienmodule_fast_b_iir0_y1_reg is absorbed into DSP linienmodule_fast_b_iir0_z70.
DSP Report: register linienmodule_fast_b_iir0_a11_reg is absorbed into DSP linienmodule_fast_b_iir0_z70.
DSP Report: operator linienmodule_fast_b_iir0_z70 is absorbed into DSP linienmodule_fast_b_iir0_z70.
DSP Report: operator linienmodule_fast_b_iir0_z70 is absorbed into DSP linienmodule_fast_b_iir0_z70.
DSP Report: Generating DSP linienmodule_fast_b_iir0_z60, operation Mode is (post resource management): A2*B2.
DSP Report: register linienmodule_fast_b_iir0_z60 is absorbed into DSP linienmodule_fast_b_iir0_z60.
DSP Report: register linienmodule_fast_b_iir0_a2_reg is absorbed into DSP linienmodule_fast_b_iir0_z60.
DSP Report: operator linienmodule_fast_b_iir0_z60 is absorbed into DSP linienmodule_fast_b_iir0_z60.
DSP Report: operator linienmodule_fast_b_iir0_z60 is absorbed into DSP linienmodule_fast_b_iir0_z60.
DSP Report: Generating DSP linienmodule_fast_b_iir0_z60, operation Mode is (post resource management): (PCIN>>17)+A2*B2.
DSP Report: register linienmodule_fast_b_iir0_y1_reg is absorbed into DSP linienmodule_fast_b_iir0_z60.
DSP Report: register linienmodule_fast_b_iir0_a2_reg is absorbed into DSP linienmodule_fast_b_iir0_z60.
DSP Report: operator linienmodule_fast_b_iir0_z60 is absorbed into DSP linienmodule_fast_b_iir0_z60.
DSP Report: operator linienmodule_fast_b_iir0_z60 is absorbed into DSP linienmodule_fast_b_iir0_z60.
DSP Report: Generating DSP linienmodule_fast_b_iir0_z50, operation Mode is (post resource management): A2*B2.
DSP Report: register linienmodule_fast_b_iir0_z50 is absorbed into DSP linienmodule_fast_b_iir0_z50.
DSP Report: register linienmodule_fast_b_iir0_b01_reg is absorbed into DSP linienmodule_fast_b_iir0_z50.
DSP Report: operator linienmodule_fast_b_iir0_z50 is absorbed into DSP linienmodule_fast_b_iir0_z50.
DSP Report: operator linienmodule_fast_b_iir0_z50 is absorbed into DSP linienmodule_fast_b_iir0_z50.
DSP Report: Generating DSP linienmodule_fast_b_iir0_z50, operation Mode is (post resource management): (PCIN>>17)+A2*B2.
DSP Report: register linienmodule_fast_b_iir0_y0_reg is absorbed into DSP linienmodule_fast_b_iir0_z50.
DSP Report: register linienmodule_fast_b_iir0_b01_reg is absorbed into DSP linienmodule_fast_b_iir0_z50.
DSP Report: operator linienmodule_fast_b_iir0_z50 is absorbed into DSP linienmodule_fast_b_iir0_z50.
DSP Report: operator linienmodule_fast_b_iir0_z50 is absorbed into DSP linienmodule_fast_b_iir0_z50.
DSP Report: Generating DSP linienmodule_fast_b_iir0_z40, operation Mode is (post resource management): A2*B2.
DSP Report: register linienmodule_fast_b_iir0_z40 is absorbed into DSP linienmodule_fast_b_iir0_z40.
DSP Report: register linienmodule_fast_b_iir0_b11_reg is absorbed into DSP linienmodule_fast_b_iir0_z40.
DSP Report: operator linienmodule_fast_b_iir0_z40 is absorbed into DSP linienmodule_fast_b_iir0_z40.
DSP Report: operator linienmodule_fast_b_iir0_z40 is absorbed into DSP linienmodule_fast_b_iir0_z40.
DSP Report: Generating DSP linienmodule_fast_b_iir0_z40, operation Mode is (post resource management): (PCIN>>17)+A2*B2.
DSP Report: register linienmodule_fast_b_iir0_y0_reg is absorbed into DSP linienmodule_fast_b_iir0_z40.
DSP Report: register linienmodule_fast_b_iir0_b11_reg is absorbed into DSP linienmodule_fast_b_iir0_z40.
DSP Report: operator linienmodule_fast_b_iir0_z40 is absorbed into DSP linienmodule_fast_b_iir0_z40.
DSP Report: operator linienmodule_fast_b_iir0_z40 is absorbed into DSP linienmodule_fast_b_iir0_z40.
DSP Report: Generating DSP linienmodule_fast_b_iir0_z30, operation Mode is (post resource management): A2*B2.
DSP Report: register linienmodule_fast_b_iir0_z30 is absorbed into DSP linienmodule_fast_b_iir0_z30.
DSP Report: register linienmodule_fast_b_iir0_b2_reg is absorbed into DSP linienmodule_fast_b_iir0_z30.
DSP Report: operator linienmodule_fast_b_iir0_z30 is absorbed into DSP linienmodule_fast_b_iir0_z30.
DSP Report: operator linienmodule_fast_b_iir0_z30 is absorbed into DSP linienmodule_fast_b_iir0_z30.
DSP Report: Generating DSP linienmodule_fast_b_iir0_z30, operation Mode is (post resource management): (PCIN>>17)+A2*B2.
DSP Report: register linienmodule_fast_b_iir0_y0_reg is absorbed into DSP linienmodule_fast_b_iir0_z30.
DSP Report: register linienmodule_fast_b_iir0_b2_reg is absorbed into DSP linienmodule_fast_b_iir0_z30.
DSP Report: operator linienmodule_fast_b_iir0_z30 is absorbed into DSP linienmodule_fast_b_iir0_z30.
DSP Report: operator linienmodule_fast_b_iir0_z30 is absorbed into DSP linienmodule_fast_b_iir0_z30.
DSP Report: Generating DSP linienmodule_fast_b_iir1_z20, operation Mode is (post resource management): A2*B2.
DSP Report: register linienmodule_fast_b_iir1_z20 is absorbed into DSP linienmodule_fast_b_iir1_z20.
DSP Report: register linienmodule_fast_b_iir1_a10_reg is absorbed into DSP linienmodule_fast_b_iir1_z20.
DSP Report: operator linienmodule_fast_b_iir1_z20 is absorbed into DSP linienmodule_fast_b_iir1_z20.
DSP Report: operator linienmodule_fast_b_iir1_z20 is absorbed into DSP linienmodule_fast_b_iir1_z20.
DSP Report: Generating DSP linienmodule_fast_b_iir1_z20, operation Mode is (post resource management): (PCIN>>17)+A2*B2.
DSP Report: register linienmodule_fast_b_iir1_y0_reg is absorbed into DSP linienmodule_fast_b_iir1_z20.
DSP Report: register linienmodule_fast_b_iir1_a10_reg is absorbed into DSP linienmodule_fast_b_iir1_z20.
DSP Report: operator linienmodule_fast_b_iir1_z20 is absorbed into DSP linienmodule_fast_b_iir1_z20.
DSP Report: operator linienmodule_fast_b_iir1_z20 is absorbed into DSP linienmodule_fast_b_iir1_z20.
DSP Report: Generating DSP linienmodule_fast_b_iir1_z10, operation Mode is (post resource management): A2*B2.
DSP Report: register linienmodule_fast_b_iir1_z10 is absorbed into DSP linienmodule_fast_b_iir1_z10.
DSP Report: register linienmodule_fast_b_iir1_b00_reg is absorbed into DSP linienmodule_fast_b_iir1_z10.
DSP Report: operator linienmodule_fast_b_iir1_z10 is absorbed into DSP linienmodule_fast_b_iir1_z10.
DSP Report: operator linienmodule_fast_b_iir1_z10 is absorbed into DSP linienmodule_fast_b_iir1_z10.
DSP Report: Generating DSP linienmodule_fast_b_iir1_z10, operation Mode is (post resource management): (PCIN>>17)+A2*B2.
DSP Report: register linienmodule_fast_b_limitcsr1_limitcsr1_y0_reg is absorbed into DSP linienmodule_fast_b_iir1_z10.
DSP Report: register linienmodule_fast_b_iir1_b00_reg is absorbed into DSP linienmodule_fast_b_iir1_z10.
DSP Report: operator linienmodule_fast_b_iir1_z10 is absorbed into DSP linienmodule_fast_b_iir1_z10.
DSP Report: operator linienmodule_fast_b_iir1_z10 is absorbed into DSP linienmodule_fast_b_iir1_z10.
DSP Report: Generating DSP linienmodule_fast_b_iir1_z00, operation Mode is (post resource management): A2*B2.
DSP Report: register linienmodule_fast_b_iir1_z00 is absorbed into DSP linienmodule_fast_b_iir1_z00.
DSP Report: register linienmodule_fast_b_iir1_b10_reg is absorbed into DSP linienmodule_fast_b_iir1_z00.
DSP Report: operator linienmodule_fast_b_iir1_z00 is absorbed into DSP linienmodule_fast_b_iir1_z00.
DSP Report: operator linienmodule_fast_b_iir1_z00 is absorbed into DSP linienmodule_fast_b_iir1_z00.
DSP Report: Generating DSP linienmodule_fast_b_iir1_z00, operation Mode is (post resource management): (PCIN>>17)+A2*B2.
DSP Report: register linienmodule_fast_b_limitcsr1_limitcsr1_y0_reg is absorbed into DSP linienmodule_fast_b_iir1_z00.
DSP Report: register linienmodule_fast_b_iir1_b10_reg is absorbed into DSP linienmodule_fast_b_iir1_z00.
DSP Report: operator linienmodule_fast_b_iir1_z00 is absorbed into DSP linienmodule_fast_b_iir1_z00.
DSP Report: operator linienmodule_fast_b_iir1_z00 is absorbed into DSP linienmodule_fast_b_iir1_z00.
DSP Report: Generating DSP linienmodule_fast_b_iir1_z70, operation Mode is (post resource management): A2*B2.
DSP Report: register linienmodule_fast_b_iir1_z70 is absorbed into DSP linienmodule_fast_b_iir1_z70.
DSP Report: register linienmodule_fast_b_iir1_a11_reg is absorbed into DSP linienmodule_fast_b_iir1_z70.
DSP Report: operator linienmodule_fast_b_iir1_z70 is absorbed into DSP linienmodule_fast_b_iir1_z70.
DSP Report: operator linienmodule_fast_b_iir1_z70 is absorbed into DSP linienmodule_fast_b_iir1_z70.
DSP Report: Generating DSP linienmodule_fast_b_iir1_z70, operation Mode is (post resource management): (PCIN>>17)+A2*B2.
DSP Report: register linienmodule_fast_b_iir1_y1_reg is absorbed into DSP linienmodule_fast_b_iir1_z70.
DSP Report: register linienmodule_fast_b_iir1_a11_reg is absorbed into DSP linienmodule_fast_b_iir1_z70.
DSP Report: operator linienmodule_fast_b_iir1_z70 is absorbed into DSP linienmodule_fast_b_iir1_z70.
DSP Report: operator linienmodule_fast_b_iir1_z70 is absorbed into DSP linienmodule_fast_b_iir1_z70.
DSP Report: Generating DSP linienmodule_fast_b_iir1_z60, operation Mode is (post resource management): A2*B2.
DSP Report: register linienmodule_fast_b_iir1_z60 is absorbed into DSP linienmodule_fast_b_iir1_z60.
DSP Report: register linienmodule_fast_b_iir1_a2_reg is absorbed into DSP linienmodule_fast_b_iir1_z60.
DSP Report: operator linienmodule_fast_b_iir1_z60 is absorbed into DSP linienmodule_fast_b_iir1_z60.
DSP Report: operator linienmodule_fast_b_iir1_z60 is absorbed into DSP linienmodule_fast_b_iir1_z60.
DSP Report: Generating DSP linienmodule_fast_b_iir1_z60, operation Mode is (post resource management): (PCIN>>17)+A2*B2.
DSP Report: register linienmodule_fast_b_iir1_y1_reg is absorbed into DSP linienmodule_fast_b_iir1_z60.
DSP Report: register linienmodule_fast_b_iir1_a2_reg is absorbed into DSP linienmodule_fast_b_iir1_z60.
DSP Report: operator linienmodule_fast_b_iir1_z60 is absorbed into DSP linienmodule_fast_b_iir1_z60.
DSP Report: operator linienmodule_fast_b_iir1_z60 is absorbed into DSP linienmodule_fast_b_iir1_z60.
DSP Report: Generating DSP linienmodule_fast_b_iir1_z50, operation Mode is (post resource management): A2*B2.
DSP Report: register linienmodule_fast_b_iir1_z50 is absorbed into DSP linienmodule_fast_b_iir1_z50.
DSP Report: register linienmodule_fast_b_iir1_b01_reg is absorbed into DSP linienmodule_fast_b_iir1_z50.
DSP Report: operator linienmodule_fast_b_iir1_z50 is absorbed into DSP linienmodule_fast_b_iir1_z50.
DSP Report: operator linienmodule_fast_b_iir1_z50 is absorbed into DSP linienmodule_fast_b_iir1_z50.
DSP Report: Generating DSP linienmodule_fast_b_iir1_z50, operation Mode is (post resource management): (PCIN>>17)+A2*B2.
DSP Report: register linienmodule_fast_b_iir1_y0_reg is absorbed into DSP linienmodule_fast_b_iir1_z50.
DSP Report: register linienmodule_fast_b_iir1_b01_reg is absorbed into DSP linienmodule_fast_b_iir1_z50.
DSP Report: operator linienmodule_fast_b_iir1_z50 is absorbed into DSP linienmodule_fast_b_iir1_z50.
DSP Report: operator linienmodule_fast_b_iir1_z50 is absorbed into DSP linienmodule_fast_b_iir1_z50.
DSP Report: Generating DSP linienmodule_fast_b_iir1_z40, operation Mode is (post resource management): A2*B2.
DSP Report: register linienmodule_fast_b_iir1_z40 is absorbed into DSP linienmodule_fast_b_iir1_z40.
DSP Report: register linienmodule_fast_b_iir1_b11_reg is absorbed into DSP linienmodule_fast_b_iir1_z40.
DSP Report: operator linienmodule_fast_b_iir1_z40 is absorbed into DSP linienmodule_fast_b_iir1_z40.
DSP Report: operator linienmodule_fast_b_iir1_z40 is absorbed into DSP linienmodule_fast_b_iir1_z40.
DSP Report: Generating DSP linienmodule_fast_b_iir1_z40, operation Mode is (post resource management): (PCIN>>17)+A2*B2.
DSP Report: register linienmodule_fast_b_iir1_y0_reg is absorbed into DSP linienmodule_fast_b_iir1_z40.
DSP Report: register linienmodule_fast_b_iir1_b11_reg is absorbed into DSP linienmodule_fast_b_iir1_z40.
DSP Report: operator linienmodule_fast_b_iir1_z40 is absorbed into DSP linienmodule_fast_b_iir1_z40.
DSP Report: operator linienmodule_fast_b_iir1_z40 is absorbed into DSP linienmodule_fast_b_iir1_z40.
DSP Report: Generating DSP linienmodule_fast_b_iir1_z30, operation Mode is (post resource management): A2*B2.
DSP Report: register linienmodule_fast_b_iir1_z30 is absorbed into DSP linienmodule_fast_b_iir1_z30.
DSP Report: register linienmodule_fast_b_iir1_b2_reg is absorbed into DSP linienmodule_fast_b_iir1_z30.
DSP Report: operator linienmodule_fast_b_iir1_z30 is absorbed into DSP linienmodule_fast_b_iir1_z30.
DSP Report: operator linienmodule_fast_b_iir1_z30 is absorbed into DSP linienmodule_fast_b_iir1_z30.
DSP Report: Generating DSP linienmodule_fast_b_iir1_z30, operation Mode is (post resource management): (PCIN>>17)+A2*B2.
DSP Report: register linienmodule_fast_b_iir1_y0_reg is absorbed into DSP linienmodule_fast_b_iir1_z30.
DSP Report: register linienmodule_fast_b_iir1_b2_reg is absorbed into DSP linienmodule_fast_b_iir1_z30.
DSP Report: operator linienmodule_fast_b_iir1_z30 is absorbed into DSP linienmodule_fast_b_iir1_z30.
DSP Report: operator linienmodule_fast_b_iir1_z30 is absorbed into DSP linienmodule_fast_b_iir1_z30.
---------------------------------------------------------------------------------
Start ROM, RAM, DSP, Shift Register and Retiming Reporting
---------------------------------------------------------------------------------

Block RAM: Preliminary Mapping Report (see note below)
+---------------------+-----------------------------------+------------------------+---+---+------------------------+---+---+------------------+--------+--------+
|Module Name          | RTL Object                        | PORT A (Depth x Width) | W | R | PORT B (Depth x Width) | W | R | Ports driving FF | RAMB18 | RAMB36 | 
+---------------------+-----------------------------------+------------------------+---+---+------------------------+---+---+------------------+--------+--------+
|top                  | sequence_top/fsm_reg_file/mem_reg | 512 x 32(READ_FIRST)   | W |   | 512 x 32(WRITE_FIRST)  |   | R | Port A and B     | 1      | 0      | 
|top                  | sequence_top/BRAM/mem_reg         | 1 K x 14(READ_FIRST)   | W |   | 1 K x 14(WRITE_FIRST)  |   | R | Port A and B     | 1      | 0      | 
|i_3/red_pitaya_scope | adc_a_buf_reg                     | 16 K x 14(READ_FIRST)  | W |   | 16 K x 14(WRITE_FIRST) |   | R | Port A and B     | 0      | 7      | 
|i_3/red_pitaya_scope | adc_b_buf_reg                     | 16 K x 14(READ_FIRST)  | W |   | 16 K x 14(WRITE_FIRST) |   | R | Port A and B     | 0      | 7      | 
|i_3/red_pitaya_scope | adc_a_q_buf_reg                   | 16 K x 14(READ_FIRST)  | W |   | 16 K x 14(WRITE_FIRST) |   | R | Port A and B     | 0      | 7      | 
|i_3/red_pitaya_scope | adc_b_q_buf_reg                   | 16 K x 14(READ_FIRST)  | W |   | 16 K x 14(WRITE_FIRST) |   | R | Port A and B     | 0      | 7      | 
+---------------------+-----------------------------------+------------------------+---+---+------------------------+---+---+------------------+--------+--------+

Note: The table above is a preliminary report that shows the Block RAMs at the current stage of the synthesis flow. Some Block RAMs may be reimplemented as non Block RAM primitives later in the synthesis flow. Multiple instantiated Block RAMs are reported only once. 

DSP: Preliminary Mapping Report (see note below. The ' indicates corresponding REG is set)
+------------+-----------------------+--------+--------+--------+--------+--------+------+------+------+------+-------+------+------+
|Module Name | DSP Mapping           | A Size | B Size | C Size | D Size | P Size | AREG | BREG | CREG | DREG | ADREG | MREG | PREG | 
+------------+-----------------------+--------+--------+--------+--------+--------+------+------+------+------+-------+------+------+
|top         | A*B                   | 15     | 14     | -      | -      | 29     | 0    | 0    | -    | -    | -     | 0    | 0    | 
|top         | A*B                   | 15     | 14     | -      | -      | 29     | 0    | 0    | -    | -    | -     | 0    | 0    | 
|top         | A*B                   | 15     | 14     | -      | -      | 29     | 0    | 0    | -    | -    | -     | 0    | 0    | 
|top         | A2*B2                 | 25     | 18     | -      | -      | 48     | 1    | 1    | -    | -    | -     | 0    | 0    | 
|top         | (PCIN>>17)+A2*B2      | 25     | 8      | -      | -      | 33     | 1    | 1    | -    | -    | -     | 0    | 0    | 
|top         | (C or 0)+A*B          | 25     | 14     | 13     | -      | 39     | 0    | 0    | 0    | -    | -     | 0    | 0    | 
|top         | (0 or C')+(A2*B or 0) | 25     | 10     | 35     | -      | 35     | 1    | 0    | 1    | -    | -     | 0    | 0    | 
|top         | A2*B                  | 25     | 10     | -      | -      | 35     | 1    | 0    | -    | -    | -     | 0    | 0    | 
|top         | PCIN+A2:B+C           | 15     | 18     | 36     | -      | -1     | 1    | 0    | 0    | -    | -     | 0    | 0    | 
|sinusoid    | A2*B2                 | 18     | 14     | -      | -      | 48     | 1    | 1    | -    | -    | -     | 0    | 0    | 
|sinusoid    | (PCIN>>17)+A*B2       | 15     | 14     | -      | -      | 48     | 0    | 1    | -    | -    | -     | 0    | 1    | 
|top         | A2*B2                 | 25     | 18     | -      | -      | 48     | 1    | 1    | -    | -    | -     | 0    | 0    | 
|top         | (PCIN>>17)+A2*B2      | 25     | 8      | -      | -      | 33     | 1    | 1    | -    | -    | -     | 0    | 0    | 
|top         | A2*B2                 | 25     | 18     | -      | -      | 48     | 1    | 1    | -    | -    | -     | 0    | 0    | 
|top         | (PCIN>>17)+A2*B2      | 25     | 8      | -      | -      | 33     | 1    | 1    | -    | -    | -     | 0    | 0    | 
|top         | A2*B2                 | 25     | 18     | -      | -      | 48     | 1    | 1    | -    | -    | -     | 0    | 0    | 
|top         | (PCIN>>17)+A*B2       | 25     | 8      | -      | -      | 33     | 1    | 1    | -    | -    | -     | 0    | 0    | 
|top         | A2*B2                 | 25     | 18     | -      | -      | 48     | 1    | 1    | -    | -    | -     | 0    | 0    | 
|top         | (PCIN>>17)+A*B2       | 25     | 8      | -      | -      | 33     | 1    | 1    | -    | -    | -     | 0    | 0    | 
|top         | (C or 0)+A*B          | 25     | 14     | 13     | -      | 39     | 0    | 0    | 0    | -    | -     | 0    | 0    | 
|top         | (C or 0)+A*B          | 25     | 14     | 13     | -      | 39     | 0    | 0    | 0    | -    | -     | 0    | 0    | 
|top         | A2*B2                 | 25     | 18     | -      | -      | 48     | 1    | 1    | -    | -    | -     | 0    | 0    | 
|top         | (PCIN>>17)+A2*B2      | 25     | 8      | -      | -      | 33     | 1    | 1    | -    | -    | -     | 0    | 0    | 
|top         | A2*B2                 | 25     | 18     | -      | -      | 48     | 1    | 1    | -    | -    | -     | 0    | 0    | 
|top         | (PCIN>>17)+A2*B2      | 25     | 8      | -      | -      | 33     | 1    | 1    | -    | -    | -     | 0    | 0    | 
|top         | A2*B2                 | 25     | 18     | -      | -      | 48     | 1    | 1    | -    | -    | -     | 0    | 0    | 
|top         | (PCIN>>17)+A2*B2      | 25     | 8      | -      | -      | 33     | 1    | 1    | -    | -    | -     | 0    | 0    | 
|top         | A2*B2                 | 25     | 18     | -      | -      | 48     | 1    | 1    | -    | -    | -     | 0    | 0    | 
|top         | (PCIN>>17)+A2*B2      | 25     | 8      | -      | -      | 33     | 1    | 1    | -    | -    | -     | 0    | 0    | 
|top         | A2*B2                 | 25     | 18     | -      | -      | 48     | 1    | 1    | -    | -    | -     | 0    | 0    | 
|top         | (PCIN>>17)+A2*B2      | 25     | 8      | -      | -      | 33     | 1    | 1    | -    | -    | -     | 0    | 0    | 
|top         | A2*B2                 | 25     | 18     | -      | -      | 48     | 1    | 1    | -    | -    | -     | 0    | 0    | 
|top         | (PCIN>>17)+A2*B2      | 25     | 8      | -      | -      | 33     | 1    | 1    | -    | -    | -     | 0    | 0    | 
|top         | A2*B2                 | 25     | 18     | -      | -      | 48     | 1    | 1    | -    | -    | -     | 0    | 0    | 
|top         | (PCIN>>17)+A2*B2      | 25     | 8      | -      | -      | 33     | 1    | 1    | -    | -    | -     | 0    | 0    | 
|top         | A2*B2                 | 25     | 18     | -      | -      | 48     | 1    | 1    | -    | -    | -     | 0    | 0    | 
|top         | (PCIN>>17)+A2*B2      | 25     | 8      | -      | -      | 33     | 1    | 1    | -    | -    | -     | 0    | 0    | 
|top         | A2*B2                 | 25     | 18     | -      | -      | 48     | 1    | 1    | -    | -    | -     | 0    | 0    | 
|top         | (PCIN>>17)+A2*B2      | 25     | 8      | -      | -      | 33     | 1    | 1    | -    | -    | -     | 0    | 0    | 
|top         | A2*B2                 | 25     | 18     | -      | -      | 48     | 1    | 1    | -    | -    | -     | 0    | 0    | 
|top         | (PCIN>>17)+A2*B2      | 25     | 8      | -      | -      | 33     | 1    | 1    | -    | -    | -     | 0    | 0    | 
|top         | A2*B2                 | 25     | 18     | -      | -      | 48     | 1    | 1    | -    | -    | -     | 0    | 0    | 
|top         | (PCIN>>17)+A2*B2      | 25     | 8      | -      | -      | 33     | 1    | 1    | -    | -    | -     | 0    | 0    | 
|top         | A2*B2                 | 25     | 18     | -      | -      | 48     | 1    | 1    | -    | -    | -     | 0    | 0    | 
|top         | (PCIN>>17)+A2*B2      | 25     | 8      | -      | -      | 33     | 1    | 1    | -    | -    | -     | 0    | 0    | 
|top         | A2*B2                 | 25     | 18     | -      | -      | 48     | 1    | 1    | -    | -    | -     | 0    | 0    | 
|top         | (PCIN>>17)+A*B2       | 25     | 8      | -      | -      | 33     | 1    | 1    | -    | -    | -     | 0    | 0    | 
|top         | A2*B2                 | 25     | 18     | -      | -      | 48     | 1    | 1    | -    | -    | -     | 0    | 0    | 
|top         | (PCIN>>17)+A*B2       | 25     | 8      | -      | -      | 33     | 1    | 1    | -    | -    | -     | 0    | 0    | 
|top         | A2*B2                 | 25     | 18     | -      | -      | 48     | 1    | 1    | -    | -    | -     | 0    | 0    | 
|top         | (PCIN>>17)+A2*B2      | 25     | 8      | -      | -      | 33     | 1    | 1    | -    | -    | -     | 0    | 0    | 
|top         | A2*B2                 | 25     | 18     | -      | -      | 48     | 1    | 1    | -    | -    | -     | 0    | 0    | 
|top         | (PCIN>>17)+A2*B2      | 25     | 8      | -      | -      | 33     | 1    | 1    | -    | -    | -     | 0    | 0    | 
|top         | A2*B2                 | 25     | 18     | -      | -      | 48     | 1    | 1    | -    | -    | -     | 0    | 0    | 
|top         | (PCIN>>17)+A2*B2      | 25     | 8      | -      | -      | 33     | 1    | 1    | -    | -    | -     | 0    | 0    | 
|top         | A2*B2                 | 25     | 18     | -      | -      | 48     | 1    | 1    | -    | -    | -     | 0    | 0    | 
|top         | (PCIN>>17)+A2*B2      | 25     | 8      | -      | -      | 33     | 1    | 1    | -    | -    | -     | 0    | 0    | 
|top         | A2*B2                 | 25     | 18     | -      | -      | 48     | 1    | 1    | -    | -    | -     | 0    | 0    | 
|top         | (PCIN>>17)+A2*B2      | 25     | 8      | -      | -      | 33     | 1    | 1    | -    | -    | -     | 0    | 0    | 
|top         | A2*B2                 | 25     | 18     | -      | -      | 48     | 1    | 1    | -    | -    | -     | 0    | 0    | 
|top         | (PCIN>>17)+A2*B2      | 25     | 8      | -      | -      | 33     | 1    | 1    | -    | -    | -     | 0    | 0    | 
|top         | A2*B2                 | 25     | 18     | -      | -      | 48     | 1    | 1    | -    | -    | -     | 0    | 0    | 
|top         | (PCIN>>17)+A*B2       | 25     | 8      | -      | -      | 33     | 1    | 1    | -    | -    | -     | 0    | 0    | 
|top         | A2*B2                 | 25     | 18     | -      | -      | 48     | 1    | 1    | -    | -    | -     | 0    | 0    | 
|top         | (PCIN>>17)+A*B2       | 25     | 8      | -      | -      | 33     | 1    | 1    | -    | -    | -     | 0    | 0    | 
|top         | A2*B2                 | 25     | 18     | -      | -      | 48     | 1    | 1    | -    | -    | -     | 0    | 0    | 
|top         | (PCIN>>17)+A2*B2      | 25     | 8      | -      | -      | 33     | 1    | 1    | -    | -    | -     | 0    | 0    | 
|top         | A2*B2                 | 25     | 18     | -      | -      | 48     | 1    | 1    | -    | -    | -     | 0    | 0    | 
|top         | (PCIN>>17)+A2*B2      | 25     | 8      | -      | -      | 33     | 1    | 1    | -    | -    | -     | 0    | 0    | 
|top         | A2*B2                 | 25     | 18     | -      | -      | 48     | 1    | 1    | -    | -    | -     | 0    | 0    | 
|top         | (PCIN>>17)+A2*B2      | 25     | 8      | -      | -      | 33     | 1    | 1    | -    | -    | -     | 0    | 0    | 
|top         | A2*B2                 | 25     | 18     | -      | -      | 48     | 1    | 1    | -    | -    | -     | 0    | 0    | 
|top         | (PCIN>>17)+A2*B2      | 25     | 8      | -      | -      | 33     | 1    | 1    | -    | -    | -     | 0    | 0    | 
|top         | A2*B2                 | 25     | 18     | -      | -      | 48     | 1    | 1    | -    | -    | -     | 0    | 0    | 
|top         | (PCIN>>17)+A2*B2      | 25     | 8      | -      | -      | 33     | 1    | 1    | -    | -    | -     | 0    | 0    | 
|top         | A2*B2                 | 25     | 18     | -      | -      | 48     | 1    | 1    | -    | -    | -     | 0    | 0    | 
|top         | (PCIN>>17)+A2*B2      | 25     | 8      | -      | -      | 33     | 1    | 1    | -    | -    | -     | 0    | 0    | 
|top         | A2*B2                 | 25     | 18     | -      | -      | 48     | 1    | 1    | -    | -    | -     | 0    | 0    | 
|top         | (PCIN>>17)+A*B2       | 25     | 8      | -      | -      | 33     | 1    | 1    | -    | -    | -     | 0    | 0    | 
|top         | A2*B2                 | 25     | 18     | -      | -      | 48     | 1    | 1    | -    | -    | -     | 0    | 0    | 
|top         | (PCIN>>17)+A*B2       | 25     | 8      | -      | -      | 33     | 1    | 1    | -    | -    | -     | 0    | 0    | 
|top         | A2*B2                 | 25     | 18     | -      | -      | 48     | 1    | 1    | -    | -    | -     | 0    | 0    | 
|top         | (PCIN>>17)+A2*B2      | 25     | 8      | -      | -      | 33     | 1    | 1    | -    | -    | -     | 0    | 0    | 
|top         | A2*B2                 | 25     | 18     | -      | -      | 48     | 1    | 1    | -    | -    | -     | 0    | 0    | 
|top         | (PCIN>>17)+A2*B2      | 25     | 8      | -      | -      | 33     | 1    | 1    | -    | -    | -     | 0    | 0    | 
|top         | A2*B2                 | 25     | 18     | -      | -      | 48     | 1    | 1    | -    | -    | -     | 0    | 0    | 
|top         | (PCIN>>17)+A2*B2      | 25     | 8      | -      | -      | 33     | 1    | 1    | -    | -    | -     | 0    | 0    | 
|top         | A2*B2                 | 25     | 18     | -      | -      | 48     | 1    | 1    | -    | -    | -     | 0    | 0    | 
|top         | (PCIN>>17)+A2*B2      | 25     | 8      | -      | -      | 33     | 1    | 1    | -    | -    | -     | 0    | 0    | 
|top         | A2*B2                 | 25     | 18     | -      | -      | 48     | 1    | 1    | -    | -    | -     | 0    | 0    | 
|top         | (PCIN>>17)+A2*B2      | 25     | 8      | -      | -      | 33     | 1    | 1    | -    | -    | -     | 0    | 0    | 
|top         | A2*B2                 | 25     | 18     | -      | -      | 48     | 1    | 1    | -    | -    | -     | 0    | 0    | 
|top         | (PCIN>>17)+A2*B2      | 25     | 8      | -      | -      | 33     | 1    | 1    | -    | -    | -     | 0    | 0    | 
|top         | A2*B2                 | 25     | 18     | -      | -      | 48     | 1    | 1    | -    | -    | -     | 0    | 0    | 
|top         | (PCIN>>17)+A*B2       | 25     | 8      | -      | -      | 33     | 1    | 1    | -    | -    | -     | 0    | 0    | 
|top         | A2*B2                 | 25     | 18     | -      | -      | 48     | 1    | 1    | -    | -    | -     | 0    | 0    | 
|top         | (PCIN>>17)+A*B2       | 25     | 8      | -      | -      | 33     | 1    | 1    | -    | -    | -     | 0    | 0    | 
+------------+-----------------------+--------+--------+--------+--------+--------+------+------+------+------+-------+------+------+

Note: The table above is a preliminary report that shows the DSPs inferred at the current stage of the synthesis flow. Some DSP may be reimplemented as non DSP primitives later in the synthesis flow. Multiple instantiated DSPs are reported only once.
---------------------------------------------------------------------------------
Finished ROM, RAM, DSP, Shift Register and Retiming Reporting
---------------------------------------------------------------------------------
---------------------------------------------------------------------------------
Start Applying XDC Timing Constraints
---------------------------------------------------------------------------------
---------------------------------------------------------------------------------
Finished Applying XDC Timing Constraints : Time (s): cpu = 00:01:57 ; elapsed = 00:02:03 . Memory (MB): peak = 1927.059 ; gain = 1179.496
---------------------------------------------------------------------------------
---------------------------------------------------------------------------------
Start Timing Optimization
---------------------------------------------------------------------------------
---------------------------------------------------------------------------------
Finished Timing Optimization : Time (s): cpu = 00:02:32 ; elapsed = 00:02:38 . Memory (MB): peak = 2186.801 ; gain = 1439.238
---------------------------------------------------------------------------------
---------------------------------------------------------------------------------
Start ROM, RAM, DSP, Shift Register and Retiming Reporting
---------------------------------------------------------------------------------

Block RAM: Final Mapping Report
+---------------------+-----------------------------------+------------------------+---+---+------------------------+---+---+------------------+--------+--------+
|Module Name          | RTL Object                        | PORT A (Depth x Width) | W | R | PORT B (Depth x Width) | W | R | Ports driving FF | RAMB18 | RAMB36 | 
+---------------------+-----------------------------------+------------------------+---+---+------------------------+---+---+------------------+--------+--------+
|top                  | sequence_top/fsm_reg_file/mem_reg | 512 x 32(READ_FIRST)   | W |   | 512 x 32(WRITE_FIRST)  |   | R | Port A and B     | 1      | 0      | 
|top                  | sequence_top/BRAM/mem_reg         | 1 K x 14(READ_FIRST)   | W |   | 1 K x 14(WRITE_FIRST)  |   | R | Port A and B     | 1      | 0      | 
|i_3/red_pitaya_scope | adc_a_buf_reg                     | 16 K x 14(READ_FIRST)  | W |   | 16 K x 14(WRITE_FIRST) |   | R | Port A and B     | 0      | 7      | 
|i_3/red_pitaya_scope | adc_b_buf_reg                     | 16 K x 14(READ_FIRST)  | W |   | 16 K x 14(WRITE_FIRST) |   | R | Port A and B     | 0      | 7      | 
|i_3/red_pitaya_scope | adc_a_q_buf_reg                   | 16 K x 14(READ_FIRST)  | W |   | 16 K x 14(WRITE_FIRST) |   | R | Port A and B     | 0      | 7      | 
|i_3/red_pitaya_scope | adc_b_q_buf_reg                   | 16 K x 14(READ_FIRST)  | W |   | 16 K x 14(WRITE_FIRST) |   | R | Port A and B     | 0      | 7      | 
+---------------------+-----------------------------------+------------------------+---+---+------------------------+---+---+------------------+--------+--------+

---------------------------------------------------------------------------------
Finished ROM, RAM, DSP, Shift Register and Retiming Reporting
---------------------------------------------------------------------------------
---------------------------------------------------------------------------------
Start Technology Mapping
---------------------------------------------------------------------------------
INFO: [Synth 8-7052] The timing for the instance sequence_top/fsm_reg_file/mem_reg (implemented as a Block RAM) might be sub-optimal as no optional output register could be merged into the ram block. Providing additional output register may help in improving timing.
INFO: [Synth 8-7052] The timing for the instance sequence_top/u_sinusoid/sin_lut/o_rd_data_reg (implemented as a Block RAM) might be sub-optimal as no optional output register could be merged into the ram block. Providing additional output register may help in improving timing.
INFO: [Synth 8-7052] The timing for the instance red_pitaya_scope/adc_a_buf_reg_0 (implemented as a Block RAM) might be sub-optimal as no optional output register could be merged into the ram block. Providing additional output register may help in improving timing.
INFO: [Synth 8-7052] The timing for the instance red_pitaya_scope/adc_a_buf_reg_1 (implemented as a Block RAM) might be sub-optimal as no optional output register could be merged into the ram block. Providing additional output register may help in improving timing.
INFO: [Synth 8-7052] The timing for the instance red_pitaya_scope/adc_a_buf_reg_2 (implemented as a Block RAM) might be sub-optimal as no optional output register could be merged into the ram block. Providing additional output register may help in improving timing.
INFO: [Synth 8-7052] The timing for the instance red_pitaya_scope/adc_a_buf_reg_3 (implemented as a Block RAM) might be sub-optimal as no optional output register could be merged into the ram block. Providing additional output register may help in improving timing.
INFO: [Synth 8-7052] The timing for the instance red_pitaya_scope/adc_a_buf_reg_4 (implemented as a Block RAM) might be sub-optimal as no optional output register could be merged into the ram block. Providing additional output register may help in improving timing.
INFO: [Synth 8-7052] The timing for the instance red_pitaya_scope/adc_a_buf_reg_5 (implemented as a Block RAM) might be sub-optimal as no optional output register could be merged into the ram block. Providing additional output register may help in improving timing.
INFO: [Synth 8-7052] The timing for the instance red_pitaya_scope/adc_a_buf_reg_6 (implemented as a Block RAM) might be sub-optimal as no optional output register could be merged into the ram block. Providing additional output register may help in improving timing.
INFO: [Synth 8-7052] The timing for the instance red_pitaya_scope/adc_b_buf_reg_0 (implemented as a Block RAM) might be sub-optimal as no optional output register could be merged into the ram block. Providing additional output register may help in improving timing.
INFO: [Synth 8-7052] The timing for the instance red_pitaya_scope/adc_b_buf_reg_1 (implemented as a Block RAM) might be sub-optimal as no optional output register could be merged into the ram block. Providing additional output register may help in improving timing.
INFO: [Synth 8-7052] The timing for the instance red_pitaya_scope/adc_b_buf_reg_2 (implemented as a Block RAM) might be sub-optimal as no optional output register could be merged into the ram block. Providing additional output register may help in improving timing.
INFO: [Synth 8-7052] The timing for the instance red_pitaya_scope/adc_b_buf_reg_3 (implemented as a Block RAM) might be sub-optimal as no optional output register could be merged into the ram block. Providing additional output register may help in improving timing.
INFO: [Synth 8-7052] The timing for the instance red_pitaya_scope/adc_b_buf_reg_4 (implemented as a Block RAM) might be sub-optimal as no optional output register could be merged into the ram block. Providing additional output register may help in improving timing.
INFO: [Synth 8-7052] The timing for the instance red_pitaya_scope/adc_b_buf_reg_5 (implemented as a Block RAM) might be sub-optimal as no optional output register could be merged into the ram block. Providing additional output register may help in improving timing.
INFO: [Synth 8-7052] The timing for the instance red_pitaya_scope/adc_b_buf_reg_6 (implemented as a Block RAM) might be sub-optimal as no optional output register could be merged into the ram block. Providing additional output register may help in improving timing.
INFO: [Synth 8-7052] The timing for the instance red_pitaya_scope/adc_a_q_buf_reg_0 (implemented as a Block RAM) might be sub-optimal as no optional output register could be merged into the ram block. Providing additional output register may help in improving timing.
INFO: [Synth 8-7052] The timing for the instance red_pitaya_scope/adc_a_q_buf_reg_1 (implemented as a Block RAM) might be sub-optimal as no optional output register could be merged into the ram block. Providing additional output register may help in improving timing.
INFO: [Synth 8-7052] The timing for the instance red_pitaya_scope/adc_a_q_buf_reg_2 (implemented as a Block RAM) might be sub-optimal as no optional output register could be merged into the ram block. Providing additional output register may help in improving timing.
INFO: [Synth 8-7052] The timing for the instance red_pitaya_scope/adc_a_q_buf_reg_3 (implemented as a Block RAM) might be sub-optimal as no optional output register could be merged into the ram block. Providing additional output register may help in improving timing.
INFO: [Synth 8-7052] The timing for the instance red_pitaya_scope/adc_a_q_buf_reg_4 (implemented as a Block RAM) might be sub-optimal as no optional output register could be merged into the ram block. Providing additional output register may help in improving timing.
INFO: [Synth 8-7052] The timing for the instance red_pitaya_scope/adc_a_q_buf_reg_5 (implemented as a Block RAM) might be sub-optimal as no optional output register could be merged into the ram block. Providing additional output register may help in improving timing.
INFO: [Synth 8-7052] The timing for the instance red_pitaya_scope/adc_a_q_buf_reg_6 (implemented as a Block RAM) might be sub-optimal as no optional output register could be merged into the ram block. Providing additional output register may help in improving timing.
INFO: [Synth 8-7052] The timing for the instance red_pitaya_scope/adc_b_q_buf_reg_0 (implemented as a Block RAM) might be sub-optimal as no optional output register could be merged into the ram block. Providing additional output register may help in improving timing.
INFO: [Synth 8-7052] The timing for the instance red_pitaya_scope/adc_b_q_buf_reg_1 (implemented as a Block RAM) might be sub-optimal as no optional output register could be merged into the ram block. Providing additional output register may help in improving timing.
INFO: [Synth 8-7052] The timing for the instance red_pitaya_scope/adc_b_q_buf_reg_2 (implemented as a Block RAM) might be sub-optimal as no optional output register could be merged into the ram block. Providing additional output register may help in improving timing.
INFO: [Synth 8-7052] The timing for the instance red_pitaya_scope/adc_b_q_buf_reg_3 (implemented as a Block RAM) might be sub-optimal as no optional output register could be merged into the ram block. Providing additional output register may help in improving timing.
INFO: [Synth 8-7052] The timing for the instance red_pitaya_scope/adc_b_q_buf_reg_4 (implemented as a Block RAM) might be sub-optimal as no optional output register could be merged into the ram block. Providing additional output register may help in improving timing.
INFO: [Synth 8-7052] The timing for the instance red_pitaya_scope/adc_b_q_buf_reg_5 (implemented as a Block RAM) might be sub-optimal as no optional output register could be merged into the ram block. Providing additional output register may help in improving timing.
INFO: [Synth 8-7052] The timing for the instance red_pitaya_scope/adc_b_q_buf_reg_6 (implemented as a Block RAM) might be sub-optimal as no optional output register could be merged into the ram block. Providing additional output register may help in improving timing.
---------------------------------------------------------------------------------
Finished Technology Mapping : Time (s): cpu = 00:02:56 ; elapsed = 00:03:04 . Memory (MB): peak = 2224.711 ; gain = 1477.148
---------------------------------------------------------------------------------
---------------------------------------------------------------------------------
Start IO Insertion
---------------------------------------------------------------------------------
---------------------------------------------------------------------------------
Start Flattening Before IO Insertion
---------------------------------------------------------------------------------
---------------------------------------------------------------------------------
Finished Flattening Before IO Insertion
---------------------------------------------------------------------------------
---------------------------------------------------------------------------------
Start Final Netlist Cleanup
---------------------------------------------------------------------------------
---------------------------------------------------------------------------------
Finished Final Netlist Cleanup
---------------------------------------------------------------------------------
---------------------------------------------------------------------------------
Finished IO Insertion : Time (s): cpu = 00:03:05 ; elapsed = 00:03:13 . Memory (MB): peak = 2269.430 ; gain = 1521.867
---------------------------------------------------------------------------------
---------------------------------------------------------------------------------
Start Renaming Generated Instances
---------------------------------------------------------------------------------
---------------------------------------------------------------------------------
Finished Renaming Generated Instances : Time (s): cpu = 00:03:06 ; elapsed = 00:03:13 . Memory (MB): peak = 2269.430 ; gain = 1521.867
---------------------------------------------------------------------------------
---------------------------------------------------------------------------------
Start Rebuilding User Hierarchy
---------------------------------------------------------------------------------
---------------------------------------------------------------------------------
Finished Rebuilding User Hierarchy : Time (s): cpu = 00:03:11 ; elapsed = 00:03:19 . Memory (MB): peak = 2271.746 ; gain = 1524.184
---------------------------------------------------------------------------------
---------------------------------------------------------------------------------
Start Renaming Generated Ports
---------------------------------------------------------------------------------
---------------------------------------------------------------------------------
Finished Renaming Generated Ports : Time (s): cpu = 00:03:11 ; elapsed = 00:03:19 . Memory (MB): peak = 2271.746 ; gain = 1524.184
---------------------------------------------------------------------------------
---------------------------------------------------------------------------------
Start Handling Custom Attributes
---------------------------------------------------------------------------------
---------------------------------------------------------------------------------
Finished Handling Custom Attributes : Time (s): cpu = 00:03:12 ; elapsed = 00:03:19 . Memory (MB): peak = 2271.746 ; gain = 1524.184
---------------------------------------------------------------------------------
---------------------------------------------------------------------------------
Start Renaming Generated Nets
---------------------------------------------------------------------------------
---------------------------------------------------------------------------------
Finished Renaming Generated Nets : Time (s): cpu = 00:03:12 ; elapsed = 00:03:20 . Memory (MB): peak = 2271.746 ; gain = 1524.184
---------------------------------------------------------------------------------
---------------------------------------------------------------------------------
Start Writing Synthesis Report
---------------------------------------------------------------------------------

DSP Final Report (the ' indicates corresponding REG is set)
+------------+-----------------+--------+--------+--------+--------+--------+------+------+------+------+-------+------+------+
|Module Name | DSP Mapping     | A Size | B Size | C Size | D Size | P Size | AREG | BREG | CREG | DREG | ADREG | MREG | PREG | 
+------------+-----------------+--------+--------+--------+--------+--------+------+------+------+------+-------+------+------+
|top         | Dynamic         | -      | -      | -      | -      | 39     | -    | -    | -    | -    | -     | 0    | 1    | 
|top         | Dynamic         | -      | -      | -      | -      | 39     | -    | -    | -    | -    | -     | 0    | 0    | 
|top         | A'*B'           | 30     | 17     | -      | -      | 48     | 1    | 1    | -    | -    | -     | 0    | 0    | 
|top         | PCIN>>17+A'*B'  | 30     | 18     | -      | -      | 33     | 1    | 1    | -    | -    | -     | 0    | 0    | 
|top         | A'*B'           | 30     | 17     | -      | -      | 48     | 1    | 1    | -    | -    | -     | 0    | 0    | 
|top         | PCIN>>17+(A*B)' | 30     | 18     | -      | -      | 33     | 0    | 0    | -    | -    | -     | 1    | 0    | 
|top         | A'*B'           | 30     | 17     | -      | -      | 48     | 1    | 1    | -    | -    | -     | 0    | 0    | 
|top         | PCIN>>17+(A*B)' | 30     | 18     | -      | -      | 33     | 0    | 0    | -    | -    | -     | 1    | 0    | 
|top         | A'*B'           | 30     | 17     | -      | -      | 48     | 1    | 1    | -    | -    | -     | 0    | 0    | 
|top         | PCIN>>17+A'*B'  | 30     | 18     | -      | -      | 33     | 1    | 1    | -    | -    | -     | 0    | 0    | 
|top         | A'*B'           | 30     | 17     | -      | -      | 48     | 1    | 1    | -    | -    | -     | 0    | 0    | 
|top         | PCIN>>17+A'*B'  | 30     | 18     | -      | -      | 33     | 1    | 1    | -    | -    | -     | 0    | 0    | 
|top         | A'*B'           | 30     | 17     | -      | -      | 48     | 1    | 1    | -    | -    | -     | 0    | 0    | 
|top         | PCIN>>17+A'*B'  | 30     | 18     | -      | -      | 33     | 1    | 1    | -    | -    | -     | 0    | 0    | 
|top         | A'*B'           | 30     | 17     | -      | -      | 48     | 1    | 1    | -    | -    | -     | 0    | 0    | 
|top         | PCIN>>17+A'*B'  | 30     | 18     | -      | -      | 33     | 1    | 1    | -    | -    | -     | 0    | 0    | 
|top         | A'*B'           | 30     | 17     | -      | -      | 48     | 1    | 1    | -    | -    | -     | 0    | 0    | 
|top         | PCIN>>17+A'*B'  | 30     | 18     | -      | -      | 33     | 1    | 1    | -    | -    | -     | 0    | 0    | 
|top         | A'*B'           | 30     | 17     | -      | -      | 48     | 1    | 1    | -    | -    | -     | 0    | 0    | 
|top         | PCIN>>17+A'*B'  | 30     | 18     | -      | -      | 33     | 1    | 1    | -    | -    | -     | 0    | 0    | 
|top         | A'*B'           | 30     | 17     | -      | -      | 48     | 1    | 1    | -    | -    | -     | 0    | 0    | 
|top         | PCIN>>17+(A*B)' | 30     | 18     | -      | -      | 33     | 0    | 0    | -    | -    | -     | 1    | 0    | 
|top         | A'*B'           | 30     | 17     | -      | -      | 48     | 1    | 1    | -    | -    | -     | 0    | 0    | 
|top         | PCIN>>17+(A*B)' | 30     | 18     | -      | -      | 33     | 0    | 0    | -    | -    | -     | 1    | 0    | 
|top         | A'*B'           | 30     | 17     | -      | -      | 48     | 1    | 1    | -    | -    | -     | 0    | 0    | 
|top         | PCIN>>17+A'*B'  | 30     | 18     | -      | -      | 33     | 1    | 1    | -    | -    | -     | 0    | 0    | 
|top         | A'*B'           | 30     | 17     | -      | -      | 48     | 1    | 1    | -    | -    | -     | 0    | 0    | 
|top         | PCIN>>17+A'*B'  | 30     | 18     | -      | -      | 33     | 1    | 1    | -    | -    | -     | 0    | 0    | 
|top         | A'*B'           | 30     | 17     | -      | -      | 48     | 1    | 1    | -    | -    | -     | 0    | 0    | 
|top         | PCIN>>17+A'*B'  | 30     | 18     | -      | -      | 33     | 1    | 1    | -    | -    | -     | 0    | 0    | 
|top         | A'*B'           | 30     | 17     | -      | -      | 48     | 1    | 1    | -    | -    | -     | 0    | 0    | 
|top         | PCIN>>17+A'*B'  | 30     | 18     | -      | -      | 33     | 1    | 1    | -    | -    | -     | 0    | 0    | 
|top         | A'*B'           | 30     | 17     | -      | -      | 48     | 1    | 1    | -    | -    | -     | 0    | 0    | 
|top         | PCIN>>17+A'*B'  | 30     | 18     | -      | -      | 33     | 1    | 1    | -    | -    | -     | 0    | 0    | 
|top         | A'*B'           | 30     | 17     | -      | -      | 48     | 1    | 1    | -    | -    | -     | 0    | 0    | 
|top         | PCIN>>17+A'*B'  | 30     | 18     | -      | -      | 33     | 1    | 1    | -    | -    | -     | 0    | 0    | 
|top         | A'*B'           | 30     | 17     | -      | -      | 48     | 1    | 1    | -    | -    | -     | 0    | 0    | 
|top         | PCIN>>17+(A*B)' | 30     | 18     | -      | -      | 33     | 0    | 0    | -    | -    | -     | 1    | 0    | 
|top         | A'*B'           | 30     | 17     | -      | -      | 48     | 1    | 1    | -    | -    | -     | 0    | 0    | 
|top         | PCIN>>17+(A*B)' | 30     | 18     | -      | -      | 33     | 0    | 0    | -    | -    | -     | 1    | 0    | 
|top         | A'*B'           | 30     | 17     | -      | -      | 48     | 1    | 1    | -    | -    | -     | 0    | 0    | 
|top         | PCIN>>17+A'*B'  | 30     | 18     | -      | -      | 33     | 1    | 1    | -    | -    | -     | 0    | 0    | 
|top         | A'*B'           | 30     | 17     | -      | -      | 48     | 1    | 1    | -    | -    | -     | 0    | 0    | 
|top         | PCIN>>17+A'*B'  | 30     | 18     | -      | -      | 33     | 1    | 1    | -    | -    | -     | 0    | 0    | 
|top         | A'*B'           | 30     | 17     | -      | -      | 48     | 1    | 1    | -    | -    | -     | 0    | 0    | 
|top         | PCIN>>17+A'*B'  | 30     | 18     | -      | -      | 33     | 1    | 1    | -    | -    | -     | 0    | 0    | 
|top         | A'*B'           | 30     | 17     | -      | -      | 48     | 1    | 1    | -    | -    | -     | 0    | 0    | 
|top         | PCIN>>17+A'*B'  | 30     | 18     | -      | -      | 33     | 1    | 1    | -    | -    | -     | 0    | 0    | 
|top         | A'*B'           | 30     | 17     | -      | -      | 48     | 1    | 1    | -    | -    | -     | 0    | 0    | 
|top         | PCIN>>17+A'*B'  | 30     | 18     | -      | -      | 33     | 1    | 1    | -    | -    | -     | 0    | 0    | 
|top         | A'*B'           | 30     | 17     | -      | -      | 48     | 1    | 1    | -    | -    | -     | 0    | 0    | 
|top         | PCIN>>17+A'*B'  | 30     | 18     | -      | -      | 33     | 1    | 1    | -    | -    | -     | 0    | 0    | 
|top         | A'*B'           | 30     | 17     | -      | -      | 48     | 1    | 1    | -    | -    | -     | 0    | 0    | 
|top         | PCIN>>17+(A*B)' | 30     | 18     | -      | -      | 33     | 0    | 0    | -    | -    | -     | 1    | 0    | 
|top         | A'*B'           | 30     | 17     | -      | -      | 48     | 1    | 1    | -    | -    | -     | 0    | 0    | 
|top         | PCIN>>17+(A*B)' | 30     | 18     | -      | -      | 33     | 0    | 0    | -    | -    | -     | 1    | 0    | 
|top         | A'*B'           | 30     | 17     | -      | -      | 48     | 1    | 1    | -    | -    | -     | 0    | 0    | 
|top         | PCIN>>17+A'*B'  | 30     | 18     | -      | -      | 33     | 1    | 1    | -    | -    | -     | 0    | 0    | 
|top         | A'*B'           | 30     | 17     | -      | -      | 48     | 1    | 1    | -    | -    | -     | 0    | 0    | 
|top         | PCIN>>17+A'*B'  | 30     | 18     | -      | -      | 33     | 1    | 1    | -    | -    | -     | 0    | 0    | 
|top         | A'*B'           | 30     | 17     | -      | -      | 48     | 1    | 1    | -    | -    | -     | 0    | 0    | 
|top         | PCIN>>17+A'*B'  | 30     | 18     | -      | -      | 33     | 1    | 1    | -    | -    | -     | 0    | 0    | 
|top         | A'*B'           | 30     | 17     | -      | -      | 48     | 1    | 1    | -    | -    | -     | 0    | 0    | 
|top         | PCIN>>17+A'*B'  | 30     | 18     | -      | -      | 33     | 1    | 1    | -    | -    | -     | 0    | 0    | 
|top         | A'*B'           | 30     | 17     | -      | -      | 48     | 1    | 1    | -    | -    | -     | 0    | 0    | 
|top         | PCIN>>17+A'*B'  | 30     | 18     | -      | -      | 33     | 1    | 1    | -    | -    | -     | 0    | 0    | 
|top         | A'*B'           | 30     | 17     | -      | -      | 48     | 1    | 1    | -    | -    | -     | 0    | 0    | 
|top         | A'*B'           | 30     | 17     | -      | -      | 48     | 1    | 1    | -    | -    | -     | 0    | 0    | 
|top         | PCIN>>17+A'*B'  | 30     | 18     | -      | -      | 33     | 1    | 1    | -    | -    | -     | 0    | 0    | 
|top         | A'*B'           | 30     | 17     | -      | -      | 48     | 1    | 1    | -    | -    | -     | 0    | 0    | 
|top         | PCIN>>17+A'*B'  | 30     | 18     | -      | -      | 33     | 1    | 1    | -    | -    | -     | 0    | 0    | 
|top         | A'*B'           | 30     | 17     | -      | -      | 48     | 1    | 1    | -    | -    | -     | 0    | 0    | 
|top         | PCIN>>17+A'*B'  | 30     | 18     | -      | -      | 33     | 1    | 1    | -    | -    | -     | 0    | 0    | 
|top         | A'*B'           | 30     | 17     | -      | -      | 48     | 1    | 1    | -    | -    | -     | 0    | 0    | 
|top         | PCIN>>17+A'*B'  | 30     | 18     | -      | -      | 33     | 1    | 1    | -    | -    | -     | 0    | 0    | 
|top         | A'*B'           | 30     | 17     | -      | -      | 48     | 1    | 1    | -    | -    | -     | 0    | 0    | 
|top         | PCIN>>17+A'*B'  | 30     | 18     | -      | -      | 33     | 1    | 1    | -    | -    | -     | 0    | 0    | 
|top         | A'*B'           | 30     | 17     | -      | -      | 48     | 1    | 1    | -    | -    | -     | 0    | 0    | 
|top         | PCIN>>17+A'*B'  | 30     | 18     | -      | -      | 33     | 1    | 1    | -    | -    | -     | 0    | 0    | 
|top         | Dynamic         | -      | -      | -      | -      | 36     | -    | -    | -    | -    | -     | 0    | 0    | 
+------------+-----------------+--------+--------+--------+--------+--------+------+------+------+------+-------+------+------+


Report BlackBoxes: 
+-+--------------+----------+
| |BlackBox name |Instances |
+-+--------------+----------+
+-+--------------+----------+

Report Cell Usage: 
+------+-----------+------+
|      |Cell       |Count |
+------+-----------+------+
|1     |BIBUF      |   130|
|2     |BUFG       |    11|
|3     |CARRY4     |  2822|
|4     |DNA_PORT   |     1|
|5     |DSP48E1    |    80|
|9     |LUT1       |   431|
|10    |LUT2       |  5047|
|11    |LUT3       |  3343|
|12    |LUT4       |  3431|
|13    |LUT5       |  1986|
|14    |LUT6       |  4700|
|15    |MUXF7      |   462|
|16    |MUXF8      |   131|
|17    |ODDR       |    17|
|18    |PLLE2_BASE |     1|
|19    |PS7        |     1|
|20    |RAMB18E1   |     3|
|23    |RAMB36E1   |    28|
|24    |XADC       |     1|
|25    |FD         |     1|
|26    |FDRE       | 11360|
|27    |FDSE       |   371|
|28    |IBUF       |    36|
|29    |IBUFGDS    |     1|
|30    |IOBUF      |    16|
|31    |OBUF       |    33|
+------+-----------+------+
---------------------------------------------------------------------------------
Finished Writing Synthesis Report : Time (s): cpu = 00:03:12 ; elapsed = 00:03:20 . Memory (MB): peak = 2271.746 ; gain = 1524.184
---------------------------------------------------------------------------------
Synthesis finished with 0 errors, 0 critical warnings and 7 warnings.
Synthesis Optimization Runtime : Time (s): cpu = 00:02:49 ; elapsed = 00:03:12 . Memory (MB): peak = 2271.746 ; gain = 1445.070
Synthesis Optimization Complete : Time (s): cpu = 00:03:12 ; elapsed = 00:03:20 . Memory (MB): peak = 2271.746 ; gain = 1524.184
INFO: [Project 1-571] Translating synthesized netlist
Netlist sorting complete. Time (s): cpu = 00:00:01 ; elapsed = 00:00:00.744 . Memory (MB): peak = 2297.746 ; gain = 0.000
WARNING: [Netlist 29-345] The value of SIM_DEVICE on instance 'XADC' of type 'XADC' is '7SERIES'; it is being changed to match the current FPGA architecture, 'ZYNQ'. For functional simulation to match hardware behavior, the value of SIM_DEVICE should be changed in the source netlist. 
INFO: [Netlist 29-17] Analyzing 3563 Unisim elements for replacement
INFO: [Netlist 29-28] Unisim Transformation completed in 1 CPU seconds
WARNING: [Netlist 29-101] Netlist 'top' is not ideal for floorplanning, since the cellview 'top' contains a large number of primitives.  Please consider enabling hierarchy in synthesis if you want to do floorplanning.
INFO: [Project 1-570] Preparing netlist for logic optimization
INFO: [Opt 31-140] Inserted 2 IBUFs to IO ports without IO buffers.
Parsing XDC File [C:/UW-Madison/RA/linien/gateware/build/top.xdc]
INFO: [Timing 38-35] Done setting XDC timing constraints. [C:/UW-Madison/RA/linien/gateware/build/top.xdc:368]
WARNING: [Vivado 12-627] No clocks matched 'clk125_p'. [C:/UW-Madison/RA/linien/gateware/build/top.xdc:368]
INFO: [Vivado 12-626] No clocks found. Please use 'create_clock' or 'create_generated_clock' command to create clocks. [C:/UW-Madison/RA/linien/gateware/build/top.xdc:368]
get_clocks: Time (s): cpu = 00:00:13 ; elapsed = 00:00:12 . Memory (MB): peak = 2793.273 ; gain = 486.773
WARNING: [Vivado 12-627] No clocks matched 'clk_fpga_0'. [C:/UW-Madison/RA/linien/gateware/build/top.xdc:368]
INFO: [Vivado 12-626] No clocks found. Please use 'create_clock' or 'create_generated_clock' command to create clocks. [C:/UW-Madison/RA/linien/gateware/build/top.xdc:368]
CRITICAL WARNING: [Vivado 12-4739] set_clock_groups:No valid object(s) found for '-group [get_clocks -include_generated_clocks clk125_p]'. [C:/UW-Madison/RA/linien/gateware/build/top.xdc:368]
Resolution: Check if the specified object(s) exists in the current design. If it does, ensure that the correct design hierarchy was specified for the object. If you are working with clocks, make sure create_clock was used to create the clock object before it is referenced.
CRITICAL WARNING: [Vivado 12-4739] set_clock_groups:No valid object(s) found for '-group '. [C:/UW-Madison/RA/linien/gateware/build/top.xdc:368]
Resolution: Check if the specified object(s) exists in the current design. If it does, ensure that the correct design hierarchy was specified for the object. If you are working with clocks, make sure create_clock was used to create the clock object before it is referenced.
CRITICAL WARNING: [Vivado 12-4739] set_clock_groups:No valid object(s) found for '-group [get_clocks -include_generated_clocks clk_fpga_0]'. [C:/UW-Madison/RA/linien/gateware/build/top.xdc:368]
Resolution: Check if the specified object(s) exists in the current design. If it does, ensure that the correct design hierarchy was specified for the object. If you are working with clocks, make sure create_clock was used to create the clock object before it is referenced.
CRITICAL WARNING: [Vivado 12-4739] set_clock_groups:No valid object(s) found for '-group '. [C:/UW-Madison/RA/linien/gateware/build/top.xdc:368]
Resolution: Check if the specified object(s) exists in the current design. If it does, ensure that the correct design hierarchy was specified for the object. If you are working with clocks, make sure create_clock was used to create the clock object before it is referenced.
CRITICAL WARNING: [Constraints 18-4644] set_clock_groups: All clock groups specified are empty. Please specify atleast one clock group which is not empty. [C:/UW-Madison/RA/linien/gateware/build/top.xdc:368]
WARNING: [Vivado 12-180] No cells matched 'get_cells -filter {ars_ff1 == TRUE || ars_ff2 == TRUE}'. [C:/UW-Madison/RA/linien/gateware/build/top.xdc:374]
WARNING: [Vivado 12-508] No pins matched 'get_pins -filter {REF_PIN_NAME == PRE} -of [get_cells -filter {ars_ff1 == TRUE || ars_ff2 == TRUE}]'. [C:/UW-Madison/RA/linien/gateware/build/top.xdc:374]
WARNING: [Vivado 12-180] No cells matched 'get_cells -filter {ars_ff1 == TRUE}'. [C:/UW-Madison/RA/linien/gateware/build/top.xdc:376]
WARNING: [Vivado 12-508] No pins matched 'get_pins -filter {REF_PIN_NAME == Q} -of [get_cells -filter {ars_ff1 == TRUE}]'. [C:/UW-Madison/RA/linien/gateware/build/top.xdc:376]
WARNING: [Vivado 12-180] No cells matched 'get_cells -filter {ars_ff2 == TRUE}'. [C:/UW-Madison/RA/linien/gateware/build/top.xdc:376]
WARNING: [Vivado 12-508] No pins matched 'get_pins -filter {REF_PIN_NAME == D} -of [get_cells -filter {ars_ff2 == TRUE}]'. [C:/UW-Madison/RA/linien/gateware/build/top.xdc:376]
Finished Parsing XDC File [C:/UW-Madison/RA/linien/gateware/build/top.xdc]
Parsing XDC File [C:/UW-Madison/RA/linien/gateware/verilog/system_processing_system7_0_0.xdc] for cell 'system_processing_system7_0_0/inst'
Finished Parsing XDC File [C:/UW-Madison/RA/linien/gateware/verilog/system_processing_system7_0_0.xdc] for cell 'system_processing_system7_0_0/inst'
INFO: [Opt 31-138] Pushed 0 inverter(s) to 0 load pin(s).
Netlist sorting complete. Time (s): cpu = 00:00:00 ; elapsed = 00:00:00.022 . Memory (MB): peak = 2799.430 ; gain = 0.000
INFO: [Project 1-111] Unisim Transformation Summary:
  A total of 19 instances were transformed.
  FD => FDRE: 1 instance 
  IBUFGDS => IBUFDS: 1 instance 
  IOBUF => IOBUF (IBUF, OBUFT): 16 instances
  PLLE2_BASE => PLLE2_ADV: 1 instance 

Synth Design complete | Checksum: 9eb7515d
INFO: [Common 17-83] Releasing license: Synthesis
150 Infos, 279 Warnings, 10 Critical Warnings and 0 Errors encountered.
synth_design completed successfully
synth_design: Time (s): cpu = 00:03:51 ; elapsed = 00:04:14 . Memory (MB): peak = 2799.430 ; gain = 2265.746
## opt_design -directive ExploreWithRemap
Command: opt_design -directive ExploreWithRemap
INFO: [Vivado_Tcl 4-136] Directive used for opt_design is: ExploreWithRemap
Attempting to get a license for feature 'Implementation' and/or device 'xc7z010'
INFO: [Common 17-349] Got license for feature 'Implementation' and/or device 'xc7z010'
Running DRC as a precondition to command opt_design

Starting DRC Task
INFO: [DRC 23-27] Running DRC with 2 threads
INFO: [Project 1-461] DRC finished with 0 Errors
INFO: [Project 1-462] Please refer to the DRC report (report_drc) for more information.

Time (s): cpu = 00:00:03 ; elapsed = 00:00:02 . Memory (MB): peak = 2799.430 ; gain = 0.000

Starting Logic Optimization Task

Phase 1 Initialization

Phase 1.1 Core Generation And Design Setup
Phase 1.1 Core Generation And Design Setup | Checksum: 193ba245b

Time (s): cpu = 00:00:00 ; elapsed = 00:00:00.049 . Memory (MB): peak = 2799.430 ; gain = 0.000

Phase 1.2 Setup Constraints And Sort Netlist
Phase 1.2 Setup Constraints And Sort Netlist | Checksum: 193ba245b

Time (s): cpu = 00:00:00 ; elapsed = 00:00:00.095 . Memory (MB): peak = 2799.430 ; gain = 0.000
Phase 1 Initialization | Checksum: 193ba245b

Time (s): cpu = 00:00:00 ; elapsed = 00:00:00.102 . Memory (MB): peak = 2799.430 ; gain = 0.000

Phase 2 Timer Update And Timing Data Collection

Phase 2.1 Detect if minReqCache needed
Phase 2.1 Detect if minReqCache needed | Checksum: 193ba245b

Time (s): cpu = 00:00:00 ; elapsed = 00:00:00.164 . Memory (MB): peak = 2799.430 ; gain = 0.000

Phase 2.2 Timer Update
INFO: [Timing 38-35] Done setting XDC timing constraints.
INFO: [Timing 38-2] Deriving generated clocks
Phase 2.2 Timer Update | Checksum: 193ba245b

Time (s): cpu = 00:00:08 ; elapsed = 00:00:05 . Memory (MB): peak = 2799.430 ; gain = 0.000

Phase 2.3 Timing Data Collection
Phase 2.3 Timing Data Collection | Checksum: 193ba245b

Time (s): cpu = 00:00:08 ; elapsed = 00:00:05 . Memory (MB): peak = 2799.430 ; gain = 0.000
Phase 2 Timer Update And Timing Data Collection | Checksum: 193ba245b

Time (s): cpu = 00:00:08 ; elapsed = 00:00:05 . Memory (MB): peak = 2799.430 ; gain = 0.000

Phase 3 Retarget
INFO: [Opt 31-1851] Number of loadless carry chains removed were: 0
INFO: [Opt 31-1834] Total Chains To Be Transformed Were: 0 AND Number of Transformed insts Created are: 0
INFO: [Opt 31-1566] Pulled 4 inverters resulting in an inversion of 60 pins
INFO: [Opt 31-138] Pushed 1 inverter(s) to 1 load pin(s).
INFO: [Opt 31-49] Retargeted 0 cell(s).
Phase 3 Retarget | Checksum: 19ad160d2

Time (s): cpu = 00:00:09 ; elapsed = 00:00:06 . Memory (MB): peak = 2799.430 ; gain = 0.000
Retarget | Checksum: 19ad160d2
INFO: [Opt 31-389] Phase Retarget created 0 cells and removed 61 cells
INFO: [Opt 31-1021] In phase Retarget, 16 netlist objects are constrained preventing optimization. Please run opt_design with -debug_log to get more detail. 

Phase 4 Constant propagation
INFO: [Opt 31-138] Pushed 0 inverter(s) to 0 load pin(s).
Phase 4 Constant propagation | Checksum: 1ef4378a6

Time (s): cpu = 00:00:10 ; elapsed = 00:00:07 . Memory (MB): peak = 2799.430 ; gain = 0.000
Constant propagation | Checksum: 1ef4378a6
INFO: [Opt 31-389] Phase Constant propagation created 423 cells and removed 1102 cells

Phase 5 Sweep
INFO: [Constraints 18-11670] Building netlist checker database with flags, 0x8
Done building netlist checker database: Time (s): cpu = 00:00:00 ; elapsed = 00:00:00.012 . Memory (MB): peak = 2799.430 ; gain = 0.000
INFO: [Constraints 18-11670] Building netlist checker database with flags, 0x8
Done building netlist checker database: Time (s): cpu = 00:00:00 ; elapsed = 00:00:00.012 . Memory (MB): peak = 2799.430 ; gain = 0.000
Phase 5 Sweep | Checksum: 1fd269e72

Time (s): cpu = 00:00:12 ; elapsed = 00:00:09 . Memory (MB): peak = 2799.430 ; gain = 0.000
Sweep | Checksum: 1fd269e72
INFO: [Opt 31-389] Phase Sweep created 5 cells and removed 6 cells
INFO: [Opt 31-1021] In phase Sweep, 64 netlist objects are constrained preventing optimization. Please run opt_design with -debug_log to get more detail. 

Phase 6 BUFG optimization
Phase 6 BUFG optimization | Checksum: 1fd269e72

Time (s): cpu = 00:00:13 ; elapsed = 00:00:10 . Memory (MB): peak = 2799.430 ; gain = 0.000
BUFG optimization | Checksum: 1fd269e72
INFO: [Opt 31-662] Phase BUFG optimization created 0 cells of which 0 are BUFGs and removed 0 cells.

Phase 7 Shift Register Optimization
INFO: [Opt 31-1064] SRL Remap converted 0 SRLs to 0 registers and converted 0 registers of register chains to 0 SRLs
Phase 7 Shift Register Optimization | Checksum: 1fd269e72

Time (s): cpu = 00:00:13 ; elapsed = 00:00:10 . Memory (MB): peak = 2799.430 ; gain = 0.000
Shift Register Optimization | Checksum: 1fd269e72
INFO: [Opt 31-389] Phase Shift Register Optimization created 0 cells and removed 0 cells
INFO: [Opt 31-1555] control_set_opt supports Versal devices only, and device 7z010 is unsupported

Phase 8 Remap
Phase 8 Remap | Checksum: 17c3d02df

Time (s): cpu = 00:00:22 ; elapsed = 00:00:20 . Memory (MB): peak = 2799.430 ; gain = 0.000
Remap | Checksum: 17c3d02df
INFO: [Opt 31-389] Phase Remap created 546 cells and removed 465 cells
INFO: [Opt 31-1021] In phase Remap, 9 netlist objects are constrained preventing optimization. Please run opt_design with -debug_log to get more detail. 

Phase 9 Post Processing Netlist
Phase 9 Post Processing Netlist | Checksum: 17b75112a

Time (s): cpu = 00:00:22 ; elapsed = 00:00:20 . Memory (MB): peak = 2799.430 ; gain = 0.000
Post Processing Netlist | Checksum: 17b75112a
INFO: [Opt 31-389] Phase Post Processing Netlist created 0 cells and removed 0 cells

Phase 10 Finalization

Phase 10.1 Finalizing Design Cores and Updating Shapes
Phase 10.1 Finalizing Design Cores and Updating Shapes | Checksum: 125c3204b

Time (s): cpu = 00:00:25 ; elapsed = 00:00:22 . Memory (MB): peak = 2799.430 ; gain = 0.000

Phase 10.2 Verifying Netlist Connectivity

Starting Connectivity Check Task

Time (s): cpu = 00:00:00 ; elapsed = 00:00:00.126 . Memory (MB): peak = 2799.430 ; gain = 0.000
Phase 10.2 Verifying Netlist Connectivity | Checksum: 125c3204b

Time (s): cpu = 00:00:25 ; elapsed = 00:00:22 . Memory (MB): peak = 2799.430 ; gain = 0.000
Phase 10 Finalization | Checksum: 125c3204b

Time (s): cpu = 00:00:25 ; elapsed = 00:00:22 . Memory (MB): peak = 2799.430 ; gain = 0.000
Opt_design Change Summary
=========================


-------------------------------------------------------------------------------------------------------------------------
|  Phase                        |  #Cells created  |  #Cells Removed  |  #Constrained objects preventing optimizations  |
-------------------------------------------------------------------------------------------------------------------------
|  Retarget                     |               0  |              61  |                                             16  |
|  Constant propagation         |             423  |            1102  |                                              0  |
|  Sweep                        |               5  |               6  |                                             64  |
|  BUFG optimization            |               0  |               0  |                                              0  |
|  Shift Register Optimization  |               0  |               0  |                                              0  |
|  Remap                        |             546  |             465  |                                              9  |
|  Post Processing Netlist      |               0  |               0  |                                              0  |
-------------------------------------------------------------------------------------------------------------------------


Ending Logic Optimization Task | Checksum: 125c3204b

Time (s): cpu = 00:00:25 ; elapsed = 00:00:22 . Memory (MB): peak = 2799.430 ; gain = 0.000
Netlist sorting complete. Time (s): cpu = 00:00:00 ; elapsed = 00:00:00.032 . Memory (MB): peak = 2799.430 ; gain = 0.000
INFO: [Common 17-83] Releasing license: Implementation
28 Infos, 0 Warnings, 0 Critical Warnings and 0 Errors encountered.
opt_design completed successfully
opt_design: Time (s): cpu = 00:00:34 ; elapsed = 00:00:31 . Memory (MB): peak = 2799.430 ; gain = 0.000
## report_timing_summary -file top_timing_synth.rpt
INFO: [Timing 38-35] Done setting XDC timing constraints.
INFO: [Timing 38-91] UpdateTimingParams: Speed grade: -1, Delay Type: min_max.
INFO: [Timing 38-191] Multithreading enabled for timing update using a maximum of 2 CPUs
report_timing_summary: Time (s): cpu = 00:00:23 ; elapsed = 00:00:13 . Memory (MB): peak = 2799.430 ; gain = 0.000
## report_utilization -hierarchical -file top_utilization_hierarchical_synth.rpt
## report_utilization -file top_utilization_synth.rpt
## opt_design
Command: opt_design
Attempting to get a license for feature 'Implementation' and/or device 'xc7z010'
INFO: [Common 17-349] Got license for feature 'Implementation' and/or device 'xc7z010'
Running DRC as a precondition to command opt_design

Starting DRC Task
INFO: [DRC 23-27] Running DRC with 2 threads
INFO: [Project 1-461] DRC finished with 0 Errors
INFO: [Project 1-462] Please refer to the DRC report (report_drc) for more information.

Time (s): cpu = 00:00:03 ; elapsed = 00:00:01 . Memory (MB): peak = 2799.430 ; gain = 0.000

Starting Cache Timing Information Task
Ending Cache Timing Information Task | Checksum: 125c3204b

Time (s): cpu = 00:00:00 ; elapsed = 00:00:00.021 . Memory (MB): peak = 2799.430 ; gain = 0.000

Starting Logic Optimization Task

Phase 1 Initialization

Phase 1.1 Core Generation And Design Setup
Phase 1.1 Core Generation And Design Setup | Checksum: 125c3204b

Time (s): cpu = 00:00:00 ; elapsed = 00:00:00.033 . Memory (MB): peak = 2799.430 ; gain = 0.000

Phase 1.2 Setup Constraints And Sort Netlist
Phase 1.2 Setup Constraints And Sort Netlist | Checksum: 125c3204b

Time (s): cpu = 00:00:00 ; elapsed = 00:00:00.082 . Memory (MB): peak = 2799.430 ; gain = 0.000
Phase 1 Initialization | Checksum: 125c3204b

Time (s): cpu = 00:00:00 ; elapsed = 00:00:00.088 . Memory (MB): peak = 2799.430 ; gain = 0.000

Phase 2 Timer Update And Timing Data Collection

Phase 2.1 Detect if minReqCache needed
Phase 2.1 Detect if minReqCache needed | Checksum: 125c3204b

Time (s): cpu = 00:00:00 ; elapsed = 00:00:00.146 . Memory (MB): peak = 2799.430 ; gain = 0.000

Phase 2.2 Timer Update
Phase 2.2 Timer Update | Checksum: 125c3204b

Time (s): cpu = 00:00:02 ; elapsed = 00:00:02 . Memory (MB): peak = 2799.430 ; gain = 0.000

Phase 2.3 Timing Data Collection
Phase 2.3 Timing Data Collection | Checksum: 125c3204b

Time (s): cpu = 00:00:03 ; elapsed = 00:00:02 . Memory (MB): peak = 2799.430 ; gain = 0.000
Phase 2 Timer Update And Timing Data Collection | Checksum: 125c3204b

Time (s): cpu = 00:00:03 ; elapsed = 00:00:02 . Memory (MB): peak = 2799.430 ; gain = 0.000

Phase 3 Retarget
INFO: [Opt 31-1851] Number of loadless carry chains removed were: 0
INFO: [Opt 31-1834] Total Chains To Be Transformed Were: 0 AND Number of Transformed insts Created are: 0
INFO: [Opt 31-138] Pushed 0 inverter(s) to 0 load pin(s).
INFO: [Opt 31-49] Retargeted 0 cell(s).
Phase 3 Retarget | Checksum: 125c3204b

Time (s): cpu = 00:00:03 ; elapsed = 00:00:02 . Memory (MB): peak = 2799.430 ; gain = 0.000
Retarget | Checksum: 125c3204b
INFO: [Opt 31-389] Phase Retarget created 0 cells and removed 0 cells
INFO: [Opt 31-1021] In phase Retarget, 16 netlist objects are constrained preventing optimization. Please run opt_design with -debug_log to get more detail. 

Phase 4 Constant propagation
INFO: [Opt 31-138] Pushed 0 inverter(s) to 0 load pin(s).
Phase 4 Constant propagation | Checksum: 125c3204b

Time (s): cpu = 00:00:04 ; elapsed = 00:00:03 . Memory (MB): peak = 2799.430 ; gain = 0.000
Constant propagation | Checksum: 125c3204b
INFO: [Opt 31-389] Phase Constant propagation created 0 cells and removed 0 cells

Phase 5 Sweep
INFO: [Constraints 18-11670] Building netlist checker database with flags, 0x8
Done building netlist checker database: Time (s): cpu = 00:00:00 ; elapsed = 00:00:00.014 . Memory (MB): peak = 2799.430 ; gain = 0.000
INFO: [Constraints 18-11670] Building netlist checker database with flags, 0x8
Done building netlist checker database: Time (s): cpu = 00:00:00 ; elapsed = 00:00:00.016 . Memory (MB): peak = 2799.430 ; gain = 0.000
Phase 5 Sweep | Checksum: 192025287

Time (s): cpu = 00:00:05 ; elapsed = 00:00:04 . Memory (MB): peak = 2799.430 ; gain = 0.000
Sweep | Checksum: 192025287
INFO: [Opt 31-389] Phase Sweep created 0 cells and removed 0 cells
INFO: [Opt 31-1021] In phase Sweep, 64 netlist objects are constrained preventing optimization. Please run opt_design with -debug_log to get more detail. 

Phase 6 BUFG optimization
Phase 6 BUFG optimization | Checksum: 192025287

Time (s): cpu = 00:00:06 ; elapsed = 00:00:04 . Memory (MB): peak = 2799.430 ; gain = 0.000
BUFG optimization | Checksum: 192025287
INFO: [Opt 31-662] Phase BUFG optimization created 0 cells of which 0 are BUFGs and removed 0 cells.

Phase 7 Shift Register Optimization
INFO: [Opt 31-1064] SRL Remap converted 0 SRLs to 0 registers and converted 0 registers of register chains to 0 SRLs
Phase 7 Shift Register Optimization | Checksum: 192025287

Time (s): cpu = 00:00:06 ; elapsed = 00:00:04 . Memory (MB): peak = 2799.430 ; gain = 0.000
Shift Register Optimization | Checksum: 192025287
INFO: [Opt 31-389] Phase Shift Register Optimization created 0 cells and removed 0 cells

Phase 8 Post Processing Netlist
Phase 8 Post Processing Netlist | Checksum: 192025287

Time (s): cpu = 00:00:06 ; elapsed = 00:00:05 . Memory (MB): peak = 2799.430 ; gain = 0.000
Post Processing Netlist | Checksum: 192025287
INFO: [Opt 31-389] Phase Post Processing Netlist created 0 cells and removed 0 cells

Phase 9 Finalization

Phase 9.1 Finalizing Design Cores and Updating Shapes
Phase 9.1 Finalizing Design Cores and Updating Shapes | Checksum: 14a87d4bb

Time (s): cpu = 00:00:06 ; elapsed = 00:00:05 . Memory (MB): peak = 2799.430 ; gain = 0.000

Phase 9.2 Verifying Netlist Connectivity

Starting Connectivity Check Task

Time (s): cpu = 00:00:00 ; elapsed = 00:00:00.097 . Memory (MB): peak = 2799.430 ; gain = 0.000
Phase 9.2 Verifying Netlist Connectivity | Checksum: 14a87d4bb

Time (s): cpu = 00:00:06 ; elapsed = 00:00:05 . Memory (MB): peak = 2799.430 ; gain = 0.000
Phase 9 Finalization | Checksum: 14a87d4bb

Time (s): cpu = 00:00:06 ; elapsed = 00:00:05 . Memory (MB): peak = 2799.430 ; gain = 0.000
Opt_design Change Summary
=========================


-------------------------------------------------------------------------------------------------------------------------
|  Phase                        |  #Cells created  |  #Cells Removed  |  #Constrained objects preventing optimizations  |
-------------------------------------------------------------------------------------------------------------------------
|  Retarget                     |               0  |               0  |                                             16  |
|  Constant propagation         |               0  |               0  |                                              0  |
|  Sweep                        |               0  |               0  |                                             64  |
|  BUFG optimization            |               0  |               0  |                                              0  |
|  Shift Register Optimization  |               0  |               0  |                                              0  |
|  Post Processing Netlist      |               0  |               0  |                                              0  |
-------------------------------------------------------------------------------------------------------------------------


Ending Logic Optimization Task | Checksum: 14a87d4bb

Time (s): cpu = 00:00:06 ; elapsed = 00:00:05 . Memory (MB): peak = 2799.430 ; gain = 0.000

Starting Power Optimization Task
INFO: [Pwropt 34-132] Skipping clock gating for clocks with a period < 2.00 ns.
INFO: [Power 33-23] Power model is not available for DNA_PORT
INFO: [Pwropt 34-9] Applying IDT optimizations ...
INFO: [Pwropt 34-10] Applying ODC optimizations ...
INFO: [Timing 38-35] Done setting XDC timing constraints.
Running Vector-less Activity Propagation...

Finished Running Vector-less Activity Propagation


Starting PowerOpt Patch Enables Task
INFO: [Pwropt 34-162] WRITE_MODE attribute of 0 BRAM(s) out of a total of 31 has been updated to save power. Run report_power_opt to get a complete listing of the BRAMs updated.
INFO: [Pwropt 34-201] Structural ODC has moved 0 WE to EN ports
Number of BRAM Ports augmented: 28 newly gated: 1 Total Ports: 62
Ending PowerOpt Patch Enables Task | Checksum: 19b194322

Time (s): cpu = 00:00:01 ; elapsed = 00:00:00.391 . Memory (MB): peak = 2799.430 ; gain = 0.000
Ending Power Optimization Task | Checksum: 19b194322

Time (s): cpu = 00:00:20 ; elapsed = 00:00:12 . Memory (MB): peak = 2799.430 ; gain = 0.000

Starting Final Cleanup Task
Ending Final Cleanup Task | Checksum: 19b194322

Time (s): cpu = 00:00:00 ; elapsed = 00:00:00.007 . Memory (MB): peak = 2799.430 ; gain = 0.000
Netlist sorting complete. Time (s): cpu = 00:00:00 ; elapsed = 00:00:00.057 . Memory (MB): peak = 2799.430 ; gain = 0.000
INFO: [Common 17-83] Releasing license: Implementation
28 Infos, 0 Warnings, 0 Critical Warnings and 0 Errors encountered.
opt_design completed successfully
opt_design: Time (s): cpu = 00:00:34 ; elapsed = 00:00:25 . Memory (MB): peak = 2799.430 ; gain = 0.000
## place_design
Command: place_design
Attempting to get a license for feature 'Implementation' and/or device 'xc7z010'
INFO: [Common 17-349] Got license for feature 'Implementation' and/or device 'xc7z010'
INFO: [Common 17-83] Releasing license: Implementation
INFO: [DRC 23-27] Running DRC with 2 threads
INFO: [Vivado_Tcl 4-198] DRC finished with 0 Errors
INFO: [Vivado_Tcl 4-199] Please refer to the DRC report (report_drc) for more information.
INFO: [Timing 38-35] Done setting XDC timing constraints.
Running DRC as a precondition to command place_design
INFO: [DRC 23-27] Running DRC with 2 threads
INFO: [Vivado_Tcl 4-198] DRC finished with 0 Errors
INFO: [Vivado_Tcl 4-199] Please refer to the DRC report (report_drc) for more information.
INFO: [Place 30-611] Multithreading enabled for place_design using a maximum of 2 CPUs

Starting Placer Task

Phase 1 Placer Initialization

Phase 1.1 Placer Initialization Netlist Sorting
Netlist sorting complete. Time (s): cpu = 00:00:00 ; elapsed = 00:00:00.029 . Memory (MB): peak = 2799.430 ; gain = 0.000
Phase 1.1 Placer Initialization Netlist Sorting | Checksum: cecc29e5

Time (s): cpu = 00:00:01 ; elapsed = 00:00:00.045 . Memory (MB): peak = 2799.430 ; gain = 0.000
Netlist sorting complete. Time (s): cpu = 00:00:00 ; elapsed = 00:00:00.028 . Memory (MB): peak = 2799.430 ; gain = 0.000

Phase 1.2 IO Placement/ Clock Placement/ Build Placer Device
Phase 1.2 IO Placement/ Clock Placement/ Build Placer Device | Checksum: 21552e309

Time (s): cpu = 00:00:05 ; elapsed = 00:00:04 . Memory (MB): peak = 2799.430 ; gain = 0.000

Phase 1.3 Build Placer Netlist Model
Phase 1.3 Build Placer Netlist Model | Checksum: 2c09cc2c5

Time (s): cpu = 00:00:28 ; elapsed = 00:00:18 . Memory (MB): peak = 2799.430 ; gain = 0.000

Phase 1.4 Constrain Clocks/Macros
Phase 1.4 Constrain Clocks/Macros | Checksum: 2c09cc2c5

Time (s): cpu = 00:00:28 ; elapsed = 00:00:18 . Memory (MB): peak = 2799.430 ; gain = 0.000
Phase 1 Placer Initialization | Checksum: 2c09cc2c5

Time (s): cpu = 00:00:28 ; elapsed = 00:00:18 . Memory (MB): peak = 2799.430 ; gain = 0.000

Phase 2 Global Placement

Phase 2.1 Floorplanning
Phase 2.1 Floorplanning | Checksum: 24150d74f

Time (s): cpu = 00:00:45 ; elapsed = 00:00:27 . Memory (MB): peak = 2799.430 ; gain = 0.000

Phase 2.2 Update Timing before SLR Path Opt
Phase 2.2 Update Timing before SLR Path Opt | Checksum: 2d8998a53

Time (s): cpu = 00:01:00 ; elapsed = 00:00:36 . Memory (MB): peak = 2799.430 ; gain = 0.000

Phase 2.3 Post-Processing in Floorplanning
Phase 2.3 Post-Processing in Floorplanning | Checksum: 21beae12c

Time (s): cpu = 00:01:00 ; elapsed = 00:00:36 . Memory (MB): peak = 2799.430 ; gain = 0.000

Phase 2.4 Global Place Phase1
Phase 2.4 Global Place Phase1 | Checksum: 2c4182924

Time (s): cpu = 00:02:57 ; elapsed = 00:01:43 . Memory (MB): peak = 2799.430 ; gain = 0.000

Phase 2.5 Global Place Phase2

Phase 2.5.1 UpdateTiming Before Physical Synthesis
Phase 2.5.1 UpdateTiming Before Physical Synthesis | Checksum: 2d2dc2c8c

Time (s): cpu = 00:03:06 ; elapsed = 00:01:48 . Memory (MB): peak = 2799.430 ; gain = 0.000

Phase 2.5.2 Physical Synthesis In Placer
INFO: [Physopt 32-1035] Found 384 LUTNM shape to break, 121 LUT instances to create LUTNM shape
INFO: [Physopt 32-1044] Break lutnm for timing: one critical 67, two critical 317, total 0, new lutff created 0
INFO: [Physopt 32-1138] End 1 Pass. Optimized 48 nets or LUTs. Breaked 0 LUT, combined 48 existing LUTs and moved 0 existing LUT
INFO: [Physopt 32-1408] Pass 1. Identified 3 candidate nets for high-fanout optimization.
INFO: [Physopt 32-81] Processed net linienmodule_csr_adr[1]. Replicated 7 times.
INFO: [Physopt 32-81] Processed net linienmodule_csr_adr[0]. Replicated 6 times.
INFO: [Physopt 32-81] Processed net dac_rst_OBUF. Replicated 56 times.
INFO: [Physopt 32-232] Optimized 3 nets. Created 69 new instances.
INFO: [Physopt 32-775] End 1 Pass. Optimized 3 nets or cells. Created 69 new cells, deleted 0 existing cell and moved 0 existing cell
Netlist sorting complete. Time (s): cpu = 00:00:00 ; elapsed = 00:00:00.364 . Memory (MB): peak = 2799.430 ; gain = 0.000
INFO: [Physopt 32-457] Pass 1. Identified 11 candidate cells for DSP register optimization.
INFO: [Physopt 32-665] Processed cell linienmodule_raw_acquisition_iir_z20__0. 9 registers were pushed out.
INFO: [Physopt 32-665] Processed cell linienmodule_raw_acquisition_iir_z10__0. 9 registers were pushed out.
INFO: [Physopt 32-665] Processed cell linienmodule_raw_acquisition_iir_z20. 17 registers were pushed out.
INFO: [Physopt 32-665] Processed cell linienmodule_raw_acquisition_iir_z10. 17 registers were pushed out.
INFO: [Physopt 32-665] Processed cell linienmodule_raw_acquisition_iir_z40__0. 9 registers were pushed out.
INFO: [Physopt 32-665] Processed cell linienmodule_raw_acquisition_iir_z30__0. 9 registers were pushed out.
INFO: [Physopt 32-665] Processed cell linienmodule_raw_acquisition_iir_z50. 17 registers were pushed out.
INFO: [Physopt 32-665] Processed cell linienmodule_raw_acquisition_iir_z40. 17 registers were pushed out.
INFO: [Physopt 32-665] Processed cell linienmodule_raw_acquisition_iir_z30. 17 registers were pushed out.
INFO: [Physopt 32-665] Processed cell linienmodule_raw_acquisition_iir_z00. 17 registers were pushed out.
INFO: [Physopt 32-665] Processed cell linienmodule_raw_acquisition_iir_z00__0. 9 registers were pushed out.
INFO: [Physopt 32-457] Pass 2. Identified 2 candidate cells for DSP register optimization.
INFO: [Physopt 32-666] Processed cell linienmodule_fast_b_iir1_z50__0. No change.
INFO: [Physopt 32-666] Processed cell linienmodule_fast_a_iir1_z60__0. No change.
INFO: [Physopt 32-775] End 2 Pass. Optimized 11 nets or cells. Created 147 new cells, deleted 0 existing cell and moved 0 existing cell
Netlist sorting complete. Time (s): cpu = 00:00:00 ; elapsed = 00:00:00.304 . Memory (MB): peak = 2799.430 ; gain = 0.000
INFO: [Physopt 32-1123] No candidate cells found for Shift Register to Pipeline optimization
INFO: [Physopt 32-775] End 2 Pass. Optimized 0 net or cell. Created 0 new cell, deleted 0 existing cell and moved 0 existing cell
INFO: [Physopt 32-1401] No candidate cells found for Shift Register optimization.
INFO: [Physopt 32-677] No candidate cells for Shift Register optimization found in the design
INFO: [Physopt 32-775] End 1 Pass. Optimized 0 net or cell. Created 0 new cell, deleted 0 existing cell and moved 0 existing cell
INFO: [Physopt 32-527] Pass 1: Identified 1 candidate cell for BRAM register optimization
INFO: [Physopt 32-665] Processed cell sequence_top/BRAM/mem_reg. 14 registers were pushed out.
INFO: [Physopt 32-775] End 1 Pass. Optimized 1 net or cell. Created 14 new cells, deleted 0 existing cell and moved 0 existing cell
Netlist sorting complete. Time (s): cpu = 00:00:00 ; elapsed = 00:00:00.150 . Memory (MB): peak = 2799.430 ; gain = 0.000
INFO: [Physopt 32-846] No candidate cells for URAM register optimization found in the design
INFO: [Physopt 32-775] End 1 Pass. Optimized 0 net or cell. Created 0 new cell, deleted 0 existing cell and moved 0 existing cell
INFO: [Physopt 32-846] No candidate cells for URAM register optimization found in the design
INFO: [Physopt 32-775] End 1 Pass. Optimized 0 net or cell. Created 0 new cell, deleted 0 existing cell and moved 0 existing cell
INFO: [Physopt 32-949] No candidate nets found for dynamic/static region interface net replication
INFO: [Physopt 32-775] End 1 Pass. Optimized 0 net or cell. Created 0 new cell, deleted 0 existing cell and moved 0 existing cell
Netlist sorting complete. Time (s): cpu = 00:00:00 ; elapsed = 00:00:00.021 . Memory (MB): peak = 2799.430 ; gain = 0.000

Summary of Physical Synthesis Optimizations
============================================


-----------------------------------------------------------------------------------------------------------------------------------------------------------
|  Optimization                                     |  Added Cells  |  Removed Cells  |  Optimized Cells/Nets  |  Dont Touch  |  Iterations  |  Elapsed   |
-----------------------------------------------------------------------------------------------------------------------------------------------------------
|  LUT Combining                                    |            0  |             48  |                    48  |           0  |           1  |  00:00:00  |
|  Retime                                           |            0  |              0  |                     0  |           0  |           1  |  00:00:00  |
|  Very High Fanout                                 |           69  |              0  |                     3  |           0  |           1  |  00:00:03  |
|  DSP Register                                     |          147  |              0  |                    11  |           0  |           1  |  00:00:02  |
|  Shift Register to Pipeline                       |            0  |              0  |                     0  |           0  |           1  |  00:00:00  |
|  Shift Register                                   |            0  |              0  |                     0  |           0  |           1  |  00:00:00  |
|  BRAM Register                                    |           14  |              0  |                     1  |           0  |           1  |  00:00:00  |
|  URAM Register                                    |            0  |              0  |                     0  |           0  |           1  |  00:00:00  |
|  Dynamic/Static Region Interface Net Replication  |            0  |              0  |                     0  |           0  |           1  |  00:00:00  |
|  Total                                            |          230  |             48  |                    63  |           0  |           9  |  00:00:05  |
-----------------------------------------------------------------------------------------------------------------------------------------------------------


Phase 2.5.2 Physical Synthesis In Placer | Checksum: 224e96aee

Time (s): cpu = 00:03:19 ; elapsed = 00:01:59 . Memory (MB): peak = 2799.430 ; gain = 0.000
Phase 2.5 Global Place Phase2 | Checksum: 2b0d98c7a

Time (s): cpu = 00:03:20 ; elapsed = 00:02:00 . Memory (MB): peak = 2799.430 ; gain = 0.000
Phase 2 Global Placement | Checksum: 2b0d98c7a

Time (s): cpu = 00:03:20 ; elapsed = 00:02:00 . Memory (MB): peak = 2799.430 ; gain = 0.000

Phase 3 Detail Placement

Phase 3.1 Commit Multi Column Macros
Phase 3.1 Commit Multi Column Macros | Checksum: 2ccf9f56c

Time (s): cpu = 00:03:26 ; elapsed = 00:02:04 . Memory (MB): peak = 2799.430 ; gain = 0.000

Phase 3.2 Commit Most Macros & LUTRAMs
Phase 3.2 Commit Most Macros & LUTRAMs | Checksum: 293b4f2fb

Time (s): cpu = 00:03:37 ; elapsed = 00:02:12 . Memory (MB): peak = 2799.430 ; gain = 0.000

Phase 3.3 Area Swap Optimization
Phase 3.3 Area Swap Optimization | Checksum: 220e6e0e8

Time (s): cpu = 00:03:38 ; elapsed = 00:02:12 . Memory (MB): peak = 2799.430 ; gain = 0.000

Phase 3.4 Pipeline Register Optimization
Phase 3.4 Pipeline Register Optimization | Checksum: 2221ce446

Time (s): cpu = 00:03:38 ; elapsed = 00:02:12 . Memory (MB): peak = 2799.430 ; gain = 0.000

Phase 3.5 Fast Optimization
Phase 3.5 Fast Optimization | Checksum: 2bf3939c8

Time (s): cpu = 00:03:51 ; elapsed = 00:02:21 . Memory (MB): peak = 2799.430 ; gain = 0.000

Phase 3.6 Small Shape Detail Placement
Phase 3.6 Small Shape Detail Placement | Checksum: 3086064b4

Time (s): cpu = 00:05:15 ; elapsed = 00:03:49 . Memory (MB): peak = 2799.430 ; gain = 0.000

Phase 3.7 Re-assign LUT pins
Phase 3.7 Re-assign LUT pins | Checksum: 2f93fd74c

Time (s): cpu = 00:05:18 ; elapsed = 00:03:52 . Memory (MB): peak = 2799.430 ; gain = 0.000

Phase 3.8 Pipeline Register Optimization
Phase 3.8 Pipeline Register Optimization | Checksum: 2fdde564e

Time (s): cpu = 00:05:18 ; elapsed = 00:03:52 . Memory (MB): peak = 2799.430 ; gain = 0.000

Phase 3.9 Fast Optimization
Phase 3.9 Fast Optimization | Checksum: 25defbe03

Time (s): cpu = 00:05:36 ; elapsed = 00:04:05 . Memory (MB): peak = 2799.430 ; gain = 0.000
Phase 3 Detail Placement | Checksum: 25defbe03

Time (s): cpu = 00:05:36 ; elapsed = 00:04:05 . Memory (MB): peak = 2799.430 ; gain = 0.000

Phase 4 Post Placement Optimization and Clean-Up

Phase 4.1 Post Commit Optimization
INFO: [Timing 38-35] Done setting XDC timing constraints.

Phase 4.1.1 Post Placement Optimization
Post Placement Optimization Initialization | Checksum: 1c303830d

Phase 4.1.1.1 BUFG Insertion

Starting Physical Synthesis Task

Phase 1 Physical Synthesis Initialization
INFO: [Physopt 32-721] Multithreading enabled for phys_opt_design using a maximum of 2 CPUs
INFO: [Physopt 32-619] Estimated Timing Summary | WNS=-8.625 | TNS=-8656.779 |
Phase 1 Physical Synthesis Initialization | Checksum: 182e70638

Time (s): cpu = 00:00:01 ; elapsed = 00:00:00.571 . Memory (MB): peak = 2799.430 ; gain = 0.000
INFO: [Place 46-56] BUFG insertion identified 0 candidate nets. Inserted BUFG: 0, Replicated BUFG Driver: 0, Skipped due to Placement/Routing Conflicts: 0, Skipped due to Timing Degradation: 0, Skipped due to netlist editing failed: 0.
Ending Physical Synthesis Task | Checksum: 24e3f9479

Time (s): cpu = 00:00:01 ; elapsed = 00:00:00.691 . Memory (MB): peak = 2799.430 ; gain = 0.000
Phase 4.1.1.1 BUFG Insertion | Checksum: 1c303830d

Time (s): cpu = 00:05:48 ; elapsed = 00:04:13 . Memory (MB): peak = 2799.430 ; gain = 0.000

Phase 4.1.1.2 Post Placement Timing Optimization
INFO: [Place 30-746] Post Placement Timing Summary WNS=-7.705. For the most accurate timing information please run report_timing.
Phase 4.1.1.2 Post Placement Timing Optimization | Checksum: 13b0247a9

Time (s): cpu = 00:08:19 ; elapsed = 00:06:36 . Memory (MB): peak = 2799.430 ; gain = 0.000

Time (s): cpu = 00:08:19 ; elapsed = 00:06:36 . Memory (MB): peak = 2799.430 ; gain = 0.000
Phase 4.1 Post Commit Optimization | Checksum: 13b0247a9

Time (s): cpu = 00:08:19 ; elapsed = 00:06:37 . Memory (MB): peak = 2799.430 ; gain = 0.000

Phase 4.2 Post Placement Cleanup
Phase 4.2 Post Placement Cleanup | Checksum: 13b0247a9

Time (s): cpu = 00:08:20 ; elapsed = 00:06:37 . Memory (MB): peak = 2799.430 ; gain = 0.000

Phase 4.3 Placer Reporting

Phase 4.3.1 Print Estimated Congestion
INFO: [Place 30-612] Post-Placement Estimated Congestion 
 ____________________________________________________
|           | Global Congestion | Short Congestion  |
| Direction | Region Size       | Region Size       |
|___________|___________________|___________________|
|      North|                8x8|                4x4|
|___________|___________________|___________________|
|      South|              16x16|                8x8|
|___________|___________________|___________________|
|       East|                4x4|                4x4|
|___________|___________________|___________________|
|       West|                2x2|                2x2|
|___________|___________________|___________________|

Phase 4.3.1 Print Estimated Congestion | Checksum: 13b0247a9

Time (s): cpu = 00:08:20 ; elapsed = 00:06:37 . Memory (MB): peak = 2799.430 ; gain = 0.000
Phase 4.3 Placer Reporting | Checksum: 13b0247a9

Time (s): cpu = 00:08:20 ; elapsed = 00:06:37 . Memory (MB): peak = 2799.430 ; gain = 0.000

Phase 4.4 Final Placement Cleanup
Netlist sorting complete. Time (s): cpu = 00:00:00 ; elapsed = 00:00:00.035 . Memory (MB): peak = 2799.430 ; gain = 0.000

Time (s): cpu = 00:08:20 ; elapsed = 00:06:37 . Memory (MB): peak = 2799.430 ; gain = 0.000
Phase 4 Post Placement Optimization and Clean-Up | Checksum: 1844709c1

Time (s): cpu = 00:08:20 ; elapsed = 00:06:38 . Memory (MB): peak = 2799.430 ; gain = 0.000
Ending Placer Task | Checksum: 1548bdc33

Time (s): cpu = 00:08:20 ; elapsed = 00:06:38 . Memory (MB): peak = 2799.430 ; gain = 0.000
55 Infos, 0 Warnings, 0 Critical Warnings and 0 Errors encountered.
place_design completed successfully
place_design: Time (s): cpu = 00:08:31 ; elapsed = 00:06:46 . Memory (MB): peak = 2799.430 ; gain = 0.000
## phys_opt_design -directive AddRetime
Command: phys_opt_design -directive AddRetime
Attempting to get a license for feature 'Implementation' and/or device 'xc7z010'
INFO: [Common 17-349] Got license for feature 'Implementation' and/or device 'xc7z010'
INFO: [Vivado_Tcl 4-137] Directive used for phys_opt_design is: AddRetime

Starting Initial Update Timing Task

Time (s): cpu = 00:00:17 ; elapsed = 00:00:10 . Memory (MB): peak = 2799.430 ; gain = 0.000
INFO: [Vivado_Tcl 4-1435] PhysOpt_Tcl_Interface Runtime Before Starting Physical Synthesis Task | CPU: 19.00s |  WALL: 10.27s
Netlist sorting complete. Time (s): cpu = 00:00:00 ; elapsed = 00:00:00.026 . Memory (MB): peak = 2799.430 ; gain = 0.000

Starting Physical Synthesis Task

Phase 1 Physical Synthesis Initialization
INFO: [Physopt 32-721] Multithreading enabled for phys_opt_design using a maximum of 2 CPUs
WARNING: [Place 30-34] Design utilization is very high. Please run report_utilization command to see design utilization.
INFO: [Physopt 32-619] Estimated Timing Summary | WNS=-7.705 | TNS=-8408.276 |
Phase 1 Physical Synthesis Initialization | Checksum: 153d92602

Time (s): cpu = 00:00:07 ; elapsed = 00:00:06 . Memory (MB): peak = 2799.430 ; gain = 0.000
INFO: [Physopt 32-619] Estimated Timing Summary | WNS=-7.705 | TNS=-8408.276 |

Phase 2 DSP Register Optimization
INFO: [Physopt 32-456] No candidate cells for DSP register optimization found in the design.
INFO: [Physopt 32-775] End 2 Pass. Optimized 0 net or cell. Created 0 new cell, deleted 0 existing cell and moved 0 existing cell
Phase 2 DSP Register Optimization | Checksum: 153d92602

Time (s): cpu = 00:00:08 ; elapsed = 00:00:07 . Memory (MB): peak = 2799.430 ; gain = 0.000

Phase 3 Critical Path Optimization
INFO: [Physopt 32-619] Estimated Timing Summary | WNS=-7.705 | TNS=-8408.276 |
INFO: [Physopt 32-702] Processed net linienmodule_raw_acquisition_iir_zr9[49]. Optimizations did not improve timing on the net.
INFO: [Physopt 32-702] Processed net clk_2. Optimizations did not improve timing on the net.
INFO: [Physopt 32-702] Processed net linienmodule_raw_acquisition_iir_zr9_reg[47]_i_1_n_0. Optimizations did not improve timing on the net.
INFO: [Physopt 32-702] Processed net linienmodule_raw_acquisition_iir_zr9_reg[43]_i_1_n_0. Optimizations did not improve timing on the net.
INFO: [Physopt 32-702] Processed net linienmodule_raw_acquisition_iir_zr9_reg[39]_i_1_n_0. Optimizations did not improve timing on the net.
INFO: [Physopt 32-702] Processed net linienmodule_raw_acquisition_iir_zr9_reg[35]_i_1_n_0. Optimizations did not improve timing on the net.
INFO: [Physopt 32-702] Processed net linienmodule_raw_acquisition_iir_zr9[35]_i_4_n_0. Optimizations did not improve timing on the net.
INFO: [Physopt 32-702] Processed net linienmodule_raw_acquisition_iir_z80[33]. Optimizations did not improve timing on the net.
INFO: [Physopt 32-702] Processed net linienmodule_raw_acquisition_iir_zr9_reg[35]_i_6_n_0. Optimizations did not improve timing on the net.
INFO: [Physopt 32-702] Processed net linienmodule_raw_acquisition_iir_zr9[35]_i_11_n_0. Optimizations did not improve timing on the net.
INFO: [Physopt 32-702] Processed net PCIN__1[29]. Optimizations did not improve timing on the net.
INFO: [Physopt 32-702] Processed net linienmodule_raw_acquisition_iir_zr9_reg[31]_i_7_n_0. Optimizations did not improve timing on the net.
INFO: [Physopt 32-702] Processed net linienmodule_raw_acquisition_iir_zr9_reg[31]_i_12_n_6. Optimizations did not improve timing on the net.
INFO: [Physopt 32-702] Processed net linienmodule_raw_acquisition_iir_zr9_reg[27]_i_12_n_0. Optimizations did not improve timing on the net.
INFO: [Physopt 32-702] Processed net linienmodule_raw_acquisition_iir_zr9[27]_i_18_n_0. Optimizations did not improve timing on the net.
INFO: [Physopt 32-702] Processed net linienmodule_raw_acquisition_iir_zr9[27]_i_14_n_0. Optimizations did not improve timing on the net.
INFO: [Physopt 32-702] Processed net linienmodule_raw_acquisition_iir_zr9_reg[31]_i_30_n_5. Optimizations did not improve timing on the net.
INFO: [Physopt 32-702] Processed net linienmodule_raw_acquisition_iir_zr9_reg[19]_i_16_n_0. Optimizations did not improve timing on the net.
INFO: [Physopt 32-702] Processed net linienmodule_raw_acquisition_iir_zr9[19]_i_26_n_0. Optimizations did not improve timing on the net.
INFO: [Physopt 32-702] Processed net linienmodule_raw_acquisition_iir_zr9[19]_i_22_n_0. Optimizations did not improve timing on the net.
INFO: [Physopt 32-702] Processed net linienmodule_raw_acquisition_iir_zr9_reg[19]_i_61_n_5. Optimizations did not improve timing on the net.
INFO: [Physopt 32-702] Processed net linienmodule_raw_acquisition_iir_zr9_reg[19]_i_64_n_0. Optimizations did not improve timing on the net.
INFO: [Physopt 32-608] Optimized 1 net.  Swapped 26 pins.
INFO: [Physopt 32-735] Processed net linienmodule_raw_acquisition_iir_zr9[19]_i_138_n_0. Optimization improves timing on the net.
INFO: [Physopt 32-619] Estimated Timing Summary | WNS=-7.660 | TNS=-8407.557 |
INFO: [Physopt 32-702] Processed net linienmodule_raw_acquisition_iir_zr9_reg[19]_i_19_n_0. Optimizations did not improve timing on the net.
INFO: [Physopt 32-702] Processed net linienmodule_raw_acquisition_iir_zr9[19]_i_49_n_0. Optimizations did not improve timing on the net.
INFO: [Physopt 32-702] Processed net linienmodule_raw_acquisition_iir_zr9[19]_i_45_n_0. Optimizations did not improve timing on the net.
INFO: [Physopt 32-702] Processed net linienmodule_raw_acquisition_iir_zr9_reg[19]_i_64_n_5. Optimizations did not improve timing on the net.
INFO: [Physopt 32-702] Processed net linienmodule_raw_acquisition_iir_zr9_reg[19]_i_84_n_0. Optimizations did not improve timing on the net.
INFO: [Physopt 32-702] Processed net linienmodule_raw_acquisition_iir_zr9[19]_i_165_n_0. Optimizations did not improve timing on the net.
INFO: [Physopt 32-608] Optimized 1 net.  Swapped 24 pins.
INFO: [Physopt 32-735] Processed net linienmodule_raw_acquisition_iir_zr9[19]_i_161_n_0. Optimization improves timing on the net.
INFO: [Physopt 32-619] Estimated Timing Summary | WNS=-7.608 | TNS=-8405.364 |
INFO: [Physopt 32-702] Processed net linienmodule_raw_acquisition_iir_z50_i_10_psdsp_n_1. Optimizations did not improve timing on the net.
INFO: [Physopt 32-702] Processed net linienmodule_limit_error_signal_limit_y1. Optimizations did not improve timing on the net.
INFO: [Physopt 32-608] Optimized 1 net.  Swapped 20 pins.
INFO: [Physopt 32-735] Processed net linienmodule_raw_acquisition_iir_z50_i_37_n_0. Optimization improves timing on the net.
INFO: [Physopt 32-619] Estimated Timing Summary | WNS=-7.593 | TNS=-8402.265 |
INFO: [Physopt 32-702] Processed net linienmodule_raw_acquisition_iir_zr9[19]_i_138_n_0. Optimizations did not improve timing on the net.
INFO: [Physopt 32-601] Processed net linienmodule_raw_acquisition_iir_zr9[19]_i_134_n_0. Net driver linienmodule_raw_acquisition_iir_zr9[19]_i_134 was replaced.
INFO: [Physopt 32-735] Processed net linienmodule_raw_acquisition_iir_zr9[19]_i_134_n_0. Optimization improves timing on the net.
INFO: [Physopt 32-619] Estimated Timing Summary | WNS=-7.588 | TNS=-8403.181 |
INFO: [Physopt 32-702] Processed net linienmodule_raw_acquisition_iir_z50_i_36_n_0. Optimizations did not improve timing on the net.
INFO: [Physopt 32-702] Processed net linienmodule_mixed[36]. Optimizations did not improve timing on the net.
INFO: [Physopt 32-702] Processed net linienmodule_raw_acquisition_iir_z40__0_i_10_n_0. Optimizations did not improve timing on the net.
INFO: [Physopt 32-702] Processed net linienmodule_raw_acquisition_iir_z40__0_i_16_n_0. Optimizations did not improve timing on the net.
INFO: [Physopt 32-663] Processed net linienmodule_raw_acquisition_iir_z40__0_i_30_n_0.  Re-placed instance linienmodule_raw_acquisition_iir_z40__0_i_30
INFO: [Physopt 32-735] Processed net linienmodule_raw_acquisition_iir_z40__0_i_30_n_0. Optimization improves timing on the net.
INFO: [Physopt 32-619] Estimated Timing Summary | WNS=-7.583 | TNS=-8402.533 |
INFO: [Physopt 32-702] Processed net linienmodule_raw_acquisition_iir_z50_i_38_n_0. Optimizations did not improve timing on the net.
INFO: [Physopt 32-702] Processed net linienmodule_mixed[32]. Optimizations did not improve timing on the net.
INFO: [Physopt 32-702] Processed net linienmodule_raw_acquisition_iir_z40__0_i_11_n_0. Optimizations did not improve timing on the net.
INFO: [Physopt 32-608] Optimized 1 net.  Swapped 26 pins.
INFO: [Physopt 32-735] Processed net linienmodule_raw_acquisition_iir_z40__0_i_27_n_0. Optimization improves timing on the net.
INFO: [Physopt 32-619] Estimated Timing Summary | WNS=-7.569 | TNS=-8397.278 |
INFO: [Physopt 32-608] Optimized 1 net.  Swapped 24 pins.
INFO: [Physopt 32-735] Processed net linienmodule_raw_acquisition_iir_zr9[19]_i_163_n_0. Optimization improves timing on the net.
INFO: [Physopt 32-619] Estimated Timing Summary | WNS=-7.554 | TNS=-8396.431 |
INFO: [Physopt 32-702] Processed net linienmodule_raw_acquisition_iir_z50_i_20_n_0. Optimizations did not improve timing on the net.
INFO: [Physopt 32-702] Processed net linienmodule_raw_acquisition_iir_z50_i_21_n_0. Optimizations did not improve timing on the net.
INFO: [Physopt 32-608] Optimized 1 net.  Swapped 26 pins.
INFO: [Physopt 32-735] Processed net linienmodule_raw_acquisition_iir_z50_i_54_n_0. Optimization improves timing on the net.
INFO: [Physopt 32-619] Estimated Timing Summary | WNS=-7.550 | TNS=-8395.777 |
INFO: [Physopt 32-702] Processed net linienmodule_raw_acquisition_iir_zr9[19]_i_136_n_0. Optimizations did not improve timing on the net.
INFO: [Physopt 32-702] Processed net linienmodule_raw_acquisition_iir_zr9[19]_i_132_n_0. Optimizations did not improve timing on the net.
INFO: [Physopt 32-702] Processed net linienmodule_raw_acquisition_iir_z8[49]. Optimizations did not improve timing on the net.
INFO: [Physopt 32-81] Processed net linienmodule_raw_acquisition_iir_z60__0[7]. Replicated 6 times.
INFO: [Physopt 32-735] Processed net linienmodule_raw_acquisition_iir_z60__0[7]. Optimization improves timing on the net.
INFO: [Physopt 32-619] Estimated Timing Summary | WNS=-7.549 | TNS=-8424.465 |
INFO: [Physopt 32-608] Optimized 1 net.  Swapped 26 pins.
INFO: [Physopt 32-735] Processed net linienmodule_raw_acquisition_iir_z50_i_46_n_0. Optimization improves timing on the net.
INFO: [Physopt 32-619] Estimated Timing Summary | WNS=-7.545 | TNS=-8423.493 |
INFO: [Physopt 32-608] Optimized 1 net.  Swapped 22 pins.
INFO: [Physopt 32-735] Processed net linienmodule_raw_acquisition_iir_z40__0_i_22_n_0. Optimization improves timing on the net.
INFO: [Physopt 32-619] Estimated Timing Summary | WNS=-7.544 | TNS=-8422.504 |
INFO: [Physopt 32-702] Processed net linienmodule_raw_acquisition_iir_z40__0_i_30_n_0. Optimizations did not improve timing on the net.
INFO: [Physopt 32-702] Processed net linienmodule_raw_acquisition_iir_z40__0_i_29_n_6. Optimizations did not improve timing on the net.
INFO: [Physopt 32-702] Processed net linienmodule_raw_acquisition_iir_z40__0_i_33_n_0. Optimizations did not improve timing on the net.
INFO: [Physopt 32-702] Processed net linienmodule_raw_acquisition_iir_z50_i_99_n_0. Optimizations did not improve timing on the net.
INFO: [Physopt 32-702] Processed net linienmodule_raw_acquisition_iir_z50_i_137_n_0. Optimizations did not improve timing on the net.
INFO: [Physopt 32-702] Processed net linienmodule_raw_acquisition_iir_z50_i_242_n_6. Optimizations did not improve timing on the net.
INFO: [Physopt 32-702] Processed net linienmodule_raw_acquisition_iir_z50_i_245_n_0. Optimizations did not improve timing on the net.
INFO: [Physopt 32-702] Processed net linienmodule_raw_acquisition_iir_z50_i_314_n_6. Optimizations did not improve timing on the net.
INFO: [Physopt 32-702] Processed net linienmodule_raw_acquisition_iir_z50_i_366_n_0. Optimizations did not improve timing on the net.
INFO: [Physopt 32-702] Processed net linienmodule_raw_acquisition_iir_z50_i_400_n_0. Optimizations did not improve timing on the net.
INFO: [Physopt 32-702] Processed net linienmodule_raw_acquisition_iir_z50_i_451_n_0. Optimizations did not improve timing on the net.
INFO: [Physopt 32-702] Processed net linienmodule_raw_acquisition_iir_z50_i_500_n_0. Optimizations did not improve timing on the net.
INFO: [Physopt 32-702] Processed net linienmodule_raw_acquisition_iir_z50_i_687_n_0. Optimizations did not improve timing on the net.
INFO: [Physopt 32-608] Optimized 1 net.  Swapped 21 pins.
INFO: [Physopt 32-735] Processed net linienmodule_raw_acquisition_iir_z50_i_683_n_0. Optimization improves timing on the net.
INFO: [Physopt 32-619] Estimated Timing Summary | WNS=-7.535 | TNS=-8415.525 |
INFO: [Physopt 32-81] Processed net linienmodule_raw_acquisition_iir_z60__0[7]. Replicated 3 times.
INFO: [Physopt 32-735] Processed net linienmodule_raw_acquisition_iir_z60__0[7]. Optimization improves timing on the net.
INFO: [Physopt 32-619] Estimated Timing Summary | WNS=-7.528 | TNS=-8434.274 |
INFO: [Physopt 32-81] Processed net linienmodule_raw_acquisition_iir_z60__0[8]. Replicated 6 times.
INFO: [Physopt 32-735] Processed net linienmodule_raw_acquisition_iir_z60__0[8]. Optimization improves timing on the net.
INFO: [Physopt 32-619] Estimated Timing Summary | WNS=-7.512 | TNS=-8472.413 |
INFO: [Physopt 32-608] Optimized 1 net.  Swapped 26 pins.
INFO: [Physopt 32-735] Processed net linienmodule_raw_acquisition_iir_z50_i_686_n_0. Optimization improves timing on the net.
INFO: [Physopt 32-619] Estimated Timing Summary | WNS=-7.498 | TNS=-8465.111 |
INFO: [Physopt 32-81] Processed net linienmodule_raw_acquisition_iir_z60__0[8]. Replicated 1 times.
INFO: [Physopt 32-735] Processed net linienmodule_raw_acquisition_iir_z60__0[8]. Optimization improves timing on the net.
INFO: [Physopt 32-619] Estimated Timing Summary | WNS=-7.492 | TNS=-8470.854 |
INFO: [Physopt 32-702] Processed net linienmodule_raw_acquisition_iir_z60__0[8]. Optimizations did not improve timing on the net.
INFO: [Physopt 32-702] Processed net axi_slave/M_AXI_GP0_RDATA[5]. Optimizations did not improve timing on the net.
INFO: [Physopt 32-710] Processed net axi_slave/ps_sys_rdata[5]. Critical path length was reduced through logic transformation on cell axi_slave/axi_rdata_o[5]_i_1_comp.
INFO: [Physopt 32-735] Processed net red_pitaya_scope/i_bridge/addr_o_reg[2]_2. Optimization improves timing on the net.
INFO: [Physopt 32-619] Estimated Timing Summary | WNS=-7.492 | TNS=-8470.408 |
INFO: [Physopt 32-702] Processed net axi_slave/M_AXI_GP0_RDATA[13]. Optimizations did not improve timing on the net.
INFO: [Physopt 32-710] Processed net red_pitaya_scope/i_bridge/adc_a_buf_reg_6. Critical path length was reduced through logic transformation on cell red_pitaya_scope/i_bridge/i_0_LOPT_REMAP_10_comp.
INFO: [Physopt 32-735] Processed net red_pitaya_scope/i_bridge/i_1/O_n_10. Optimization improves timing on the net.
INFO: [Physopt 32-619] Estimated Timing Summary | WNS=-7.492 | TNS=-8469.835 |
INFO: [Physopt 32-702] Processed net red_pitaya_scope/i_bridge/axi_rdata_o[5]_i_4_n_0. Optimizations did not improve timing on the net.
INFO: [Physopt 32-702] Processed net red_pitaya_scope/i_bridge/axi_rdata_o_reg[5]_i_6_n_0. Optimizations did not improve timing on the net.
INFO: [Physopt 32-608] Optimized 1 net.  Swapped 21 pins.
INFO: [Physopt 32-735] Processed net red_pitaya_scope/i_bridge/axi_rdata_o[5]_i_8_n_0. Optimization improves timing on the net.
INFO: [Physopt 32-619] Estimated Timing Summary | WNS=-7.492 | TNS=-8469.451 |
INFO: [Physopt 32-702] Processed net system_processing_system7_0_0/inst/FCLK_CLK_unbuffered[0]. Optimizations did not improve timing on the net.
INFO: [Physopt 32-702] Processed net red_pitaya_scope/i_bridge/i_1/O_n_10_repN. Optimizations did not improve timing on the net.
INFO: [Physopt 32-710] Processed net red_pitaya_scope/i_bridge/i_1/O_n_10_repN. Critical path length was reduced through logic transformation on cell red_pitaya_scope/i_bridge/i_1_LOPT_REMAP_10_comp_2.
INFO: [Physopt 32-735] Processed net red_pitaya_scope/i_bridge/i_3/O_n_10. Optimization improves timing on the net.
INFO: [Physopt 32-619] Estimated Timing Summary | WNS=-7.492 | TNS=-8469.449 |
INFO: [Physopt 32-702] Processed net red_pitaya_scope/i_bridge/axi_rdata_o_reg[13]_i_6_n_0. Optimizations did not improve timing on the net.
INFO: [Physopt 32-608] Optimized 1 net.  Swapped 23 pins.
INFO: [Physopt 32-735] Processed net red_pitaya_scope/i_bridge/axi_rdata_o[13]_i_10_n_0. Optimization improves timing on the net.
INFO: [Physopt 32-619] Estimated Timing Summary | WNS=-7.492 | TNS=-8469.315 |
INFO: [Physopt 32-702] Processed net red_pitaya_scope/i_bridge/i_1/O_n_10. Optimizations did not improve timing on the net.
INFO: [Physopt 32-710] Processed net red_pitaya_scope/i_bridge/i_1/O_n_10. Critical path length was reduced through logic transformation on cell red_pitaya_scope/i_bridge/i_1_LOPT_REMAP_10_comp_3.
INFO: [Physopt 32-735] Processed net red_pitaya_scope/i_bridge/i_3/O_n_10. Optimization improves timing on the net.
INFO: [Physopt 32-619] Estimated Timing Summary | WNS=-7.492 | TNS=-8469.162 |
INFO: [Physopt 32-702] Processed net red_pitaya_scope/i_bridge/addr_o_reg[2]_2. Optimizations did not improve timing on the net.
INFO: [Physopt 32-710] Processed net red_pitaya_scope/i_bridge/addr_o_reg[2]_2. Critical path length was reduced through logic transformation on cell red_pitaya_scope/i_bridge/axi_rdata_o[5]_i_2_comp_2.
INFO: [Physopt 32-735] Processed net red_pitaya_scope/i_bridge/addr_o_reg[18]_2. Optimization improves timing on the net.
INFO: [Physopt 32-619] Estimated Timing Summary | WNS=-7.492 | TNS=-8469.111 |
INFO: [Physopt 32-702] Processed net red_pitaya_scope/i_bridge/axi_rdata_o[5]_i_8_n_0. Optimizations did not improve timing on the net.
INFO: [Physopt 32-608] Optimized 1 net.  Swapped 22 pins.
INFO: [Physopt 32-735] Processed net axi_slave/ps_sys_rdata[5]. Optimization improves timing on the net.
INFO: [Physopt 32-619] Estimated Timing Summary | WNS=-7.492 | TNS=-8469.108 |
INFO: [Physopt 32-710] Processed net red_pitaya_scope/i_bridge/addr_o_reg[2]_2. Critical path length was reduced through logic transformation on cell red_pitaya_scope/i_bridge/axi_rdata_o[5]_i_2_comp_3.
INFO: [Physopt 32-735] Processed net red_pitaya_scope/i_bridge/addr_o_reg[18]_2_repN. Optimization improves timing on the net.
INFO: [Physopt 32-619] Estimated Timing Summary | WNS=-7.492 | TNS=-8468.977 |
INFO: [Physopt 32-702] Processed net axi_slave/M_AXI_GP0_RDATA[17]. Optimizations did not improve timing on the net.
INFO: [Physopt 32-710] Processed net red_pitaya_scope/i_bridge/adc_b_buf_reg_0. Critical path length was reduced through logic transformation on cell red_pitaya_scope/i_bridge/axi_rdata_o[17]_i_1_comp.
INFO: [Physopt 32-735] Processed net red_pitaya_scope/i_bridge/axi_rdata_o[17]_i_2_n_0. Optimization improves timing on the net.
INFO: [Physopt 32-619] Estimated Timing Summary | WNS=-7.492 | TNS=-8468.319 |
INFO: [Physopt 32-702] Processed net red_pitaya_scope/i_bridge/axi_rdata_o[13]_i_10_n_0. Optimizations did not improve timing on the net.
INFO: [Physopt 32-608] Optimized 1 net.  Swapped 22 pins.
INFO: [Physopt 32-735] Processed net red_pitaya_scope/i_bridge/adc_a_buf_reg_6. Optimization improves timing on the net.
INFO: [Physopt 32-619] Estimated Timing Summary | WNS=-7.492 | TNS=-8468.146 |
INFO: [Physopt 32-702] Processed net axi_slave/M_AXI_GP0_RDATA[7]. Optimizations did not improve timing on the net.
INFO: [Physopt 32-710] Processed net axi_slave/ps_sys_rdata[7]. Critical path length was reduced through logic transformation on cell axi_slave/axi_rdata_o[7]_i_1_comp.
INFO: [Physopt 32-735] Processed net red_pitaya_scope/i_bridge/addr_o_reg[2]_0. Optimization improves timing on the net.
INFO: [Physopt 32-619] Estimated Timing Summary | WNS=-7.492 | TNS=-8467.707 |
INFO: [Physopt 32-702] Processed net axi_slave/M_AXI_GP0_RDATA[11]. Optimizations did not improve timing on the net.
INFO: [Physopt 32-608] Optimized 1 net.  Swapped 21 pins.
INFO: [Physopt 32-735] Processed net red_pitaya_scope/i_bridge/i_1/O_n_8. Optimization improves timing on the net.
INFO: [Physopt 32-619] Estimated Timing Summary | WNS=-7.492 | TNS=-8467.563 |
INFO: [Physopt 32-702] Processed net axi_slave/M_AXI_GP0_RDATA[12]. Optimizations did not improve timing on the net.
INFO: [Physopt 32-663] Processed net red_pitaya_scope/i_bridge/i_3/O_n_9.  Re-placed instance red_pitaya_scope/i_bridge/i_3_LOPT_REMAP_9
INFO: [Physopt 32-735] Processed net red_pitaya_scope/i_bridge/i_3/O_n_9. Optimization improves timing on the net.
INFO: [Physopt 32-619] Estimated Timing Summary | WNS=-7.492 | TNS=-8467.367 |
INFO: [Physopt 32-702] Processed net axi_slave/ps_sys_rdata[5]. Optimizations did not improve timing on the net.
INFO: [Physopt 32-81] Processed net red_pitaya_scope/set_dec_reg_n_0_[5]. Replicated 1 times.
INFO: [Physopt 32-735] Processed net red_pitaya_scope/set_dec_reg_n_0_[5]. Optimization improves timing on the net.
INFO: [Physopt 32-619] Estimated Timing Summary | WNS=-7.492 | TNS=-8467.743 |
INFO: [Physopt 32-702] Processed net red_pitaya_scope/adc_a_q_rd[5]. Optimizations did not improve timing on the net.
INFO: [Physopt 32-702] Processed net linienmodule_raw_acquisition_iir_zr9[49]. Optimizations did not improve timing on the net.
INFO: [Physopt 32-702] Processed net clk_2. Optimizations did not improve timing on the net.
INFO: [Physopt 32-702] Processed net linienmodule_raw_acquisition_iir_zr9[35]_i_4_n_0. Optimizations did not improve timing on the net.
INFO: [Physopt 32-702] Processed net linienmodule_raw_acquisition_iir_z80[33]. Optimizations did not improve timing on the net.
INFO: [Physopt 32-702] Processed net linienmodule_raw_acquisition_iir_zr9[35]_i_11_n_0. Optimizations did not improve timing on the net.
INFO: [Physopt 32-702] Processed net PCIN__1[29]. Optimizations did not improve timing on the net.
INFO: [Physopt 32-702] Processed net linienmodule_raw_acquisition_iir_zr9_reg[31]_i_12_n_6. Optimizations did not improve timing on the net.
INFO: [Physopt 32-702] Processed net linienmodule_raw_acquisition_iir_zr9[27]_i_18_n_0. Optimizations did not improve timing on the net.
INFO: [Physopt 32-702] Processed net linienmodule_raw_acquisition_iir_zr9[27]_i_14_n_0. Optimizations did not improve timing on the net.
INFO: [Physopt 32-702] Processed net linienmodule_raw_acquisition_iir_zr9_reg[31]_i_30_n_5. Optimizations did not improve timing on the net.
INFO: [Physopt 32-702] Processed net linienmodule_raw_acquisition_iir_zr9[19]_i_26_n_0. Optimizations did not improve timing on the net.
INFO: [Physopt 32-702] Processed net linienmodule_raw_acquisition_iir_zr9[19]_i_22_n_0. Optimizations did not improve timing on the net.
INFO: [Physopt 32-702] Processed net linienmodule_raw_acquisition_iir_zr9_reg[19]_i_61_n_5. Optimizations did not improve timing on the net.
INFO: [Physopt 32-702] Processed net linienmodule_raw_acquisition_iir_zr9[19]_i_136_n_0. Optimizations did not improve timing on the net.
INFO: [Physopt 32-702] Processed net linienmodule_raw_acquisition_iir_zr9[19]_i_132_n_0. Optimizations did not improve timing on the net.
INFO: [Physopt 32-702] Processed net linienmodule_raw_acquisition_iir_z8[49]. Optimizations did not improve timing on the net.
INFO: [Physopt 32-702] Processed net linienmodule_raw_acquisition_iir_z60__0[8]. Optimizations did not improve timing on the net.
INFO: [Physopt 32-702] Processed net axi_slave/M_AXI_GP0_RDATA[5]. Optimizations did not improve timing on the net.
INFO: [Physopt 32-608] Optimized 1 net.  Swapped 22 pins.
INFO: [Physopt 32-735] Processed net red_pitaya_scope/i_bridge/addr_o_reg[2]_2. Optimization improves timing on the net.
INFO: [Physopt 32-619] Estimated Timing Summary | WNS=-7.492 | TNS=-8467.602 |
INFO: [Physopt 32-702] Processed net axi_slave/M_AXI_GP0_RDATA[13]. Optimizations did not improve timing on the net.
INFO: [Physopt 32-702] Processed net red_pitaya_scope/i_bridge/axi_rdata_o_reg[13]_i_6_n_0. Optimizations did not improve timing on the net.
INFO: [Physopt 32-702] Processed net red_pitaya_scope/i_bridge/axi_rdata_o[13]_i_10_n_0. Optimizations did not improve timing on the net.
INFO: [Physopt 32-702] Processed net red_pitaya_scope/i_bridge/adc_a_buf_reg_6. Optimizations did not improve timing on the net.
INFO: [Physopt 32-663] Processed net red_pitaya_scope/adc_wp_cur_reg_n_0_[13].  Re-placed instance red_pitaya_scope/adc_wp_cur_reg[13]
INFO: [Physopt 32-735] Processed net red_pitaya_scope/adc_wp_cur_reg_n_0_[13]. Optimization improves timing on the net.
INFO: [Physopt 32-619] Estimated Timing Summary | WNS=-7.492 | TNS=-8467.396 |
INFO: [Physopt 32-702] Processed net axi_slave/M_AXI_GP0_RDATA[11]. Optimizations did not improve timing on the net.
INFO: [Physopt 32-702] Processed net red_pitaya_scope/i_bridge/i_1/O_n_8. Optimizations did not improve timing on the net.
INFO: [Physopt 32-702] Processed net red_pitaya_scope/i_bridge/i_2/O_n_8. Optimizations did not improve timing on the net.
INFO: [Physopt 32-702] Processed net red_pitaya_scope/i_bridge/axi_rdata_o_reg[11]_i_6_n_0. Optimizations did not improve timing on the net.
INFO: [Physopt 32-608] Optimized 1 net.  Swapped 23 pins.
INFO: [Physopt 32-735] Processed net red_pitaya_scope/i_bridge/axi_rdata_o[11]_i_8_n_0. Optimization improves timing on the net.
INFO: [Physopt 32-619] Estimated Timing Summary | WNS=-7.492 | TNS=-8466.927 |
INFO: [Physopt 32-702] Processed net axi_slave/M_AXI_GP0_RDATA[4]. Optimizations did not improve timing on the net.
INFO: [Physopt 32-608] Optimized 1 net.  Swapped 20 pins.
INFO: [Physopt 32-735] Processed net red_pitaya_scope/i_bridge/addr_o_reg[2]_3. Optimization improves timing on the net.
INFO: [Physopt 32-619] Estimated Timing Summary | WNS=-7.492 | TNS=-8466.835 |
INFO: [Physopt 32-702] Processed net axi_slave/M_AXI_GP0_RDATA[8]. Optimizations did not improve timing on the net.
INFO: [Physopt 32-608] Optimized 1 net.  Swapped 22 pins.
INFO: [Physopt 32-735] Processed net red_pitaya_scope/i_bridge/i_1/O_n_6. Optimization improves timing on the net.
INFO: [Physopt 32-619] Estimated Timing Summary | WNS=-7.492 | TNS=-8466.631 |
INFO: [Physopt 32-663] Processed net red_pitaya_scope/i_bridge/addr_o_reg[2]_2_repN.  Re-placed instance red_pitaya_scope/i_bridge/axi_rdata_o[5]_i_2_comp
INFO: [Physopt 32-735] Processed net red_pitaya_scope/i_bridge/addr_o_reg[2]_2_repN. Optimization improves timing on the net.
INFO: [Physopt 32-619] Estimated Timing Summary | WNS=-7.492 | TNS=-8466.585 |
INFO: [Physopt 32-702] Processed net axi_slave/M_AXI_GP0_RDATA[12]. Optimizations did not improve timing on the net.
INFO: [Physopt 32-702] Processed net system_processing_system7_0_0/inst/FCLK_CLK_unbuffered[0]. Optimizations did not improve timing on the net.
INFO: [Physopt 32-608] Optimized 1 net.  Swapped 10 pins.
INFO: [Physopt 32-735] Processed net red_pitaya_scope/i_bridge/i_3/O_n_9. Optimization improves timing on the net.
INFO: [Physopt 32-619] Estimated Timing Summary | WNS=-7.492 | TNS=-8466.455 |
INFO: [Physopt 32-702] Processed net red_pitaya_scope/i_bridge/addr_o_reg[2]_3. Optimizations did not improve timing on the net.
INFO: [Physopt 32-702] Processed net red_pitaya_scope/i_bridge/axi_rdata_o[4]_i_4_n_0. Optimizations did not improve timing on the net.
INFO: [Physopt 32-702] Processed net red_pitaya_scope/i_bridge/axi_rdata_o_reg[4]_i_6_n_0. Optimizations did not improve timing on the net.
INFO: [Physopt 32-608] Optimized 1 net.  Swapped 15 pins.
INFO: [Physopt 32-735] Processed net red_pitaya_scope/i_bridge/axi_rdata_o[4]_i_9_n_0. Optimization improves timing on the net.
INFO: [Physopt 32-619] Estimated Timing Summary | WNS=-7.492 | TNS=-8466.180 |
INFO: [Physopt 32-702] Processed net red_pitaya_scope/i_bridge/axi_rdata_o[5]_i_4_n_0. Optimizations did not improve timing on the net.
INFO: [Physopt 32-702] Processed net red_pitaya_scope/i_bridge/axi_rdata_o_reg[5]_i_6_n_0. Optimizations did not improve timing on the net.
INFO: [Physopt 32-608] Optimized 1 net.  Swapped 21 pins.
INFO: [Physopt 32-735] Processed net red_pitaya_scope/i_bridge/axi_rdata_o[5]_i_9_n_0. Optimization improves timing on the net.
INFO: [Physopt 32-619] Estimated Timing Summary | WNS=-7.492 | TNS=-8466.174 |
INFO: [Physopt 32-702] Processed net red_pitaya_scope/i_bridge/addr_o_reg[2]_2_repN. Optimizations did not improve timing on the net.
INFO: [Physopt 32-608] Optimized 1 net.  Swapped 21 pins.
INFO: [Physopt 32-735] Processed net red_pitaya_scope/i_bridge/addr_o_reg[18]_2. Optimization improves timing on the net.
INFO: [Physopt 32-619] Estimated Timing Summary | WNS=-7.492 | TNS=-8466.164 |
INFO: [Physopt 32-702] Processed net red_pitaya_scope/i_bridge/axi_rdata_o[5]_i_8_n_0. Optimizations did not improve timing on the net.
INFO: [Physopt 32-702] Processed net axi_slave/ps_sys_rdata[5]. Optimizations did not improve timing on the net.
INFO: [Physopt 32-663] Processed net red_pitaya_scope/set_dec_reg_n_0_[5]_repN.  Re-placed instance red_pitaya_scope/set_dec_reg[5]_replica
INFO: [Physopt 32-735] Processed net red_pitaya_scope/set_dec_reg_n_0_[5]_repN. Optimization improves timing on the net.
INFO: [Physopt 32-619] Estimated Timing Summary | WNS=-7.492 | TNS=-8466.104 |
INFO: [Physopt 32-702] Processed net axi_slave/M_AXI_GP0_RDATA[9]. Optimizations did not improve timing on the net.
INFO: [Physopt 32-608] Optimized 1 net.  Swapped 23 pins.
INFO: [Physopt 32-735] Processed net red_pitaya_scope/i_bridge/i_3/O_n_12. Optimization improves timing on the net.
INFO: [Physopt 32-619] Estimated Timing Summary | WNS=-7.492 | TNS=-8466.043 |
INFO: [Physopt 32-702] Processed net red_pitaya_scope/i_bridge/i_1/O_n_10. Optimizations did not improve timing on the net.
INFO: [Physopt 32-663] Processed net red_pitaya_scope/i_bridge/i_4/O_n_9.  Re-placed instance red_pitaya_scope/i_bridge/i_4_LOPT_REMAP_9
INFO: [Physopt 32-735] Processed net red_pitaya_scope/i_bridge/i_4/O_n_9. Optimization improves timing on the net.
INFO: [Physopt 32-619] Estimated Timing Summary | WNS=-7.492 | TNS=-8465.965 |
INFO: [Physopt 32-663] Processed net red_pitaya_scope/i_bridge/i_3/O_n_9.  Re-placed instance red_pitaya_scope/i_bridge/i_3_LOPT_REMAP_9
INFO: [Physopt 32-735] Processed net red_pitaya_scope/i_bridge/i_3/O_n_9. Optimization improves timing on the net.
INFO: [Physopt 32-619] Estimated Timing Summary | WNS=-7.492 | TNS=-8465.914 |
INFO: [Physopt 32-702] Processed net red_pitaya_scope/i_bridge/addr_o_reg[2]_2. Optimizations did not improve timing on the net.
INFO: [Physopt 32-702] Processed net red_pitaya_scope/adc_a_q_rd[5]. Optimizations did not improve timing on the net.
INFO: [Physopt 32-619] Estimated Timing Summary | WNS=-7.492 | TNS=-8465.914 |
Netlist sorting complete. Time (s): cpu = 00:00:01 ; elapsed = 00:00:00.506 . Memory (MB): peak = 2799.430 ; gain = 0.000
Phase 3 Critical Path Optimization | Checksum: f7070b6f

Time (s): cpu = 00:00:52 ; elapsed = 00:00:47 . Memory (MB): peak = 2799.430 ; gain = 0.000

Phase 4 Critical Path Optimization
INFO: [Physopt 32-619] Estimated Timing Summary | WNS=-7.492 | TNS=-8465.914 |
INFO: [Physopt 32-702] Processed net linienmodule_raw_acquisition_iir_zr9[49]. Optimizations did not improve timing on the net.
INFO: [Physopt 32-702] Processed net clk_2. Optimizations did not improve timing on the net.
INFO: [Physopt 32-702] Processed net linienmodule_raw_acquisition_iir_zr9_reg[47]_i_1_n_0. Optimizations did not improve timing on the net.
INFO: [Physopt 32-702] Processed net linienmodule_raw_acquisition_iir_zr9_reg[43]_i_1_n_0. Optimizations did not improve timing on the net.
INFO: [Physopt 32-702] Processed net linienmodule_raw_acquisition_iir_zr9_reg[39]_i_1_n_0. Optimizations did not improve timing on the net.
INFO: [Physopt 32-702] Processed net linienmodule_raw_acquisition_iir_zr9_reg[35]_i_1_n_0. Optimizations did not improve timing on the net.
INFO: [Physopt 32-702] Processed net linienmodule_raw_acquisition_iir_zr9[35]_i_4_n_0. Optimizations did not improve timing on the net.
INFO: [Physopt 32-702] Processed net linienmodule_raw_acquisition_iir_z80[33]. Optimizations did not improve timing on the net.
INFO: [Physopt 32-702] Processed net linienmodule_raw_acquisition_iir_zr9_reg[35]_i_6_n_0. Optimizations did not improve timing on the net.
INFO: [Physopt 32-702] Processed net linienmodule_raw_acquisition_iir_zr9[35]_i_11_n_0. Optimizations did not improve timing on the net.
INFO: [Physopt 32-702] Processed net PCIN__1[29]. Optimizations did not improve timing on the net.
INFO: [Physopt 32-702] Processed net linienmodule_raw_acquisition_iir_zr9_reg[31]_i_7_n_0. Optimizations did not improve timing on the net.
INFO: [Physopt 32-702] Processed net linienmodule_raw_acquisition_iir_zr9_reg[31]_i_12_n_6. Optimizations did not improve timing on the net.
INFO: [Physopt 32-702] Processed net linienmodule_raw_acquisition_iir_zr9_reg[27]_i_12_n_0. Optimizations did not improve timing on the net.
INFO: [Physopt 32-702] Processed net linienmodule_raw_acquisition_iir_zr9[27]_i_18_n_0. Optimizations did not improve timing on the net.
INFO: [Physopt 32-702] Processed net linienmodule_raw_acquisition_iir_zr9[27]_i_14_n_0. Optimizations did not improve timing on the net.
INFO: [Physopt 32-702] Processed net linienmodule_raw_acquisition_iir_zr9_reg[31]_i_30_n_5. Optimizations did not improve timing on the net.
INFO: [Physopt 32-702] Processed net linienmodule_raw_acquisition_iir_zr9_reg[19]_i_16_n_0. Optimizations did not improve timing on the net.
INFO: [Physopt 32-702] Processed net linienmodule_raw_acquisition_iir_zr9[19]_i_26_n_0. Optimizations did not improve timing on the net.
INFO: [Physopt 32-702] Processed net linienmodule_raw_acquisition_iir_zr9[19]_i_22_n_0. Optimizations did not improve timing on the net.
INFO: [Physopt 32-702] Processed net linienmodule_raw_acquisition_iir_zr9_reg[19]_i_61_n_5. Optimizations did not improve timing on the net.
INFO: [Physopt 32-702] Processed net linienmodule_raw_acquisition_iir_zr9_reg[19]_i_64_n_0. Optimizations did not improve timing on the net.
INFO: [Physopt 32-702] Processed net linienmodule_raw_acquisition_iir_zr9[19]_i_136_n_0. Optimizations did not improve timing on the net.
INFO: [Physopt 32-702] Processed net linienmodule_raw_acquisition_iir_zr9[19]_i_132_n_0. Optimizations did not improve timing on the net.
INFO: [Physopt 32-702] Processed net linienmodule_raw_acquisition_iir_z8[49]. Optimizations did not improve timing on the net.
INFO: [Physopt 32-702] Processed net linienmodule_raw_acquisition_iir_z60__0[8]. Optimizations did not improve timing on the net.
INFO: [Physopt 32-702] Processed net axi_slave/M_AXI_GP0_RDATA[5]. Optimizations did not improve timing on the net.
INFO: [Physopt 32-702] Processed net red_pitaya_scope/i_bridge/addr_o_reg[2]_2. Optimizations did not improve timing on the net.
INFO: [Physopt 32-702] Processed net axi_slave/ps_sys_rdata[5]. Optimizations did not improve timing on the net.
INFO: [Physopt 32-702] Processed net red_pitaya_scope/adc_a_q_rd[5]. Optimizations did not improve timing on the net.
INFO: [Physopt 32-702] Processed net linienmodule_raw_acquisition_iir_zr9[49]. Optimizations did not improve timing on the net.
INFO: [Physopt 32-702] Processed net clk_2. Optimizations did not improve timing on the net.
INFO: [Physopt 32-702] Processed net linienmodule_raw_acquisition_iir_zr9[35]_i_4_n_0. Optimizations did not improve timing on the net.
INFO: [Physopt 32-702] Processed net linienmodule_raw_acquisition_iir_z80[33]. Optimizations did not improve timing on the net.
INFO: [Physopt 32-702] Processed net linienmodule_raw_acquisition_iir_zr9[35]_i_11_n_0. Optimizations did not improve timing on the net.
INFO: [Physopt 32-702] Processed net PCIN__1[29]. Optimizations did not improve timing on the net.
INFO: [Physopt 32-702] Processed net linienmodule_raw_acquisition_iir_zr9_reg[31]_i_12_n_6. Optimizations did not improve timing on the net.
INFO: [Physopt 32-702] Processed net linienmodule_raw_acquisition_iir_zr9[27]_i_18_n_0. Optimizations did not improve timing on the net.
INFO: [Physopt 32-702] Processed net linienmodule_raw_acquisition_iir_zr9[27]_i_14_n_0. Optimizations did not improve timing on the net.
INFO: [Physopt 32-702] Processed net linienmodule_raw_acquisition_iir_zr9_reg[31]_i_30_n_5. Optimizations did not improve timing on the net.
INFO: [Physopt 32-702] Processed net linienmodule_raw_acquisition_iir_zr9[19]_i_26_n_0. Optimizations did not improve timing on the net.
INFO: [Physopt 32-702] Processed net linienmodule_raw_acquisition_iir_zr9[19]_i_22_n_0. Optimizations did not improve timing on the net.
INFO: [Physopt 32-702] Processed net linienmodule_raw_acquisition_iir_zr9_reg[19]_i_61_n_5. Optimizations did not improve timing on the net.
INFO: [Physopt 32-702] Processed net linienmodule_raw_acquisition_iir_zr9[19]_i_136_n_0. Optimizations did not improve timing on the net.
INFO: [Physopt 32-702] Processed net linienmodule_raw_acquisition_iir_zr9[19]_i_132_n_0. Optimizations did not improve timing on the net.
INFO: [Physopt 32-702] Processed net linienmodule_raw_acquisition_iir_z8[49]. Optimizations did not improve timing on the net.
INFO: [Physopt 32-702] Processed net linienmodule_raw_acquisition_iir_z60__0[8]. Optimizations did not improve timing on the net.
INFO: [Physopt 32-702] Processed net axi_slave/M_AXI_GP0_RDATA[5]. Optimizations did not improve timing on the net.
INFO: [Physopt 32-702] Processed net red_pitaya_scope/i_bridge/addr_o_reg[2]_2. Optimizations did not improve timing on the net.
INFO: [Physopt 32-702] Processed net axi_slave/ps_sys_rdata[5]. Optimizations did not improve timing on the net.
INFO: [Physopt 32-702] Processed net red_pitaya_scope/adc_a_q_rd[5]. Optimizations did not improve timing on the net.
INFO: [Physopt 32-619] Estimated Timing Summary | WNS=-7.492 | TNS=-8465.914 |
Netlist sorting complete. Time (s): cpu = 00:00:00 ; elapsed = 00:00:00.198 . Memory (MB): peak = 2799.430 ; gain = 0.000
Phase 4 Critical Path Optimization | Checksum: f7070b6f

Time (s): cpu = 00:00:57 ; elapsed = 00:00:51 . Memory (MB): peak = 2799.430 ; gain = 0.000
Netlist sorting complete. Time (s): cpu = 00:00:00 ; elapsed = 00:00:00.031 . Memory (MB): peak = 2799.430 ; gain = 0.000
INFO: [Physopt 32-603] Post Physical Optimization Timing Summary | WNS=-7.492 | TNS=-8465.914 |

Summary of Physical Synthesis Optimizations
============================================


-------------------------------------------------------------------------------------------------------------------------------------------------------------
|  Optimization   |  WNS Gain (ns)  |  TNS Gain (ns)  |  Added Cells  |  Removed Cells  |  Optimized Cells/Nets  |  Dont Touch  |  Iterations  |  Elapsed   |
-------------------------------------------------------------------------------------------------------------------------------------------------------------
|  DSP Register   |          0.000  |          0.000  |            0  |              0  |                     0  |           0  |           1  |  00:00:01  |
|  Critical Path  |          0.213  |        -57.638  |           17  |              0  |                    45  |           0  |           2  |  00:00:43  |
|  Total          |          0.213  |        -57.638  |           17  |              0  |                    45  |           0  |           3  |  00:00:44  |
-------------------------------------------------------------------------------------------------------------------------------------------------------------


Netlist sorting complete. Time (s): cpu = 00:00:00 ; elapsed = 00:00:00.027 . Memory (MB): peak = 2799.430 ; gain = 0.000
Ending Physical Synthesis Task | Checksum: 2917bd8e4

Time (s): cpu = 00:00:57 ; elapsed = 00:00:51 . Memory (MB): peak = 2799.430 ; gain = 0.000
INFO: [Common 17-83] Releasing license: Implementation
316 Infos, 1 Warnings, 0 Critical Warnings and 0 Errors encountered.
phys_opt_design completed successfully
phys_opt_design: Time (s): cpu = 00:01:16 ; elapsed = 00:01:01 . Memory (MB): peak = 2799.430 ; gain = 0.000
## report_utilization -hierarchical -file top_utilization_hierarchical_place.rpt
## report_utilization -file top_utilization_place.rpt
## report_io -file top_io.rpt
report_io: Time (s): cpu = 00:00:01 ; elapsed = 00:00:00.353 . Memory (MB): peak = 2799.430 ; gain = 0.000
## report_control_sets -verbose -file top_control_sets.rpt
report_control_sets: Time (s): cpu = 00:00:00 ; elapsed = 00:00:00.502 . Memory (MB): peak = 2799.430 ; gain = 0.000
## report_clock_utilization -file top_clock_utilization.rpt
## route_design
Command: route_design
Attempting to get a license for feature 'Implementation' and/or device 'xc7z010'
INFO: [Common 17-349] Got license for feature 'Implementation' and/or device 'xc7z010'
INFO: [DRC 23-27] Running DRC with 2 threads
INFO: [Vivado_Tcl 4-198] DRC finished with 0 Errors
INFO: [Vivado_Tcl 4-199] Please refer to the DRC report (report_drc) for more information.


Starting Routing Task
INFO: [Route 35-254] Multithreading enabled for route_design using a maximum of 2 CPUs

Phase 1 Build RT Design
Checksum: PlaceDB: e9fbcb29 ConstDB: 0 ShapeSum: 821a24ad RouteDB: 6998572b
Post Restoration Checksum: NetGraph: 36cad37d | NumContArr: 5e561cff | Constraints: c2a8fa9d | Timing: c2a8fa9d
Phase 1 Build RT Design | Checksum: 21a72e5b6

Time (s): cpu = 00:00:44 ; elapsed = 00:00:30 . Memory (MB): peak = 2799.430 ; gain = 0.000

Phase 2 Router Initialization

Phase 2.1 Fix Topology Constraints
Phase 2.1 Fix Topology Constraints | Checksum: 21a72e5b6

Time (s): cpu = 00:00:44 ; elapsed = 00:00:30 . Memory (MB): peak = 2799.430 ; gain = 0.000

Phase 2.2 Pre Route Cleanup
Phase 2.2 Pre Route Cleanup | Checksum: 21a72e5b6

Time (s): cpu = 00:00:44 ; elapsed = 00:00:30 . Memory (MB): peak = 2799.430 ; gain = 0.000
 Number of Nodes with overlaps = 0

Phase 2.3 Update Timing
Phase 2.3 Update Timing | Checksum: 28cfd7f7e

Time (s): cpu = 00:01:10 ; elapsed = 00:00:45 . Memory (MB): peak = 2799.430 ; gain = 0.000
INFO: [Route 35-416] Intermediate Timing Summary | WNS=-7.477 | TNS=-8294.600| WHS=-1.110 | THS=-363.968|


Phase 2.4 Soft Constraint Pins - Fast Budgeting
Phase 2.4 Soft Constraint Pins - Fast Budgeting | Checksum: 235b771cc

Time (s): cpu = 00:01:19 ; elapsed = 00:00:51 . Memory (MB): peak = 2799.430 ; gain = 0.000

Router Utilization Summary
  Global Vertical Routing Utilization    = 0.00746059 %
  Global Horizontal Routing Utilization  = 0.00390625 %
  Routable Net Status*
  *Does not include unroutable nets such as driverless and loadless.
  Run report_route_status for detailed report.
  Number of Failed Nets               = 29133
    (Failed Nets is the sum of unrouted and partially routed nets)
  Number of Unrouted Nets             = 29132
  Number of Partially Routed Nets     = 1
  Number of Node Overlaps             = 0

Phase 2 Router Initialization | Checksum: 2a6d5496c

Time (s): cpu = 00:01:20 ; elapsed = 00:00:51 . Memory (MB): peak = 2799.430 ; gain = 0.000

Phase 3 Global Routing
Phase 3 Global Routing | Checksum: 2a6d5496c

Time (s): cpu = 00:01:20 ; elapsed = 00:00:51 . Memory (MB): peak = 2799.430 ; gain = 0.000

Phase 4 Initial Routing

Phase 4.1 Initial Net Routing Pass
Phase 4.1 Initial Net Routing Pass | Checksum: 15a1d624e

Time (s): cpu = 00:01:44 ; elapsed = 00:01:04 . Memory (MB): peak = 2799.430 ; gain = 0.000
Phase 4 Initial Routing | Checksum: 15a1d624e

Time (s): cpu = 00:01:44 ; elapsed = 00:01:05 . Memory (MB): peak = 2799.430 ; gain = 0.000
INFO: [Route 35-580] Design has 78 pins with tight setup and hold constraints.

The top 5 pins with tight setup and hold constraints:

+====================+===================+======================================================+
| Launch Setup Clock | Launch Hold Clock | Pin                                                  |
+====================+===================+======================================================+
| clk_2              | clk_2             | linienmodule_fast_a_limitcsr1_limitcsr1_y1_reg[4]/D  |
| clk_2              | clk_2             | linienmodule_fast_a_limitcsr1_limitcsr1_y1_reg[3]/D  |
| clk_2              | clk_2             | linienmodule_fast_a_limitcsr1_limitcsr1_y1_reg[12]/D |
| clk_2              | clk_2             | linienmodule_fast_a_limitcsr1_limitcsr1_y1_reg[15]/D |
| clk_2              | clk_2             | linienmodule_fast_a_limitcsr1_limitcsr1_y1_reg[17]/D |
+--------------------+-------------------+------------------------------------------------------+

File with complete list of pins: tight_setup_hold_pins.txt


Phase 5 Rip-up And Reroute

Phase 5.1 Global Iteration 0
 Number of Nodes with overlaps = 7846
 Number of Nodes with overlaps = 2628
 Number of Nodes with overlaps = 1292
 Number of Nodes with overlaps = 577
 Number of Nodes with overlaps = 338
 Number of Nodes with overlaps = 116
 Number of Nodes with overlaps = 53
 Number of Nodes with overlaps = 28
 Number of Nodes with overlaps = 10
 Number of Nodes with overlaps = 4
 Number of Nodes with overlaps = 0
INFO: [Route 35-416] Intermediate Timing Summary | WNS=-8.665 | TNS=-27404.048| WHS=N/A    | THS=N/A    |

Phase 5.1 Global Iteration 0 | Checksum: 292dddeb8

Time (s): cpu = 00:05:09 ; elapsed = 00:03:10 . Memory (MB): peak = 2799.430 ; gain = 0.000

Phase 5.2 Global Iteration 1
 Number of Nodes with overlaps = 45
 Number of Nodes with overlaps = 7
 Number of Nodes with overlaps = 17
 Number of Nodes with overlaps = 15
 Number of Nodes with overlaps = 24
 Number of Nodes with overlaps = 69
 Number of Nodes with overlaps = 37
 Number of Nodes with overlaps = 13
 Number of Nodes with overlaps = 17
 Number of Nodes with overlaps = 12
 Number of Nodes with overlaps = 4
 Number of Nodes with overlaps = 2
 Number of Nodes with overlaps = 2
 Number of Nodes with overlaps = 0
INFO: [Route 35-416] Intermediate Timing Summary | WNS=-8.335 | TNS=-27236.060| WHS=N/A    | THS=N/A    |

Phase 5.2 Global Iteration 1 | Checksum: 178c304b9

Time (s): cpu = 00:05:42 ; elapsed = 00:03:38 . Memory (MB): peak = 2799.430 ; gain = 0.000

Phase 5.3 Global Iteration 2
 Number of Nodes with overlaps = 125
 Number of Nodes with overlaps = 849
 Number of Nodes with overlaps = 845
 Number of Nodes with overlaps = 456
 Number of Nodes with overlaps = 317
 Number of Nodes with overlaps = 195
 Number of Nodes with overlaps = 79
 Number of Nodes with overlaps = 32
 Number of Nodes with overlaps = 21
Phase 5.3 Global Iteration 2 | Checksum: 1d057e941

Time (s): cpu = 00:06:41 ; elapsed = 00:04:18 . Memory (MB): peak = 2799.430 ; gain = 0.000
Phase 5 Rip-up And Reroute | Checksum: 1d057e941

Time (s): cpu = 00:06:41 ; elapsed = 00:04:18 . Memory (MB): peak = 2799.430 ; gain = 0.000

Phase 6 Delay and Skew Optimization

Phase 6.1 Delay CleanUp

Phase 6.1.1 Update Timing
Phase 6.1.1 Update Timing | Checksum: 139934729

Time (s): cpu = 00:06:43 ; elapsed = 00:04:20 . Memory (MB): peak = 2799.430 ; gain = 0.000
INFO: [Route 35-416] Intermediate Timing Summary | WNS=-8.321 | TNS=-26862.682| WHS=N/A    | THS=N/A    |

 Number of Nodes with overlaps = 0
Phase 6.1 Delay CleanUp | Checksum: 32e47ce52

Time (s): cpu = 00:06:45 ; elapsed = 00:04:21 . Memory (MB): peak = 2799.430 ; gain = 0.000

Phase 6.2 Clock Skew Optimization
Phase 6.2 Clock Skew Optimization | Checksum: 32e47ce52

Time (s): cpu = 00:06:45 ; elapsed = 00:04:21 . Memory (MB): peak = 2799.430 ; gain = 0.000
Phase 6 Delay and Skew Optimization | Checksum: 32e47ce52

Time (s): cpu = 00:06:45 ; elapsed = 00:04:21 . Memory (MB): peak = 2799.430 ; gain = 0.000

Phase 7 Post Hold Fix

Phase 7.1 Hold Fix Iter
INFO: [Route 35-416] Intermediate Timing Summary | WNS=-8.321 | TNS=-26611.037| WHS=0.006  | THS=0.000  |

Phase 7.1 Hold Fix Iter | Checksum: 38f82a17b

Time (s): cpu = 00:06:48 ; elapsed = 00:04:22 . Memory (MB): peak = 2799.430 ; gain = 0.000
Phase 7 Post Hold Fix | Checksum: 38f82a17b

Time (s): cpu = 00:06:48 ; elapsed = 00:04:22 . Memory (MB): peak = 2799.430 ; gain = 0.000

Phase 8 Route finalize

Router Utilization Summary
  Global Vertical Routing Utilization    = 56.997 %
  Global Horizontal Routing Utilization  = 53.7424 %
  Routable Net Status*
  *Does not include unroutable nets such as driverless and loadless.
  Run report_route_status for detailed report.
  Number of Failed Nets               = 0
    (Failed Nets is the sum of unrouted and partially routed nets)
  Number of Unrouted Nets             = 0
  Number of Partially Routed Nets     = 0
  Number of Node Overlaps             = 0


--GLOBAL Congestion:
Utilization threshold used for congestion level computation: 0.85
Congestion Report
North Dir 4x4 Area, Max Cong = 88.2883%, Congestion bounded by tiles (Lower Left Tile -> Upper Right Tile):
   INT_L_X12Y32 -> INT_R_X15Y35
   INT_L_X16Y32 -> INT_R_X19Y35
South Dir 2x2 Area, Max Cong = 90.5405%, Congestion bounded by tiles (Lower Left Tile -> Upper Right Tile):
   INT_L_X20Y64 -> INT_R_X21Y65
   INT_L_X28Y58 -> INT_R_X29Y59
   INT_L_X20Y42 -> INT_R_X21Y43
   INT_L_X18Y40 -> INT_R_X19Y41
   INT_L_X12Y36 -> INT_R_X13Y37
East Dir 2x2 Area, Max Cong = 96.3235%, Congestion bounded by tiles (Lower Left Tile -> Upper Right Tile):
   INT_L_X10Y82 -> INT_R_X11Y83
   INT_L_X10Y78 -> INT_R_X11Y79
   INT_L_X10Y72 -> INT_R_X11Y73
   INT_L_X14Y72 -> INT_R_X15Y73
West Dir 4x4 Area, Max Cong = 87.9596%, Congestion bounded by tiles (Lower Left Tile -> Upper Right Tile):
   INT_L_X16Y68 -> INT_R_X19Y71
   INT_L_X20Y32 -> INT_R_X23Y35
   INT_L_X20Y28 -> INT_R_X23Y31
   INT_L_X20Y24 -> INT_R_X23Y27
   INT_L_X20Y16 -> INT_R_X23Y19

------------------------------
Reporting congestion hotspots
------------------------------
Direction: North
----------------
Congested clusters found at Level 2
Effective congestion level: 4 Aspect Ratio: 0.6 Sparse Ratio: 0.625
Direction: South
----------------
Congested clusters found at Level 1
Effective congestion level: 3 Aspect Ratio: 1 Sparse Ratio: 0.8125
Direction: East
----------------
Congested clusters found at Level 0
Effective congestion level: 2 Aspect Ratio: 0.307692 Sparse Ratio: 1.625
Direction: West
----------------
Congested clusters found at Level 2
Effective congestion level: 3 Aspect Ratio: 0.333333 Sparse Ratio: 1.75

Phase 8 Route finalize | Checksum: 38f82a17b

Time (s): cpu = 00:06:48 ; elapsed = 00:04:23 . Memory (MB): peak = 2799.430 ; gain = 0.000

Phase 9 Verifying routed nets

 Verification completed successfully
Phase 9 Verifying routed nets | Checksum: 38f82a17b

Time (s): cpu = 00:06:48 ; elapsed = 00:04:23 . Memory (MB): peak = 2799.430 ; gain = 0.000

Phase 10 Depositing Routes
Phase 10 Depositing Routes | Checksum: 329b67e90

Time (s): cpu = 00:06:53 ; elapsed = 00:04:27 . Memory (MB): peak = 2799.430 ; gain = 0.000

Phase 11 Post Process Routing
Phase 11 Post Process Routing | Checksum: 329b67e90

Time (s): cpu = 00:06:53 ; elapsed = 00:04:27 . Memory (MB): peak = 2799.430 ; gain = 0.000

Phase 12 Post Router Timing
INFO: [Route 35-57] Estimated Timing Summary | WNS=-8.321 | TNS=-26611.037| WHS=0.006  | THS=0.000  |

WARNING: [Route 35-328] Router estimated timing not met.
Resolution: For a complete and accurate timing signoff, report_timing_summary must be run after route_design. Alternatively, route_design can be run with the -timing_summary option to enable a complete timing signoff at the end of route_design.
Phase 12 Post Router Timing | Checksum: 329b67e90

Time (s): cpu = 00:06:53 ; elapsed = 00:04:28 . Memory (MB): peak = 2799.430 ; gain = 0.000
Total Elapsed time in route_design: 267.561 secs

Phase 13 Post-Route Event Processing
Phase 13 Post-Route Event Processing | Checksum: 19c0b94bb

Time (s): cpu = 00:06:54 ; elapsed = 00:04:28 . Memory (MB): peak = 2799.430 ; gain = 0.000
INFO: [Route 35-16] Router Completed Successfully
Ending Routing Task | Checksum: 19c0b94bb

Time (s): cpu = 00:06:54 ; elapsed = 00:04:28 . Memory (MB): peak = 2799.430 ; gain = 0.000

Routing Is Done.
INFO: [Common 17-83] Releasing license: Implementation
14 Infos, 1 Warnings, 0 Critical Warnings and 0 Errors encountered.
route_design completed successfully
route_design: Time (s): cpu = 00:06:55 ; elapsed = 00:04:29 . Memory (MB): peak = 2799.430 ; gain = 0.000
## phys_opt_design
Command: phys_opt_design
Attempting to get a license for feature 'Implementation' and/or device 'xc7z010'
INFO: [Common 17-349] Got license for feature 'Implementation' and/or device 'xc7z010'
INFO: [Vivado_Tcl 4-241] Physical synthesis in post route mode 

Starting Initial Update Timing Task

Time (s): cpu = 00:00:11 ; elapsed = 00:00:07 . Memory (MB): peak = 2799.430 ; gain = 0.000
INFO: [Vivado_Tcl 4-1435] PhysOpt_Tcl_Interface Runtime Before Starting Physical Synthesis Task | CPU: 16.00s |  WALL: 9.36s
INFO: [DRC 23-27] Running DRC with 2 threads
INFO: [Vivado_Tcl 4-198] DRC finished with 0 Errors
INFO: [Vivado_Tcl 4-199] Please refer to the DRC report (report_drc) for more information.
Netlist sorting complete. Time (s): cpu = 00:00:00 ; elapsed = 00:00:00.020 . Memory (MB): peak = 2799.430 ; gain = 0.000

Starting Physical Synthesis Task

Phase 1 Physical Synthesis Initialization
INFO: [Physopt 32-721] Multithreading enabled for phys_opt_design using a maximum of 2 CPUs
WARNING: [Place 30-34] Design utilization is very high. Please run report_utilization command to see design utilization.
INFO: [Physopt 32-668] Current Timing Summary | WNS=-8.318 | TNS=-26587.857 | WHS=0.006 | THS=0.000 |
Phase 1 Physical Synthesis Initialization | Checksum: 298a36a28

Time (s): cpu = 00:00:05 ; elapsed = 00:00:03 . Memory (MB): peak = 2799.430 ; gain = 0.000
WARNING: [Physopt 32-745] Physical Optimization has determined that the magnitude of the negative slack is too large and it is highly unlikely that slack will be improved. Post-Route Physical Optimization is most effective when WNS is above -0.5ns

Phase 2 Critical Path Optimization
INFO: [Physopt 32-668] Current Timing Summary | WNS=-8.318 | TNS=-26587.857 | WHS=0.006 | THS=0.000 |
INFO: [Physopt 32-953] Path group WNS did not improve. Path group: clk_2. Processed net: linienmodule_raw_acquisition_iir_zr9[49].
INFO: [Physopt 32-953] Path group WNS did not improve. Path group: clk_2. Processed net: clk_2.
INFO: [Physopt 32-953] Path group WNS did not improve. Path group: clk_2. Processed net: linienmodule_raw_acquisition_iir_zr9[35]_i_4_n_0.
INFO: [Physopt 32-953] Path group WNS did not improve. Path group: clk_2. Processed net: linienmodule_raw_acquisition_iir_z80[33].
INFO: [Physopt 32-953] Path group WNS did not improve. Path group: clk_2. Processed net: linienmodule_raw_acquisition_iir_zr9[35]_i_9_n_0.
INFO: [Physopt 32-953] Path group WNS did not improve. Path group: clk_2. Processed net: PCIN__1[31].
INFO: [Physopt 32-953] Path group WNS did not improve. Path group: clk_2. Processed net: linienmodule_raw_acquisition_iir_zr9_reg[35]_i_12_n_6.
INFO: [Physopt 32-953] Path group WNS did not improve. Path group: clk_2. Processed net: linienmodule_raw_acquisition_iir_zr9[31]_i_20_n_0.
INFO: [Physopt 32-953] Path group WNS did not improve. Path group: clk_2. Processed net: linienmodule_raw_acquisition_iir_zr9[31]_i_16_n_0.
INFO: [Physopt 32-953] Path group WNS did not improve. Path group: clk_2. Processed net: linienmodule_raw_acquisition_iir_zr9_reg[35]_i_30_n_7.
INFO: [Physopt 32-953] Path group WNS did not improve. Path group: clk_2. Processed net: linienmodule_raw_acquisition_iir_zr9[31]_i_43_n_0.
INFO: [Physopt 32-953] Path group WNS did not improve. Path group: clk_2. Processed net: linienmodule_raw_acquisition_iir_zr9[31]_i_39_n_0.
INFO: [Physopt 32-953] Path group WNS did not improve. Path group: clk_2. Processed net: linienmodule_raw_acquisition_iir_zr9_reg[19]_i_60_n_4.
INFO: [Physopt 32-953] Path group WNS did not improve. Path group: clk_2. Processed net: linienmodule_raw_acquisition_iir_zr9[19]_i_108_n_0.
INFO: [Physopt 32-953] Path group WNS did not improve. Path group: clk_2. Processed net: linienmodule_raw_acquisition_iir_zr9[19]_i_180_n_0.
INFO: [Physopt 32-953] Path group WNS did not improve. Path group: clk_2. Processed net: linienmodule_raw_acquisition_iir_z8[49].
INFO: [Physopt 32-952] Improved path group WNS = -8.295. Path group: clk_2. Processed net: linienmodule_raw_acquisition_iir_z60__0[11].
INFO: [Physopt 32-953] Path group WNS did not improve. Path group: clk_2. Processed net: linienmodule_raw_acquisition_iir_z60__0[11].
INFO: [Physopt 32-953] Path group WNS did not improve. Path group: clk_fpga_0. Processed net: axi_slave/M_AXI_GP0_RDATA[6].
INFO: [Physopt 32-710] Processed net axi_slave/ps_sys_rdata[6]. Critical path length was reduced through logic transformation on cell axi_slave/axi_rdata_o[6]_i_1_comp.
INFO: [Physopt 32-952] Improved path group WNS = -2.684. Path group: clk_fpga_0. Processed net: red_pitaya_scope/i_bridge/addr_o_reg[2]_1.
INFO: [Physopt 32-710] Processed net axi_slave/ps_sys_rdata[6]. Critical path length was reduced through logic transformation on cell axi_slave/axi_rdata_o[6]_i_1_comp_1.
INFO: [Physopt 32-952] Improved path group WNS = -1.685. Path group: clk_fpga_0. Processed net: red_pitaya_scope/i_bridge/axi_rdata_o[6]_i_4_n_0.
INFO: [Physopt 32-953] Path group WNS did not improve. Path group: clk_fpga_0. Processed net: red_pitaya_scope/i_bridge/axi_rdata_o[6]_i_4_n_0_repN.
INFO: [Physopt 32-953] Path group WNS did not improve. Path group: clk_fpga_0. Processed net: red_pitaya_scope/i_bridge/axi_rdata_o[6]_i_5_n_0.
INFO: [Physopt 32-953] Path group WNS did not improve. Path group: clk_fpga_0. Processed net: red_pitaya_scope/i_bridge/axi_rdata_o_reg[6]_i_7_n_0.
INFO: [Physopt 32-953] Path group WNS did not improve. Path group: clk_fpga_0. Processed net: red_pitaya_scope/i_bridge/axi_rdata_o[6]_i_10_n_0.
INFO: [Physopt 32-953] Path group WNS did not improve. Path group: clk_fpga_0. Processed net: axi_slave/ps_sys_rdata[6].
INFO: [Physopt 32-953] Path group WNS did not improve. Path group: clk_fpga_0. Processed net: red_pitaya_scope/set_b_filt_aa_reg_n_0_[6].
INFO: [Physopt 32-953] Path group WNS did not improve. Path group: clk_1. Processed net: pwm_2_OBUF.
INFO: [Physopt 32-953] Path group WNS did not improve. Path group: clk_1. Processed net: linienmodule_deltasigma2_sigma[3]_i_4_n_0.
INFO: [Physopt 32-953] Path group WNS did not improve. Path group: clk_1. Processed net: linienmodule_deltasigma2_sigma_reg[15]_i_1_n_0.
INFO: [Physopt 32-663] Processed net linienmodule_csrstorage1_storage_full0_reg_n_0_[1].  Re-placed instance linienmodule_csrstorage1_storage_full0_reg[1]
INFO: [Physopt 32-952] Improved path group WNS = -0.733. Path group: clk_1. Processed net: linienmodule_csrstorage1_storage_full0_reg_n_0_[1].
INFO: [Physopt 32-953] Path group WNS did not improve. Path group: clk_1. Processed net: linienmodule_csrstorage1_storage_full0_reg_n_0_[1].
INFO: [Physopt 32-953] Path group WNS did not improve. Path group: clk_2. Processed net: linienmodule_raw_acquisition_iir_zr9[49].
INFO: [Physopt 32-953] Path group WNS did not improve. Path group: clk_2. Processed net: clk_2.
INFO: [Physopt 32-953] Path group WNS did not improve. Path group: clk_2. Processed net: linienmodule_raw_acquisition_iir_zr9[35]_i_4_n_0.
INFO: [Physopt 32-953] Path group WNS did not improve. Path group: clk_2. Processed net: linienmodule_raw_acquisition_iir_z80[33].
INFO: [Physopt 32-953] Path group WNS did not improve. Path group: clk_2. Processed net: linienmodule_raw_acquisition_iir_zr9[35]_i_9_n_0.
INFO: [Physopt 32-953] Path group WNS did not improve. Path group: clk_2. Processed net: PCIN__1[31].
INFO: [Physopt 32-953] Path group WNS did not improve. Path group: clk_2. Processed net: linienmodule_raw_acquisition_iir_zr9_reg[35]_i_12_n_6.
INFO: [Physopt 32-608] Optimized 1 net.  Swapped 30 pins.
INFO: [Physopt 32-952] Improved path group WNS = -8.256. Path group: clk_2. Processed net: linienmodule_raw_acquisition_iir_zr9[31]_i_20_n_0.
INFO: [Physopt 32-953] Path group WNS did not improve. Path group: clk_2. Processed net: linienmodule_raw_acquisition_iir_zr7[49].
INFO: [Physopt 32-953] Path group WNS did not improve. Path group: clk_2. Processed net: linienmodule_raw_acquisition_iir_zr7[47]_i_5_n_0.
INFO: [Physopt 32-953] Path group WNS did not improve. Path group: clk_2. Processed net: linienmodule_raw_acquisition_iir_z60[44].
INFO: [Physopt 32-953] Path group WNS did not improve. Path group: clk_2. Processed net: linienmodule_raw_acquisition_iir_zr7[39]_i_11_n_0.
INFO: [Physopt 32-953] Path group WNS did not improve. Path group: clk_2. Processed net: PCIN__3[33].
INFO: [Physopt 32-953] Path group WNS did not improve. Path group: clk_2. Processed net: linienmodule_raw_acquisition_iir_zr7_reg[31]_i_12_n_6.
INFO: [Physopt 32-608] Optimized 1 net.  Swapped 30 pins.
INFO: [Physopt 32-952] Improved path group WNS = -8.171. Path group: clk_2. Processed net: linienmodule_raw_acquisition_iir_zr7[27]_i_20_n_0.
INFO: [Physopt 32-953] Path group WNS did not improve. Path group: clk_2. Processed net: linienmodule_raw_acquisition_iir_zr7[47]_i_3_n_0.
INFO: [Physopt 32-953] Path group WNS did not improve. Path group: clk_2. Processed net: linienmodule_raw_acquisition_iir_z60[46].
INFO: [Physopt 32-953] Path group WNS did not improve. Path group: clk_2. Processed net: linienmodule_raw_acquisition_iir_zr7[47]_i_11_n_0.
INFO: [Physopt 32-953] Path group WNS did not improve. Path group: clk_2. Processed net: PCIN__3[41].
INFO: [Physopt 32-953] Path group WNS did not improve. Path group: clk_2. Processed net: linienmodule_raw_acquisition_iir_zr7_reg[43]_i_12_n_6.
INFO: [Physopt 32-953] Path group WNS did not improve. Path group: clk_2. Processed net: linienmodule_raw_acquisition_iir_zr7[39]_i_21_n_0.
INFO: [Physopt 32-953] Path group WNS did not improve. Path group: clk_2. Processed net: linienmodule_raw_acquisition_iir_zr7[39]_i_17_n_0.
INFO: [Physopt 32-953] Path group WNS did not improve. Path group: clk_2. Processed net: linienmodule_raw_acquisition_iir_zr7_reg[39]_i_30_n_4.
INFO: [Physopt 32-608] Optimized 1 net.  Swapped 30 pins.
INFO: [Physopt 32-952] Improved path group WNS = -8.139. Path group: clk_2. Processed net: linienmodule_raw_acquisition_iir_zr7[19]_i_28_n_0.
INFO: [Physopt 32-953] Path group WNS did not improve. Path group: clk_2. Processed net: linienmodule_raw_acquisition_iir_zr9[47]_i_3_n_0.
INFO: [Physopt 32-953] Path group WNS did not improve. Path group: clk_2. Processed net: linienmodule_raw_acquisition_iir_z80[46].
INFO: [Physopt 32-953] Path group WNS did not improve. Path group: clk_2. Processed net: linienmodule_raw_acquisition_iir_zr9[47]_i_11_n_0.
INFO: [Physopt 32-953] Path group WNS did not improve. Path group: clk_2. Processed net: PCIN__1[41].
INFO: [Physopt 32-953] Path group WNS did not improve. Path group: clk_2. Processed net: linienmodule_raw_acquisition_iir_zr9_reg[39]_i_12_n_4.
INFO: [Physopt 32-608] Optimized 1 net.  Swapped 30 pins.
INFO: [Physopt 32-952] Improved path group WNS = -8.083. Path group: clk_2. Processed net: linienmodule_raw_acquisition_iir_zr9[35]_i_20_n_0.
INFO: [Physopt 32-953] Path group WNS did not improve. Path group: clk_2. Processed net: linienmodule_raw_acquisition_iir_z40__0_i_6_psdsp_n_1.
INFO: [Physopt 32-953] Path group WNS did not improve. Path group: clk_2. Processed net: linienmodule_limit_error_signal_limit_y1.
INFO: [Physopt 32-953] Path group WNS did not improve. Path group: clk_2. Processed net: linienmodule_raw_acquisition_iir_z50_i_95_n_0.
INFO: [Physopt 32-953] Path group WNS did not improve. Path group: clk_2. Processed net: linienmodule_mixed[30].
INFO: [Physopt 32-608] Optimized 1 net.  Swapped 26 pins.
INFO: [Physopt 32-952] Improved path group WNS = -8.079. Path group: clk_2. Processed net: linienmodule_raw_acquisition_iir_z50_i_46_n_0.
INFO: [Physopt 32-953] Path group WNS did not improve. Path group: clk_2. Processed net: linienmodule_raw_acquisition_iir_zr7[19]_i_29_n_0.
INFO: [Physopt 32-608] Optimized 1 net.  Swapped 30 pins.
INFO: [Physopt 32-952] Improved path group WNS = -8.050. Path group: clk_2. Processed net: linienmodule_raw_acquisition_iir_zr7[19]_i_25_n_0.
INFO: [Physopt 32-953] Path group WNS did not improve. Path group: clk_2. Processed net: linienmodule_raw_acquisition_iir_zr7[31]_i_43_n_0.
INFO: [Physopt 32-953] Path group WNS did not improve. Path group: clk_2. Processed net: linienmodule_raw_acquisition_iir_zr7[31]_i_39_n_0.
INFO: [Physopt 32-953] Path group WNS did not improve. Path group: clk_2. Processed net: linienmodule_raw_acquisition_iir_zr7_reg[19]_i_60_n_4.
INFO: [Physopt 32-953] Path group WNS did not improve. Path group: clk_2. Processed net: linienmodule_raw_acquisition_iir_zr7[19]_i_130_n_0.
INFO: [Physopt 32-953] Path group WNS did not improve. Path group: clk_2. Processed net: linienmodule_raw_acquisition_iir_zr7[19]_i_126_n_0.
INFO: [Physopt 32-953] Path group WNS did not improve. Path group: clk_2. Processed net: linienmodule_raw_acquisition_iir_z6[49].
INFO: [Physopt 32-953] Path group WNS did not improve. Path group: clk_2. Processed net: linienmodule_raw_acquisition_iir_a5[1].
INFO: [Physopt 32-953] Path group WNS did not improve. Path group: clk_fpga_0. Processed net: axi_slave/M_AXI_GP0_RDATA[6].
INFO: [Physopt 32-953] Path group WNS did not improve. Path group: clk_fpga_0. Processed net: red_pitaya_scope/i_bridge/axi_rdata_o[6]_i_4_n_0_repN.
INFO: [Physopt 32-953] Path group WNS did not improve. Path group: clk_fpga_0. Processed net: red_pitaya_scope/i_bridge/axi_rdata_o[6]_i_5_n_0.
INFO: [Physopt 32-953] Path group WNS did not improve. Path group: clk_fpga_0. Processed net: red_pitaya_scope/i_bridge/axi_rdata_o_reg[6]_i_7_n_0.
INFO: [Physopt 32-953] Path group WNS did not improve. Path group: clk_fpga_0. Processed net: red_pitaya_scope/i_bridge/axi_rdata_o[6]_i_10_n_0.
INFO: [Physopt 32-608] Optimized 1 net.  Swapped 23 pins.
INFO: [Physopt 32-952] Improved path group WNS = -1.489. Path group: clk_fpga_0. Processed net: axi_slave/ps_sys_rdata[6].
INFO: [Physopt 32-608] Optimized 1 net.  Swapped 23 pins.
INFO: [Physopt 32-952] Improved path group WNS = -1.439. Path group: clk_fpga_0. Processed net: axi_slave/ps_sys_rdata[6].
INFO: [Physopt 32-953] Path group WNS did not improve. Path group: clk_fpga_0. Processed net: red_pitaya_scope/i_bridge/axi_rdata_o_reg[6]_i_6_n_0.
INFO: [Physopt 32-608] Optimized 1 net.  Swapped 23 pins.
INFO: [Physopt 32-952] Improved path group WNS = -1.398. Path group: clk_fpga_0. Processed net: red_pitaya_scope/i_bridge/axi_rdata_o[6]_i_8_n_0.
INFO: [Physopt 32-953] Path group WNS did not improve. Path group: clk_fpga_0. Processed net: axi_slave/ps_sys_rdata[6].
INFO: [Physopt 32-953] Path group WNS did not improve. Path group: clk_fpga_0. Processed net: red_pitaya_scope/set_b_filt_aa_reg_n_0_[6].
INFO: [Physopt 32-953] Path group WNS did not improve. Path group: clk_1. Processed net: pwm_2_OBUF.
INFO: [Physopt 32-953] Path group WNS did not improve. Path group: clk_1. Processed net: linienmodule_deltasigma2_sigma[3]_i_4_n_0.
INFO: [Physopt 32-953] Path group WNS did not improve. Path group: clk_1. Processed net: linienmodule_deltasigma2_sigma_reg[15]_i_1_n_0.
INFO: [Physopt 32-953] Path group WNS did not improve. Path group: clk_1. Processed net: linienmodule_csrstorage1_storage_full0_reg_n_0_[1].
INFO: [Physopt 32-668] Current Timing Summary | WNS=-8.050 | TNS=-26546.608 | WHS=0.006 | THS=0.000 |
Netlist sorting complete. Time (s): cpu = 00:00:00 ; elapsed = 00:00:00.025 . Memory (MB): peak = 2799.430 ; gain = 0.000
Phase 2 Critical Path Optimization | Checksum: 2e10f1ce9

Time (s): cpu = 00:02:29 ; elapsed = 00:01:52 . Memory (MB): peak = 2799.430 ; gain = 0.000
Netlist sorting complete. Time (s): cpu = 00:00:00 ; elapsed = 00:00:00.022 . Memory (MB): peak = 2799.430 ; gain = 0.000
INFO: [Physopt 32-669] Post Physical Optimization Timing Summary | WNS=-8.050 | TNS=-26546.608 | WHS=0.006 | THS=0.000 |

Summary of Physical Synthesis Optimizations
============================================


-------------------------------------------------------------------------------------------------------------------------------------------------------------
|  Optimization   |  WNS Gain (ns)  |  TNS Gain (ns)  |  Added Cells  |  Removed Cells  |  Optimized Cells/Nets  |  Dont Touch  |  Iterations  |  Elapsed   |
-------------------------------------------------------------------------------------------------------------------------------------------------------------
|  Critical Path  |          0.268  |         41.249  |            0  |              0  |                    13  |           0  |           1  |  00:01:49  |
-------------------------------------------------------------------------------------------------------------------------------------------------------------


Netlist sorting complete. Time (s): cpu = 00:00:00 ; elapsed = 00:00:00.022 . Memory (MB): peak = 2799.430 ; gain = 0.000
Ending Physical Synthesis Task | Checksum: 2e10f1ce9

Time (s): cpu = 00:02:29 ; elapsed = 00:01:52 . Memory (MB): peak = 2799.430 ; gain = 0.000
INFO: [Common 17-83] Releasing license: Implementation
115 Infos, 2 Warnings, 0 Critical Warnings and 0 Errors encountered.
phys_opt_design completed successfully
phys_opt_design: Time (s): cpu = 00:02:45 ; elapsed = 00:02:02 . Memory (MB): peak = 2799.430 ; gain = 0.000
## report_timing_summary -no_header -no_detailed_paths
INFO: [Timing 38-91] UpdateTimingParams: Speed grade: -1, Delay Type: min_max.
INFO: [Timing 38-191] Multithreading enabled for timing update using a maximum of 2 CPUs
------------------------------------------------------------------------------------------------
| Timer Settings
| --------------
------------------------------------------------------------------------------------------------

  Enable Multi Corner Analysis               :  Yes
  Enable Pessimism Removal                   :  Yes
  Pessimism Removal Resolution               :  Nearest Common Node
  Enable Input Delay Default Clock           :  No
  Enable Preset / Clear Arcs                 :  No
  Disable Flight Delays                      :  No
  Ignore I/O Paths                           :  No
  Timing Early Launch at Borrowing Latches   :  No
  Borrow Time for Max Delay Exceptions       :  Yes
  Merge Timing Exceptions                    :  Yes
  Inter-SLR Compensation                     :  Conservative

  Corner  Analyze    Analyze    
  Name    Max Paths  Min Paths  
  ------  ---------  ---------  
  Slow    Yes        Yes        
  Fast    Yes        Yes        


------------------------------------------------------------------------------------------------
| Report Methodology
| ------------------
------------------------------------------------------------------------------------------------

No report available as report_methodology has not been run prior. Run report_methodology on the current design for the summary of methodology violations.



check_timing report

Table of Contents
-----------------
1. checking no_clock (192)
2. checking constant_clock (0)
3. checking pulse_width_clock (0)
4. checking unconstrained_internal_endpoints (253)
5. checking no_input_delay (44)
6. checking no_output_delay (46)
7. checking multiple_clock (0)
8. checking generated_clocks (0)
9. checking loops (0)
10. checking partial_input_delay (0)
11. checking partial_output_delay (0)
12. checking latch_loops (0)

1. checking no_clock (192)
--------------------------
 There are 191 register/latch pins with no clock driven by root clock pin: linienmodule_decimate_output_reg/Q (HIGH)

 There is 1 register/latch pin with no clock driven by root clock pin: linienmodule_dna_cnt_reg[0]/Q (HIGH)


2. checking constant_clock (0)
------------------------------
 There are 0 register/latch pins with constant_clock.


3. checking pulse_width_clock (0)
---------------------------------
 There are 0 register/latch pins which need pulse_width check


4. checking unconstrained_internal_endpoints (253)
--------------------------------------------------
 There are 253 pins that are not constrained for maximum delay. (HIGH)

 There are 0 pins that are not constrained for maximum delay due to constant clock.


5. checking no_input_delay (44)
-------------------------------
 There are 44 input ports with no input delay specified. (HIGH)

 There are 0 input ports with no input delay but user has a false path constraint.


6. checking no_output_delay (46)
--------------------------------
 There are 46 ports with no output delay specified. (HIGH)

 There are 0 ports with no output delay but user has a false path constraint

 There are 0 ports with no output delay but with a timing clock defined on it or propagating through it


7. checking multiple_clock (0)
------------------------------
 There are 0 register/latch pins with multiple clocks.


8. checking generated_clocks (0)
--------------------------------
 There are 0 generated clocks that are not connected to a clock source.


9. checking loops (0)
---------------------
 There are 0 combinational loops in the design.


10. checking partial_input_delay (0)
------------------------------------
 There are 0 input ports with partial input delay specified.


11. checking partial_output_delay (0)
-------------------------------------
 There are 0 ports with partial output delay specified.


12. checking latch_loops (0)
----------------------------
 There are 0 combinational latch loops in the design through latch input



------------------------------------------------------------------------------------------------
| Design Timing Summary
| ---------------------
------------------------------------------------------------------------------------------------

    WNS(ns)      TNS(ns)  TNS Failing Endpoints  TNS Total Endpoints      WHS(ns)      THS(ns)  THS Failing Endpoints  THS Total Endpoints     WPWS(ns)     TPWS(ns)  TPWS Failing Endpoints  TPWS Total Endpoints  
    -------      -------  ---------------------  -------------------      -------      -------  ---------------------  -------------------     --------     --------  ----------------------  --------------------  
     -8.050   -26546.602                   9911                32628        0.006        0.000                      0                32628        1.500        0.000                       0                 11882  


Timing constraints are not met.


------------------------------------------------------------------------------------------------
| Clock Summary
| -------------
------------------------------------------------------------------------------------------------

Clock       Waveform(ns)         Period(ns)      Frequency(MHz)
-----       ------------         ----------      --------------
clk125_p    {0.000 4.000}        8.000           125.000         
  clk_1     {0.000 2.000}        4.000           250.000         
  clk_2     {0.000 4.000}        8.000           125.000         
  clk_fb    {0.000 4.000}        8.000           125.000         
clk_fpga_0  {0.000 4.000}        8.000           125.000         
clk_fpga_1  {0.000 2.000}        4.000           250.000         
clk_fpga_2  {0.000 10.000}       20.000          50.000          
clk_fpga_3  {0.000 2.500}        5.000           200.000         


------------------------------------------------------------------------------------------------
| Intra Clock Table
| -----------------
------------------------------------------------------------------------------------------------

Clock             WNS(ns)      TNS(ns)  TNS Failing Endpoints  TNS Total Endpoints      WHS(ns)      THS(ns)  THS Failing Endpoints  THS Total Endpoints     WPWS(ns)     TPWS(ns)  TPWS Failing Endpoints  TPWS Total Endpoints  
-----             -------      -------  ---------------------  -------------------      -------      -------  ---------------------  -------------------     --------     --------  ----------------------  --------------------  
clk125_p                                                                                                                                                        2.000        0.000                       0                     2  
  clk_1             0.718        0.000                      0                   80        0.265        0.000                      0                   80        1.500        0.000                       0                    84  
  clk_2            -8.050   -26535.391                   9884                31649        0.006        0.000                      0                31649        3.500        0.000                       0                 11549  
  clk_fb                                                                                                                                                        5.845        0.000                       0                     3  
clk_fpga_0         -0.079       -0.079                      1                  512        0.220        0.000                      0                  512        3.500        0.000                       0                   244  


------------------------------------------------------------------------------------------------
| Inter Clock Table
| -----------------
------------------------------------------------------------------------------------------------

From Clock    To Clock          WNS(ns)      TNS(ns)  TNS Failing Endpoints  TNS Total Endpoints      WHS(ns)      THS(ns)  THS Failing Endpoints  THS Total Endpoints  
----------    --------          -------      -------  ---------------------  -------------------      -------      -------  ---------------------  -------------------  
clk_2         clk_1              -0.733       -6.696                     14                   64        0.068        0.000                      0                   64  
clk_fpga_0    clk_2              -2.879     -119.574                    124                  711        0.155        0.000                      0                  711  
clk_2         clk_fpga_0         -1.398       -4.444                     12                   34        0.541        0.000                      0                   34  


------------------------------------------------------------------------------------------------
| Other Path Groups Table
| -----------------------
------------------------------------------------------------------------------------------------

Path Group    From Clock    To Clock          WNS(ns)      TNS(ns)  TNS Failing Endpoints  TNS Total Endpoints      WHS(ns)      THS(ns)  THS Failing Endpoints  THS Total Endpoints  
----------    ----------    --------          -------      -------  ---------------------  -------------------      -------      -------  ---------------------  -------------------  


report_timing_summary: Time (s): cpu = 00:00:17 ; elapsed = 00:00:09 . Memory (MB): peak = 2799.430 ; gain = 0.000
## write_checkpoint -force top_route.dcp
INFO: [Timing 38-480] Writing timing data to binary archive.
Wrote PlaceDB: Time (s): cpu = 00:00:00 ; elapsed = 00:00:00.002 . Memory (MB): peak = 2799.430 ; gain = 0.000
Wrote PulsedLatchDB: Time (s): cpu = 00:00:00 ; elapsed = 00:00:00 . Memory (MB): peak = 2799.430 ; gain = 0.000
Writing XDEF routing.
Writing XDEF routing logical nets.
Write ShapeDB Complete: Time (s): cpu = 00:00:00 ; elapsed = 00:00:00.063 . Memory (MB): peak = 2799.430 ; gain = 0.000
Writing XDEF routing special nets.
Wrote RouteStorage: Time (s): cpu = 00:00:02 ; elapsed = 00:00:00.465 . Memory (MB): peak = 2799.430 ; gain = 0.000
Wrote PlaceStorage: Time (s): cpu = 00:00:02 ; elapsed = 00:00:01 . Memory (MB): peak = 2799.430 ; gain = 0.000
Wrote Netlist Cache: Time (s): cpu = 00:00:00 ; elapsed = 00:00:00.065 . Memory (MB): peak = 2799.430 ; gain = 0.000
Wrote Device Cache: Time (s): cpu = 00:00:00 ; elapsed = 00:00:00.014 . Memory (MB): peak = 2799.430 ; gain = 0.000
Write Physdb Complete: Time (s): cpu = 00:00:04 ; elapsed = 00:00:02 . Memory (MB): peak = 2799.430 ; gain = 0.000
INFO: [Common 17-1381] The checkpoint 'C:/UW-Madison/RA/linien/gateware/build/top_route.dcp' has been generated.
## report_route_status -file top_route_status.rpt
## report_drc -file top_drc.rpt
Command: report_drc -file top_drc.rpt
INFO: [IP_Flow 19-234] Refreshing IP repositories
INFO: [IP_Flow 19-1704] No user IP repositories specified
INFO: [IP_Flow 19-2313] Loaded Vivado IP repository 'C:/AMDDesignTools/2025.2/Vivado/data/ip'.
INFO: [DRC 23-27] Running DRC with 2 threads
INFO: [Vivado_Tcl 2-168] The results of DRC are in file C:/UW-Madison/RA/linien/gateware/build/top_drc.rpt.
report_drc completed successfully
report_drc: Time (s): cpu = 00:00:07 ; elapsed = 00:00:05 . Memory (MB): peak = 2799.430 ; gain = 0.000
## report_timing_summary -datasheet -max_paths 10 -file top_timing.rpt
INFO: [Timing 38-91] UpdateTimingParams: Speed grade: -1, Delay Type: min_max.
INFO: [Timing 38-191] Multithreading enabled for timing update using a maximum of 2 CPUs
## report_power -file top_power.rpt
Command: report_power -file top_power.rpt
INFO: [Power 33-23] Power model is not available for DNA_PORT
Running Vector-less Activity Propagation...

Finished Running Vector-less Activity Propagation
WARNING: [Power 33-332] Found switching activity that implies high-fanout reset nets being asserted for excessive periods of time which may result in inaccurate power analysis.
Resolution: To review and fix problems, please run Power Constraints Advisor in the GUI from Tools > Power Constraints Advisor or run report_power with the -advisory option to generate a text report.
1 Infos, 1 Warnings, 0 Critical Warnings and 0 Errors encountered.
report_power completed successfully
report_power: Time (s): cpu = 00:00:09 ; elapsed = 00:00:07 . Memory (MB): peak = 2799.430 ; gain = 0.000
# source "top_bitstream.tcl"
## write_bitstream -force top.bit 
Command: write_bitstream -force top.bit
Attempting to get a license for feature 'Implementation' and/or device 'xc7z010'
INFO: [Common 17-349] Got license for feature 'Implementation' and/or device 'xc7z010'
Running DRC as a precondition to command write_bitstream
INFO: [IP_Flow 19-1839] IP Catalog is up to date.
INFO: [DRC 23-27] Running DRC with 2 threads
INFO: [Vivado 12-3199] DRC finished with 0 Errors
INFO: [Vivado 12-3200] Please refer to the DRC report (report_drc) for more information.
Integrating Hard IP ELF/MEM with the PDI.
INFO: [Designutils 20-2272] Running write_bitstream with 2 threads.
Loading data files...
Loading site data...
Loading route data...
Processing options...
Creating bitmap...
Creating bitstream...
Writing bitstream ./top.bit...
INFO: [Vivado 12-1842] Bitgen Completed Successfully.
INFO: [Common 17-83] Releasing license: Implementation
8 Infos, 0 Warnings, 0 Critical Warnings and 0 Errors encountered.
write_bitstream completed successfully
write_bitstream: Time (s): cpu = 00:00:28 ; elapsed = 00:00:19 . Memory (MB): peak = 2799.430 ; gain = 0.000
## quit
INFO: [Common 17-206] Exiting Vivado at Thu Sep  3 15:30:44 2026...
